機種編號,歸類後機種名,規格,廠商,店家,原始商品標題,價格,在庫,商品網址
1419,アミューズメント 麻雀格闘倶楽部 覚醒,スマスロ,KONAMI,ホームスロット,コナミアミューズメント 麻雀格闘倶楽部参 中古パチスロ実機,35100,有貨,https://home-slot.net/SHOP/s-konami202.html
1419,アミューズメント 麻雀格闘倶楽部 覚醒,スマスロ,KONAMI,ホームスロット,コナミアミューズメント 麻雀格闘倶楽部 真 中古パチスロ実機 [4ch対応],35100,有貨,https://home-slot.net/SHOP/s-konami208.html
1419,アミューズメント 麻雀格闘倶楽部 覚醒,スマスロ,KONAMI,ホームスロット,コナミアミューズメント 麻雀格闘倶楽部 覚醒 中古パチスロ実機 [スマスロ],40100,有貨,https://home-slot.net/SHOP/s-konami215.html
1419,アミューズメント 麻雀格闘倶楽部 覚醒,スマスロ,KONAMI,A-SLOT,コナミアミューズメント 麻雀格闘倶楽部参 中古パチスロ実機 [4ch対応],45100,有貨,https://www.a-slot.com/SHOP/konami202.html
1419,アミューズメント 麻雀格闘倶楽部 覚醒,スマスロ,KONAMI,A-SLOT,コナミアミューズメント 麻雀格闘倶楽部 真 中古パチスロ実機 [4ch対応],45100,有貨,https://www.a-slot.com/SHOP/konami208.html
1419,アミューズメント 麻雀格闘倶楽部 覚醒,スマスロ,KONAMI,A-SLOT,コナミアミューズメント 麻雀格闘倶楽部 覚醒 中古パチスロ実機 [スマスロ],50100,有貨,https://www.a-slot.com/SHOP/s-konami215.html
1751,戦国乙女~剣戟に舞う白き剣聖~ 赤枠,,オリンピア,ホームスロット,オリンピア 戦国乙女～剣戟に舞う白き剣聖～ 赤枠 中古パチスロ実機,89800,售完,https://home-slot.net/SHOP/s-heiwa98.html
1751,戦国乙女~剣戟に舞う白き剣聖~ 赤枠,,オリンピア,ホームスロット,オリンピア 戦国乙女～剣戟に舞う白き剣聖～ 枠色不問 中古パチスロ実機,89800,售完,https://home-slot.net/SHOP/s-heiwa103.html
1751,戦国乙女~剣戟に舞う白き剣聖~ 赤枠,,オリンピア,ホームスロット,オリンピア 戦国乙女～剣戟に舞う白き剣聖～ 黒枠 中古パチスロ実機,93600,售完,https://home-slot.net/SHOP/s-heiwa97.html
1751,戦国乙女~剣戟に舞う白き剣聖~ 赤枠,,オリンピア,A-SLOT,オリンピア 戦国乙女～剣戟に舞う白き剣聖～ 赤枠 中古パチスロ実機 [4ch対応],99800,售完,https://www.a-slot.com/SHOP/heiwa98.html
1751,戦国乙女~剣戟に舞う白き剣聖~ 赤枠,,オリンピア,A-SLOT,オリンピア 戦国乙女～剣戟に舞う白き剣聖～ 枠色不問 中古パチスロ実機 [4ch対応],99800,有貨,https://www.a-slot.com/SHOP/heiwa103.html
1751,戦国乙女~剣戟に舞う白き剣聖~ 赤枠,,オリンピア,A-SLOT,オリンピア 戦国乙女～剣戟に舞う白き剣聖～ 黒枠 中古パチスロ実機 [4ch対応],103600,售完,https://www.a-slot.com/SHOP/heiwa97.html
3434,アクロス ハナビ通,,,ホームスロット,アクロス ハナビ 中古パチスロ実機,54100,售完,https://home-slot.net/SHOP/s-across7.html
3434,アクロス ハナビ通,,,A-SLOT,アクロス ハナビ 中古パチスロ実機 [8ch対応],64100,有貨,https://www.a-slot.com/SHOP/across7.html
3434,アクロス ハナビ通,,,ホームスロット,アクロス ハナビ通 中古パチスロ実機,68500,售完,https://home-slot.net/SHOP/s-across204.html
3434,アクロス ハナビ通,,,A-SLOT,アクロス ハナビ通 中古パチスロ実機 [8ch対応],78500,有貨,https://www.a-slot.com/SHOP/across204.html
3434,アクロス ハナビ通,,,ホームスロット,アクロス スマスロ ハナビ 中古パチスロ実機 [スマスロ][8ch対応][まるごと配送限定],213700,有貨,https://home-slot.net/SHOP/s-across211.html
3434,アクロス ハナビ通,,,A-SLOT,アクロス スマスロ ハナビ 中古パチスロ実機 [スマスロ][8ch対応][まるごと配送限定],223700,有貨,https://www.a-slot.com/SHOP/s-across211.html
1495,マルホン CRシャカRUSH7 GP,,,ホームスロット,マルホン CR大シャカRUSH7 G 枠色不問 中古パチンコ実機,40916,售完,https://home-slot.net/SHOP/p-maruhon34.html
1495,マルホン CRシャカRUSH7 GP,,,ホームスロット,マルホン CRシャカRUSH 7 R 中古パチンコ実機,41935,售完,https://home-slot.net/SHOP/p-maruhon14.html
1495,マルホン CRシャカRUSH7 GP,,,ホームスロット,マルホン CRシャカRUSH7 GP 中古パチンコ実機,47231,售完,https://home-slot.net/SHOP/p-maruhon13.html
1495,マルホン CRシャカRUSH7 GP,,,ホームスロット,マルホン CRシャカRUSH7 RP 中古パチンコ実機,49015,售完,https://home-slot.net/SHOP/p-maruhon12.html
1495,マルホン CRシャカRUSH7 GP,,,ホームスロット,マルホン CRシャカRUSH 7 G 中古パチンコ実機,59657,售完,https://home-slot.net/SHOP/p-maruhon11.html
1593,CRフィーバー機動戦士ZガンダムY,,SANKYO,ホームスロット,SANKYO CRフィーバー機動戦士ガンダムYS 中古パチンコ実機,59000,售完,https://home-slot.net/SHOP/p-sankyo90.html
1593,CRフィーバー機動戦士ZガンダムY,,SANKYO,ホームスロット,SANKYO CRフィーバー機動戦士ZガンダムY 枠色不問 中古パチンコ実機,116000,售完,https://home-slot.net/SHOP/p-sankyo200.html
1593,CRフィーバー機動戦士ZガンダムY,,SANKYO,ホームスロット,SANKYO CRフィーバー機動戦士Zガンダム 枠色不問 中古パチンコ実機,119000,售完,https://home-slot.net/SHOP/p-sankyo143.html
1593,CRフィーバー機動戦士ZガンダムY,,SANKYO,ホームスロット,SANKYO CRフィーバー機動戦士ガンダムY 中古パチンコ実機,160900,售完,https://home-slot.net/SHOP/p-sankyo89.html
1593,CRフィーバー機動戦士ZガンダムY,,SANKYO,ホームスロット,SANKYO CRフィーバー機動戦士ガンダム 中古パチンコ実機,186300,售完,https://home-slot.net/SHOP/p-sankyo85.html
3892,ゴルゴ13,,オリンピア,ホームスロット,SANKYO パチスロ ゴルゴ13 中古パチスロ実機,41500,有貨,https://home-slot.net/SHOP/s-sankyo97.html
3892,ゴルゴ13,,オリンピア,ホームスロット,オリンピア パチスロ ゴルゴ13 中古パチスロ実機,47800,售完,https://home-slot.net/SHOP/s-heiwa50.html
3892,ゴルゴ13,,オリンピア,A-SLOT,SANKYO パチスロ ゴルゴ13 中古パチスロ実機 [4ch対応],51500,有貨,https://www.a-slot.com/SHOP/sankyo97.html
3892,ゴルゴ13,,オリンピア,A-SLOT,オリンピア パチスロ ゴルゴ13 中古パチスロ実機 [4ch対応],57800,售完,https://www.a-slot.com/SHOP/heiwa50.html
3892,ゴルゴ13,,オリンピア,A-SLOT,【4号機】平和 ゴルゴ13 中古パチスロ実機 [4ch対応],59800,有貨,https://www.a-slot.com/SHOP/heiwa86.html
1054,スーパーストリートファイターIV エディション,,エンターライズ,ホームスロット,エンターライズ ストリートファイターV パチスロエディション 中古パチスロ実機,37700,有貨,https://home-slot.net/SHOP/s-enta201.html
1054,スーパーストリートファイターIV エディション,,エンターライズ,A-SLOT,エンターライズ ストリートファイターV パチスロエディション 中古パチスロ実機 [4ch対応],47700,有貨,https://www.a-slot.com/SHOP/enta201.html
1054,スーパーストリートファイターIV エディション,,エンターライズ,ホームスロット,エンターライズ スーパーストリートファイターIV パチスロエディション 中古パチスロ実機,47800,售完,https://home-slot.net/SHOP/s-enta13.html
1054,スーパーストリートファイターIV エディション,,エンターライズ,A-SLOT,エンターライズ スーパーストリートファイターIV パチスロエディション 中古パチスロ実機 [4ch対応],57800,有貨,https://www.a-slot.com/SHOP/enta13.html
1173,EXCITE サラリーマン金太郎~MAX~,,,ホームスロット,EXCITE パチスロ サラリーマン金太郎～MAX～ 中古パチスロ実機,35100,有貨,https://home-slot.net/SHOP/s-excite202.html
1173,EXCITE サラリーマン金太郎~MAX~,,,ホームスロット,EXCITE L サラリーマン金太郎 中古パチスロ実機 [スマスロ],35100,有貨,https://home-slot.net/SHOP/s-excite209.html
1173,EXCITE サラリーマン金太郎~MAX~,,,A-SLOT,EXCITE パチスロ サラリーマン金太郎～MAX～ 中古パチスロ実機 [4ch対応],45100,有貨,https://www.a-slot.com/SHOP/excite202.html
1173,EXCITE サラリーマン金太郎~MAX~,,,A-SLOT,EXCITE L サラリーマン金太郎 中古パチスロ実機 [スマスロ],45100,有貨,https://www.a-slot.com/SHOP/s-excite209.html
1218,アリストクラート 哲也 新宿vs上野DX,,,ホームスロット,アリストクラート 哲也 新宿vs上野DX 中古パチスロ実機,37958,售完,https://home-slot.net/SHOP/s-aristocrat10.html
1218,アリストクラート 哲也 新宿vs上野DX,,,A-SLOT,アリストクラート 哲也 新宿vs上野DX 中古パチスロ実機 [4ch対応],40508,售完,https://www.a-slot.com/SHOP/aristocrat10.html
1218,アリストクラート 哲也 新宿vs上野DX,,,ホームスロット,アリストクラート 哲也～新宿vs上野 中古パチスロ実機,45300,售完,https://home-slot.net/SHOP/s-aristocrat9.html
1218,アリストクラート 哲也 新宿vs上野DX,,,A-SLOT,アリストクラート 哲也～新宿vs上野 中古パチスロ実機 [4ch対応],55300,售完,https://www.a-slot.com/SHOP/aristocrat9.html
1277,ボーダー 言い訳はさせないわよ by激壇蜜,,,ホームスロット,ボーダー パチスロ言い訳はさせないわよ！by壇蜜 中古パチスロ実機,35100,售完,https://home-slot.net/SHOP/s-border202.html
1277,ボーダー 言い訳はさせないわよ by激壇蜜,,,A-SLOT,ボーダー パチスロ言い訳はさせないわよ！by壇蜜 中古パチスロ実機,45100,售完,https://www.a-slot.com/SHOP/border202.html
1277,ボーダー 言い訳はさせないわよ by激壇蜜,,,ホームスロット,ボーダー パチスロ言い訳はさせないわよ by激壇蜜 中古パチスロ実機,46500,有貨,https://home-slot.net/SHOP/s-border203.html
1277,ボーダー 言い訳はさせないわよ by激壇蜜,,,A-SLOT,ボーダー パチスロ言い訳はさせないわよ by激壇蜜 中古パチスロ実機,56500,有貨,https://www.a-slot.com/SHOP/s-border203.html
1710,ディ ライト ひぐらしのなく頃に 業,スマスロ,,ホームスロット,ディ・ライト L ひぐらしのなく頃に 業 中古パチスロ実機 [スマスロ] [8ch対応],40100,有貨,https://home-slot.net/SHOP/s-dlight_203.html
1710,ディ ライト ひぐらしのなく頃に 業,スマスロ,,ホームスロット,ディ・ライト パチスロひぐらしのなく頃に絆 中古パチスロ実機,47800,售完,https://home-slot.net/SHOP/s-dlight_7.html
1710,ディ ライト ひぐらしのなく頃に 業,スマスロ,,A-SLOT,ディ・ライト L ひぐらしのなく頃に 業 中古パチスロ実機 [スマスロ][8ch対応][まるごと配送限定],50100,有貨,https://www.a-slot.com/SHOP/s-dlight_203.html
1710,ディ ライト ひぐらしのなく頃に 業,スマスロ,,A-SLOT,【お取り寄せ商品】ディ・ライト パチスロひぐらしのなく頃に絆 中古パチスロ実機 [4ch対応],57800,有貨,https://www.a-slot.com/SHOP/dlight_7.html
1868,KPE 悪魔城ドラキュラIII,,,ホームスロット,KPE 悪魔城ドラキュラIII 中古パチスロ実機,35100,售完,https://home-slot.net/SHOP/s-kpe35.html
1868,KPE 悪魔城ドラキュラIII,,,A-SLOT,KPE 悪魔城ドラキュラIII 中古パチスロ実機 [4ch対応],45100,售完,https://www.a-slot.com/SHOP/kpe35.html
1868,KPE 悪魔城ドラキュラIII,,,ホームスロット,KPE 悪魔城ドラキュラII 中古パチスロ実機,68500,售完,https://home-slot.net/SHOP/s-kpe18.html
1868,KPE 悪魔城ドラキュラIII,,,A-SLOT,KPE 悪魔城ドラキュラII 中古パチスロ実機 [4ch対応],78500,售完,https://www.a-slot.com/SHOP/kpe18.html
2075,高尾 CR BRAVE10 SAA,,,ホームスロット,高尾 CR BRAVE10 SAB 中古パチンコ実機,45704,售完,https://home-slot.net/SHOP/p-takao74.html
2075,高尾 CR BRAVE10 SAA,,,ホームスロット,高尾 ＣＲ ＢＲＡＶＥ１０ ＳＬＡ 中古パチンコ実機,52600,售完,https://home-slot.net/SHOP/p-takao70.html
2075,高尾 CR BRAVE10 SAA,,,ホームスロット,高尾 ＣＲ ＢＲＡＶＥ１０ ＳＸＡ 枠色不問 中古パチンコ実機,65300,售完,https://home-slot.net/SHOP/p-takao71.html
2075,高尾 CR BRAVE10 SAA,,,ホームスロット,高尾 CR BRAVE10 SAA 中古パチンコ実機,71600,售完,https://home-slot.net/SHOP/p-takao75.html
2228,スペシャルハナハナII 30,,パイオニア,A-SLOT,パイオニア スペシャルハナハナ-30 中古パチスロ実機 [8ch対応],21074,售完,https://www.a-slot.com/SHOP/pioneer8.html
2228,スペシャルハナハナII 30,,パイオニア,ホームスロット,パイオニア スペシャルハナハナ-30 中古パチスロ実機,46667,售完,https://home-slot.net/SHOP/s-pioneer8.html
2228,スペシャルハナハナII 30,,パイオニア,ホームスロット,パイオニア スペシャルハナハナII－30 中古パチスロ実機,54100,售完,https://home-slot.net/SHOP/s-pioneer23.html
2228,スペシャルハナハナII 30,,パイオニア,A-SLOT,パイオニア スペシャルハナハナII－30 中古パチスロ実機 [8ch対応],64100,有貨,https://www.a-slot.com/SHOP/pioneer23.html
2248,ニューアイムジャグラーEX KA,,北電子,ホームスロット,北電子 ニューアイムジャグラーEX-KT 中古パチスロ実機,35100,售完,https://home-slot.net/SHOP/s-kitadenshi68.html
2248,ニューアイムジャグラーEX KA,,北電子,A-SLOT,北電子 ニューアイムジャグラーEX-KT 中古パチスロ実機 [4ch対応],45100,售完,https://www.a-slot.com/SHOP/kitadenshi68.html
2248,ニューアイムジャグラーEX KA,,北電子,ホームスロット,北電子 ニューアイムジャグラーEX-KA 中古パチスロ実機,47800,售完,https://home-slot.net/SHOP/s-kitadenshi80.html
2248,ニューアイムジャグラーEX KA,,北電子,A-SLOT,北電子 ニューアイムジャグラーEX-KA 中古パチスロ実機 [4ch対応],57800,售完,https://www.a-slot.com/SHOP/kitadensi80.html
2259,ビスティ 機動戦士Zガンダム,,,ホームスロット,ビスティ パチスロ 機動戦士Ｚガンダム 中古パチスロ実機,37700,售完,https://home-slot.net/SHOP/s-sankyo126.html
2259,ビスティ 機動戦士Zガンダム,,,A-SLOT,ビスティ パチスロ 機動戦士Ｚガンダム 中古パチスロ実機 [4ch対応],47700,有貨,https://www.a-slot.com/SHOP/sankyo126.html
2259,ビスティ 機動戦士Zガンダム,,,ホームスロット,ビスティ 機動戦士ガンダム 中古パチスロ実機,98500,售完,https://home-slot.net/SHOP/s-sankyo74.html
2259,ビスティ 機動戦士Zガンダム,,,A-SLOT,ビスティ 機動戦士ガンダム 中古パチスロ実機 [4ch対応],108500,售完,https://www.a-slot.com/SHOP/sankyo74.html
2505,ドラゴンハナハナ~閃光~ 30,,パイオニア,ホームスロット,パイオニア ドラゴンハナハナ－30 中古パチスロ実機,41500,售完,https://home-slot.net/SHOP/s-pioneer18.html
2505,ドラゴンハナハナ~閃光~ 30,,パイオニア,A-SLOT,パイオニア ドラゴンハナハナ－30 中古パチスロ実機 [8ch対応],51500,售完,https://www.a-slot.com/SHOP/pioneer18.html
2505,ドラゴンハナハナ~閃光~ 30,,パイオニア,ホームスロット,パイオニア ドラゴンハナハナ～閃光～-30 中古パチスロ実機 [4ch対応],133400,售完,https://home-slot.net/SHOP/s-pioneer222.html
2505,ドラゴンハナハナ~閃光~ 30,,パイオニア,A-SLOT,【お取り寄せ商品】パイオニア ドラゴンハナハナ～閃光～-30 中古パチスロ実機 [4ch対応],143400,售完,https://www.a-slot.com/SHOP/s-pioneer222.html
2509,ニューキングハナハナV 30,,パイオニア,ホームスロット,パイオニア ニューキングハナハナ－30 中古パチスロ実機,47800,售完,https://home-slot.net/SHOP/s-pioneer28.html
2509,ニューキングハナハナV 30,,パイオニア,A-SLOT,パイオニア ニューキングハナハナ－30 中古パチスロ実機 [4ch対応],57800,售完,https://www.a-slot.com/SHOP/pioneer28.html
2509,ニューキングハナハナV 30,,パイオニア,ホームスロット,パイオニア ニューキングハナハナV-30 中古パチスロ実機,703700,有貨,https://home-slot.net/SHOP/s-pioneer230.html
2509,ニューキングハナハナV 30,,パイオニア,A-SLOT,パイオニア ニューキングハナハナV-30 中古パチスロ実機,713700,有貨,https://www.a-slot.com/SHOP/s-pioneer230.html
2514,ハナハナホウオウ~天翔~ 30,,パイオニア,ホームスロット,パイオニア ハナハナホウオウ～天翔～-30 中古パチスロ実機,41500,有貨,https://home-slot.net/SHOP/s-pioneer212.html
2514,ハナハナホウオウ~天翔~ 30,,パイオニア,ホームスロット,パイオニア ハナハナホウオウ－30 中古パチスロ実機,47800,售完,https://home-slot.net/SHOP/s-pioneer31.html
2514,ハナハナホウオウ~天翔~ 30,,パイオニア,A-SLOT,パイオニア ハナハナホウオウ～天翔～-30 中古パチスロ実機,51500,有貨,https://www.a-slot.com/SHOP/pioneer212.html
2514,ハナハナホウオウ~天翔~ 30,,パイオニア,A-SLOT,パイオニア ハナハナホウオウ－30 中古パチスロ実機 [4ch対応],57800,售完,https://www.a-slot.com/SHOP/pioneer31.html
2547,ロード オブ ヴァーミリオンRe,,七匠,ホームスロット,七匠 パチスロ ロード オブ ヴァーミリオンRe: 中古パチスロ実機,37700,有貨,https://home-slot.net/SHOP/s-nanashow201.html
2547,ロード オブ ヴァーミリオンRe,,七匠,A-SLOT,七匠 パチスロ ロードオブヴァーミリオンRe: 中古パチスロ実機 [4ch対応],47700,有貨,https://www.a-slot.com/SHOP/nanashow201.html
2547,ロード オブ ヴァーミリオンRe,,七匠,ホームスロット,七匠 パチスロ ロード オブ ヴァーミリオン 中古パチスロ実機,47800,售完,https://home-slot.net/SHOP/s-nanashow5.html
2547,ロード オブ ヴァーミリオンRe,,七匠,A-SLOT,【お取り寄せ商品】七匠 パチスロ ロードオブヴァーミリオン 中古パチスロ実機 [4ch対応],57800,有貨,https://www.a-slot.com/SHOP/nanashow5.html
2592,銀座 化物語 ヒロインパネル,スマスロ,,ホームスロット,サミー パチスロ化物語 ヒロインパネル 中古パチスロ実機,88500,售完,https://home-slot.net/SHOP/s-sammy102.html
2592,銀座 化物語 ヒロインパネル,スマスロ,,A-SLOT,サミー パチスロ化物語 ヒロインパネル 中古パチスロ実機 [4ch対応],98500,售完,https://www.a-slot.com/SHOP/sammy102.html
2592,銀座 化物語 ヒロインパネル,スマスロ,,ホームスロット,銀座 スマスロ 化物語 [ヒロインパネル] 中古パチスロ実機 [スマスロ][8ch対応][まるごと配送限定],295000,有貨,https://home-slot.net/SHOP/s-ginza215.html
2592,銀座 化物語 ヒロインパネル,スマスロ,,A-SLOT,銀座 スマスロ 化物語 [ヒロインパネル] 中古パチスロ実機 [スマスロ][8ch対応][まるごと配送限定],305000,有貨,https://www.a-slot.com/SHOP/s-ginza215.html
2661,NET ニューチバリヨ 30,,,ホームスロット,NET ニューチバリヨ－30 中古パチスロ実機,35100,售完,https://home-slot.net/SHOP/s-net48.html
2661,NET ニューチバリヨ 30,,,ホームスロット,NET チバリヨ-30 中古パチスロ実機,41500,有貨,https://home-slot.net/SHOP/s-net207.html
2661,NET ニューチバリヨ 30,,,A-SLOT,NET ニューチバリヨ－30 中古パチスロ実機 [4ch対応],45100,售完,https://www.a-slot.com/SHOP/net48.html
2661,NET ニューチバリヨ 30,,,A-SLOT,NET チバリヨ-30 中古パチスロ実機 [8ch対応],51500,有貨,https://www.a-slot.com/SHOP/net207.html
2761,ディ ライト おそ松さん~驚~,,,ホームスロット,ディ・ライト パチスロおそ松さん～驚～ 中古パチスロ実機,35100,有貨,https://home-slot.net/SHOP/s-dlight_200.html
2761,ディ ライト おそ松さん~驚~,,,ホームスロット,ディ・ライト パチスロおそ松さん 中古パチスロ実機,35100,售完,https://home-slot.net/SHOP/s-dlight_10.html
2761,ディ ライト おそ松さん~驚~,,,A-SLOT,ディ・ライト パチスロおそ松さん～驚～ 中古パチスロ実機 [4ch対応],45100,有貨,https://www.a-slot.com/SHOP/dlight_200.html
2761,ディ ライト おそ松さん~驚~,,,A-SLOT,【お取り寄せ商品】ディ・ライト パチスロおそ松さん 中古パチスロ実機 [4ch対応],45100,有貨,https://www.a-slot.com/SHOP/dlight_10.html
2778,ハッピージャグラーVIII,,北電子,ホームスロット,北電子 ハッピージャグラーVII 中古パチスロ実機,47800,售完,https://home-slot.net/SHOP/s-kitadenshi64.html
2778,ハッピージャグラーVIII,,北電子,ホームスロット,北電子 ハッピージャグラーVIII 中古パチスロ実機,52800,售完,https://home-slot.net/SHOP/s-kitadenshi209.html
2778,ハッピージャグラーVIII,,北電子,A-SLOT,北電子 ハッピージャグラーVII 中古パチスロ実機 [4ch対応],57800,售完,https://www.a-slot.com/SHOP/kitadenshi64.html
2778,ハッピージャグラーVIII,,北電子,A-SLOT,【お取り寄せ商品】北電子 ハッピージャグラーVIII 中古パチスロ実機,62800,有貨,https://www.a-slot.com/SHOP/s-kitadenshi209.html
2809,モンキーターンV 青島パネル,スマスロ,山佐,ホームスロット,山佐 パチスロ「モンキーターン」 青島パネル 中古パチスロ実機,98500,售完,https://home-slot.net/SHOP/s-yamasa70.html
2809,モンキーターンV 青島パネル,スマスロ,山佐,A-SLOT,山佐 パチスロ「モンキーターン」 青島パネル 中古パチスロ実機 [4ch対応],108500,售完,https://www.a-slot.com/SHOP/yamasa70.html
2809,モンキーターンV 青島パネル,スマスロ,山佐,ホームスロット,山佐 スマスロモンキーターンV [青島パネル] 中古パチスロ実機 [スマスロ],204800,售完,https://home-slot.net/SHOP/s-yamasa239.html
2809,モンキーターンV 青島パネル,スマスロ,山佐,A-SLOT,山佐 スマスロモンキーターンV [青島パネル] 中古パチスロ実機 [スマスロ] [4ch対応],214800,售完,https://www.a-slot.com/SHOP/s-yamasa239.html
2832,天元突破グレンラガン極,,スパイキー,ホームスロット,七匠 パチスロ天元突破グレンラガン 中古パチスロ実機,35100,有貨,https://home-slot.net/SHOP/s-nanashow203.html
2832,天元突破グレンラガン極,,スパイキー,A-SLOT,七匠 パチスロ天元突破グレンラガン 中古パチスロ実機 [4ch対応],45100,有貨,https://www.a-slot.com/SHOP/nanashow203.html
2832,天元突破グレンラガン極,,スパイキー,ホームスロット,スパイキー パチスロ天元突破グレンラガン極 中古パチスロ実機,59100,售完,https://home-slot.net/SHOP/s-spyki_200.html
2832,天元突破グレンラガン極,,スパイキー,A-SLOT,【お取り寄せ商品】スパイキー パチスロ天元突破グレンラガン極 中古パチスロ実機 [4ch対応],69100,有貨,https://www.a-slot.com/SHOP/spyki_200.html
2963,ひぐらしのなく頃に~彩~,P,大一,ホームスロット,大一 Pひぐらしのなく頃に～蕾～ 中古パチンコ実機 [枠名：ルナーレス ひぐらし蕾][4ch対応],57600,有貨,https://home-slot.net/SHOP/p-daiichi221.html
2963,ひぐらしのなく頃に~彩~,P,大一,ホームスロット,大一 Pひぐらしのなく頃に～彩～ 中古パチンコ実機 [枠名：ルナーレス ひぐらし彩][4ch対応],60200,有貨,https://home-slot.net/SHOP/p-daiichi219.html
2963,ひぐらしのなく頃に~彩~,P,大一,ホームスロット,大一 Pひぐらしのなく頃に～憩～ 中古パチンコ実機 [枠名：ルナーレス ひぐらし] [4ch対応],70300,有貨,https://home-slot.net/SHOP/p-daiichi214.html
2963,ひぐらしのなく頃に~彩~,P,大一,ホームスロット,大一 Pひぐらしのなく頃に～瞬～ 中古パチンコ実機 [枠名：ルナーレス ひぐらし瞬/囁] [4ch対応],86000,售完,https://home-slot.net/SHOP/p-daiichi215.html
3012,サムライチャンプルー極,,ニューギン,A-SLOT,ニューギン サムライチャンプルー 中古パチスロ実機 [4ch対応],27675,售完,https://www.a-slot.com/SHOP/newgi7.html
3012,サムライチャンプルー極,,ニューギン,ホームスロット,ニューギン サムライチャンプルー 中古パチスロ実機,43408,售完,https://home-slot.net/SHOP/s-newgi7.html
3012,サムライチャンプルー極,,ニューギン,ホームスロット,ニューギン サムライチャンプルー極 中古パチスロ実機,68500,售完,https://home-slot.net/SHOP/s-newgin9.html
3012,サムライチャンプルー極,,ニューギン,A-SLOT,ニューギン サムライチャンプルー極 中古パチスロ実機 [4ch対応],78500,售完,https://www.a-slot.com/SHOP/newgin9.html
3048,ニューパルサーSPIII,,山佐,ホームスロット,山佐 ニューパルサーSPIII 中古パチスロ実機,35100,有貨,https://home-slot.net/SHOP/s-yamasa216.html
3048,ニューパルサーSPIII,,山佐,A-SLOT,山佐 ニューパルサーSPIII 中古パチスロ実機,45100,有貨,https://www.a-slot.com/SHOP/yamasa216.html
3048,ニューパルサーSPIII,,山佐,ホームスロット,山佐 ニューパルサーSP II 中古パチスロ実機,54100,售完,https://home-slot.net/SHOP/s-yamasa137.html
3048,ニューパルサーSPIII,,山佐,A-SLOT,【お取り寄せ商品】山佐 ニューパルサーSPII 中古パチスロ実機 [4ch対応],64100,有貨,https://www.a-slot.com/SHOP/yamasa137.html
3331,戦国乙女TYPE A+,,オリンピア,ホームスロット,オリンピア パチスロ戦国乙女TYPE-A+ 中古パチスロ実機,41500,有貨,https://home-slot.net/SHOP/s-heiwa202.html
3331,戦国乙女TYPE A+,,オリンピア,A-SLOT,オリンピア パチスロ戦国乙女TYPE-A+ 中古パチスロ実機 [8ch対応],51500,有貨,https://www.a-slot.com/SHOP/heiwa202.html
3331,戦国乙女TYPE A+,,オリンピア,ホームスロット,オリンピア 戦国乙女～TYPE-A～ 中古パチスロ実機,65500,售完,https://home-slot.net/SHOP/s-heiwa142.html
3331,戦国乙女TYPE A+,,オリンピア,A-SLOT,オリンピア 戦国乙女～TYPE-A～ 中古パチスロ実機 [8ch対応],75500,售完,https://www.a-slot.com/SHOP/heiwa142.html
3493,ファイヤードリフト,,Sammy,ホームスロット,サミー ファイヤードリフト 中古パチスロ実機,28742,售完,https://home-slot.net/SHOP/s-sammy41.html
3493,ファイヤードリフト,,Sammy,ホームスロット,ロデオ パチスロ ファイヤードリフト 中古パチスロ実機 [8ch対応],40100,有貨,https://home-slot.net/SHOP/s-rodeo206.html
3493,ファイヤードリフト,,Sammy,A-SLOT,ロデオ パチスロ ファイヤードリフト 中古パチスロ実機 [8ch対応][まるごと配送限定],50100,有貨,https://www.a-slot.com/SHOP/s-rodeo206.html
3493,ファイヤードリフト,,Sammy,A-SLOT,【4号機】サミー ファイヤードリフト 中古パチスロ実機 [4ch対応],65000,有貨,https://www.a-slot.com/SHOP/sammy41.html
3500,マイジャグラーIV,,北電子,ホームスロット,北電子 マイジャグラーIV 中古パチスロ実機,61700,售完,https://home-slot.net/SHOP/s-kitadenshi200.html
3500,マイジャグラーIV,,北電子,A-SLOT,北電子 マイジャグラーIV 中古パチスロ実機 [4ch対応],71700,售完,https://www.a-slot.com/SHOP/kitadensi200.html
3500,マイジャグラーIV,,北電子,ホームスロット,北電子 マイジャグラーV 中古パチスロ実機,159800,售完,https://home-slot.net/SHOP/s-kitadenshi207.html
3500,マイジャグラーIV,,北電子,A-SLOT,【お取り寄せ商品】北電子 マイジャグラーV 中古パチスロ実機,169800,有貨,https://www.a-slot.com/SHOP/kitadensi207.html
3505,モンキーターンIII,,山佐,ホームスロット,山佐 パチスロ モンキーターンIII 中古パチスロ実機,47800,售完,https://home-slot.net/SHOP/s-yamasa130.html
3505,モンキーターンIII,,山佐,A-SLOT,【お取り寄せ商品】山佐 パチスロ モンキーターンIII 中古パチスロ実機 [4ch対応],57800,有貨,https://www.a-slot.com/SHOP/yamasa130.html
3505,モンキーターンIII,,山佐,ホームスロット,山佐 パチスロ モンキーターンII 中古パチスロ実機,68500,售完,https://home-slot.net/SHOP/s-yamasa97.html
3505,モンキーターンIII,,山佐,A-SLOT,【お取り寄せ商品】山佐 パチスロ モンキーターンII 中古パチスロ実機 [4ch対応],78500,有貨,https://www.a-slot.com/SHOP/yamasa97.html
3621,ウルトラマン ザ,,山佐,ホームスロット,七匠 パチスロ ウルトラマン 中古パチスロ実機,35100,售完,https://home-slot.net/SHOP/s-nanashow3.html
3621,ウルトラマン ザ,,山佐,A-SLOT,七匠 パチスロ ウルトラマン 中古パチスロ実機 [4ch対応],45100,售完,https://www.a-slot.com/SHOP/nanashow3.html
3621,ウルトラマン ザ,,山佐,ホームスロット,山佐 ウルトラマン・ザ・スロット 中古パチスロ実機,57300,售完,https://home-slot.net/SHOP/s-yamasa15.html
3621,ウルトラマン ザ,,山佐,A-SLOT,山佐 ウルトラマン・ザ・スロット 中古パチスロ実機 [4ch対応],67300,售完,https://www.a-slot.com/SHOP/yamasa15.html
3676,バイオハザード5,スマスロ,エンターライズ,ホームスロット,エンターライズ スマスロ バイオハザード5 中古パチスロ実機 [スマスロ][8ch対応][まるごと配送限定],35100,有貨,https://home-slot.net/SHOP/s-enta213.html
3676,バイオハザード5,スマスロ,エンターライズ,A-SLOT,エンターライズ スマスロ バイオハザード5 中古パチスロ実機 [スマスロ][8ch対応][まるごと配送限定],45100,有貨,https://www.a-slot.com/SHOP/s-enta213.html
3676,バイオハザード5,スマスロ,エンターライズ,ホームスロット,エンターライズ バイオハザード5 中古パチスロ実機,171200,售完,https://home-slot.net/SHOP/s-enta7.html
3676,バイオハザード5,スマスロ,エンターライズ,A-SLOT,エンターライズ バイオハザード5 中古パチスロ実機 [4ch対応],181200,售完,https://www.a-slot.com/SHOP/enta7.html
3698,モンキーターンIV,,山佐,ホームスロット,山佐 モンキーターンIV 中古パチスロ実機,41500,有貨,https://home-slot.net/SHOP/s-yamasa213.html
3698,モンキーターンIV,,山佐,A-SLOT,山佐 モンキーターンIV 中古パチスロ実機,51500,有貨,https://www.a-slot.com/SHOP/yamasa213.html
3698,モンキーターンIV,,山佐,ホームスロット,山佐 スマスロモンキーターンV 中古パチスロ実機 [スマスロ],203700,售完,https://home-slot.net/SHOP/s-yamasa234.html
3698,モンキーターンIV,,山佐,A-SLOT,山佐 スマスロモンキーターンV 中古パチスロ実機 [スマスロ] [4ch対応],213700,售完,https://www.a-slot.com/SHOP/s-yamasa234.html
3777,キャッツ アイ,S,平和,ホームスロット,平和 Sキャッツ・アイ 中古パチスロ実機 [8ch対応],37700,有貨,https://home-slot.net/SHOP/s-heiwa220.html
3777,キャッツ アイ,S,平和,ホームスロット,平和 キャッツ・アイ 中古パチスロ実機,45300,售完,https://home-slot.net/SHOP/s-heiwa31.html
3777,キャッツ アイ,S,平和,A-SLOT,平和 Sキャッツ・アイ 中古パチスロ実機 [8ch対応],47700,有貨,https://www.a-slot.com/SHOP/s-heiwa220.html
3777,キャッツ アイ,S,平和,A-SLOT,平和 キャッツ・アイ 中古パチスロ実機 [4ch対応],55300,售完,https://www.a-slot.com/SHOP/heiwa31.html
3854,炎炎ノ消防隊,スマスロ,SANKYO,ホームスロット,SANKYO Lパチスロ 炎炎ノ消防隊 中古パチスロ実機 [スマスロ] [4ch対応],35100,有貨,https://home-slot.net/SHOP/s-sankyo223.html
3854,炎炎ノ消防隊,スマスロ,SANKYO,ホームスロット,SANKYO パチスロ 炎炎ノ消防隊 中古パチスロ実機 [4ch対応],35100,有貨,https://home-slot.net/SHOP/s-sankyo217.html
3854,炎炎ノ消防隊,スマスロ,SANKYO,A-SLOT,SANKYO Lパチスロ 炎炎ノ消防隊 中古パチスロ実機 [スマスロ] [4ch対応],45100,有貨,https://www.a-slot.com/SHOP/s-sankyo223.html
3854,炎炎ノ消防隊,スマスロ,SANKYO,A-SLOT,SANKYO パチスロ 炎炎ノ消防隊 中古パチスロ実機 [4ch対応],45100,有貨,https://www.a-slot.com/SHOP/s-sankyo217.html
3957,真 北斗無双,,Sammy,ホームスロット,サミー パチスロ真・北斗無双 中古パチスロ実機,35100,有貨,https://home-slot.net/SHOP/s-sammy210.html
3957,真 北斗無双,,Sammy,ホームスロット,ロデオ スマスロ真・北斗無双 中古パチスロ実機 [スマスロ][8ch対応][まるごと配送限定],40100,有貨,https://home-slot.net/SHOP/s-rodeo208.html
3957,真 北斗無双,,Sammy,A-SLOT,サミー パチスロ真・北斗無双 中古パチスロ実機,45100,有貨,https://www.a-slot.com/SHOP/sammy210.html
3957,真 北斗無双,,Sammy,A-SLOT,ロデオ スマスロ真・北斗無双 中古パチスロ実機 [スマスロ][8ch対応][まるごと配送限定],50100,有貨,https://www.a-slot.com/SHOP/s-rodeo208.html
4095,店,スマスロ,,A-SLOT,スマスロ実機・中古パチスロ実機販売店,50000,有貨,https://www.a-slot.com/hpgen/HPB/shop/sitemap.html
4095,店,スマスロ,,A-SLOT,スマスロ実機・中古パチスロ実機販売店,50000,有貨,https://www.a-slot.com/hpgen/HPB/shop/policy.html
4095,店,スマスロ,,A-SLOT,スマスロ実機・中古パチスロ実機販売店,50000,售完,https://www.a-slot.com/hpgen/HPB/shop/business.html
4095,店,スマスロ,,A-SLOT,スマスロ実機・中古パチスロ実機販売店,400000,有貨,https://www.a-slot.com/hpgen/HPB/shop/shoppinguide.html
30,用 デー太郎Ω オメガ 大型液晶 タッチパネル 画面カスタマイズ 動画演出機能搭載,,,ホームスロット,【中古】【パチスロ用】デー太郎Ω（オメガ）【大型液晶・タッチパネル・画面カスタマイズ・動画演出機能搭載】,39800,售完,https://home-slot.net/SHOP/deta_ro_omega.html
30,用 デー太郎Ω オメガ 大型液晶 タッチパネル 画面カスタマイズ 動画演出機能搭載,,,ホームスロット,【中古】【パチンコ用】デー太郎Ω（オメガ）【大型液晶・タッチパネル・画面カスタマイズ・動画演出機能搭載】,39800,售完,https://home-slot.net/SHOP/p-deta_ro_omega.html
30,用 デー太郎Ω オメガ 大型液晶 タッチパネル 画面カスタマイズ 動画演出機能搭載,,,A-SLOT,【中古】デー太郎Ω（オメガ）【大型液晶・タッチパネル・画面カスタマイズ・動画演出機能搭載】,39800,有貨,https://www.a-slot.com/SHOP/deta_ro_omega.html
483,CR忍者ハットリくん~科学忍法VS忍の術~ BL V,,大一,ホームスロット,大一 ＣＲ忍者ハットリくん～科学忍法ＶＳ忍の術～ＢＳ 中古パチンコ実機,53900,售完,https://home-slot.net/SHOP/p-daiichi74.html
483,CR忍者ハットリくん~科学忍法VS忍の術~ BL V,,大一,ホームスロット,大一 CR忍者ハットリくん～科学忍法VS忍の術～ BO 中古パチンコ実機,92400,售完,https://home-slot.net/SHOP/p-daiichi66.html
483,CR忍者ハットリくん~科学忍法VS忍の術~ BL V,,大一,ホームスロット,大一 CR忍者ハットリくん～科学忍法VS忍の術～ BL-V 中古パチンコ実機,226300,售完,https://home-slot.net/SHOP/p-daiichi64.html
533,タイヨーエレック CR米米CLUB大収穫祭KSX,,,ホームスロット,タイヨーエレック CR米米CLUB大収穫祭LSZ 中古パチンコ実機,76871,售完,https://home-slot.net/SHOP/p-taiyo36.html
533,タイヨーエレック CR米米CLUB大収穫祭KSX,,,ホームスロット,タイヨーエレック CR米米CLUB大収穫祭MSZ 枠色不問 中古パチンコ実機,116000,售完,https://home-slot.net/SHOP/p-taiyo33.html
533,タイヨーエレック CR米米CLUB大収穫祭KSX,,,ホームスロット,タイヨーエレック CR米米CLUB大収穫祭KSX 中古パチンコ実機,122300,售完,https://home-slot.net/SHOP/p-taiyo35.html
552,マルホン CR戦国KIZUNA第三陣 暁の鬼LM,,,ホームスロット,マルホン CR戦国KIZUNA第三陣 暁の鬼MX 枠色不問 中古パチンコ実機,41426,售完,https://home-slot.net/SHOP/p-maruhon25.html
552,マルホン CR戦国KIZUNA第三陣 暁の鬼LM,,,ホームスロット,マルホン CR戦国KIZUNA第三陣 暁の鬼LM 中古パチンコ実機,60166,售完,https://home-slot.net/SHOP/p-maruhon26.html
552,マルホン CR戦国KIZUNA第三陣 暁の鬼LM,,,ホームスロット,マルホン CR戦国KIZUNA第三陣 暁の鬼L 中古パチンコ実機,179334,售完,https://home-slot.net/SHOP/p-maruhon29.html
705,2号機 アークテクニコ アニマル 茶色 2ch対応,,,A-SLOT,【2号機】アークテクニコ アニマル 茶色 中古パチスロ実機 [2ch対応],79265,售完,https://www.a-slot.com/SHOP/ark4.html
705,2号機 アークテクニコ アニマル 茶色 2ch対応,,,A-SLOT,【2号機】アークテクニコ アニマル 中古パチスロ実機 [2ch対応],87300,售完,https://www.a-slot.com/SHOP/arktechnico_animal_kasugai.html
705,2号機 アークテクニコ アニマル 茶色 2ch対応,,,A-SLOT,【2号機】アークテクニコ アニマルG 中古パチスロ実機 [2ch対応],99800,售完,https://www.a-slot.com/SHOP/ark2.html
834,CRA花の慶次~雲のかなたに~N VC 甘デジ,,ニューギン,ホームスロット,ニューギン CRA花の慶次～雲のかなたに～N‐VG（甘デジ） 中古パチンコ実機,41935,售完,https://home-slot.net/SHOP/p-newgin32.html
834,CRA花の慶次~雲のかなたに~N VC 甘デジ,,ニューギン,ホームスロット,ニューギン CRA花の慶次～雲のかなたに～N‐V（甘デジ） 中古パチンコ実機,52600,售完,https://home-slot.net/SHOP/p-newgin33.html
834,CRA花の慶次~雲のかなたに~N VC 甘デジ,,ニューギン,ホームスロット,ニューギン CRA花の慶次～雲のかなたに～N-VC（甘デジ） 中古パチンコ実機,86000,售完,https://home-slot.net/SHOP/p-newgin34.html
849,CRフィーバー戦姫絶唱シンフォギア 初期セル,,SANKYO,ホームスロット,SANKYO CRフィーバー戦姫絶唱シンフォギア 初期セル 中古パチンコ実機,114400,售完,https://home-slot.net/SHOP/p-sankyo139.html
849,CRフィーバー戦姫絶唱シンフォギア 初期セル,,SANKYO,ホームスロット,SANKYO ＣＲフィーバー戦姫絶唱シンフォギア 赤セル 中古パチンコ実機,114400,售完,https://home-slot.net/SHOP/p-sankyo206.html
849,CRフィーバー戦姫絶唱シンフォギア 初期セル,,SANKYO,ホームスロット,SANKYO ＣＲフィーバー戦姫絶唱シンフォギア 黒セル 中古パチンコ実機,114800,售完,https://home-slot.net/SHOP/p-sankyo205.html
932,清龍ゲームジャパン トリプルクラウンG‐30,,,A-SLOT,清龍ゲームジャパン トリプルクラウンG‐30 中古パチスロ実機,90000,售完,https://www.a-slot.com/SHOP/seiryu201_triplecrown-g-30.html
932,清龍ゲームジャパン トリプルクラウンG‐30,,,ホームスロット,清龍ゲームジャパン トリプルクラウンV-30 中古パチスロ実機,93600,售完,https://home-slot.net/SHOP/s-seiryu201.html
932,清龍ゲームジャパン トリプルクラウンG‐30,,,A-SLOT,【お取り寄せ商品】清龍ゲームジャパン トリプルクラウンV-30 中古パチスロ実機,103600,有貨,https://www.a-slot.com/SHOP/seiryu201.html
1105,西陣 CR春夏秋冬~HIGHビスカス~GL,,,ホームスロット,西陣 CR春夏秋冬～HIGHビスカス～GL 枠色不問 中古パチンコ実機,52600,售完,https://home-slot.net/SHOP/p-nishijinn110.html
1105,西陣 CR春夏秋冬~HIGHビスカス~GL,,,ホームスロット,西陣 CR春夏秋冬～HIGHビスカス～M 枠色不問 中古パチンコ実機,52600,售完,https://home-slot.net/SHOP/p-nishijinn106.html
1105,西陣 CR春夏秋冬~HIGHビスカス~GL,,,ホームスロット,西陣 CR春夏秋冬～HIGHビスカス～Z 中古パチンコ実機,52600,售完,https://home-slot.net/SHOP/p-nishijinn107.html
1148,CRフィーバーマクロスフロンティア2F,,SANKYO,ホームスロット,SANKYO CRフィーバーマクロスフロンティア2Y 中古パチンコ実機,52600,售完,https://home-slot.net/SHOP/p-sankyo119.html
1148,CRフィーバーマクロスフロンティア2F,,SANKYO,ホームスロット,SANKYO CRフィーバーマクロスフロンティア2F 中古パチンコ実機,55200,售完,https://home-slot.net/SHOP/p-sankyo120.html
1148,CRフィーバーマクロスフロンティア2F,,SANKYO,ホームスロット,SANKYO CRフィーバーマクロスフロンティア2W 枠色不問 中古パチンコ実機,59000,售完,https://home-slot.net/SHOP/p-sankyo113.html
1200,アイムジャグラーEX AE グリーンパネル,,北電子,A-SLOT,北電子 アイムジャグラーEX-AE グリーンパネル 中古パチスロ実機 [4ch対応],62800,售完,https://www.a-slot.com/SHOP/kitadensi86_green.html
1200,アイムジャグラーEX AE グリーンパネル,,北電子,ホームスロット,【6号機】北電子 アイムジャグラーEX [グリーンパネル] 中古パチスロ実機,74900,有貨,https://home-slot.net/SHOP/s-kitadenshi210.html
1200,アイムジャグラーEX AE グリーンパネル,,北電子,A-SLOT,【6号機】北電子 アイムジャグラーEX[グリーンパネル] 中古パチスロ実機 [4ch対応],84900,有貨,https://www.a-slot.com/SHOP/s-kitadenshi210.html
1302,西陣 CRモンキーターン 誰よりも速く!GL,,,ホームスロット,西陣 CRモンキーターン 誰よりも速く！GL 中古パチンコ実機,52600,售完,https://home-slot.net/SHOP/p-nishijinn63.html
1302,西陣 CRモンキーターン 誰よりも速く!GL,,,ホームスロット,西陣 ＣＲモンキーターン 誰よりも速く！Ｚ 中古パチンコ実機,216200,售完,https://home-slot.net/SHOP/p-nishijinn56.html
1302,西陣 CRモンキーターン 誰よりも速く!GL,,,ホームスロット,西陣 CRモンキーターン 誰よりも速く！M 中古パチンコ実機,297278,售完,https://home-slot.net/SHOP/p-nishijinn64.html
1331,高尾 怪談ぱちんこCR稲川淳二 SAA,,,ホームスロット,高尾 怪談ぱちんこＣＲ稲川淳二 SLA 中古パチンコ実機,52600,售完,https://home-slot.net/SHOP/p-takao66.html
1331,高尾 怪談ぱちんこCR稲川淳二 SAA,,,ホームスロット,高尾 怪談ぱちんこＣＲ稲川淳二 SAB 中古パチンコ実機,71600,售完,https://home-slot.net/SHOP/p-takao69.html
1331,高尾 怪談ぱちんこCR稲川淳二 SAA,,,ホームスロット,高尾 怪談ぱちんこＣＲ稲川淳二 SAA 中古パチンコ実機,86000,售完,https://home-slot.net/SHOP/p-takao68.html
1378,CR薄桜鬼 緋焔録BH 分割配送不可,,大一,ホームスロット,大一 パチンコCR薄桜鬼 緋焔録BL 中古パチンコ実機 [分割配送不可],35009,售完,https://home-slot.net/SHOP/p-daiichi56.html
1378,CR薄桜鬼 緋焔録BH 分割配送不可,,大一,ホームスロット,大一 パチンコCR薄桜鬼 緋焔録BH 中古パチンコ実機 [分割配送不可],69100,售完,https://home-slot.net/SHOP/p-daiichi58.html
1378,CR薄桜鬼 緋焔録BH 分割配送不可,,大一,ホームスロット,大一 パチンコCR薄桜鬼 緋焔録BS 中古パチンコ実機 [分割配送不可],71600,售完,https://home-slot.net/SHOP/p-daiichi73.html
1831,CRフィーバー宇宙戦艦ヤマトYR,,SANKYO,ホームスロット,SANKYO CRフィーバー宇宙戦艦ヤマトYR 中古パチンコ実機,56400,售完,https://home-slot.net/SHOP/p-sankyo116.html
1831,CRフィーバー宇宙戦艦ヤマトYR,,SANKYO,ホームスロット,SANKYO CRフィーバー宇宙戦艦ヤマトR 中古パチンコ実機,86000,售完,https://home-slot.net/SHOP/p-sankyo107.html
1831,CRフィーバー宇宙戦艦ヤマトYR,,SANKYO,ホームスロット,SANKYO CRフィーバー宇宙戦艦ヤマト 中古パチンコ実機,231200,售完,https://home-slot.net/SHOP/p-sankyo110.html
1839,CRリング~呪いの7日間~FPF,,藤商事,ホームスロット,藤商事 CRリング～呪いの7日間～FPL 枠色不問 中古パチンコ実機 [枠名：クリスタルファイヤー] [4ch対応],71600,售完,https://home-slot.net/SHOP/p-fuji56.html
1839,CRリング~呪いの7日間~FPF,,藤商事,ホームスロット,藤商事 CRリング～呪いの7日間～FPS 枠色不問 中古パチンコ実機 [枠名：クリスタルファイヤー] [4ch対応],101000,售完,https://home-slot.net/SHOP/p-fuji51.html
1839,CRリング~呪いの7日間~FPF,,藤商事,ホームスロット,藤商事 CRリング～呪いの7日間～FPF 枠色不問 中古パチンコ実機 [枠名：クリスタルファイヤー] [4ch対応],186300,售完,https://home-slot.net/SHOP/p-fuji50.html
2129,CR暴れん坊将軍 怪談FPF,,藤商事,ホームスロット,藤商事 CR暴れん坊将軍 怪談FPL 中古パチンコ実機 [枠名：エアーキャノン] [8ch対応],71600,售完,https://home-slot.net/SHOP/p-fuji108.html
2129,CR暴れん坊将軍 怪談FPF,,藤商事,ホームスロット,藤商事 CR暴れん坊将軍 怪談FPS 中古パチンコ実機 [枠名：エアーキャノン] [8ch対応],71600,售完,https://home-slot.net/SHOP/p-fuji112.html
2129,CR暴れん坊将軍 怪談FPF,,藤商事,ホームスロット,藤商事 CR暴れん坊将軍 怪談FPF 中古パチンコ実機 [枠名：エアーキャノン] [8ch対応],116000,售完,https://home-slot.net/SHOP/p-fuji107.html
2340,高尾 CR一騎当千SS烈 黒枠,,,ホームスロット,高尾 CR一騎当千SS烈 黒枠 中古パチンコ実機,38539,售完,https://home-slot.net/SHOP/p-takao30.html
2340,高尾 CR一騎当千SS烈 黒枠,,,ホームスロット,高尾 CR一騎当千SS烈 枠色不問 中古パチンコ実機,46920,售完,https://home-slot.net/SHOP/p-takao38.html
2340,高尾 CR一騎当千SS烈 黒枠,,,ホームスロット,高尾 CR一騎当千SS烈 枠色不問 中古パチンコ実機,47231,售完,https://home-slot.net/SHOP/p-takao19.html
2341,高尾 CR燃えよドラゴン激怒,,,ホームスロット,高尾 CR燃えよドラゴン激怒 中古パチンコ実機,40204,售完,https://home-slot.net/SHOP/p-takao51.html
2341,高尾 CR燃えよドラゴン激怒,,,ホームスロット,高尾 CR燃えよドラゴン激闘 中古パチンコ実機,52600,售完,https://home-slot.net/SHOP/p-takao52.html
2341,高尾 CR燃えよドラゴン激怒,,,ホームスロット,高尾 CR燃えよドラゴン激舞 中古パチンコ実機,111100,售完,https://home-slot.net/SHOP/p-takao55.html
2366,CRフィーバースター ウォーズYA,,SANKYO,ホームスロット,SANKYO CRフィーバースター・ウォーズYA 中古パチンコ実機,89800,售完,https://home-slot.net/SHOP/p-sankyo108.html
2366,CRフィーバースター ウォーズYA,,SANKYO,ホームスロット,SANKYO ＣＲフィーバースター・ウォーズＡ 中古パチンコ実機,92400,售完,https://home-slot.net/SHOP/p-sankyo98.html
2366,CRフィーバースター ウォーズYA,,SANKYO,ホームスロット,SANKYO CRフィーバースター・ウォーズYR 中古パチンコ実機,122300,售完,https://home-slot.net/SHOP/p-sankyo109.html
2374,CR勇者ライディーンFPF,,藤商事,ホームスロット,藤商事 CR勇者ライディーンFPH 中古パチンコ実機 [枠名：クリスタルファイヤー] [4ch対応],44074,售完,https://home-slot.net/SHOP/p-fuji43.html
2374,CR勇者ライディーンFPF,,藤商事,ホームスロット,藤商事 CR勇者ライディーンFPF 中古パチンコ実機 [枠名：クリスタルファイヤー] [4ch対応],49371,售完,https://home-slot.net/SHOP/p-fuji42.html
2374,CR勇者ライディーンFPF,,藤商事,ホームスロット,藤商事 CR勇者ライディーンFPL 中古パチンコ実機 [枠名：クリスタルファイヤー] [4ch対応],49371,售完,https://home-slot.net/SHOP/p-fuji44.html
2430,ぱちんこCR蒼天の拳天帰,,Sammy,ホームスロット,サミー ぱちんこCR蒼天の拳 天羅 中古パチンコ実機 [枠名：闘神] [4ch対応],52600,售完,https://home-slot.net/SHOP/p-sammy103.html
2430,ぱちんこCR蒼天の拳天帰,,Sammy,ホームスロット,サミー ぱちんこＣＲ蒼天の拳天帰 中古パチンコ実機 [枠名：闘神] [4ch対応],65300,售完,https://home-slot.net/SHOP/p-sammy90.html
2430,ぱちんこCR蒼天の拳天帰,,Sammy,ホームスロット,サミー ぱちんこCR蒼天の拳－天授－ 中古パチンコ実機 [枠名：聖（クロス）] [4ch対応],137300,售完,https://home-slot.net/SHOP/p-sammy52.html
2498,タイヨー 一騎当千A 青パネル,,,A-SLOT,タイヨー 一騎当千 青パネル 中古パチスロ実機 [4ch対応],35820,售完,https://www.a-slot.com/SHOP/taiyo_elec21.html
2498,タイヨー 一騎当千A 青パネル,,,ホームスロット,タイヨー パチスロ一騎当千A 青パネル 中古パチスロ実機,38555,售完,https://home-slot.net/SHOP/s-taiyo4.html
2498,タイヨー 一騎当千A 青パネル,,,A-SLOT,タイヨー パチスロ一騎当千A 青パネル 中古パチスロ実機 [4ch対応],75100,售完,https://www.a-slot.com/SHOP/taiyo4.html
2733,コンチ4XZ 2ch対応,4号機,ユニバーサル,A-SLOT,【4号機】ユニバーサル コンチ4XZ 中古パチスロ実機 [2ch対応],99500,有貨,https://www.a-slot.com/SHOP/univerasal19.html
2733,コンチ4XZ 2ch対応,4号機,ユニバーサル,ホームスロット,【4号機】ユニバーサル コンチ4X 中古パチスロ実機 [2ch対応],99500,有貨,https://home-slot.net/SHOP/s-univerasal7.html
2733,コンチ4XZ 2ch対応,4号機,ユニバーサル,A-SLOT,【4号機】ユニバーサル コンチ4X 中古パチスロ実機 [2ch対応],99500,有貨,https://www.a-slot.com/SHOP/univerasal7.html
2822,創聖のアクエリオンII,,SANKYO,ホームスロット,SANKYO パチスロ 創聖のアクエリオンII 中古パチスロ実機,47800,售完,https://home-slot.net/SHOP/s-sankyo70.html
2822,創聖のアクエリオンII,,SANKYO,A-SLOT,SANKYO パチスロ 創聖のアクエリオンII 中古パチスロ実機 [4ch対応],57800,售完,https://www.a-slot.com/SHOP/sankyo70.html
2822,創聖のアクエリオンII,,SANKYO,ホームスロット,SANKYO パチスロ創聖のアクエリオン 中古パチスロ実機,89800,售完,https://home-slot.net/SHOP/s-sankyo34.html
2839,新 ドロンジョにおまかせ,,オリンピア,ホームスロット,オリンピア 新・ドロンジョにおまかせ 中古パチスロ実機,68500,售完,https://home-slot.net/SHOP/s-heiwa76.html
2839,新 ドロンジョにおまかせ,,オリンピア,A-SLOT,オリンピア 新・ドロンジョにおまかせ 中古パチスロ実機 [4ch対応],78500,售完,https://www.a-slot.com/SHOP/heiwa76.html
2839,新 ドロンジョにおまかせ,,オリンピア,A-SLOT,【4号機】平和 ドロンジョにおまかせ 中古パチスロ実機 [4ch対応],79800,有貨,https://www.a-slot.com/SHOP/heiwa10.html
3293,マイジャグラーIII,,北電子,ホームスロット,北電子 マイジャグラーIII 中古パチスロ実機,47800,有貨,https://home-slot.net/SHOP/s-kitadenshi74.html
3293,マイジャグラーIII,,北電子,ホームスロット,北電子 マイジャグラーII 中古パチスロ実機,47800,售完,https://home-slot.net/SHOP/s-kitadenshi48.html
3293,マイジャグラーIII,,北電子,A-SLOT,北電子 マイジャグラーIII 中古パチスロ実機 [4ch対応],57800,有貨,https://www.a-slot.com/SHOP/kitadensi74.html
3351,続 お見事!サブちゃん,,オリンピア,A-SLOT,オリンピア 続・お見事!サブちゃん 中古パチスロ実機 [4ch対応],27409,售完,https://www.a-slot.com/SHOP/heiwa49.html
3351,続 お見事!サブちゃん,,オリンピア,ホームスロット,オリンピア 続・お見事!サブちゃん 中古パチスロ実機,43142,售完,https://home-slot.net/SHOP/s-heiwa49.html
3351,続 お見事!サブちゃん,,オリンピア,A-SLOT,【4号機】平和 お見事!サブちゃん 中古パチスロ実機 [4ch対応],99500,有貨,https://www.a-slot.com/SHOP/heiwa5.html
3620,ウルトラセブン,,山佐,ホームスロット,山佐 パチスロ「ウルトラセブン」 中古パチスロ実機,35100,售完,https://home-slot.net/SHOP/s-yamasa68.html
3620,ウルトラセブン,,山佐,A-SLOT,山佐 パチスロ「ウルトラセブン」 中古パチスロ実機 [4ch対応],45100,售完,https://www.a-slot.com/SHOP/yamasa68.html
3620,ウルトラセブン,,山佐,A-SLOT,【4号機】サミー ウルトラセブン 中古パチスロ実機 [まるごと配送限定],58000,售完,https://www.a-slot.com/SHOP/sammy72.html
3642,シオサイA 30,,パイオニア,ホームスロット,パイオニア シオサイA－30 中古パチスロ実機,68500,售完,https://home-slot.net/SHOP/s-pioneer16.html
3642,シオサイA 30,,パイオニア,A-SLOT,【4号機】パイオニア シオサイ30 中古パチスロ実機,69940,售完,https://www.a-slot.com/SHOP/pioneer_siosai30_kasugai.html
3642,シオサイA 30,,パイオニア,A-SLOT,パイオニア シオサイA－30 中古パチスロ実機 [8ch対応],78500,售完,https://www.a-slot.com/SHOP/pioneer16.html
3768,ねぇ~ねぇ~島娘,,オリンピア,ホームスロット,オリンピア ねぇ～ねぇ～島娘 中古パチスロ実機,68500,售完,https://home-slot.net/SHOP/s-heiwa78.html
3768,ねぇ~ねぇ~島娘,,オリンピア,A-SLOT,オリンピア ねぇ～ねぇ～島娘 中古パチスロ実機 [4ch対応],78500,售完,https://www.a-slot.com/SHOP/heiwa78.html
3768,ねぇ~ねぇ~島娘,,オリンピア,A-SLOT,オリンピア ねぇ～ねぇ～島娘（4号機） 中古パチスロ実機 [4ch対応],218000,有貨,https://www.a-slot.com/SHOP/heiwa_neeneesimamusume.html
3980,オアシス,,パイオニア,A-SLOT,【4号機】パイオニア オアシス 中古パチスロ実機 [4ch対応],59800,售完,https://www.a-slot.com/SHOP/pioneer_oasis.html
3980,オアシス,,パイオニア,ホームスロット,パイオニア オアシス 中古パチスロ実機,68500,售完,https://home-slot.net/SHOP/s-pioneer17.html
3980,オアシス,,パイオニア,A-SLOT,パイオニア オアシス 中古パチスロ実機 [4ch対応],78500,售完,https://www.a-slot.com/SHOP/pioneer17.html
3986,サンダーV,スマスロ,エレコ,ホームスロット,メーシー サンダーV 中古パチスロ実機,73158,售完,https://home-slot.net/SHOP/s-mizuho-macy3.html
3986,サンダーV,スマスロ,エレコ,ホームスロット,エレコ スマスロ サンダーV 中古パチスロ実機 [スマスロ][8ch対応][まるごと配送限定],332900,有貨,https://home-slot.net/SHOP/s-eleco210.html
3986,サンダーV,スマスロ,エレコ,A-SLOT,エレコ スマスロ サンダーV 中古パチスロ実機 [スマスロ][8ch対応][まるごと配送限定],342900,有貨,https://www.a-slot.com/SHOP/s-eleco210.html
3990,ハナペカ,,ニューギン,ホームスロット,ニューギン パチスロ ハナペカ 中古パチスロ実機,37700,有貨,https://home-slot.net/SHOP/s-newgin202.html
3990,ハナペカ,,ニューギン,A-SLOT,ニューギン パチスロ ハナペカ 中古パチスロ実機 [4ch対応],45100,有貨,https://www.a-slot.com/SHOP/snewgin202.html
3990,ハナペカ,,ニューギン,A-SLOT,ニューギン パチスロ ハナペカ 中古パチスロ実機 [4ch対応],47700,有貨,https://www.a-slot.com/SHOP/newgin202.html
4037,麻雀物語,スマスロ,オリンピア,ホームスロット,平和 麻雀物語 中古パチスロ実機,28999,售完,https://home-slot.net/SHOP/s-heiwa92.html
4037,麻雀物語,スマスロ,オリンピア,ホームスロット,オリンピア L麻雀物語 中古パチスロ実機 [スマスロ] [8ch対応],35100,有貨,https://home-slot.net/SHOP/s-olympia235.html
4037,麻雀物語,スマスロ,オリンピア,A-SLOT,オリンピア L麻雀物語 中古パチスロ実機 [スマスロ] [8ch対応],45100,有貨,https://www.a-slot.com/SHOP/s-olympia235.html
4042,ナイツ,,山佐,A-SLOT,【4号機】山佐 ナイツ 中古パチスロ実機 [4ch対応],95000,售完,https://www.a-slot.com/SHOP/yamasa_nights.html
4042,ナイツ,,山佐,ホームスロット,山佐 パチスロナイツ 中古パチスロ実機 [4ch対応],243600,售完,https://home-slot.net/SHOP/s-yamasa244.html
4042,ナイツ,,山佐,A-SLOT,【お取り寄せ商品】山佐 パチスロナイツ 中古パチスロ実機 [4ch対応],253600,有貨,https://www.a-slot.com/SHOP/s-yamasa244.html
11,スリム両替機 のみ架 なし ※2024年の新札と現行のお札に対応してます。 省スペース,,,A-SLOT,スリム両替機 本体のみ架台なし ※2024年の新札と現行のお札に対応してます。【省スペース】,95000,有貨,https://www.a-slot.com/SHOP/option104.html
11,スリム両替機 のみ架 なし ※2024年の新札と現行のお札に対応してます。 省スペース,,,A-SLOT,スリム両替機 架台付き 2024年の新札と現行のお札に対応してます。【省スペース】,133500,有貨,https://www.a-slot.com/SHOP/slim-exchange.html
13,エフ BLACK LAGOON ZERO bullet MAX ブラックラグーンゼロ,,,ホームスロット,エフ BLACK LAGOON ZERO bullet MAX【ブラックラグーンゼロ】中古パチスロ実機,35100,有貨,https://home-slot.net/SHOP/s-f201.html
13,エフ BLACK LAGOON ZERO bullet MAX ブラックラグーンゼロ,,,A-SLOT,エフ BLACK LAGOON ZERO bullet MAX【ブラックラグーンゼロ】中古パチスロ実機,45100,有貨,https://www.a-slot.com/SHOP/s-f201.html
32,FEVER KODA KUMI LEGEND LIVE ライトミドルタイプ,,SANKYO,ホームスロット,SANKYO FEVER KODA KUMI LEGEND LIVE ミドルタイプ 中古パチンコ実機,65300,售完,https://home-slot.net/SHOP/p-sankyo95.html
32,FEVER KODA KUMI LEGEND LIVE ライトミドルタイプ,,SANKYO,ホームスロット,SANKYO FEVER KODA KUMI LEGEND LIVE ライトミドルタイプ 中古パチンコ実機,101000,售完,https://home-slot.net/SHOP/p-sankyo96.html
35,タイヨーエレック デジハネCRA火曜サスペンス劇場 真相の扉~22の過ち~,,,ホームスロット,タイヨーエレック デジハネCRA火曜サスペンス劇場 真相の扉～２２の過ち～ 中古パチンコ実機,65300,售完,https://home-slot.net/SHOP/p-taiyo59.html
35,タイヨーエレック デジハネCRA火曜サスペンス劇場 真相の扉~22の過ち~,,,ホームスロット,タイヨーエレック CR火曜サスペンス劇場 真相の扉～22の過ち～ 中古パチンコ実機,65300,售完,https://home-slot.net/SHOP/p-taiyo57.html
47,用 デー太郎ランプGIGA11 差枚数 ART機能 大型GIGA SEG搭載,,,ホームスロット,【中古】【パチスロ用】デー太郎ランプGIGA11【差枚数・ART機能・大型GIGA-SEG搭載】,19900,有貨,https://home-slot.net/SHOP/dataro_giga11.html
47,用 デー太郎ランプGIGA11 差枚数 ART機能 大型GIGA SEG搭載,,,A-SLOT,【中古】デー太郎ランプGIGA11【差枚数・ART機能・大型GIGA-SEG搭載】,19900,有貨,https://www.a-slot.com/SHOP/dataro_giga11.html
54,PACHISLOT リングにかけろ1 ワールドチャンピオンカーニバル編,,スパイキー,ホームスロット,スパイキー PACHISLOT リングにかけろ1 ワールドチャンピオンカーニバル編 中古パチスロ実機,41500,有貨,https://home-slot.net/SHOP/s-spyki_205.html
54,PACHISLOT リングにかけろ1 ワールドチャンピオンカーニバル編,,スパイキー,A-SLOT,スパイキー PACHISLOT リングにかけろ1 ワールドチャンピオンカーニバル編 中古パチスロ実機 [8ch対応],51500,有貨,https://www.a-slot.com/SHOP/spyki_205.html
56,サボハニ クレアの秘宝伝 ~はじまりの扉と太陽の石~ ボーナストリガーver.,スマスロ,,ホームスロット,サボハニ クレアの秘宝伝 ～はじまりの扉と太陽の石～ ボーナストリガーver. 中古パチスロ実機 [スマスロ],47800,有貨,https://home-slot.net/SHOP/s-daito222.html
56,サボハニ クレアの秘宝伝 ~はじまりの扉と太陽の石~ ボーナストリガーver.,スマスロ,,A-SLOT,サボハニ クレアの秘宝伝 ～はじまりの扉と太陽の石～ ボーナストリガーver. 中古パチスロ実機 [スマスロ],57800,有貨,https://www.a-slot.com/SHOP/s-daito222.html
69,SanThree CRA GO!GO!マリン ミラクル★バケーションASA,,,ホームスロット,SanThree ＣＲ ＧＯ！ＧＯ！マリン ミラクル★バケーション 中古パチンコ実機,65300,售完,https://home-slot.net/SHOP/p-santhree18.html
69,SanThree CRA GO!GO!マリン ミラクル★バケーションASA,,,ホームスロット,SanThree CRA GO!GO!マリン ミラクル★バケーションASA 中古パチンコ実機,71600,售完,https://home-slot.net/SHOP/p-santhree22.html
72,サボハニ Re ゼロから始める異世界生活Apex Vacation,,,ホームスロット,サボハニ Re:ゼロから始める異世界生活Apex Vacation 中古パチスロ実機 [8ch対応],54100,售完,https://home-slot.net/SHOP/s-sabohani202.html
72,サボハニ Re ゼロから始める異世界生活Apex Vacation,,,A-SLOT,【お取り寄せ商品】サボハニ Re:ゼロから始める異世界生活Apex Vacation 中古パチスロ実機 [8ch対応],64100,有貨,https://www.a-slot.com/SHOP/sabohani202.html
74,タイヨー 一騎当千2 Brilliant Battle 全員集合パネル,,,ホームスロット,タイヨー 一騎当千2 Brilliant Battle 全員集合パネル 中古パチスロ実機,35209,售完,https://home-slot.net/SHOP/s-taiyo10.html
74,タイヨー 一騎当千2 Brilliant Battle 全員集合パネル,,,A-SLOT,タイヨー 一騎当千2 Brilliant Battle 全員集合パネル 中古パチスロ実機 [4ch対応],36300,售完,https://www.a-slot.com/SHOP/taiyo10.html
75,ハイライツ エンタテインメント トロピカルKISSスウィートVer,,,ホームスロット,ハイライツ・エンタテインメント トロピカルKISSスウィートVer 中古パチスロ実機,41500,售完,https://home-slot.net/SHOP/s-highligahts5.html
75,ハイライツ エンタテインメント トロピカルKISSスウィートVer,,,A-SLOT,ハイライツ・エンタテインメント トロピカルKISSスウィートVer 中古パチスロ実機 [8ch対応],51500,售完,https://www.a-slot.com/SHOP/highligahts5.html
78,ビスティ 新世紀エヴァンゲリオン~魂の軌跡~ メインパネル 2ch対応,,,ホームスロット,ビスティ 新世紀エヴァンゲリオン～魂の軌跡～ （メインパネル） 中古パチスロ実機 [2ch対応],93600,售完,https://home-slot.net/SHOP/s-sankyo28.html
78,ビスティ 新世紀エヴァンゲリオン~魂の軌跡~ メインパネル 2ch対応,,,A-SLOT,ビスティ 新世紀エヴァンゲリオン～魂の軌跡～ （メインパネル） 中古パチスロ実機 [2ch対応],103600,售完,https://www.a-slot.com/SHOP/sankyo28.html
93,タイヨーエレック デジハネCRペルソナ4 the PACHINKO,,,ホームスロット,タイヨーエレック デジハネCRペルソナ4 the PACHINKO 中古パチンコ実機,111100,售完,https://home-slot.net/SHOP/p-taiyo52.html
93,タイヨーエレック デジハネCRペルソナ4 the PACHINKO,,,ホームスロット,タイヨーエレック CRペルソナ4 the PACHINKO 中古パチンコ実機,399400,售完,https://home-slot.net/SHOP/p-taiyo53.html
94,ダンジョンに出会いを求めるのは間違っているだろうか ダンまち,,北電子,ホームスロット,北電子 パチスロ ダンジョンに出会いを求めるのは間違っているだろうか［ダンまち］ 中古パチスロ実機,47800,有貨,https://home-slot.net/SHOP/s-kitadenshi201.html
94,ダンジョンに出会いを求めるのは間違っているだろうか ダンまち,,北電子,A-SLOT,北電子 パチスロ ダンジョンに出会いを求めるのは間違っているだろうか［ダンまち］ 中古パチスロ実機 [8ch対応],57800,有貨,https://www.a-slot.com/SHOP/kitadensi201.html
110,蒼き鋼のアルペジオ アルス ノヴァ Mental Model ver.,,Sammy,ホームスロット,サミー パチスロ蒼き鋼のアルペジオ-アルス・ノヴァ-Mental Model ver. 中古パチスロ実機,35100,售完,https://home-slot.net/SHOP/s-sammy201.html
110,蒼き鋼のアルペジオ アルス ノヴァ Mental Model ver.,,Sammy,A-SLOT,サミー パチスロ蒼き鋼のアルペジオ-アルス・ノヴァ-Mental Model ver. 中古パチスロ実機 [4ch対応],45100,售完,https://www.a-slot.com/SHOP/sammy201.html
112,BLACK LAGOON3 ブラックラグーン3 リミットブレイク,,七匠,ホームスロット,七匠 パチスロ BLACK LAGOON3 【ブラックラグーン3】 リミットブレイク 中古パチスロ実機,68500,售完,https://home-slot.net/SHOP/s-nanashow8.html
112,BLACK LAGOON3 ブラックラグーン3 リミットブレイク,,七匠,A-SLOT,七匠 パチスロ BLACK LAGOON3 [ブラックラグーン3] リミットブレイク 中古パチスロ実機 [4ch対応],78500,售完,https://www.a-slot.com/SHOP/nanashow8.html
114,KPE アミューズメント ルーレットクイーン 女神の羅針盤 2ch対応,,KONAMI,ホームスロット,コナミアミューズメント ルーレットクイーン -女神の羅針盤- 中古パチスロ実機 [2ch対応],35100,售完,https://home-slot.net/SHOP/s-kpe201.html
114,KPE アミューズメント ルーレットクイーン 女神の羅針盤 2ch対応,,KONAMI,A-SLOT,KPE(コナミアミューズメント） ルーレットクイーン -女神の羅針盤- 中古パチスロ実機 [2ch対応],45100,售完,https://www.a-slot.com/SHOP/s-kpe201.html
115,PACHISLOT NINJA GAIDEN ニンジャガイデン,,七匠,ホームスロット,七匠 PACHISLOT NINJA GAIDEN[ニンジャガイデン] 中古パチスロ実機,41500,售完,https://home-slot.net/SHOP/s-nanashow2.html
115,PACHISLOT NINJA GAIDEN ニンジャガイデン,,七匠,A-SLOT,七匠 PACHISLOT NINJA GAIDEN [ニンジャガイデン] 中古パチスロ実機 [4ch対応],51500,售完,https://www.a-slot.com/SHOP/nanashow2.html
117,SNKプレイモア DARKER THAN BLACK 黒の契約者,,,ホームスロット,SNKプレイモア DARKER THAN BLACK－黒の契約者－ 中古パチスロ実機,35100,售完,https://home-slot.net/SHOP/s-snk40.html
117,SNKプレイモア DARKER THAN BLACK 黒の契約者,,,A-SLOT,SNKプレイモア DARKER THAN BLACK－黒の契約者－ 中古パチスロ実機 [4ch対応],45100,售完,https://www.a-slot.com/SHOP/snk40.html
118,SNKプレイモア 幕末浪漫 月華の剣士外伝~あかりと七つの妖珠~,,,ホームスロット,SNKプレイモア 幕末浪漫 月華の剣士外伝～あかりと七つの妖珠～ 中古パチスロ実機,68500,售完,https://home-slot.net/SHOP/s-snk21.html
118,SNKプレイモア 幕末浪漫 月華の剣士外伝~あかりと七つの妖珠~,,,A-SLOT,SNKプレイモア 幕末浪漫 月華の剣士外伝～あかりと七つの妖珠～ 中古パチスロ実機 [4ch対応],78500,售完,https://www.a-slot.com/SHOP/snk21.html
119,アミューズメント マジカルハロウィン~Trick or Treat!~,,KONAMI,ホームスロット,コナミアミューズメント マジカルハロウィン～Trick or Treat！～ 中古パチスロ実機 [4ch対応],40100,有貨,https://home-slot.net/SHOP/s-konami210.html
119,アミューズメント マジカルハロウィン~Trick or Treat!~,,KONAMI,A-SLOT,コナミアミューズメント マジカルハロウィン～Trick or Treat！～ 中古パチスロ実機 [4ch対応],50100,有貨,https://www.a-slot.com/SHOP/konami210.html
120,ディ ライト 天才バカボン 人類ウナギイヌ化計画を阻止するのだ!,,,ホームスロット,ディ・ライト パチスロ天才バカボン 人類ウナギイヌ化計画を阻止するのだ! 中古パチスロ実機,37700,售完,https://home-slot.net/SHOP/s-dlight_3.html
120,ディ ライト 天才バカボン 人類ウナギイヌ化計画を阻止するのだ!,,,A-SLOT,ディ・ライト パチスロ天才バカボン 人類ウナギイヌ化計画を阻止するのだ! 中古パチスロ実機 [4ch対応],47700,售完,https://www.a-slot.com/SHOP/dlight_3.html
122,ハイライツ エンタテインメント トロピカルKISSビターVer,,,ホームスロット,ハイライツ・エンタテインメント トロピカルKISSビターVer 中古パチスロ実機,35100,售完,https://home-slot.net/SHOP/s-highligahts6.html
122,ハイライツ エンタテインメント トロピカルKISSビターVer,,,A-SLOT,ハイライツ・エンタテインメント トロピカルKISSビターVer 中古パチスロ実機 [8ch対応],45100,售完,https://www.a-slot.com/SHOP/highligahts6.html
123,パオン ディーピー もっと!クレアの秘宝伝 女神の歌声と太陽の子供達,,,ホームスロット,パオン・ディーピー もっと！クレアの秘宝伝 女神の歌声と太陽の子供達 中古パチスロ実機,41500,有貨,https://home-slot.net/SHOP/s-paon201.html
123,パオン ディーピー もっと!クレアの秘宝伝 女神の歌声と太陽の子供達,,,A-SLOT,パオン・ディーピー もっと！クレアの秘宝伝 女神の歌声と太陽の子供達 中古パチスロ実機 [8ch対応],51500,有貨,https://www.a-slot.com/SHOP/paon201.html
146,豊丸 PAコマコマ倶楽部with坂本冬美 99確変ループver.,,,ホームスロット,豊丸 PAコマコマ倶楽部with坂本冬美99ver. 中古パチンコ実機,89800,售完,https://home-slot.net/SHOP/p-toyomaru228.html
146,豊丸 PAコマコマ倶楽部with坂本冬美 99確変ループver.,,,ホームスロット,豊丸 PAコマコマ倶楽部with坂本冬美 99確変ループver. 中古パチンコ実機 [枠名：Ｔ１６] [4ch対応],750000,有貨,https://home-slot.net/SHOP/p-toyomaru246.html
156,DAXEL 探偵歌劇 ミルキィホームズTD 消えた7と奇跡の歌,,,ホームスロット,DAXEL 探偵歌劇 ミルキィホームズTD 消えた７と奇跡の歌 中古パチスロ実機,47800,售完,https://home-slot.net/SHOP/s-daxel13.html
156,DAXEL 探偵歌劇 ミルキィホームズTD 消えた7と奇跡の歌,,,A-SLOT,DAXEL 探偵歌劇 ミルキィホームズTD 消えた７と奇跡の歌 中古パチスロ実機 [4ch対応],57800,售完,https://www.a-slot.com/SHOP/daxel13.html
160,SNKプレイモア シスタークエスト2~魔剣の騎士と白銀の巫女~,,,ホームスロット,SNKプレイモア シスタークエスト2～魔剣の騎士と白銀の巫女～ 中古パチスロ実機,47800,售完,https://home-slot.net/SHOP/s-snk23.html
160,SNKプレイモア シスタークエスト2~魔剣の騎士と白銀の巫女~,,,A-SLOT,【お取り寄せ商品】SNKプレイモア シスタークエスト2～魔剣の騎士と白銀の巫女～ 中古パチスロ実機 [4ch対応],57800,有貨,https://www.a-slot.com/SHOP/snk23.html
162,アイムジャグラーEX AnniversaryEdition,,北電子,ホームスロット,北電子 アイムジャグラーEX AnniversaryEdition 中古パチスロ実機,47800,有貨,https://home-slot.net/SHOP/s-kitadenshi82.html
162,アイムジャグラーEX AnniversaryEdition,,北電子,A-SLOT,北電子 アイムジャグラーEX AnniversaryEdition 中古パチスロ実機 [4ch対応],57800,有貨,https://www.a-slot.com/SHOP/kitadensi82.html
163,アクロス ハナビ マットブラックver. FINAL白夜パネル,,,ホームスロット,アクロス ハナビ マットブラックver. FINAL白夜パネル 中古パチスロ実機,73500,售完,https://home-slot.net/SHOP/s-across10_finalbyakuya.html
163,アクロス ハナビ マットブラックver. FINAL白夜パネル,,,A-SLOT,アクロス ハナビ マットブラックver. FINAL白夜パネル 中古パチスロ実機 [8ch対応],83500,售完,https://www.a-slot.com/SHOP/across10_finalbyakuya.html
165,アビリット コウヘイ最凶伝~地獄の閻魔覚醒の刻~ メインパネル,,,ホームスロット,アビリット コウヘイ最凶伝～地獄の閻魔覚醒の刻～ メインパネル 中古パチスロ実機,46500,售完,https://home-slot.net/SHOP/s-ginza20.html
165,アビリット コウヘイ最凶伝~地獄の閻魔覚醒の刻~ メインパネル,,,A-SLOT,アビリット コウヘイ最凶伝～地獄の閻魔覚醒の刻～ メインパネル 中古パチスロ実機 [4ch対応],56500,售完,https://www.a-slot.com/SHOP/ginza20.html
166,オーイズミ ハネスロリラックマ ダラダラリラックスのまいにち,,,A-SLOT,オーイズミ ハネスロリラックマ ダラダラリラックスのまいにち 中古パチスロ実機 [4ch対応],41883,售完,https://www.a-slot.com/SHOP/oizumi10.html
166,オーイズミ ハネスロリラックマ ダラダラリラックスのまいにち,,,ホームスロット,オーイズミ ハネスロリラックマ ダラダラリラックスのまいにち 中古パチスロ実機,47767,售完,https://home-slot.net/SHOP/s-oizumi10.html
169,タイヨーエレック ToHeart2 トゥーハート2 バカンスパネル,,,ホームスロット,タイヨーエレック ToHeart2 （トゥーハート2） バカンスパネル 中古パチスロ実機,98500,售完,https://home-slot.net/SHOP/s-taiyo_elec18.html
169,タイヨーエレック ToHeart2 トゥーハート2 バカンスパネル,,,A-SLOT,タイヨーエレック ToHeart2 （トゥーハート2） バカンスパネル 中古パチスロ実機 [4ch対応],108500,售完,https://www.a-slot.com/SHOP/taiyo_elec18.html
190,奥村 PACHINKO CR笑ゥせぇるすまん~欲望の 会~甘デジ,,大都技研,ホームスロット,奥村 PACHINKO CR笑ゥせぇるすまん～欲望の大都会～ 中古パチンコ実機 [枠名：星波] [4ch対応],34907,售完,https://home-slot.net/SHOP/p-okumura34.html
190,奥村 PACHINKO CR笑ゥせぇるすまん~欲望の 会~甘デジ,,大都技研,ホームスロット,奥村 PACHINKO CR笑ゥせぇるすまん～欲望の大都会～甘デジ 中古パチンコ実機 [枠名：星波] [4ch対応],70400,售完,https://home-slot.net/SHOP/p-okumura22.html
200,DAXEL まじかるすいーとプリズム ナナ おめでとうパネル,,,ホームスロット,DAXEL まじかるすいーとプリズム・ナナ おめでとうパネル 中古パチスロ実機,98500,售完,https://home-slot.net/SHOP/s-daxel5.html
200,DAXEL まじかるすいーとプリズム ナナ おめでとうパネル,,,A-SLOT,DAXEL まじかるすいーとプリズム・ナナ おめでとうパネル 中古パチスロ実機 [4ch対応],108500,售完,https://www.a-slot.com/SHOP/daxel5.html
201,SLOT 魔法少女まどか☆マギカ まどマギ キュゥべえver.,,メーシー,ホームスロット,メーシー SLOT 魔法少女まどか☆マギカ [まどマギ] キュゥべえver. 中古パチスロ実機,119800,有貨,https://home-slot.net/SHOP/s-mizuho-macy44.html
201,SLOT 魔法少女まどか☆マギカ まどマギ キュゥべえver.,,メーシー,A-SLOT,メーシー SLOT 魔法少女まどか☆マギカ [まどマギ] キュゥべえver. 中古パチスロ実機 [8ch対応],129800,有貨,https://www.a-slot.com/SHOP/mizuho-macy49.html
202,SNKプレイモア シスタークエスト3~黄金の大地と東の勇者~,,,ホームスロット,SNKプレイモア シスタークエスト3～黄金の大地と東の勇者～ 中古パチスロ実機,89800,售完,https://home-slot.net/SHOP/s-snk35.html
202,SNKプレイモア シスタークエスト3~黄金の大地と東の勇者~,,,A-SLOT,SNKプレイモア シスタークエスト3～黄金の大地と東の勇者～ 中古パチスロ実機 [4ch対応],99800,售完,https://www.a-slot.com/SHOP/snk35.html
203,めぞん一刻2 ~あなたに会えて 本当によかった~ メインパネル,,オリンピア,ホームスロット,オリンピア めぞん一刻2 ～あなたに会えて、本当によかった～ メインパネル 中古パチスロ実機,78700,售完,https://home-slot.net/SHOP/s-heiwa38.html
203,めぞん一刻2 ~あなたに会えて 本当によかった~ メインパネル,,オリンピア,A-SLOT,オリンピア めぞん一刻2 ～あなたに会えて、本当によかった～ メインパネル 中古パチスロ実機 [4ch対応],88700,售完,https://www.a-slot.com/SHOP/heiwa38.html
204,アミューズメント マジカルハロウィン8 カボチャ特盛パネル,スマスロ,KONAMI,ホームスロット,コナミアミューズメント マジカルハロウィン8 [カボチャ特盛パネル] 中古パチスロ実機 [スマスロ],40900,有貨,https://home-slot.net/SHOP/s-konami220.html
204,アミューズメント マジカルハロウィン8 カボチャ特盛パネル,スマスロ,KONAMI,A-SLOT,コナミアミューズメント マジカルハロウィン8 [カボチャ特盛パネル] 中古パチスロ実機 [スマスロ] [4ch対応],50900,有貨,https://www.a-slot.com/SHOP/s-konami220.html
205,エース電研 CRベルサイユのばら3 薔薇は美しく散る NRX,,,ホームスロット,エース電研 CRベルサイユのばら3 薔薇は美しく散る TRX 中古パチンコ実機 [枠名：AX] [4ch対応],54666,售完,https://home-slot.net/SHOP/p-ace1.html
205,エース電研 CRベルサイユのばら3 薔薇は美しく散る NRX,,,ホームスロット,エース電研 CRベルサイユのばら3 薔薇は美しく散る NRX 中古パチンコ実機 [枠名：AX] [4ch対応],64729,售完,https://home-slot.net/SHOP/p-ace2.html
206,サンスリー 聖闘士星矢 海皇覚醒 CUSTOM EDITION,スマスロ,,ホームスロット,サンスリー L聖闘士星矢 海皇覚醒 CUSTOM EDITION 中古パチスロ実機 [スマスロ] [8ch対応],41500,有貨,https://home-slot.net/SHOP/s-santhree206.html
206,サンスリー 聖闘士星矢 海皇覚醒 CUSTOM EDITION,スマスロ,,A-SLOT,サンスリー L聖闘士星矢 海皇覚醒 CUSTOM EDITION 中古パチスロ実機 [スマスロ] [8ch対応],51500,有貨,https://www.a-slot.com/SHOP/s-santhree206.html
211,タイヨーエレック CR八代亜紀 心の故郷帰りませんか HTX,,,ホームスロット,タイヨーエレック CR八代亜紀 心の故郷帰りませんか KTW 中古パチンコ実機,41935,售完,https://home-slot.net/SHOP/p-taiyo5.html
211,タイヨーエレック CR八代亜紀 心の故郷帰りませんか HTX,,,ホームスロット,タイヨーエレック CR八代亜紀 心の故郷帰りませんか HTX 中古パチンコ実機,43777,售完,https://home-slot.net/SHOP/p-taiyo6.html
212,タイヨーエレック CR機動新撰組萌えよ剣 疾風怒濤編 HTZ,,,ホームスロット,タイヨーエレック CR機動新撰組萌えよ剣 疾風怒濤編 HTZ 中古パチンコ実機,52600,售完,https://home-slot.net/SHOP/p-taiyo2.html
212,タイヨーエレック CR機動新撰組萌えよ剣 疾風怒濤編 HTZ,,,ホームスロット,タイヨーエレック CR機動新撰組 萌えよ剣 疾風怒濤編MTW 中古パチンコ実機,55200,售完,https://home-slot.net/SHOP/p-taiyo16.html
233,西陣 CR春夏秋冬2400 withさくらももこ劇場FB,,,ホームスロット,西陣 CR春夏秋冬2400 withさくらももこ劇場FB 中古パチンコ実機,52600,售完,https://home-slot.net/SHOP/p-nishijinn125.html
233,西陣 CR春夏秋冬2400 withさくらももこ劇場FB,,,ホームスロット,西陣 CR春夏秋冬2400 withさくらももこ劇場ZA 中古パチンコ実機,52600,售完,https://home-slot.net/SHOP/p-nishijinn126.html
234,西陣 CR桃剣斬鬼 あたし!鬼にはめっぽう強いんですぅGL,,,ホームスロット,西陣 CR桃剣斬鬼 あたし！鬼にはめっぽう強いんですぅGL 枠色不問 中古パチンコ実機,52600,售完,https://home-slot.net/SHOP/p-nishijinn127.html
234,西陣 CR桃剣斬鬼 あたし!鬼にはめっぽう強いんですぅGL,,,ホームスロット,西陣 CR桃剣斬鬼 あたし！鬼にはめっぽう強いんですぅ 中古パチンコ実機,52600,售完,https://home-slot.net/SHOP/p-nishijinn120.html
238,100 生産品 鬼浜爆走紅蓮隊~友情挽歌編~ ライトバージョン,,ベルコ,ホームスロット,【限定100台生産品】ベルコ 鬼浜爆走紅蓮隊～友情挽歌編～ ライトバージョン 中古パチスロ実機,42267,售完,https://home-slot.net/SHOP/s-bellco7.html
238,100 生産品 鬼浜爆走紅蓮隊~友情挽歌編~ ライトバージョン,,ベルコ,A-SLOT,【限定100台生産品】ベルコ 鬼浜爆走紅蓮隊～友情挽歌編～ ライトバージョン 中古パチスロ実機 [4ch対応],67000,售完,https://www.a-slot.com/SHOP/bellco7.html
240,CRフィーバー倖田來未III~Love Romance~KK,,SANKYO,ホームスロット,SANKYO CRフィーバー倖田來未III～Love Romance～KK 枠色不問 中古パチンコ実機,92400,售完,https://home-slot.net/SHOP/p-sankyo67.html
240,CRフィーバー倖田來未III~Love Romance~KK,,SANKYO,ホームスロット,SANKYO CRフィーバー倖田來未III～Love Romance～S 中古パチンコ実機,122300,售完,https://home-slot.net/SHOP/p-sankyo75.html
252,SLOT 魔法少女まどか☆マギカ まどマギ 全員集合Ver.,,メーシー,ホームスロット,メーシー SLOT 魔法少女まどか☆マギカ [まどマギ] 全員集合Ver. 中古パチスロ実機,139800,售完,https://home-slot.net/SHOP/s-mizuho-macy40.html
252,SLOT 魔法少女まどか☆マギカ まどマギ 全員集合Ver.,,メーシー,A-SLOT,メーシー SLOT 魔法少女まどか☆マギカ [まどマギ] 全員集合Ver. 中古パチスロ実機 [8ch対応],149800,售完,https://www.a-slot.com/SHOP/mizuho-macy40.html
253,SNKプレイモア 神たま2~あっぱれ超みこし祭~ ピンク M,,,ホームスロット,SNKプレイモア 神たま2～あっぱれ超みこし祭～ ピンク 中古パチスロ実機,39701,售完,https://home-slot.net/SHOP/s-snk24.html
253,SNKプレイモア 神たま2~あっぱれ超みこし祭~ ピンク M,,,A-SLOT,SNKプレイモア 神たま2～あっぱれ超みこし祭～ ピンク 中古パチスロ実機 [4ch対応]M,41150,售完,https://www.a-slot.com/SHOP/snk24.html
255,アミューズメント ~ガールズケイリン~G1フェアリーグランプリ,,KONAMI,ホームスロット,コナミアミューズメント ～ガールズケイリン～G1フェアリーグランプリ 中古パチスロ実機,35100,有貨,https://home-slot.net/SHOP/s-konami207.html
255,アミューズメント ~ガールズケイリン~G1フェアリーグランプリ,,KONAMI,A-SLOT,コナミアミューズメント ～ガールズケイリン～G1フェアリーグランプリ 中古パチスロ実機 [4ch対応],45100,有貨,https://www.a-slot.com/SHOP/konami207.html
256,アミューズメント 銀河英雄伝説 Die Neue These,スマスロ,KONAMI,ホームスロット,コナミアミューズメント 銀河英雄伝説 Die Neue These 中古パチスロ実機 [スマスロ] [4ch対応],59100,有貨,https://home-slot.net/SHOP/s-konami226.html
256,アミューズメント 銀河英雄伝説 Die Neue These,スマスロ,KONAMI,A-SLOT,コナミアミューズメント 銀河英雄伝説 Die Neue These 中古パチスロ実機 [スマスロ] [4ch対応],69100,有貨,https://www.a-slot.com/SHOP/s-konami226.html
257,サンセイ CR牙狼~RED REQUIEM~SS 2ch対応,,,ホームスロット,サンセイ CR牙狼～RED REQUIEM～ZZ 中古パチンコ実機 [枠名：SOUL METAL] [2ch対応],67800,售完,https://home-slot.net/SHOP/p-SANSEI31.html
257,サンセイ CR牙狼~RED REQUIEM~SS 2ch対応,,,ホームスロット,サンセイ CR牙狼～RED REQUIEM～SS 中古パチンコ実機 [枠名：SOUL METAL] [2ch対応],101000,售完,https://home-slot.net/SHOP/p-SANSEI22.html
259,ニューパルサーSP 20thAnnibersaryパネル,,山佐,ホームスロット,山佐 ニューパルサーSP 20thAnnibersaryパネル 中古パチスロ実機,98500,售完,https://home-slot.net/SHOP/s-yamasa101.html
259,ニューパルサーSP 20thAnnibersaryパネル,,山佐,A-SLOT,山佐 ニューパルサーSP 20thAnnibersaryパネル 中古パチスロ実機 [4ch対応],108500,售完,https://www.a-slot.com/SHOP/yamasa101.html
285,西陣 CRAベルサイユのばら 遥かな時を超えてGLST,,,ホームスロット,西陣 CRAベルサイユのばら 遥かな時を超えてGLST 中古パチンコ実機,52600,售完,https://home-slot.net/SHOP/p-nishijinn90.html
285,西陣 CRAベルサイユのばら 遥かな時を超えてGLST,,,ホームスロット,西陣 CRAベルサイユのばら 遥かな時を超えてGLK 中古パチンコ実機,52600,售完,https://home-slot.net/SHOP/p-nishijinn96.html
304,CR新海物語Withアグネス ラムMTL 2ch対応,,SANYO,ホームスロット,SANYO CR新海物語Withアグネス・ラムMTL 中古パチンコ実機 [枠名：クジラッキー] [2ch対応],62800,售完,https://home-slot.net/SHOP/p-sanyo31.html
304,CR新海物語Withアグネス ラムMTL 2ch対応,,SANYO,ホームスロット,SANYO CR新海物語Withアグネス・ラムMTM 枠色不問 中古パチンコ実機 [枠名：クジラッキー] [2ch対応],111100,售完,https://home-slot.net/SHOP/p-sanyo32.html
308,DAXEL まじかるすいーとプリズム ナナ アスカパネル,,,ホームスロット,DAXEL まじかるすいーとプリズム・ナナ アスカパネル 中古パチスロ実機,68500,售完,https://home-slot.net/SHOP/s-daxel6.html
308,DAXEL まじかるすいーとプリズム ナナ アスカパネル,,,A-SLOT,DAXEL まじかるすいーとプリズム・ナナ アスカパネル 中古パチスロ実機 [4ch対応],78500,售完,https://www.a-slot.com/SHOP/daxel6.html
309,DAXEL まじかるすいーとプリズム ナナ イタルパネル,,,ホームスロット,DAXEL まじかるすいーとプリズム・ナナ イタルパネル 中古パチスロ実機,68500,售完,https://home-slot.net/SHOP/s-daxel8.html
309,DAXEL まじかるすいーとプリズム ナナ イタルパネル,,,A-SLOT,DAXEL まじかるすいーとプリズム・ナナ イタルパネル 中古パチスロ実機 [4ch対応],78500,售完,https://www.a-slot.com/SHOP/daxel8.html
310,DAXEL まじかるすいーとプリズム ナナ コトネパネル,,,ホームスロット,DAXEL まじかるすいーとプリズム・ナナ コトネパネル 中古パチスロ実機,68500,售完,https://home-slot.net/SHOP/s-daxel7.html
310,DAXEL まじかるすいーとプリズム ナナ コトネパネル,,,A-SLOT,DAXEL まじかるすいーとプリズム・ナナ コトネパネル 中古パチスロ実機 [4ch対応],78500,售完,https://www.a-slot.com/SHOP/daxel7.html
311,DAXEL まじかるすいーとプリズム ナナ メインパネル,,,ホームスロット,DAXEL まじかるすいーとプリズム・ナナ メインパネル 中古パチスロ実機,68500,售完,https://home-slot.net/SHOP/s-daxel4.html
311,DAXEL まじかるすいーとプリズム ナナ メインパネル,,,A-SLOT,DAXEL まじかるすいーとプリズム・ナナ メインパネル 中古パチスロ実機 [4ch対応],78500,售完,https://www.a-slot.com/SHOP/daxel4.html
315,Girls Guns Groovy ガールズガンズグルービー,,ニューギン,ホームスロット,ニューギン パチスロGirls Guns Groovy[ガールズガンズグルービー] 中古パチスロ実機,41500,有貨,https://home-slot.net/SHOP/s-newgin38.html
315,Girls Guns Groovy ガールズガンズグルービー,,ニューギン,A-SLOT,ニューギン パチスロGirls Guns Groovy[ガールズガンズグルービー] 中古パチスロ実機 [4ch対応],51500,有貨,https://www.a-slot.com/SHOP/newgin38.html
318,KPE 悪魔城ドラキュラ Lords of Shadow,,,ホームスロット,KPE 悪魔城ドラキュラ Lords of Shadow 中古パチスロ実機,41500,售完,https://home-slot.net/SHOP/s-kpe60.html
318,KPE 悪魔城ドラキュラ Lords of Shadow,,,A-SLOT,KPE 悪魔城ドラキュラ Lords of Shadow 中古パチスロ実機 [8ch対応],51500,售完,https://www.a-slot.com/SHOP/kpe60.html
327,SLOT劇場版魔法少女まどか☆マギカ 新編 叛逆の物語,,メーシー,ホームスロット,メーシー SLOT劇場版魔法少女まどか☆マギカ[新編]叛逆の物語 中古パチスロ実機 [8ch対応],46500,有貨,https://home-slot.net/SHOP/s-mizuho-macy204.html
327,SLOT劇場版魔法少女まどか☆マギカ 新編 叛逆の物語,,メーシー,A-SLOT,メーシー SLOT劇場版魔法少女まどか☆マギカ[新編]叛逆の物語 中古パチスロ実機 [8ch対応][まるごと配送限定],56500,有貨,https://www.a-slot.com/SHOP/mizuho-macy204.html
328,SNKプレイモア KOF3 ザ キング オブ ファイターズ3,,,ホームスロット,SNKプレイモア KOF3（ザ・キング・オブ・ファイターズ3） 中古パチスロ実機,68500,售完,https://home-slot.net/SHOP/s-snk39.html
328,SNKプレイモア KOF3 ザ キング オブ ファイターズ3,,,A-SLOT,SNKプレイモア KOF3（ザ・キング・オブ・ファイターズ3） 中古パチスロ実機 [4ch対応],78500,售完,https://www.a-slot.com/SHOP/snk39.html
329,SNKプレイモア 神たま2~あっぱれ超みこし祭~ グリーン,,,ホームスロット,SNKプレイモア 神たま2～あっぱれ超みこし祭～ グリーン 中古パチスロ実機,39150,售完,https://home-slot.net/SHOP/s-snk30.html
329,SNKプレイモア 神たま2~あっぱれ超みこし祭~ グリーン,,,A-SLOT,SNKプレイモア 神たま2～あっぱれ超みこし祭～ グリーン 中古パチスロ実機 [4ch対応],43900,售完,https://www.a-slot.com/SHOP/snk30.html
332,アリストクラート 絶対衝激~PLATONIC HEART~,,,ホームスロット,アリストクラート 絶対衝激～PLATONIC HEART～ 中古パチスロ実機,98500,售完,https://home-slot.net/SHOP/s-aristocrat8.html
332,アリストクラート 絶対衝激~PLATONIC HEART~,,,A-SLOT,アリストクラート 絶対衝激～PLATONIC HEART～ 中古パチスロ実機 [4ch対応],108500,售完,https://www.a-slot.com/SHOP/aristocrat8.html
341,ゼクロスクリエイティブ ダンまち外伝 ソード オラトリア,,北電子,ホームスロット,北電子(ゼクロスクリエイティブ) パチスロ ダンまち外伝 ソード・オラトリア 中古パチスロ実機,35100,有貨,https://home-slot.net/SHOP/s-kitadenshi208.html
341,ゼクロスクリエイティブ ダンまち外伝 ソード オラトリア,,北電子,A-SLOT,北電子(ゼクロスクリエイティブ) パチスロ ダンまち外伝 ソード・オラトリア 中古パチスロ実機,45100,有貨,https://www.a-slot.com/SHOP/s-kitadenshi208.html
344,タイヨーエレック ビッグドリームinロストアイランド2,,,ホームスロット,タイヨーエレック パチスロビッグドリームinロストアイランド2 中古パチスロ実機,89800,有貨,https://home-slot.net/SHOP/s-taiyo_elec28.html
344,タイヨーエレック ビッグドリームinロストアイランド2,,,A-SLOT,タイヨーエレック パチスロビッグドリームinロストアイランド2 中古パチスロ実機 [4ch対応],99800,有貨,https://www.a-slot.com/SHOP/taiyo_elec28.html
346,タイヨー バビロン with桜丘ショコラ ショコラパネル,,,ホームスロット,タイヨー バビロン（with桜丘ショコラ） ショコラパネル 中古パチスロ実機,37700,售完,https://home-slot.net/SHOP/s-taiyo20.html
346,タイヨー バビロン with桜丘ショコラ ショコラパネル,,,A-SLOT,タイヨー バビロン（with桜丘ショコラ） ショコラパネル 中古パチスロ実機 [4ch対応],47700,售完,https://www.a-slot.com/SHOP/taiyo20.html
347,タイヨー バビロン with桜丘ショコラ バビロンパネル,,,ホームスロット,タイヨー バビロン（with桜丘ショコラ） バビロンパネル 中古パチスロ実機,68500,售完,https://home-slot.net/SHOP/s-taiyo21.html
347,タイヨー バビロン with桜丘ショコラ バビロンパネル,,,A-SLOT,タイヨー バビロン（with桜丘ショコラ） バビロンパネル 中古パチスロ実機 [4ch対応],78500,售完,https://www.a-slot.com/SHOP/taiyo21.html
353,ビスティ CR新世紀エヴァンゲリオン~使徒 再び~SFW,,,ホームスロット,ビスティ CR新世紀エヴァンゲリオン～使徒、再び～SFW 枠色不問 中古パチンコ実機,86000,售完,https://home-slot.net/SHOP/p-bisty1.html
353,ビスティ CR新世紀エヴァンゲリオン~使徒 再び~SFW,,,ホームスロット,ビスティ CR新世紀エヴァンゲリオン～使徒、再び～YF 枠色不問 中古パチンコ実機,89800,售完,https://home-slot.net/SHOP/p-bisty9.html
367,西陣 CR交響詩篇エウレカセブン ~真の約束の地~ GLA,,,ホームスロット,西陣 CR交響詩篇エウレカセブン ～真の約束の地～ GLA 中古パチンコ実機,52600,售完,https://home-slot.net/SHOP/p-nishijinn53.html
367,西陣 CR交響詩篇エウレカセブン ~真の約束の地~ GLA,,,ホームスロット,西陣 CR交響詩篇エウレカセブン ～真の約束の地～ ZG 中古パチンコ実機,52600,售完,https://home-slot.net/SHOP/p-nishijinn52.html
380,3号機 アークテクニコ ワイルドキャッツ 白 2ch対応,,,A-SLOT,【3号機】アークテクニコ ワイルドキャッツ（黒） 中古パチスロ実機 [2ch対応],86400,售完,https://www.a-slot.com/SHOP/ark3.html
380,3号機 アークテクニコ ワイルドキャッツ 白 2ch対応,,,A-SLOT,【3号機】アークテクニコ ワイルドキャッツ（白） 中古パチスロ実機 [2ch対応],90510,售完,https://www.a-slot.com/SHOP/ark1.html
391,CRフィーバー戦姫絶唱シンフォギアLIGHTver.,,SANKYO,ホームスロット,SANKYO Pフィーバー戦姫絶唱シンフォギア LIGHT VER. 枠色不問 中古パチンコ実機,55200,有貨,https://home-slot.net/SHOP/p-sankyo243.html
391,CRフィーバー戦姫絶唱シンフォギアLIGHTver.,,SANKYO,ホームスロット,SANKYO CRフィーバー戦姫絶唱シンフォギアLIGHTver. 枠色不問 中古パチンコ実機,86000,有貨,https://home-slot.net/SHOP/p-sankyo209.html
397,DAXEL まじかるすいーとプリズム ナナ パネル不問,,,ホームスロット,DAXEL まじかるすいーとプリズム・ナナ パネル不問 中古パチスロ実機,35100,售完,https://home-slot.net/SHOP/s-daxel9.html
397,DAXEL まじかるすいーとプリズム ナナ パネル不問,,,A-SLOT,DAXEL まじかるすいーとプリズム・ナナ パネル不問 中古パチスロ実機 [4ch対応],45100,售完,https://www.a-slot.com/SHOP/daxel9.html
400,KPE アミューズメント ミリオンルーレット 2ch対応,,KONAMI,ホームスロット,コナミアミューズメント ミリオンルーレット 中古パチスロ実機 [2ch対応],35100,售完,https://home-slot.net/SHOP/s-kpe202.html
400,KPE アミューズメント ミリオンルーレット 2ch対応,,KONAMI,A-SLOT,KPE(コナミアミューズメント） ミリオンルーレット 中古パチスロ実機 [2ch対応],45100,售完,https://www.a-slot.com/SHOP/s-kpe202.html
401,L ToLOVEるダークネス TRANCE ver.8.7,スマスロ,オリンピア,ホームスロット,オリンピア L ToLOVEるダークネス TRANCE ver.8.7 中古パチスロ実機 [スマスロ] [8ch対応],128400,有貨,https://home-slot.net/SHOP/s-olympia236.html
401,L ToLOVEるダークネス TRANCE ver.8.7,スマスロ,オリンピア,A-SLOT,オリンピア L ToLOVEるダークネス TRANCE ver.8.7 中古パチスロ実機 [スマスロ] [8ch対応],138400,有貨,https://www.a-slot.com/SHOP/s-olympia236.html
407,SNKプレイモア ドラゴンギャル~ルーと伝説の黄金龍~,,,ホームスロット,SNKプレイモア ドラゴンギャル～ルーと伝説の黄金龍～ 中古パチスロ実機,35100,售完,https://home-slot.net/SHOP/s-snk29.html
407,SNKプレイモア ドラゴンギャル~ルーと伝説の黄金龍~,,,A-SLOT,SNKプレイモア ドラゴンギャル～ルーと伝説の黄金龍～ 中古パチスロ実機 [4ch対応],45100,售完,https://www.a-slot.com/SHOP/snk29.html
416,アミューズメント 戦国コレクション5超極楽LOOP,スマスロ,KONAMI,ホームスロット,コナミアミューズメント 戦国コレクション5超極楽LOOP 中古パチスロ実機 [スマスロ] [4ch対応],41500,有貨,https://home-slot.net/SHOP/s-konami214.html
416,アミューズメント 戦国コレクション5超極楽LOOP,スマスロ,KONAMI,A-SLOT,コナミアミューズメント 戦国コレクション5超極楽LOOP 中古パチスロ実機 [スマスロ] [4ch対応],51500,有貨,https://www.a-slot.com/SHOP/s-konami214.html
418,エース電研 CR恋姫夢想 乙女 入り乱れるのこと!ASA,,,ホームスロット,エース電研 CR恋姫夢想 乙女、入り乱れるのこと!ASA 中古パチンコ実機 [枠名：フレイムフレーム] [4ch対応],52600,售完,https://home-slot.net/SHOP/p-ace52.html
418,エース電研 CR恋姫夢想 乙女 入り乱れるのこと!ASA,,,ホームスロット,エース電研 CR恋姫夢想 乙女、入り乱れるのこと!MNA 中古パチンコ実機 [枠名：フレイムフレーム] [4ch対応],52600,售完,https://home-slot.net/SHOP/p-ace51.html
419,エフ GANTZ極 THE SURVIVAL GAME,,,ホームスロット,エフ パチスロ GANTZ極 THE SURVIVAL GAME 中古パチスロ実機,35100,有貨,https://home-slot.net/SHOP/s-f200.html
419,エフ GANTZ極 THE SURVIVAL GAME,,,A-SLOT,エフ パチスロ GANTZ極 THE SURVIVAL GAME 中古パチスロ実機,45100,有貨,https://www.a-slot.com/SHOP/f200.html
421,キュインぱちすろ南国育ち 1st vacation,,オリンピア,ホームスロット,オリンピア キュインぱちすろ南国育ち 1st vacation 中古パチスロ実機,55300,售完,https://home-slot.net/SHOP/s-heiwa81.html
421,キュインぱちすろ南国育ち 1st vacation,,オリンピア,A-SLOT,【お取り寄せ商品】オリンピア キュインぱちすろ南国育ち 1st vacation 中古パチスロ実機 [4ch対応],65300,有貨,https://www.a-slot.com/SHOP/heiwa81.html
426,ゼクロスクリエイティブ 回胴式遊技機 グランベルム,,北電子,ホームスロット,北電子(ゼクロスクリエイティブ) 回胴式遊技機 グランベルム 中古パチスロ実機 [8ch対応],54100,有貨,https://home-slot.net/SHOP/s-kitadenshi213.html
426,ゼクロスクリエイティブ 回胴式遊技機 グランベルム,,北電子,A-SLOT,北電子(ゼクロスクリエイティブ) 回胴式遊技機 グランベルム 中古パチスロ実機 [8ch対応],64100,有貨,https://www.a-slot.com/SHOP/s-kitadenshi213.html
431,タイヨー 一騎当千2 Brilliant Battle,,,ホームスロット,タイヨー 一騎当千2 Brilliant Battle 中古パチスロ実機,41500,售完,https://home-slot.net/SHOP/s-taiyo2.html
431,タイヨー 一騎当千2 Brilliant Battle,,,A-SLOT,タイヨー 一騎当千2 Brilliant Battle 中古パチスロ実機 [4ch対応],51500,售完,https://www.a-slot.com/SHOP/taiyo2.html
435,ハイライツ エンタテインメント 神の左手悪魔の右目,,,ホームスロット,ハイライツ・エンタテインメント 神の左手悪魔の右目 中古パチスロ実機,45100,售完,https://home-slot.net/SHOP/s-highligahts4.html
435,ハイライツ エンタテインメント 神の左手悪魔の右目,,,A-SLOT,【お取り寄せ商品】ハイライツ・エンタテインメント 神の左手悪魔の右目 中古パチスロ実機 [8ch対応],55100,有貨,https://www.a-slot.com/SHOP/highligahts4.html
436,パオン ディービー クレアの秘宝伝 女神の夢と魔法の遺跡,,大都技研,ホームスロット,パオン・ディービー（大都技研） クレアの秘宝伝 女神の夢と魔法の遺跡 中古パチスロ実機,47800,有貨,https://home-slot.net/SHOP/s-daitogiken200.html
436,パオン ディービー クレアの秘宝伝 女神の夢と魔法の遺跡,,大都技研,A-SLOT,パオン・ディービー（大都技研） クレアの秘宝伝 女神の夢と魔法の遺跡 中古パチスロ実機 [8ch対応],57800,有貨,https://www.a-slot.com/SHOP/daitogiken200.html
437,ビスティ CR戦国BASARA3 関ヶ原の戦い 赤枠,,,ホームスロット,ビスティ CR戦国BASARA3 関ヶ原の戦い 赤枠 中古パチンコ実機,36843,售完,https://home-slot.net/SHOP/p-bisty37.html
437,ビスティ CR戦国BASARA3 関ヶ原の戦い 赤枠,,,ホームスロット,ビスティ CR戦国BASARA3 関ヶ原の戦い 枠色不問 中古パチンコ実機,64000,售完,https://home-slot.net/SHOP/p-bisty38.html
438,ビスティ 機動戦士ガンダムユニコーン 覚醒DRIVE,スマスロ,,ホームスロット,ビスティ Lパチスロ 機動戦士ガンダムユニコーン 覚醒DRIVE 中古パチスロ実機 [スマスロ] [4ch対応],47800,有貨,https://home-slot.net/SHOP/s-bisty227.html
438,ビスティ 機動戦士ガンダムユニコーン 覚醒DRIVE,スマスロ,,A-SLOT,ビスティ Lパチスロ 機動戦士ガンダムユニコーン 覚醒DRIVE 中古パチスロ実機 [スマスロ] [4ch対応],57800,有貨,https://www.a-slot.com/SHOP/s-bisty227.html
447,マルホン CRゼブラーマン ゼブラシティの逆襲AS2,,,ホームスロット,マルホン CRゼブラーマン ゼブラシティの逆襲AS2 中古パチンコ実機,59000,售完,https://home-slot.net/SHOP/p-maruhon24.html
447,マルホン CRゼブラーマン ゼブラシティの逆襲AS2,,,ホームスロット,マルホン CRゼブラーマン ゼブラシティの逆襲LS2 中古パチンコ実機,82166,售完,https://home-slot.net/SHOP/p-maruhon23.html
448,奥村 PACHINKO CR闘牌伝説アカギ2死闘編,,,ホームスロット,奥村 PACHINKO CR闘牌伝説アカギ2死闘編 中古パチンコ実機 [枠名：星波] [4ch対応],47435,售完,https://home-slot.net/SHOP/p-okumura23.html
448,奥村 PACHINKO CR闘牌伝説アカギ2死闘編,,,ホームスロット,奥村 PACHINKO CR闘牌伝説アカギ2神域編 中古パチンコ実機 [枠名：星波] [4ch対応],52600,售完,https://home-slot.net/SHOP/p-okumura28.html
457,西陣 CR交響詩篇エウレカセブンspec2 GLA,,,ホームスロット,西陣 CR交響詩篇エウレカセブンspec2 GLA 枠色不問 中古パチンコ実機,55200,售完,https://home-slot.net/SHOP/p-nishijinn42.html
457,西陣 CR交響詩篇エウレカセブンspec2 GLA,,,ホームスロット,西陣 CR交響詩篇エウレカセブン spec2 MA 枠色不問 中古パチンコ実機,65300,售完,https://home-slot.net/SHOP/p-nishijinn46.html
473,CRゴルゴ13 PAYBACK TIME H9AZ,,平和,ホームスロット,平和 CRゴルゴ13 PAYBACK TIME 9AW 中古パチンコ実機 [枠名：ルピナスハート] [4ch対応],37963,售完,https://home-slot.net/SHOP/p-heiwa101.html
473,CRゴルゴ13 PAYBACK TIME H9AZ,,平和,ホームスロット,平和 CRゴルゴ13 PAYBACK TIME H9AZ 中古パチンコ実機 [枠名：ルピナスハート] [4ch対応],41426,售完,https://home-slot.net/SHOP/p-heiwa94.html
477,CRミッションインポッシブルNS 分割配送不可,,大一,ホームスロット,大一 CRミッションインポッシブルNS 中古パチンコ実機 [分割配送不可],39491,售完,https://home-slot.net/SHOP/p-daiichi49.html
477,CRミッションインポッシブルNS 分割配送不可,,大一,ホームスロット,大一 CRミッションインポッシブル 中古パチンコ実機 [分割配送不可],40916,售完,https://home-slot.net/SHOP/p-daiichi41.html
487,DAXEL BASTARD!! バスタード 暗黒の破壊神,,,ホームスロット,DAXEL BASTARD!! バスタード 暗黒の破壊神 中古パチスロ実機,54100,售完,https://home-slot.net/SHOP/s-daxel3.html
487,DAXEL BASTARD!! バスタード 暗黒の破壊神,,,A-SLOT,DAXEL BASTARD!! バスタード 暗黒の破壊神 中古パチスロ実機 [4ch対応],64100,售完,https://www.a-slot.com/SHOP/daxel3.html
488,D light CR犬夜叉JUDGEMENT∞EX,,,ホームスロット,D-light CR犬夜叉JUDGEMENT∞SP中古パチンコ実機[枠名：イマジネーション プラス] [4ch対応],65300,售完,https://home-slot.net/SHOP/p-dlight201.html
488,D light CR犬夜叉JUDGEMENT∞EX,,,ホームスロット,D-light CR犬夜叉JUDGEMENT∞EX 中古パチンコ実機[枠名：イマジネーション プラス] [4ch対応],86000,售完,https://home-slot.net/SHOP/p-dlight200.html
494,KPE マジカルハロウィン2 マジカルバニーパネル,,,ホームスロット,KPE マジカルハロウィン2 マジカルバニーパネル 中古パチスロ実機,59100,售完,https://home-slot.net/SHOP/s-kpe17.html
494,KPE マジカルハロウィン2 マジカルバニーパネル,,,A-SLOT,KPE マジカルハロウィン2 マジカルバニーパネル 中古パチスロ実機 [4ch対応],69100,有貨,https://www.a-slot.com/SHOP/kpe17.html
497,Re ゼロから始める異世界生活 リゼロ レムパネル,,大都技研,ホームスロット,大都技研 Re:ゼロから始める異世界生活［リゼロ］ レムパネル 中古パチスロ実機,46500,售完,https://home-slot.net/SHOP/s-daitogiken203.html
497,Re ゼロから始める異世界生活 リゼロ レムパネル,,大都技研,A-SLOT,大都技研 Re:ゼロから始める異世界生活［リゼロ］ レムパネル 中古パチスロ実機 [8ch対応],56500,售完,https://www.a-slot.com/SHOP/daitogiken203.html
498,Re ゼロから始める異世界生活 リゼロ 剣聖パネル,,大都技研,ホームスロット,大都技研 Re:ゼロから始める異世界生活［リゼロ］ 剣聖パネル 中古パチスロ実機,35100,有貨,https://home-slot.net/SHOP/s-daitogiken205.html
498,Re ゼロから始める異世界生活 リゼロ 剣聖パネル,,大都技研,A-SLOT,大都技研 Re:ゼロから始める異世界生活［リゼロ］ 剣聖パネル 中古パチスロ実機 [8ch対応],45100,有貨,https://www.a-slot.com/SHOP/daitogiken205.html
499,Re ゼロから始める異世界生活 リゼロ 双子パネル,,大都技研,ホームスロット,大都技研 Re:ゼロから始める異世界生活［リゼロ］ 双子パネル 中古パチスロ実機,42500,有貨,https://home-slot.net/SHOP/s-daitogiken204.html
499,Re ゼロから始める異世界生活 リゼロ 双子パネル,,大都技研,A-SLOT,大都技研 Re:ゼロから始める異世界生活［リゼロ］ 双子パネル 中古パチスロ実機 [8ch対応],52500,有貨,https://www.a-slot.com/SHOP/daitogiken204.html
505,SLOT STEINS;GATE シュタインズ ゲート,,メーシー,ホームスロット,メーシー SLOT STEINS;GATE（シュタインズ・ゲート） 中古パチスロ実機,40100,售完,https://home-slot.net/SHOP/s-mizuho-macy212.html
505,SLOT STEINS;GATE シュタインズ ゲート,,メーシー,A-SLOT,メーシー SLOT STEINS;GATE（シュタインズ・ゲート） 中古パチスロ実機 [8ch対応],50100,有貨,https://www.a-slot.com/SHOP/s-mizuho-macy212.html
508,アイドルマスター ミリオンライブ! ネクストプロローグ,スマスロ,山佐,ホームスロット,山佐 スマスロ アイドルマスター ミリオンライブ! ネクストプロローグ 中古パチスロ実機 [スマスロ] [4ch対応],40100,有貨,https://home-slot.net/SHOP/s-yamasa243.html
508,アイドルマスター ミリオンライブ! ネクストプロローグ,スマスロ,山佐,A-SLOT,山佐 スマスロ アイドルマスター ミリオンライブ! ネクストプロローグ 中古パチスロ実機 [スマスロ] [4ch対応],50100,有貨,https://www.a-slot.com/SHOP/s-yamasa243.html
510,アビリット 鬼浜爆走紅蓮隊 爆音烈士編 初期パネル,,,ホームスロット,アビリット 鬼浜爆走紅蓮隊 爆音烈士編 初期パネル 中古パチスロ実機,28742,售完,https://home-slot.net/SHOP/s-ginza9.html
510,アビリット 鬼浜爆走紅蓮隊 爆音烈士編 初期パネル,,,A-SLOT,アビリット 鬼浜爆走紅蓮隊 爆音烈士編 初期パネル 中古パチスロ実機 [4ch対応],49500,售完,https://www.a-slot.com/SHOP/ginza9.html
513,アミューズメント マジカルハロウィン ボーナストリガー,スマスロ,KONAMI,ホームスロット,コナミアミューズメント マジカルハロウィン ボーナストリガー 中古パチスロ実機 [スマスロ],35100,有貨,https://home-slot.net/SHOP/s-konami225.html
513,アミューズメント マジカルハロウィン ボーナストリガー,スマスロ,KONAMI,A-SLOT,コナミアミューズメント マジカルハロウィン ボーナストリガー 中古パチスロ実機 [スマスロ],45100,有貨,https://www.a-slot.com/SHOP/s-konami225.html
514,アミューズメント 防空少女ラブキューレ2~極限の共鳴~,スマスロ,KONAMI,ホームスロット,コナミアミューズメント 防空少女ラブキューレ2～極限の共鳴～ 中古パチスロ実機 [スマスロ] [4ch対応],37700,有貨,https://home-slot.net/SHOP/s-konami213.html
514,アミューズメント 防空少女ラブキューレ2~極限の共鳴~,スマスロ,KONAMI,A-SLOT,コナミアミューズメント 防空少女ラブキューレ2～極限の共鳴～ 中古パチスロ実機 [スマスロ] [4ch対応],47700,有貨,https://www.a-slot.com/SHOP/s-konami213.html
520,オッケー. ぱちスロ ウルトラマンタロウ 暴君SPEC,,,ホームスロット,オッケー. ぱちスロ ウルトラマンタロウ 暴君SPEC 中古パチスロ実機,35100,有貨,https://home-slot.net/SHOP/s-ok200.html
520,オッケー. ぱちスロ ウルトラマンタロウ 暴君SPEC,,,A-SLOT,オッケー. ぱちスロ ウルトラマンタロウ 暴君SPEC 中古パチスロ実機,45100,有貨,https://www.a-slot.com/SHOP/s-ok200.html
521,ガールズ&パンツァーG~これが私の戦車道です!~ ガルパン,,オリンピア,ホームスロット,オリンピア パチスロ ガールズ＆パンツァーG～これが私の戦車道です！～[ガルパン] 中古パチスロ実機,35100,有貨,https://home-slot.net/SHOP/s-heiwa205.html
521,ガールズ&パンツァーG~これが私の戦車道です!~ ガルパン,,オリンピア,A-SLOT,オリンピア パチスロ ガールズ＆パンツァーG～これが私の戦車道です！～ [ガルパン] 中古パチスロ実機 [8ch対応],45100,有貨,https://www.a-slot.com/SHOP/heiwa205.html
524,サンセイ CR GI DREAM~最強馬決定戦~K VV,,,ホームスロット,サンセイ CR GI DREAM～最強馬決定戦～K－VV 中古パチンコ実機 [枠名：ガーネット] [4ch対応],186300,售完,https://home-slot.net/SHOP/p-SANSEI52.html
524,サンセイ CR GI DREAM~最強馬決定戦~K VV,,,ホームスロット,サンセイ CR GI DREAM～最強馬決定戦～VV 中古パチンコ実機 [枠名：G・GATE] [4ch対応],298900,售完,https://home-slot.net/SHOP/p-SANSEI53.html
528,セブンリーグ ニューパルサーSP4 with 太鼓の達人,,,ホームスロット,セブンリーグ ニューパルサーSP4 with 太鼓の達人 中古パチスロ実機,59100,有貨,https://home-slot.net/SHOP/s-yamasa237.html
528,セブンリーグ ニューパルサーSP4 with 太鼓の達人,,,A-SLOT,セブンリーグ ニューパルサーSP4 with 太鼓の達人 中古パチスロ実機 [4ch対応],69100,有貨,https://www.a-slot.com/SHOP/s-yamasa237.html
535,タイヨーエレック 蒼き鋼のアルペジオ アルス ノヴァ,,,ホームスロット,タイヨーエレック パチスロ 蒼き鋼のアルペジオ -アルス・ノヴァ- 中古パチスロ実機,54100,售完,https://home-slot.net/SHOP/s-taiyo_elec31.html
535,タイヨーエレック 蒼き鋼のアルペジオ アルス ノヴァ,,,A-SLOT,タイヨーエレック パチスロ 蒼き鋼のアルペジオ -アルス・ノヴァ- 中古パチスロ実機 [4ch対応],64100,售完,https://www.a-slot.com/SHOP/taiyo_elec31.html
537,ディ ライト 銀河機攻隊 マジェスティックプリンス,,,ホームスロット,ディ・ライト 銀河機攻隊 マジェスティックプリンス 中古パチスロ実機,47800,售完,https://home-slot.net/SHOP/s-dlight_5.html
537,ディ ライト 銀河機攻隊 マジェスティックプリンス,,,A-SLOT,ディ・ライト 銀河機攻隊 マジェスティックプリンス 中古パチスロ実機 [4ch対応],57800,售完,https://www.a-slot.com/SHOP/dlight_5.html
551,マルホン CRゼブラーマン ゼブラシティの逆襲MX,,,ホームスロット,マルホン ＣＲゼブラーマン ゼブラシティの逆襲ＶＡ 中古パチンコ実機,52600,售完,https://home-slot.net/SHOP/p-maruhon51.html
551,マルホン CRゼブラーマン ゼブラシティの逆襲MX,,,ホームスロット,マルホン CRゼブラーマン ゼブラシティの逆襲MX 中古パチンコ実機,141415,售完,https://home-slot.net/SHOP/p-maruhon31.html
553,マルホン CR野菜の王国~サニーとルナの大収穫祭~A,,,ホームスロット,マルホン ＣＲ野菜の王国～サニーとルナの大収穫祭～Ａ 中古パチンコ実機,56400,售完,https://home-slot.net/SHOP/p-maruhon48.html
553,マルホン CR野菜の王国~サニーとルナの大収穫祭~A,,,ホームスロット,マルホン ＣＲ野菜の王国～サニーとルナの大収穫祭～M 中古パチンコ実機,204491,售完,https://home-slot.net/SHOP/p-maruhon49.html
557,奥村 PACHINKO CR宇宙をかける少女QT,,,ホームスロット,奥村 PACHINKO CR宇宙をかける少女QT 中古パチンコ実機 [枠名：星波] [4ch対応],42343,售完,https://home-slot.net/SHOP/p-okumura19.html
557,奥村 PACHINKO CR宇宙をかける少女QT,,,ホームスロット,奥村 PACHINKO CR宇宙をかける少女TK 中古パチンコ実機 [枠名：星波] [4ch対応],42343,售完,https://home-slot.net/SHOP/p-okumura21.html
559,緑ドン VIVA!情熱南米編 ファビオ&マリアパネル,,エレコ,ホームスロット,エレコ 緑ドン VIVA!情熱南米編 ファビオ＆マリアパネル 中古パチスロ実機,113500,售完,https://home-slot.net/SHOP/s-eleco38.html
559,緑ドン VIVA!情熱南米編 ファビオ&マリアパネル,,エレコ,A-SLOT,エレコ 緑ドン VIVA!情熱南米編 ファビオ＆マリアパネル 中古パチスロ実機 [8ch対応],123500,售完,https://www.a-slot.com/SHOP/eleco38.html
560,西陣 CRベルサイユのばら 遥かな時を超えてFA,,,ホームスロット,西陣 CRベルサイユのばら 遥かな時を超えてFA 中古パチンコ実機,52600,售完,https://home-slot.net/SHOP/p-nishijinn83.html
560,西陣 CRベルサイユのばら 遥かな時を超えてFA,,,ホームスロット,西陣 CRベルサイユのばら 遥かな時を超えてM 中古パチンコ実機,52600,售完,https://home-slot.net/SHOP/p-nishijinn85.html
584,CRスーパー海物語IN沖縄2 MTGS 2ch対応,,SANYO,ホームスロット,SANYO CRスーパー海物語IN沖縄2 MTGS 中古パチンコ実機 [枠名：ゴールドウェーブ] [2ch対応],39287,售完,https://home-slot.net/SHOP/p-sanyo29.html
584,CRスーパー海物語IN沖縄2 MTGS 2ch対応,,SANYO,ホームスロット,SANYO CRスーパー海物語IN沖縄2 MTMS 中古パチンコ実機 [枠名：ゴールドウェーブ] [2ch対応],154800,售完,https://home-slot.net/SHOP/p-sanyo17.html
585,CRハイパー海物語INカリブMTA 2ch対応,,SANYO,ホームスロット,SANYO CRハイパー海物語INカリブMTA 中古パチンコ実機 [枠名：ゴールドウェーブ] [2ch対応],52600,售完,https://home-slot.net/SHOP/p-sanyo14.html
585,CRハイパー海物語INカリブMTA 2ch対応,,SANYO,ホームスロット,SANYO CRハイパー海物語INカリブMTB 枠色不問 中古パチンコ実機 [枠名：ゴールドウェーブ] [2ch対応],52600,售完,https://home-slot.net/SHOP/p-sanyo4.html
586,CRファイヤーダイナマイトキング 分割配送不可,,大一,ホームスロット,大一 CRファイヤーダイナマイトクイーン 中古パチンコ実機 [分割配送不可],75400,售完,https://home-slot.net/SHOP/p-daiichi54.html
586,CRファイヤーダイナマイトキング 分割配送不可,,大一,ホームスロット,大一 CRファイヤーダイナマイトキング 中古パチンコ実機 [分割配送不可],86000,售完,https://home-slot.net/SHOP/p-daiichi42.html
587,CRフィーバータイガーマスク3 ONLY ONE YR,,SANKYO,ホームスロット,SANKYO CRフィーバータイガーマスク3-ONLY ONE-YR 中古パチンコ実機,52600,售完,https://home-slot.net/SHOP/p-sankyo137.html
587,CRフィーバータイガーマスク3 ONLY ONE YR,,SANKYO,ホームスロット,SANKYO CRフィーバータイガーマスク3-ONLY ONE- 枠色不問 中古パチンコ実機,92400,售完,https://home-slot.net/SHOP/p-sankyo133.html
599,EXCITE 戦国 花の慶次~戦極めし傾奇者の宴~,,,ホームスロット,EXCITE 戦国パチスロ花の慶次～戦極めし傾奇者の宴～ 中古パチスロ実機,37700,售完,https://home-slot.net/SHOP/s-excite15.html
599,EXCITE 戦国 花の慶次~戦極めし傾奇者の宴~,,,A-SLOT,【お取り寄せ商品】EXCITE 戦国パチスロ花の慶次～戦極めし傾奇者の宴～ 中古パチスロ実機 [4ch対応],47700,有貨,https://www.a-slot.com/SHOP/excite15.html
601,JPS ドリームジャンボ EE~あの興奮をもう一度~,,,ホームスロット,JPS ドリームジャンボ EE～あの興奮をもう一度～ 中古パチスロ実機,54100,售完,https://home-slot.net/SHOP/s-jps31.html
601,JPS ドリームジャンボ EE~あの興奮をもう一度~,,,A-SLOT,JPS ドリームジャンボ EE～あの興奮をもう一度～ 中古パチスロ実機,64100,售完,https://www.a-slot.com/SHOP/jps31.html
606,SanThree CRバァーンダマシイ2XLA,,,ホームスロット,SanThree CRバァーンダマシイ2XLA 中古パチンコ実機,45907,售完,https://home-slot.net/SHOP/p-santhree9.html
606,SanThree CRバァーンダマシイ2XLA,,,ホームスロット,SanThree CRバァーンダマシイ2YMA 中古パチンコ実機,52600,售完,https://home-slot.net/SHOP/p-santhree10.html
608,SanThree CR勇者王ガオガイガーMWB,,,ホームスロット,SanThree CR勇者王ガオガイガーMWB 中古パチンコ実機,53954,售完,https://home-slot.net/SHOP/p-santhree3.html
608,SanThree CR勇者王ガオガイガーMWB,,,ホームスロット,SanThree CR勇者王ガオガイガーMWC 中古パチンコ実機,58028,售完,https://home-slot.net/SHOP/p-santhree4.html
612,SLOTバジリスク~甲賀忍法帖~絆2 伊賀パネル,,メーシー,ホームスロット,メーシー SLOTバジリスク～甲賀忍法帖～絆2 伊賀パネル 中古パチスロ実機 [8ch対応],42100,有貨,https://home-slot.net/SHOP/s-mizuho-macy205_iga.html
612,SLOTバジリスク~甲賀忍法帖~絆2 伊賀パネル,,メーシー,A-SLOT,ミズホ SLOTバジリスク～甲賀忍法帖～絆2 伊賀パネル 中古パチスロ実機 [8ch対応][まるごと配送限定],52100,有貨,https://www.a-slot.com/SHOP/mizuho-macy205_iga.html
613,SLOTバジリスク~甲賀忍法帖~絆2 甲賀パネル,,メーシー,ホームスロット,メーシー SLOTバジリスク～甲賀忍法帖～絆2 甲賀パネル 中古パチスロ実機 [8ch対応],35100,有貨,https://home-slot.net/SHOP/s-mizuho-macy205.html
613,SLOTバジリスク~甲賀忍法帖~絆2 甲賀パネル,,メーシー,A-SLOT,ミズホ SLOTバジリスク～甲賀忍法帖～絆2 甲賀パネル 中古パチスロ実機 [8ch対応][まるごと配送限定],45100,有貨,https://www.a-slot.com/SHOP/mizuho-macy205.html
614,SNKプレイモア ドラゴンギャル~修羅の野望~ J,,,ホームスロット,SNKプレイモア ドラゴンギャル～修羅の野望～ 中古パチスロ実機,35100,售完,https://home-slot.net/SHOP/s-snk48.html
614,SNKプレイモア ドラゴンギャル~修羅の野望~ J,,,A-SLOT,SNKプレイモア ドラゴンギャル～修羅の野望～ 中古パチスロ実機 [4ch対応]J,45100,售完,https://www.a-slot.com/SHOP/snk48.html
615,SNKプレイモア 戦空のキセキ~SKY LOVE~,,,ホームスロット,SNKプレイモア 戦空のキセキ～SKY LOVE～ 中古パチスロ実機,143400,售完,https://home-slot.net/SHOP/s-snk51.html
615,SNKプレイモア 戦空のキセキ~SKY LOVE~,,,A-SLOT,SNKプレイモア 戦空のキセキ～SKY LOVE～ 中古パチスロ実機 [4ch対応],153400,售完,https://www.a-slot.com/SHOP/snk51.html
618,ぱちんこCRハクション大魔王3 アクビ姫 LV,,Sammy,ホームスロット,サミー ぱちんこCRハクション大魔王3 アクビ姫 MV 中古パチンコ実機 [枠名：焔（ホムラ）] [4ch対応],41935,售完,https://home-slot.net/SHOP/p-sammy8.html
618,ぱちんこCRハクション大魔王3 アクビ姫 LV,,Sammy,ホームスロット,サミー ぱちんこCRハクション大魔王3 アクビ姫 LV 中古パチンコ実機 [枠名：焔（ホムラ）] [4ch対応],59491,售完,https://home-slot.net/SHOP/p-sammy7.html
621,アナザーゴッドハーデス NO MORE DOG ver.,,ミズホ,ホームスロット,ミズホ アナザーゴッドハーデス-NO MORE DOG ver.- 中古パチスロ実機,83500,有貨,https://home-slot.net/SHOP/s-mizuho-macy46.html
621,アナザーゴッドハーデス NO MORE DOG ver.,,ミズホ,A-SLOT,ミズホ アナザーゴッドハーデス-NO MORE DOG ver.- 中古パチスロ実機 [8ch対応],93500,有貨,https://www.a-slot.com/SHOP/mizuho-macy44.html
626,アムテックス ラブ嬢3~Wご指名はいかがですか?~,スマスロ,,ホームスロット,アムテックス Lラブ嬢3～Wご指名はいかがですか？～ 中古パチスロ実機 [スマスロ] [8ch対応],51600,有貨,https://home-slot.net/SHOP/s-amt213.html
626,アムテックス ラブ嬢3~Wご指名はいかがですか?~,スマスロ,,A-SLOT,アムテックス Lラブ嬢3～Wご指名はいかがですか？～ 中古パチスロ実機 [スマスロ] [8ch対応],64100,有貨,https://www.a-slot.com/SHOP/s-amt213.html
632,オーイズミ OVERLORD絶対支配者光臨II,,,ホームスロット,オーイズミ パチスロOVERLORD絶対支配者光臨II 中古パチスロ実機 [8ch対応][まるごと配送限定],37700,有貨,https://home-slot.net/SHOP/s-oizumi213.html
632,オーイズミ OVERLORD絶対支配者光臨II,,,A-SLOT,オーイズミ パチスロOVERLORD絶対支配者光臨II 中古パチスロ実機 [8ch対応][まるごと配送限定],47700,有貨,https://www.a-slot.com/SHOP/s-oizumi213.html
633,オーイズミ ひぐらしのなく頃に祭2 カケラ遊び編,,,ホームスロット,オーイズミ パチスロひぐらしのなく頃に祭2 カケラ遊び編 中古パチスロ実機 [8ch対応][まるごと配送限定],47800,有貨,https://home-slot.net/SHOP/s-oizumi211.html
633,オーイズミ ひぐらしのなく頃に祭2 カケラ遊び編,,,A-SLOT,オーイズミ パチスロひぐらしのなく頃に祭2 カケラ遊び編 中古パチスロ実機 [8ch対応][まるごと配送限定],57800,有貨,https://www.a-slot.com/SHOP/s-oizumi211.html
634,オーイズミ ひぐらしのなく頃に祭 魅音☆詩音ver.,,,ホームスロット,オーイズミ パチスロひぐらしのなく頃に祭 魅音☆詩音ver. 中古パチスロ実機,98500,售完,https://home-slot.net/SHOP/s-oizumi8.html
634,オーイズミ ひぐらしのなく頃に祭 魅音☆詩音ver.,,,A-SLOT,【お取り寄せ商品】オーイズミ パチスロひぐらしのなく頃に祭 魅音☆詩音ver. 中古パチスロ実機 [4ch対応],108500,有貨,https://www.a-slot.com/SHOP/oizumi8.html
635,オッケー. ぱちスロ にゃんこ大戦争 BIG BANG,スマスロ,,ホームスロット,オッケー. ぱちスロ にゃんこ大戦争 BIG BANG 中古パチスロ実機 [スマスロ][8ch対応][まるごと配送限定],45100,有貨,https://home-slot.net/SHOP/s-ok201.html
635,オッケー. ぱちスロ にゃんこ大戦争 BIG BANG,スマスロ,,A-SLOT,オッケー. ぱちスロ にゃんこ大戦争 BIG BANG 中古パチスロ実機 [スマスロ][8ch対応][まるごと配送限定],55100,有貨,https://www.a-slot.com/SHOP/s-ok201.html
636,カルミナ 探偵オペラ ミルキィホームズ 1 2の奇跡,,,ホームスロット,カルミナ 探偵オペラ ミルキィホームズ 1／2の奇跡 中古パチスロ実機 [8ch対応],35100,售完,https://home-slot.net/SHOP/s-carmina200.html
636,カルミナ 探偵オペラ ミルキィホームズ 1 2の奇跡,,,A-SLOT,カルミナ 探偵オペラ ミルキィホームズ 1／2の奇跡 中古パチスロ実機 [8ch対応],45100,售完,https://www.a-slot.com/SHOP/carmina200.html
637,キングパルサーDOT PULSAR ドットパルサー,,山佐,ホームスロット,山佐 キングパルサーDOT PULSAR（ドットパルサー） 中古パチスロ実機,41500,售完,https://home-slot.net/SHOP/s-yamasa123.html
637,キングパルサーDOT PULSAR ドットパルサー,,山佐,A-SLOT,山佐 キングパルサー DOT PULSAR（ドットパルサー）中古パチスロ実機 [4ch対応],51500,售完,https://www.a-slot.com/SHOP/yamasa123.html
645,タイヨーエレック CRサムライチャンプルー ASW,,,ホームスロット,タイヨーエレック CRサムライチャンプルー ASW 中古パチンコ実機,42954,售完,https://home-slot.net/SHOP/p-taiy14.html
645,タイヨーエレック CRサムライチャンプルー ASW,,,ホームスロット,タイヨーエレック CRサムライチャンプルー MTW 中古パチンコ実機,92400,售完,https://home-slot.net/SHOP/p-taiyo7.html
650,タイヨーエレック 仮面ライダー UNLIMITED,,,ホームスロット,タイヨーエレック パチスロ仮面ライダー UNLIMITED 中古パチスロ実機,37700,售完,https://home-slot.net/SHOP/s-taiyo_elec23.html
650,タイヨーエレック 仮面ライダー UNLIMITED,,,A-SLOT,タイヨーエレック パチスロ仮面ライダー UNLIMITED 中古パチスロ実機 [4ch対応],47700,售完,https://www.a-slot.com/SHOP/taiyo_elec23.html
651,ニューアイムジャグラーEX KT クリスタルパネル,,北電子,ホームスロット,北電子 ニューアイムジャグラーEX-KT クリスタルパネル 中古パチスロ実機,35100,售完,https://home-slot.net/SHOP/s-kitadenshi68_crystal.html
651,ニューアイムジャグラーEX KT クリスタルパネル,,北電子,A-SLOT,北電子 ニューアイムジャグラーEX-KT クリスタルパネル 中古パチスロ実機 [4ch対応],45100,售完,https://www.a-slot.com/SHOP/kitadenshi68_crystal.html
655,ビスティ EVANGELION 30φMODEL,,,ホームスロット,ビスティ EVANGELION 30φMODEL 中古パチスロ実機,41500,售完,https://home-slot.net/SHOP/s-sankyo127.html
655,ビスティ EVANGELION 30φMODEL,,,A-SLOT,【お取り寄せ商品】ビスティ EVANGELION 30φMODEL 中古パチスロ実機 [4ch対応],51500,有貨,https://www.a-slot.com/SHOP/sankyo127.html
672,マクロスフロンティア はじまりの歌 銀河に響け!,,SANKYO,ホームスロット,SANKYO パチスロマクロスフロンティア はじまりの歌、銀河に響け! 中古パチスロ実機,54100,售完,https://home-slot.net/SHOP/s-sankyo54.html
672,マクロスフロンティア はじまりの歌 銀河に響け!,,SANKYO,A-SLOT,SANKYO パチスロマクロスフロンティア はじまりの歌、銀河に響け! 中古パチスロ実機 [4ch対応],64100,有貨,https://www.a-slot.com/SHOP/sankyo54.html
677,ルパン三世 ロイヤルロード~金海に染まる黄金神殿~,,オリンピア,ホームスロット,オリンピア ルパン三世 ロイヤルロード～金海に染まる黄金神殿～ 中古パチスロ実機,83500,售完,https://home-slot.net/SHOP/s-heiwa124.html
677,ルパン三世 ロイヤルロード~金海に染まる黄金神殿~,,オリンピア,A-SLOT,オリンピア ルパン三世 ロイヤルロード～金海に染まる黄金神殿～ 中古パチスロ実機 [8ch対応],93500,售完,https://www.a-slot.com/SHOP/heiwa124.html
680,快盗天使ツインエンジェル3 ファントムパネル,,Sammy,ホームスロット,サミー パチスロ「快盗天使ツインエンジェル3」 【ファントムパネル】 中古パチスロ実機,56500,售完,https://home-slot.net/SHOP/s-sammy66.html
680,快盗天使ツインエンジェル3 ファントムパネル,,Sammy,A-SLOT,サミー パチスロ「快盗天使ツインエンジェル3」 【ファントムパネル】 中古パチスロ実機 [4ch対応],66500,售完,https://www.a-slot.com/SHOP/sammy66.html
681,英雄伝説空の軌跡 THE ANIMATION M,,ニューギン,ホームスロット,ニューギン パチスロ英雄伝説空の軌跡 THE ANIMATION 中古パチスロ実機,68500,售完,https://home-slot.net/SHOP/s-newgin20.html
681,英雄伝説空の軌跡 THE ANIMATION M,,ニューギン,A-SLOT,ニューギン パチスロ英雄伝説空の軌跡 THE ANIMATION 中古パチスロ実機 [4ch対応]M,78500,售完,https://www.a-slot.com/SHOP/newgin20.html
697,銀座 A SLOT DARTSLIVE ダーツライブ,,,ホームスロット,銀座 A-SLOT DARTSLIVE [ダーツライブ] 中古パチスロ実機,35100,售完,https://home-slot.net/SHOP/s-ginza200.html
697,銀座 A SLOT DARTSLIVE ダーツライブ,,,A-SLOT,銀座 A-SLOT DARTSLIVE [ダーツライブ] 中古パチスロ実機 [4ch対応],45100,售完,https://www.a-slot.com/SHOP/ginza200.html
708,BLACK LAGOON2 ブラックラグーン2,,スパイキー,ホームスロット,スパイキー BLACK LAGOON2 【ブラックラグーン2】 中古パチスロ実機,89800,售完,https://home-slot.net/SHOP/s-spyki_9.html
708,BLACK LAGOON2 ブラックラグーン2,,スパイキー,A-SLOT,【お取り寄せ商品！】スパイキー BLACK LAGOON2 【ブラックラグーン2】 中古パチスロ実機 [4ch対応],99800,有貨,https://www.a-slot.com/SHOP/spyki_9.html
709,BLACK LAGOON4 ブラックラグーン4,,スパイキー,ホームスロット,スパイキー BLACK LAGOON4 【ブラックラグーン4】 中古パチスロ実機,35100,有貨,https://home-slot.net/SHOP/s-spyki_204.html
709,BLACK LAGOON4 ブラックラグーン4,,スパイキー,A-SLOT,スパイキー BLACK LAGOON4 【ブラックラグーン4】 中古パチスロ実機,45100,有貨,https://www.a-slot.com/SHOP/spyki_204.html
725,CRスーパー海物語IN地中海MTB 2ch対応,,SANYO,ホームスロット,SANYO CRスーパー海物語IN地中海MTB 中古パチンコ実機 [枠名：ゴールドウェーブ] [2ch対応],86000,有貨,https://home-slot.net/SHOP/p-sanyo11.html
725,CRスーパー海物語IN地中海MTB 2ch対応,,SANYO,ホームスロット,SANYO CRスーパー海物語IN地中海MTC 中古パチンコ実機 [枠名：ゴールドウェーブ] [2ch対応],86000,售完,https://home-slot.net/SHOP/p-sanyo13.html
743,DAXEL ささみさん@がんばらないすろっと,,,ホームスロット,DAXEL ささみさん＠がんばらないすろっと 中古パチスロ実機,68500,售完,https://home-slot.net/SHOP/s-daxel10.html
743,DAXEL ささみさん@がんばらないすろっと,,,A-SLOT,DAXEL ささみさん＠がんばらないすろっと 中古パチスロ実機 [4ch対応],78500,售完,https://www.a-slot.com/SHOP/daxel10.html
744,DAXEL まじかるすいーとプリズム ナナエース,,,ホームスロット,DAXEL まじかるすいーとプリズム・ナナエース 中古パチスロ実機,47800,售完,https://home-slot.net/SHOP/s-daxel11.html
744,DAXEL まじかるすいーとプリズム ナナエース,,,A-SLOT,DAXEL まじかるすいーとプリズム・ナナエース 中古パチスロ実機 [4ch対応],57800,售完,https://www.a-slot.com/SHOP/daxel11.html
746,KPE マジカルハロウィンJC メインパネル,,,ホームスロット,KPE マジカルハロウィンJC メインパネル 中古パチスロ実機,68500,售完,https://home-slot.net/SHOP/s-kpe3.html
746,KPE マジカルハロウィンJC メインパネル,,,A-SLOT,KPE マジカルハロウィンJC メインパネル 中古パチスロ実機 [8ch対応],78500,售完,https://www.a-slot.com/SHOP/kpe3.html
748,NET ドリスターミントのヒロイン救出大作戦,,,ホームスロット,NET ドリスターミントのヒロイン救出大作戦 中古パチスロ実機,143400,售完,https://home-slot.net/SHOP/s-net1.html
748,NET ドリスターミントのヒロイン救出大作戦,,,A-SLOT,NET ドリスターミントのヒロイン救出大作戦 中古パチスロ実機 [4ch対応],153400,售完,https://www.a-slot.com/SHOP/net1.html
750,Persona4 The SLOT ペルソナ4,,ニューギン,ホームスロット,ニューギン Persona4 The SLOT (ペルソナ4) 中古パチスロ実機,83500,售完,https://home-slot.net/SHOP/s-newgin24.html
750,Persona4 The SLOT ペルソナ4,,ニューギン,A-SLOT,ニューギン Persona4 The SLOT (ペルソナ4) 中古パチスロ実機 [4ch対応],93500,售完,https://www.a-slot.com/SHOP/newgin24.html
751,PROJECT ARMS プロジェクト アームズ,,ニューギン,ホームスロット,ニューギン パチスロ PROJECT ARMS (プロジェクト アームズ) 中古パチスロ実機,47800,售完,https://home-slot.net/SHOP/s-newgin22.html
751,PROJECT ARMS プロジェクト アームズ,,ニューギン,A-SLOT,ニューギン パチスロ PROJECT ARMS (プロジェクト アームズ) 中古パチスロ実機 [4ch対応],57800,售完,https://www.a-slot.com/SHOP/newgin22.html
755,SLOT魔法少女まどか☆マギカ2 まどマギ2,,メーシー,ホームスロット,メーシー SLOT魔法少女まどか☆マギカ2 [まどマギ2] 中古パチスロ実機,124800,售完,https://home-slot.net/SHOP/s-mizuho-macy60.html
755,SLOT魔法少女まどか☆マギカ2 まどマギ2,,メーシー,A-SLOT,【お取り寄せ商品】メーシー SLOT魔法少女まどか☆マギカ2 [まどマギ2] 中古パチスロ実機 [8ch対応],134800,有貨,https://www.a-slot.com/SHOP/mizuho-macy60.html
756,SNKプレイモア ザ キング オブ ファイターズ2,,,ホームスロット,SNKプレイモア ザ・キング・オブ・ファイターズ2 中古パチスロ実機,35100,售完,https://home-slot.net/SHOP/s-snk42.html
756,SNKプレイモア ザ キング オブ ファイターズ2,,,A-SLOT,SNKプレイモア ザ・キング・オブ・ファイターズ2 中古パチスロ実機 [4ch対応],45100,售完,https://www.a-slot.com/SHOP/snk42.html
757,SNKプレイモア ドラゴンギャル~双龍の闘い~,,,ホームスロット,SNKプレイモア ドラゴンギャル～双龍の闘い～ 中古パチスロ実機,68500,售完,https://home-slot.net/SHOP/s-snk56.html
757,SNKプレイモア ドラゴンギャル~双龍の闘い~,,,A-SLOT,SNKプレイモア ドラゴンギャル～双龍の闘い～ 中古パチスロ実機 [4ch対応],78500,售完,https://www.a-slot.com/SHOP/snk56.html
758,SNKプレイモア メタルスラッグSV 001,,,ホームスロット,SNKプレイモア メタルスラッグSV-001 中古パチスロ実機,68500,售完,https://home-slot.net/SHOP/s-snk19.html
758,SNKプレイモア メタルスラッグSV 001,,,A-SLOT,SNKプレイモア メタルスラッグSV-001 中古パチスロ実機 [4ch対応],78500,售完,https://www.a-slot.com/SHOP/snk19.html
760,SNKプレイモア 神たま ~ARTやで!全員集合~,,,A-SLOT,SNKプレイモア 神たま ～ARTやで!全員集合～ 中古パチスロ実機 [4ch対応],22174,售完,https://www.a-slot.com/SHOP/snk15.html
760,SNKプレイモア 神たま ~ARTやで!全員集合~,,,ホームスロット,SNKプレイモア 神たま ～ARTやで!全員集合～ 中古パチスロ実機,35209,售完,https://home-slot.net/SHOP/s-snk15.html
761,SNKプレイモア 餓狼伝説☆双撃 ギース 白 ver.,,,ホームスロット,SNKプレイモア 餓狼伝説☆双撃 ギース（白）ver. 中古パチスロ実機,83500,售完,https://home-slot.net/SHOP/s-snk44.html
761,SNKプレイモア 餓狼伝説☆双撃 ギース 白 ver.,,,A-SLOT,SNKプレイモア 餓狼伝説☆双撃 ギース（白）ver. 中古パチスロ実機 [4ch対応],93500,售完,https://www.a-slot.com/SHOP/snk44.html
766,アナザーゴッドハーデス 解き放たれし槍撃ver.,,ミズホ,ホームスロット,ミズホ アナザーゴッドハーデス-解き放たれし槍撃ver.- 中古パチスロ実機 [8ch対応],35100,有貨,https://home-slot.net/SHOP/s-mizuho-macy217.html
766,アナザーゴッドハーデス 解き放たれし槍撃ver.,,ミズホ,A-SLOT,ミズホ アナザーゴッドハーデス-解き放たれし槍撃ver.- 中古パチスロ実機 [8ch対応][まるごと配送限定],45100,有貨,https://www.a-slot.com/SHOP/s-mizuho-macy217.html
769,オーイズミ ひぐらしのなく頃に祭 メインパネル,,,ホームスロット,オーイズミ パチスロひぐらしのなく頃に祭 メインパネル 中古パチスロ実機,98500,售完,https://home-slot.net/SHOP/s-oizumi5.html
769,オーイズミ ひぐらしのなく頃に祭 メインパネル,,,A-SLOT,オーイズミ パチスロひぐらしのなく頃に祭 メインパネル 中古パチスロ実機 [4ch対応],108500,售完,https://www.a-slot.com/SHOP/oizumi5.html
776,タイヨーエレック ToHeart2 トゥーハート2,,,ホームスロット,タイヨーエレック ToHeart2 （トゥーハート2） 中古パチスロ実機,43642,售完,https://home-slot.net/SHOP/s-taiyo_elec15.html
776,タイヨーエレック ToHeart2 トゥーハート2,,,A-SLOT,タイヨーエレック ToHeart2 （トゥーハート2） 中古パチスロ実機 [4ch対応],99800,售完,https://www.a-slot.com/SHOP/taiyo_elec15.html
777,タイヨー 一騎当千3 Valiant Venus,,,ホームスロット,タイヨー 一騎当千3 Valiant Venus 中古パチスロ実機,137300,售完,https://home-slot.net/SHOP/s-taiyo12.html
777,タイヨー 一騎当千3 Valiant Venus,,,A-SLOT,タイヨー 一騎当千3 Valiant Venus 中古パチスロ実機 [4ch対応],147300,售完,https://www.a-slot.com/SHOP/taiyo12.html
778,ディ ライト ダイナマイトキング極 パネル不問,S,,ホームスロット,ディ・ライト Sパチスロダイナマイトキング極 パネル不問 中古パチスロ実機,37700,有貨,https://home-slot.net/SHOP/s-dlight_201.html
778,ディ ライト ダイナマイトキング極 パネル不問,S,,A-SLOT,ディ・ライト Sパチスロダイナマイトキング極 パネル不問 中古パチスロ実機,47700,有貨,https://www.a-slot.com/SHOP/dlight_201.html
788,ビスティ 新世紀エヴァンゲリオン 暴走400,,,ホームスロット,ビスティ 新世紀エヴァンゲリオン 暴走400 中古パチスロ実機,45300,有貨,https://home-slot.net/SHOP/s-sankyo203.html
788,ビスティ 新世紀エヴァンゲリオン 暴走400,,,A-SLOT,ビスティ 新世紀エヴァンゲリオン 暴走400 中古パチスロ実機 [4ch対応],55300,有貨,https://www.a-slot.com/SHOP/sankyo203.html
799,ブロス SLOTシャドウハーツII 運命の道標,,ユニバーサル,ホームスロット,ユニバーサルブロス SLOTシャドウハーツII－運命の道標－ 中古パチスロ実機,35100,售完,https://home-slot.net/SHOP/s-univerasal9.html
799,ブロス SLOTシャドウハーツII 運命の道標,,ユニバーサル,A-SLOT,ユニバーサルブロス SLOTシャドウハーツII－運命の道標－ 中古パチスロ実機 [8ch対応],45100,售完,https://www.a-slot.com/SHOP/univerasal9.html
803,マブラヴ オルタネイティヴ トータル イクリプス,,SANKYO,ホームスロット,SANKYO パチスロ マブラヴ オルタネイティヴ トータル・イクリプス 中古パチスロ実機,74900,售完,https://home-slot.net/SHOP/s-sankyo91.html
803,マブラヴ オルタネイティヴ トータル イクリプス,,SANKYO,A-SLOT,SANKYO パチスロ マブラヴ オルタネイティヴ トータル・イクリプス 中古パチスロ実機 [4ch対応],84900,售完,https://www.a-slot.com/SHOP/sankyo91.html
814,西陣 CR交響詩篇エウレカセブンZC 白黒枠,,,ホームスロット,西陣 CR交響詩篇エウレカセブンF 白黒枠 中古パチンコ実機,49015,售完,https://home-slot.net/SHOP/p-nishijinn1.html
814,西陣 CR交響詩篇エウレカセブンZC 白黒枠,,,ホームスロット,西陣 CR交響詩篇エウレカセブンZC 白黒枠 中古パチンコ実機,216200,售完,https://home-slot.net/SHOP/p-nishijinn2.html
821,革命機ヴァルヴレイヴ カミツキver.パネル,スマスロ,SANKYO,ホームスロット,SANKYO パチスロ 革命機ヴァルヴレイヴ [カミツキver.パネル] 中古パチスロ実機 [スマスロ] [4ch対応],52700,有貨,https://home-slot.net/SHOP/s-sankyo219.html
821,革命機ヴァルヴレイヴ カミツキver.パネル,スマスロ,SANKYO,A-SLOT,SANKYO パチスロ 革命機ヴァルヴレイヴ [カミツキver.パネル] 中古パチスロ実機 [スマスロ] [4ch対応],62700,有貨,https://www.a-slot.com/SHOP/s-sankyo219.html
827,高尾 弾球黙示録カイジ5 電撃チャージVer.A,P,,ホームスロット,高尾 P弾球黙示録カイジ5 電撃チャージVer.A 枠色不問 中古パチンコ実機,59000,售完,https://home-slot.net/SHOP/p-takao230.html
827,高尾 弾球黙示録カイジ5 電撃チャージVer.A,P,,ホームスロット,高尾 P弾球黙示録カイジ5 電撃チャージVer.B 中古パチンコ実機,67800,售完,https://home-slot.net/SHOP/p-takao229.html
836,CRくるくるぱちんこ新EX麻雀2H KX,,ニューギン,ホームスロット,ニューギン CRくるくるぱちんこ新EX麻雀2H－KX 中古パチンコ実機,57700,售完,https://home-slot.net/SHOP/p-newgin100.html
836,CRくるくるぱちんこ新EX麻雀2H KX,,ニューギン,ホームスロット,ニューギン CRくるくるぱちんこ新EX麻雀2M－KX 中古パチンコ実機,92400,售完,https://home-slot.net/SHOP/p-newgin99.html
861,DAXEL ようこそ実力至上主義の教室へ,スマスロ,,ホームスロット,DAXEL スマスロ ようこそ実力至上主義の教室へ 中古パチスロ実機 [スマスロ][8ch対応][まるごと配送限定],35100,有貨,https://home-slot.net/SHOP/s-daxel205.html
861,DAXEL ようこそ実力至上主義の教室へ,スマスロ,,A-SLOT,DAXEL スマスロ ようこそ実力至上主義の教室へ 中古パチスロ実機 [スマスロ][8ch対応][まるごと配送限定],45100,有貨,https://www.a-slot.com/SHOP/s-daxel205.html
864,JPS クイーンズブレイド闘~バトルバージョン~,,,ホームスロット,JPS パチスロ クイーンズブレイド闘～バトルバージョン～ 中古パチスロ実機,44600,售完,https://home-slot.net/SHOP/s-jps27.html
864,JPS クイーンズブレイド闘~バトルバージョン~,,,A-SLOT,JPS パチスロ クイーンズブレイド闘～バトルバージョン～ 中古パチスロ実機 [4ch対応],54600,售完,https://www.a-slot.com/SHOP/jps27.html
865,KPE Dororonえん魔くん メ~ラめら,,,ホームスロット,KPE Ｄｏｒｏｒｏｎえん魔くん メ～ラめら 中古パチスロ実機,74900,售完,https://home-slot.net/SHOP/s-kpe49.html
865,KPE Dororonえん魔くん メ~ラめら,,,A-SLOT,KPE Ｄｏｒｏｒｏｎえん魔くん メ～ラめら 中古パチスロ実機 [8ch対応],84900,售完,https://www.a-slot.com/SHOP/kpe49.html
866,KPE アミューズメント エルインカ~黄金文明~,,KONAMI,ホームスロット,KPE(コナミアミューズメント） エルインカ～黄金文明～ 中古パチスロ実機,41500,售完,https://home-slot.net/SHOP/s-kpe200.html
866,KPE アミューズメント エルインカ~黄金文明~,,KONAMI,A-SLOT,KPE(コナミアミューズメント） エルインカ～黄金文明～ 中古パチスロ実機 [8ch対応],51500,售完,https://www.a-slot.com/SHOP/s-kpe200.html
867,KPE マジカルハロウィン2 メインパネル,,,ホームスロット,KPE マジカルハロウィン2 メインパネル 中古パチスロ実機,54100,有貨,https://home-slot.net/SHOP/s-kpe14.html
867,KPE マジカルハロウィン2 メインパネル,,,A-SLOT,KPE マジカルハロウィン2 メインパネル 中古パチスロ実機 [4ch対応],64100,有貨,https://www.a-slot.com/SHOP/kpe14.html
868,KPE マジカルハロウィンJC バニーパネル,,,ホームスロット,KPE マジカルハロウィンJC （バニーパネル） 中古パチスロ実機,68500,售完,https://home-slot.net/SHOP/s-kpe6.html
868,KPE マジカルハロウィンJC バニーパネル,,,A-SLOT,KPE マジカルハロウィンJC バニーパネル 中古パチスロ実機 [8ch対応],78500,售完,https://www.a-slot.com/SHOP/kpe6.html
870,KPE 悪魔城ドラキュラ アンジェラVer.,,,ホームスロット,KPE 悪魔城ドラキュラ アンジェラVer. 中古パチスロ実機,113500,售完,https://home-slot.net/SHOP/s-kpe11.html
870,KPE 悪魔城ドラキュラ アンジェラVer.,,,A-SLOT,KPE 悪魔城ドラキュラ アンジェラVer. 中古パチスロ実機 [4ch対応],123500,售完,https://www.a-slot.com/SHOP/kpe11.html
876,SNKプレイモア 餓狼伝説PREMIUM,,,ホームスロット,SNKプレイモア 餓狼伝説PREMIUM 中古パチスロ実機,68500,售完,https://home-slot.net/SHOP/s-snk53.html
876,SNKプレイモア 餓狼伝説PREMIUM,,,A-SLOT,SNKプレイモア 餓狼伝説PREMIUM 中古パチスロ実機 [4ch対応],78500,售完,https://www.a-slot.com/SHOP/snk53.html
877,あの日見た花の名前を僕達はまだ知らない。,,Sammy,ホームスロット,サミー パチスロあの日見た花の名前を僕達はまだ知らない。 中古パチスロ実機,41500,有貨,https://home-slot.net/SHOP/s-sammy206.html
877,あの日見た花の名前を僕達はまだ知らない。,,Sammy,A-SLOT,サミー パチスロあの日見た花の名前を僕達はまだ知らない。 中古パチスロ実機 [4ch対応],51500,有貨,https://www.a-slot.com/SHOP/sammy206.html
881,ぱちスロ PSYCHO PASS サイコパス,,京楽,ホームスロット,京楽 ぱちスロ PSYCHO-PASS サイコパス 中古パチスロ実機,35100,售完,https://home-slot.net/SHOP/s-kyoraku8.html
881,ぱちスロ PSYCHO PASS サイコパス,,京楽,A-SLOT,【お取り寄せ商品】京楽 ぱちスロ PSYCHO-PASS サイコパス 中古パチスロ実機 [8ch対応],45100,有貨,https://www.a-slot.com/SHOP/kyoraku8.html
882,アビリット サイボーグ009~地上より永遠に~,,,ホームスロット,アビリット サイボーグ009～地上より永遠に～ 中古パチスロ実機,46500,售完,https://home-slot.net/SHOP/s-ginza23.html
882,アビリット サイボーグ009~地上より永遠に~,,,A-SLOT,アビリット サイボーグ009～地上より永遠に～ 中古パチスロ実機 [4ch対応],56500,售完,https://www.a-slot.com/SHOP/ginza23.html
887,アムテックス 戦国乙女6~暁の関ヶ原~甘デジ,P,,ホームスロット,アムテックス P戦国乙女6 暁の関ヶ原 中古パチンコ実機 [枠名：BLAST 戦国乙女６] [8ch対応],57600,售完,https://home-slot.net/SHOP/p-amutex214.html
887,アムテックス 戦国乙女6~暁の関ヶ原~甘デジ,P,,ホームスロット,アムテックス P戦国乙女6～暁の関ヶ原～甘デジ 中古パチンコ実機 [枠名：BLAST 戦国乙女６甘デジ] [8ch対応],59000,售完,https://home-slot.net/SHOP/p-amutex219.html
889,アリストクラート マッハGoGoGoIII,,,ホームスロット,アリストクラート マッハGOGOGO 中古パチスロ実機,36730,售完,https://home-slot.net/SHOP/s-rodeo13.html
889,アリストクラート マッハGoGoGoIII,,,A-SLOT,アリストクラート マッハGoGoGoIII 中古パチスロ実機 [4ch対応],47700,售完,https://www.a-slot.com/SHOP/aristocrat14.html
890,アリストクラート 巨人の星5~汗と涙と根性編~,,,ホームスロット,アリストクラート 巨人の星5～汗と涙と根性編～ 中古パチスロ実機,89800,售完,https://home-slot.net/SHOP/s-aristocrat17.html
890,アリストクラート 巨人の星5~汗と涙と根性編~,,,A-SLOT,アリストクラート 巨人の星5～汗と涙と根性編～ 中古パチスロ実機 [4ch対応],99800,售完,https://www.a-slot.com/SHOP/aristocrat17.html
891,オーイズミ ひぐらしのなく頃に祭 梨花パネル,,,ホームスロット,オーイズミ パチスロひぐらしのなく頃に祭 梨花パネル 中古パチスロ実機,108500,售完,https://home-slot.net/SHOP/s-oizumi6.html
891,オーイズミ ひぐらしのなく頃に祭 梨花パネル,,,A-SLOT,オーイズミ パチスロ ひぐらしのなく頃に祭 梨花パネル 中古パチスロ実機 [4ch対応],118500,售完,https://www.a-slot.com/SHOP/oizumi6.html
892,オーイズミ ウィザード バリスターズ~弁魔士セシル,,,ホームスロット,オーイズミ パチスロ ウィザード・バリスターズ～弁魔士セシル 中古パチスロ実機 [8ch対応][まるごと配送限定],35100,有貨,https://home-slot.net/SHOP/s-oizumi200.html
892,オーイズミ ウィザード バリスターズ~弁魔士セシル,,,A-SLOT,オーイズミ パチスロ ウィザード・バリスターズ～弁魔士セシル 中古パチスロ実機 [8ch対応][まるごと配送限定],45100,有貨,https://www.a-slot.com/SHOP/oizumi200.html
894,コードギアス反逆のルルーシュR2 C.C.ver.,,Sammy,ホームスロット,サミー パチスロコードギアス反逆のルルーシュR2 C.C.ver. 中古パチスロ実機,41500,售完,https://home-slot.net/SHOP/s-sammy136.html
894,コードギアス反逆のルルーシュR2 C.C.ver.,,Sammy,A-SLOT,サミー パチスロコードギアス反逆のルルーシュR2 C.C.ver. 中古パチスロ実機 [4ch対応],51500,售完,https://www.a-slot.com/SHOP/sammy136.html
900,ジェイビー CRAパッションモンスターASJ,,,ホームスロット,ジェイビー CRパッションモンスターRSJ 中古パチンコ実機,59000,售完,https://home-slot.net/SHOP/p-jb9.html
900,ジェイビー CRAパッションモンスターASJ,,,ホームスロット,ジェイビー CRAパッションモンスターASJ 中古パチンコ実機,65300,售完,https://home-slot.net/SHOP/p-jb12.html
902,タイヨーエレック CRブラックラグーンFTX,,,ホームスロット,タイヨーエレック CRブラックラグーンLTX 中古パチンコ実機,43157,售完,https://home-slot.net/SHOP/p-taiyo26.html
902,タイヨーエレック CRブラックラグーンFTX,,,ホームスロット,タイヨーエレック CRブラックラグーンFTX 中古パチンコ実機,233700,售完,https://home-slot.net/SHOP/p-taiyo24.html
903,タイヨーエレック フルメタル パニック!TSR,,,ホームスロット,タイヨーエレック フルメタル・パニック!TSR 中古パチスロ実機,68500,售完,https://home-slot.net/SHOP/s-taiyo_elec17.html
903,タイヨーエレック フルメタル パニック!TSR,,,A-SLOT,タイヨーエレック フルメタル・パニック!TSR 中古パチスロ実機 [4ch対応],78500,售完,https://www.a-slot.com/SHOP/taiyo_elec17.html
904,タイヨーエレック <物語>シリーズ セカンドシーズン,,,ホームスロット,タイヨーエレック パチスロ＜物語＞シリーズ セカンドシーズン 中古パチスロ実機 [8ch対応],35100,有貨,https://home-slot.net/SHOP/s-taiyo_elec200.html
904,タイヨーエレック <物語>シリーズ セカンドシーズン,,,A-SLOT,タイヨーエレック パチスロ＜物語＞シリーズ セカンドシーズン 中古パチスロ実機 [8ch対応][まるごと配送限定],45100,有貨,https://www.a-slot.com/SHOP/taiyo_elec200.html
905,タイヨーエレック 龍が如く OF THE END,,,ホームスロット,タイヨーエレック パチスロ龍が如く OF THE END 中古パチスロ実機,89800,售完,https://home-slot.net/SHOP/s-taiyo_elec26.html
905,タイヨーエレック 龍が如く OF THE END,,,A-SLOT,タイヨーエレック パチスロ龍が如く OF THE END 中古パチスロ実機 [4ch対応],99800,售完,https://www.a-slot.com/SHOP/taiyo_elec26.html
910,パオン ディーピー 押忍!番長ZERO 操恵パネル,,,ホームスロット,パオン・ディーピー 押忍！番長ZERO [操恵パネル] 中古パチスロ実機,42100,售完,https://home-slot.net/SHOP/s-paon204.html
910,パオン ディーピー 押忍!番長ZERO 操恵パネル,,,A-SLOT,パオン・ディーピー 押忍！番長ZERO [操恵パネル] 中古パチスロ実機 [8ch対応],52100,售完,https://www.a-slot.com/SHOP/s-paon204.html
912,ビスティ エヴァンゲリオン フェスティバル,,,ホームスロット,ビスティ エヴァンゲリオン フェスティバル 中古パチスロ実機,35100,售完,https://home-slot.net/SHOP/s-sankyo205.html
912,ビスティ エヴァンゲリオン フェスティバル,,,A-SLOT,【お取り寄せ商品】ビスティ エヴァンゲリオン フェスティバル 中古パチスロ実機 [4ch対応],45100,有貨,https://www.a-slot.com/SHOP/sankyo205.html
916,ビスティ 新世紀エヴァンゲリオン ~魂の共鳴~,,,ホームスロット,ビスティ 新世紀エヴァンゲリオン ～魂の共鳴～ 中古パチスロ実機,35100,有貨,https://home-slot.net/SHOP/s-sankyo208.html
916,ビスティ 新世紀エヴァンゲリオン ~魂の共鳴~,,,A-SLOT,ビスティ 新世紀エヴァンゲリオン ～魂の共鳴～ 中古パチスロ実機 [4ch対応],45100,有貨,https://www.a-slot.com/SHOP/sankyo208.html
919,フィーバードラムゴルゴ13 Light ver.,P,SANKYO,ホームスロット,SANKYO Pフィーバーゴルゴ13Light ver. 枠色不問 中古パチンコ実機,52600,售完,https://home-slot.net/SHOP/p-sankyo220.html
919,フィーバードラムゴルゴ13 Light ver.,P,SANKYO,ホームスロット,SANKYO Pフィーバードラムゴルゴ13 Light ver. 枠色不問 中古パチンコ実機,65300,售完,https://home-slot.net/SHOP/p-sankyo217.html
921,プレイボーイ LimitedEdition,,山佐,ホームスロット,山佐 パチスロプレイボーイ LimitedEdition 中古パチスロ実機,71600,售完,https://home-slot.net/SHOP/s-yamasa18.html
921,プレイボーイ LimitedEdition,,山佐,A-SLOT,山佐 パチスロプレイボーイ LimitedEdition 中古パチスロ実機 [4ch対応],89910,售完,https://www.a-slot.com/SHOP/yamasa18.html
927,戦国BASARA HEROES PARTY,,エンターライズ,ホームスロット,エンターライズ 戦国BASARA HEROES PARTY 中古パチスロ実機,35100,售完,https://home-slot.net/SHOP/s-enta202.html
927,戦国BASARA HEROES PARTY,,エンターライズ,A-SLOT,エンターライズ 戦国BASARA HEROES PARTY 中古パチスロ実機 [4ch対応],45100,售完,https://www.a-slot.com/SHOP/enta202.html
928,戦国コレクション キラレジェンドバージョン,,高砂,ホームスロット,高砂 戦国コレクション キラレジェンドバージョン 中古パチスロ実機,41500,售完,https://home-slot.net/SHOP/s-takasago10.html
928,戦国コレクション キラレジェンドバージョン,,高砂,A-SLOT,高砂 戦国コレクション キラレジェンドバージョン 中古パチスロ実機 [4ch対応],51500,售完,https://www.a-slot.com/SHOP/takasago10.html
929,戦国 花の慶次~天に愛されし漢~ 秀吉パネル Y,,ニューギン,ホームスロット,ニューギン 戦国パチスロ花の慶次～天に愛されし漢～ 秀吉パネル 中古パチスロ実機,98500,售完,https://home-slot.net/SHOP/s-newgin18.html
929,戦国 花の慶次~天に愛されし漢~ 秀吉パネル Y,,ニューギン,A-SLOT,ニューギン 戦国パチスロ花の慶次～天に愛されし漢～ 秀吉パネル 中古パチスロ実機 [4ch対応]Y,108500,售完,https://www.a-slot.com/SHOP/newgin18.html
930,新鬼武者DAWN OF DREAMS 甘デジ,P,平和,ホームスロット,平和 P新鬼武者 DAWN OF DREAMS 中古パチンコ実機,52600,售完,https://home-slot.net/SHOP/p-heiwa223.html
930,新鬼武者DAWN OF DREAMS 甘デジ,P,平和,ホームスロット,平和 P新鬼武者DAWN OF DREAMS 甘デジ 中古パチンコ実機,71600,售完,https://home-slot.net/SHOP/p-heiwa228.html
931,機動戦士ガンダムIII~めぐりあい宇宙編~,,山佐,ホームスロット,山佐 パチスロ「機動戦士ガンダムIII～めぐりあい宇宙編～」 中古パチスロ実機,41500,售完,https://home-slot.net/SHOP/s-yamasa40.html
931,機動戦士ガンダムIII~めぐりあい宇宙編~,,山佐,A-SLOT,山佐 パチスロ「機動戦士ガンダムIII～めぐりあい宇宙編～」 中古パチスロ実機 [4ch対応],51500,售完,https://www.a-slot.com/SHOP/yamasa40.html
939,西陣 CRモモキュンソード~パカパカ8~GLS,,,ホームスロット,西陣 ＣＲモモキュンソード～パカパカ８～ＧＬＸ 中古パチンコ実機,52600,售完,https://home-slot.net/SHOP/p-nishijinn58.html
939,西陣 CRモモキュンソード~パカパカ8~GLS,,,ホームスロット,西陣 CRモモキュンソード～パカパカ8～GLS 中古パチンコ実機,481121,售完,https://home-slot.net/SHOP/p-nishijinn65.html
945,豊丸 CR GOD AND DEATH 99VM,,,ホームスロット,豊丸 CR GOD AND DEATH 99VM 中古パチンコ実機,52600,售完,https://home-slot.net/SHOP/p-toyomaru49.html
945,豊丸 CR GOD AND DEATH 99VM,,,ホームスロット,豊丸 CR GOD AND DEATH 99VX 中古パチンコ実機,71600,售完,https://home-slot.net/SHOP/p-toyomaru48.html
958,A SLOT+ この素晴らしい世界に祝福を!,スマスロ,ロデオ,ホームスロット,ロデオ A-SLOT+ この素晴らしい世界に祝福を！ 中古パチスロ実機 [スマスロ][8ch対応][まるごと配送限定],40100,有貨,https://home-slot.net/SHOP/s-rodeo209.html
958,A SLOT+ この素晴らしい世界に祝福を!,スマスロ,ロデオ,A-SLOT,ロデオ A-SLOT+ この素晴らしい世界に祝福を！ 中古パチスロ実機 [スマスロ][8ch対応][まるごと配送限定],50100,有貨,https://www.a-slot.com/SHOP/s-rodeo209.html
959,A SLOTツインエンジェルBREAK,,ロデオ,ホームスロット,ロデオ A-SLOTツインエンジェルBREAK 中古パチスロ実機,98500,售完,https://home-slot.net/SHOP/s-rodeo200.html
959,A SLOTツインエンジェルBREAK,,ロデオ,A-SLOT,ロデオ A-SLOTツインエンジェルBREAK 中古パチスロ実機 [4ch対応],108500,售完,https://www.a-slot.com/SHOP/rodeo200.html
960,BLACK LAGOON ブラックラグーン,,スパイキー,ホームスロット,スパイキー BLACK LAGOON 【ブラックラグーン】 中古パチスロ実機,89800,售完,https://home-slot.net/SHOP/s-spyki_4.html
960,BLACK LAGOON ブラックラグーン,,スパイキー,A-SLOT,スパイキー BLACK LAGOON 【ブラックラグーン】 中古パチスロ実機 [4ch対応],99800,售完,https://www.a-slot.com/SHOP/spyki_4.html
962,CRA遠山の金さん 二人の遠山桜FPW,,藤商事,ホームスロット,藤商事 CR遠山の金さん 二人の遠山桜FPU 中古パチンコ実機 [枠名：エアーキャノン] [8ch対応],65300,售完,https://home-slot.net/SHOP/p-fuji128.html
962,CRA遠山の金さん 二人の遠山桜FPW,,藤商事,ホームスロット,藤商事 CRA遠山の金さん 二人の遠山桜FPW 中古パチンコ実機 [枠名：エアーキャノン] [8ch対応],92400,售完,https://home-slot.net/SHOP/p-fuji138.html
978,CRピカれ!まるまるアイランドFPSZ,,藤商事,ホームスロット,藤商事 CRピカれ！まるまるアイランドFPSZ 中古パチンコ実機 [枠名：エアーキャノン] [8ch対応],52600,售完,https://home-slot.net/SHOP/p-fuji131.html
978,CRピカれ!まるまるアイランドFPSZ,,藤商事,ホームスロット,藤商事 CRピカれ！まるまるアイランドFPW 中古パチンコ実機 [枠名：エアーキャノン] [8ch対応],52600,售完,https://home-slot.net/SHOP/p-fuji132.html
983,CRフィーバー創聖のアクエリオンIIIYα,,SANKYO,ホームスロット,SANKYO CRフィーバー創聖のアクエリオンIII 枠色不問 中古パチンコ実機,65300,售完,https://home-slot.net/SHOP/p-sankyo72.html
983,CRフィーバー創聖のアクエリオンIIIYα,,SANKYO,ホームスロット,SANKYO CRフィーバー創聖のアクエリオンIIIYα 枠色不問 中古パチンコ実機,116000,售完,https://home-slot.net/SHOP/p-sankyo83.html
989,CR世界でいちばん強くなりたい!FPM,,藤商事,ホームスロット,藤商事 CR世界でいちばん強くなりたい！FPW 中古パチンコ実機 [枠名：エアーキャノン] [8ch対応],52600,售完,https://home-slot.net/SHOP/p-fuji152.html
989,CR世界でいちばん強くなりたい!FPM,,藤商事,ホームスロット,藤商事 CR世界でいちばん強くなりたい！FPM 中古パチンコ実機 [枠名：エアーキャノン] [8ch対応],92400,售完,https://home-slot.net/SHOP/p-fuji142.html
1002,EXCITE マジンガーZ 新たな魔神の力,,,ホームスロット,EXCITE パチスロマジンガーZ 新たな魔神の力 中古パチスロ実機,68500,售完,https://home-slot.net/SHOP/s-excite19.html
1002,EXCITE マジンガーZ 新たな魔神の力,,,A-SLOT,EXCITE パチスロマジンガーZ 新たな魔神の力 中古パチスロ実機 [4ch対応],78500,售完,https://www.a-slot.com/SHOP/excite19.html
1003,EXCITE 戦国 花の慶次~天を穿つ戦槍~,,,ホームスロット,EXCITE 戦国パチスロ花の慶次～天を穿つ戦槍～ 中古パチスロ実機,35100,有貨,https://home-slot.net/SHOP/s-excite22.html
1003,EXCITE 戦国 花の慶次~天を穿つ戦槍~,,,A-SLOT,EXCITE 戦国パチスロ花の慶次～天を穿つ戦槍～ 中古パチスロ実機 [4ch対応],45100,有貨,https://www.a-slot.com/SHOP/excite22.html
1004,EXCITE 真田純勇士~ラブストライク~,,,ホームスロット,EXCITE 真田純勇士～ラブストライク～ 中古パチスロ実機,71500,售完,https://home-slot.net/SHOP/s-excite16.html
1004,EXCITE 真田純勇士~ラブストライク~,,,A-SLOT,【お取り寄せ商品】EXCITE 真田純勇士～ラブストライク～ 中古パチスロ実機 [4ch対応],81500,有貨,https://www.a-slot.com/SHOP/excite16.html
1005,JAWS~it's a SHARK PANIC~,,オリンピア,ホームスロット,オリンピア パチスロJAWS～it's a SHARK PANIC～ 中古パチスロ実機,47800,售完,https://home-slot.net/SHOP/s-heiwa137.html
1005,JAWS~it's a SHARK PANIC~,,オリンピア,A-SLOT,オリンピア パチスロJAWS～it's a SHARK PANIC～中古パチスロ実機 [8ch対応],57800,售完,https://www.a-slot.com/SHOP/heiwa137.html
1006,JPS クイーンズブレイド2 玉座を継ぐ者,,,ホームスロット,JPS パチスロ クイーンズブレイド2 玉座を継ぐ者 中古パチスロ実機,68500,售完,https://home-slot.net/SHOP/s-jps26.html
1006,JPS クイーンズブレイド2 玉座を継ぐ者,,,A-SLOT,JPS パチスロ クイーンズブレイド2 玉座を継ぐ者 中古パチスロ実機 [8ch対応],78500,售完,https://www.a-slot.com/SHOP/jps26.html
1007,KPE アミューズメント GI優駿倶楽部2,,KONAMI,ホームスロット,コナミアミューズメント GI優駿倶楽部2 中古パチスロ実機,35100,有貨,https://home-slot.net/SHOP/s-kpe203.html
1007,KPE アミューズメント GI優駿倶楽部2,,KONAMI,A-SLOT,KPE(コナミアミューズメント） GI優駿倶楽部2 中古パチスロ実機,45100,有貨,https://www.a-slot.com/SHOP/s-kpe203.html
1009,NET 天晴!モグモグ風林火山 全国制覇版,,,ホームスロット,NET 天晴！モグモグ風林火山 全国制覇版 中古パチスロ実機,40100,有貨,https://home-slot.net/SHOP/s-net202.html
1009,NET 天晴!モグモグ風林火山 全国制覇版,,,A-SLOT,NET 天晴！モグモグ風林火山 全国制覇版 中古パチスロ実機 [4ch対応],50100,有貨,https://www.a-slot.com/SHOP/net202.html
1016,SanThree CRおそ松くんHMA,,,ホームスロット,SanThree CRおそ松くんMMA 中古パチンコ実機,72900,售完,https://home-slot.net/SHOP/p-santhree7.html
1016,SanThree CRおそ松くんHMA,,,ホームスロット,SanThree CRおそ松くんHMA 中古パチンコ実機,183700,售完,https://home-slot.net/SHOP/p-santhree6.html
1022,SanThree PAヤッターマンVVV,,,ホームスロット,SanThree PAヤッターマンVVV 枠色不問 中古パチンコ実機,52600,售完,https://home-slot.net/SHOP/p-santhree208.html
1022,SanThree PAヤッターマンVVV,,,ホームスロット,SanThree PヤッターマンVVV 枠色不問 中古パチンコ実機,62800,售完,https://home-slot.net/SHOP/p-santhree207.html
1024,SLOT 魔法少女まどか☆マギカ まどマギ,,メーシー,ホームスロット,メーシー SLOT 魔法少女まどか☆マギカ [まどマギ] 中古パチスロ実機,103500,有貨,https://home-slot.net/SHOP/s-mizuho-macy39.html
1024,SLOT 魔法少女まどか☆マギカ まどマギ,,メーシー,A-SLOT,メーシー SLOT 魔法少女まどか☆マギカ [まどマギ] 中古パチスロ実機 [8ch対応],113500,有貨,https://www.a-slot.com/SHOP/mizuho-macy39.html
1025,SNKプレイモア スカイラブ2~再会の空~,,,A-SLOT,SNKプレイモア スカイラブ2～再会の空～ 中古パチスロ実機 [4ch対応],36000,售完,https://www.a-slot.com/SHOP/snk14.html
1025,SNKプレイモア スカイラブ2~再会の空~,,,ホームスロット,SNKプレイモア スカイラブ2～再会の空～ 中古パチスロ実機,47075,售完,https://home-slot.net/SHOP/s-snk14.html
1026,SNKプレイモア マキシマムインパクト,,,A-SLOT,SNKプレイモア マキシマムインパクト 中古パチスロ実機 [4ch対応],25522,售完,https://www.a-slot.com/SHOP/snk27.html
1026,SNKプレイモア マキシマムインパクト,,,ホームスロット,SNKプレイモア マキシマムインパクト 中古パチスロ実機,38555,售完,https://home-slot.net/SHOP/s-snk27.html
1029,ぱちんこCR聖戦士ダンバインEWNB,,Sammy,ホームスロット,サミー ぱちんこCR聖戦士ダンバインEWNB 中古パチンコ実機 [枠名：転生] [4ch対応],89800,售完,https://home-slot.net/SHOP/p-sammy73.html
1029,ぱちんこCR聖戦士ダンバインEWNB,,Sammy,ホームスロット,サミー ぱちんこCR聖戦士ダンバインFWN 中古パチンコ実機 [枠名：転生] [4ch対応],89800,售完,https://home-slot.net/SHOP/p-sammy74.html
1032,アミューズメント 戦コレ! 太平女君 徳川家康,,KONAMI,ホームスロット,コナミアミューズメント 戦コレ！[太平女君]徳川家康 中古パチスロ実機,35100,有貨,https://home-slot.net/SHOP/s-konami200.html
1032,アミューズメント 戦コレ! 太平女君 徳川家康,,KONAMI,A-SLOT,コナミアミューズメント 戦コレ！[太平女君]徳川家康 中古パチスロ実機 [4ch対応],45100,有貨,https://www.a-slot.com/SHOP/konami200.html
1041,オレンジ 一方通行 とある魔術の禁書目録,スマスロ,,ホームスロット,オレンジ スマスロ 一方通行 とある魔術の禁書目録 中古パチスロ実機 [スマスロ],41500,有貨,https://home-slot.net/SHOP/s-orange202.html
1041,オレンジ 一方通行 とある魔術の禁書目録,スマスロ,,A-SLOT,オレンジ スマスロ 一方通行 とある魔術の禁書目録 中古パチスロ実機 [スマスロ] [4ch対応],51500,有貨,https://www.a-slot.com/SHOP/s-orange202.html
1042,クレアの秘宝伝~はじまりの扉と太陽の石~,,大都技研,ホームスロット,大都技研 クレアの秘宝伝～はじまりの扉と太陽の石～ 中古パチスロ実機,35100,有貨,https://home-slot.net/SHOP/s-daitogiken43.html
1042,クレアの秘宝伝~はじまりの扉と太陽の石~,,大都技研,A-SLOT,大都技研 クレアの秘宝伝～はじまりの扉と太陽の石～ 中古パチスロ実機 [4ch対応],45100,有貨,https://www.a-slot.com/SHOP/daitogiken43.html
1045,サンセイ CR戦国双天絵巻~華恋姫伝~MH,,,ホームスロット,サンセイ CR戦国双天絵巻～華恋姫伝～SH 中古パチンコ実機 [枠名：D-CYCLONE] [4ch対応],40844,售完,https://home-slot.net/SHOP/p-SANSEI13.html
1045,サンセイ CR戦国双天絵巻~華恋姫伝~MH,,,ホームスロット,サンセイ CR戦国双天絵巻～華恋姫伝～MH 中古パチンコ実機 [枠名：D-CYCLONE] [4ch対応],60166,售完,https://home-slot.net/SHOP/p-SANSEI2.html
1047,サンセイ CR金田一少年の事件簿K GG,,,ホームスロット,サンセイ CR金田一少年の事件簿K－GG 中古パチンコ実機 [枠名：ガーネット] [4ch対応],56297,售完,https://home-slot.net/SHOP/p-SANSEI59.html
1047,サンセイ CR金田一少年の事件簿K GG,,,ホームスロット,サンセイ CR金田一少年の事件簿GG 中古パチンコ実機 [枠名：G・GATE] [4ch対応],59000,售完,https://home-slot.net/SHOP/p-SANSEI63.html
1056,セブンリーグ キン肉マン~7人の悪魔超人編~,スマスロ,,ホームスロット,セブンリーグ スマスロキン肉マン～7人の悪魔超人編～ 中古パチスロ実機 [スマスロ] [4ch対応],35100,有貨,https://home-slot.net/SHOP/s-yamasa232.html
1056,セブンリーグ キン肉マン~7人の悪魔超人編~,スマスロ,,A-SLOT,セブンリーグ スマスロキン肉マン～7人の悪魔超人編～ 中古パチスロ実機 [スマスロ] [4ch対応],45100,有貨,https://www.a-slot.com/SHOP/s-yamasa232.html
1057,タイヨー Piaキャロットへようこそ!!G.O.,,,A-SLOT,タイヨー Piaキャロットへようこそ!!G.O. 中古パチスロ実機 [4ch対応],33267,售完,https://www.a-slot.com/SHOP/taiyo11.html
1057,タイヨー Piaキャロットへようこそ!!G.O.,,,ホームスロット,タイヨー Piaキャロットへようこそ!!G.O. 中古パチスロ実機,45383,售完,https://home-slot.net/SHOP/s-taiyo11.html
1069,ドラゴンハナハナ 30 BLACKパネル,,パイオニア,ホームスロット,パイオニア ドラゴンハナハナ－30 BLACKパネル 中古パチスロ実機,44500,售完,https://home-slot.net/SHOP/s-pioneer24.html
1069,ドラゴンハナハナ 30 BLACKパネル,,パイオニア,A-SLOT,パイオニア ドラゴンハナハナ－30 BLACKパネル 中古パチスロ実機 [8ch対応],54500,有貨,https://www.a-slot.com/SHOP/pioneer24.html
1072,ハナハナホウオウ 30 プレミアムパネル,,パイオニア,ホームスロット,パイオニア ハナハナホウオウ－30 プレミアムパネル 中古パチスロ実機,50800,售完,https://home-slot.net/SHOP/s-pioneer31-premium.html
1072,ハナハナホウオウ 30 プレミアムパネル,,パイオニア,A-SLOT,【お取り寄せ商品】パイオニア ハナハナホウオウ－30 プレミアムパネル 中古パチスロ実機 [4ch対応],60800,有貨,https://www.a-slot.com/SHOP/pioneer31-premium.html
1073,バジリスク~甲賀忍法帖~絆 2015ver.,,エレコ,ホームスロット,エレコ バジリスク～甲賀忍法帖～絆 2015ver. 中古パチスロ実機,52800,有貨,https://home-slot.net/SHOP/s-eleco62_2015ver.html
1073,バジリスク~甲賀忍法帖~絆 2015ver.,,エレコ,A-SLOT,エレコ バジリスク～甲賀忍法帖～絆 2015ver. 中古パチスロ実機 [8ch対応],62800,有貨,https://www.a-slot.com/SHOP/eleco62_2015ver.html
1074,バジリスク~甲賀忍法帖~ 絆MK 甲賀ver.,,エレコ,ホームスロット,エレコ バジリスク～甲賀忍法帖～ 絆MK 甲賀ver. 中古パチスロ実機,50800,有貨,https://home-slot.net/SHOP/s-eleco61.html
1074,バジリスク~甲賀忍法帖~ 絆MK 甲賀ver.,,エレコ,A-SLOT,エレコ バジリスク～甲賀忍法帖～ 絆MK 甲賀ver. 中古パチスロ実機 [8ch対応],60800,有貨,https://www.a-slot.com/SHOP/eleco61.html
1075,バジリスク~甲賀忍法帖~ 絆TK 伊賀Ver.,,エレコ,ホームスロット,エレコ バジリスク～甲賀忍法帖～ 絆TK 伊賀Ver. 中古パチスロ実機,54800,有貨,https://home-slot.net/SHOP/s-eleco62.html
1075,バジリスク~甲賀忍法帖~ 絆TK 伊賀Ver.,,エレコ,A-SLOT,エレコ バジリスク～甲賀忍法帖～ 絆TK 伊賀Ver. 中古パチスロ実機 [8ch対応],64800,有貨,https://www.a-slot.com/SHOP/eleco62.html
1077,ビスティ LB ヱヴァンゲリヲン ~約束の扉~,スマスロ,,ホームスロット,ビスティ LBパチスロ ヱヴァンゲリヲン ～約束の扉～ 中古パチスロ実機 [スマスロ] [4ch対応],40100,有貨,https://home-slot.net/SHOP/s-bisty226.html
1077,ビスティ LB ヱヴァンゲリヲン ~約束の扉~,スマスロ,,A-SLOT,ビスティ LBパチスロ ヱヴァンゲリヲン ～約束の扉～ 中古パチスロ実機 [スマスロ] [4ch対応],50100,有貨,https://www.a-slot.com/SHOP/s-bisty226.html
1078,ビスティ アイドルマスター ミリオンライブ!,,,ホームスロット,ビスティ パチスロ アイドルマスター ミリオンライブ！ 中古パチスロ実機,54100,售完,https://home-slot.net/SHOP/s-sankyo207.html
1078,ビスティ アイドルマスター ミリオンライブ!,,,A-SLOT,【お取り寄せ商品】ビスティ パチスロ アイドルマスター ミリオンライブ！ 中古パチスロ実機 [4ch対応],64100,有貨,https://www.a-slot.com/SHOP/sankyo207.html
1080,ビスティ エヴァンゲリオン ~未来への創造~,スマスロ,,ホームスロット,ビスティ L エヴァンゲリオン ～未来への創造～ 中古パチスロ実機 [スマスロ] [4ch対応],41500,有貨,https://home-slot.net/SHOP/s-sankyo220.html
1080,ビスティ エヴァンゲリオン ~未来への創造~,スマスロ,,A-SLOT,ビスティ L エヴァンゲリオン ～未来への創造～ 中古パチスロ実機 [スマスロ] [4ch対応],51500,有貨,https://www.a-slot.com/SHOP/s-sankyo220.html
1081,ビスティ エヴァンゲリヲン 勝利への願い,,,ホームスロット,ビスティ エヴァンゲリヲン・勝利への願い 中古パチスロ実機,47800,有貨,https://home-slot.net/SHOP/s-sankyo125.html
1081,ビスティ エヴァンゲリヲン 勝利への願い,,,A-SLOT,ビスティ エヴァンゲリヲン・勝利への願い 中古パチスロ実機 [4ch対応],57800,售完,https://www.a-slot.com/SHOP/sankyo125.html
1082,ビスティ エヴァンゲリヲン 魂を繋ぐもの,,,ホームスロット,ビスティ エヴァンゲリヲン・魂を繋ぐもの 中古パチスロ実機,54100,售完,https://home-slot.net/SHOP/s-sankyo122.html
1082,ビスティ エヴァンゲリヲン 魂を繋ぐもの,,,A-SLOT,ビスティ エヴァンゲリヲン・魂を繋ぐもの 中古パチスロ実機 [4ch対応],64100,有貨,https://www.a-slot.com/SHOP/sankyo122.html
1083,ビスティ カードバトル ガンダム クロスオーバー,,,ホームスロット,ビスティ カードバトルパチスロ ガンダム クロスオーバー 中古パチスロ実機,41500,有貨,https://home-slot.net/SHOP/s-sankyo204.html
1083,ビスティ カードバトル ガンダム クロスオーバー,,,A-SLOT,ビスティ カードバトルパチスロ ガンダム クロスオーバー 中古パチスロ実機 [4ch対応],51500,有貨,https://www.a-slot.com/SHOP/sankyo204.html
1091,ボーダー なめ猫~液晶ないけどなめんじゃねぇ~,,,ホームスロット,ボーダー パチスロ なめ猫～液晶ないけどなめんじゃねぇ～ 中古パチスロ実機,218700,有貨,https://home-slot.net/SHOP/s-border204.html
1091,ボーダー なめ猫~液晶ないけどなめんじゃねぇ~,,,A-SLOT,ボーダー パチスロ なめ猫～液晶ないけどなめんじゃねぇ～ 中古パチスロ実機,228700,有貨,https://www.a-slot.com/SHOP/s-border204.html
1093,ミリオンゴッド 神々の系譜 ZEUSver.,,エレコ,ホームスロット,エレコ ミリオンゴッド－神々の系譜－ZEUSver. 中古パチスロ実機,88500,有貨,https://home-slot.net/SHOP/s-eleco55.html
1093,ミリオンゴッド 神々の系譜 ZEUSver.,,エレコ,A-SLOT,エレコ ミリオンゴッド－神々の系譜－ZEUSver. 中古パチスロ実機 [8ch対応],98500,有貨,https://www.a-slot.com/SHOP/eleco55.html
1094,ヴァン ヘルシング~ハンティングラッシュ~,,藤商事,ホームスロット,藤商事 ヴァン・ヘルシング～ハンティングラッシュ～ 中古パチスロ実機,47800,售完,https://home-slot.net/SHOP/s-fuji8.html
1094,ヴァン ヘルシング~ハンティングラッシュ~,,藤商事,A-SLOT,藤商事 ヴァン・ヘルシング～ハンティングラッシュ～ 中古パチスロ実機 [4ch対応],57800,售完,https://www.a-slot.com/SHOP/fuji8.html
1096,大工の源さん~桜満開!源DREAM ver.~,,SANYO,ホームスロット,SANYO パチスロ大工の源さん~桜満開！源DREAM ver.~ 中古パチスロ実機,98500,售完,https://home-slot.net/SHOP/s-sanyo20.html
1096,大工の源さん~桜満開!源DREAM ver.~,,SANYO,A-SLOT,SANYO パチスロ大工の源さん~桜満開！源DREAM ver.~ 中古パチスロ実機 [4ch対応],108500,售完,https://www.a-slot.com/SHOP/sanyo20.html
1097,大東音響 リズムボーイズマスター 2ch対応,4号機,,A-SLOT,【4号機】大東音響 リズムボーイズ 中古パチスロ実機 [2ch対応],82020,售完,https://www.a-slot.com/SHOP/daitoonkyo1.html
1097,大東音響 リズムボーイズマスター 2ch対応,4号機,,A-SLOT,【4号機】大東音響 リズムボーイズマスター 中古パチスロ実機 [2ch対応],99800,售完,https://www.a-slot.com/SHOP/daitoonkyo2.html
1098,戦国乙女~剣戟に舞う白き剣聖~西国参戦編,,オリンピア,ホームスロット,オリンピア 戦国乙女～剣戟に舞う白き剣聖～西国参戦編 中古パチスロ実機,98500,售完,https://home-slot.net/SHOP/s-heiwa108.html
1098,戦国乙女~剣戟に舞う白き剣聖~西国参戦編,,オリンピア,A-SLOT,オリンピア 戦国乙女～剣戟に舞う白き剣聖～西国参戦編 枠色不問 中古パチスロ実機 [4ch対応],108500,售完,https://www.a-slot.com/SHOP/heiwa108.html
1099,戦国 花の慶次~天に愛されし漢~ 松風パネル,,ニューギン,ホームスロット,ニューギン 戦国パチスロ花の慶次～天に愛されし漢～ 松風パネル 中古パチスロ実機,98500,售完,https://home-slot.net/SHOP/s-newgin21.html
1099,戦国 花の慶次~天に愛されし漢~ 松風パネル,,ニューギン,A-SLOT,ニューギン 戦国パチスロ花の慶次～天に愛されし漢～ 松風パネル 中古パチスロ実機 [4ch対応],108500,售完,https://www.a-slot.com/SHOP/newgin21.html
1107,西陣 ベルサイユのばら~革命への序曲~FA,P,,ホームスロット,西陣 Pベルサイユのばら～革命への序曲～FA 中古パチンコ実機,52600,售完,https://home-slot.net/SHOP/p-nishijinn213.html
1107,西陣 ベルサイユのばら~革命への序曲~FA,P,,ホームスロット,西陣 Pベルサイユのばら～革命への序曲～MA 枠色不問 中古パチンコ実機,86000,售完,https://home-slot.net/SHOP/p-nishijinn212.html
1108,西陣 花満開 月光 THE FINAL GCA,P,,ホームスロット,西陣 P花満開 月光 THE FINAL 中古パチンコ実機 [枠名：戦舞 花満開月光] [4ch対応],56400,有貨,https://home-slot.net/SHOP/p-nishijinn253.html
1108,西陣 花満開 月光 THE FINAL GCA,P,,ホームスロット,西陣 P花満開 月光 THE FINAL GCA 中古パチンコ実機 [枠名：戦舞 花満開月光ＧＣＡ] [4ch対応],65300,售完,https://home-slot.net/SHOP/p-nishijinn259.html
1113,豊丸 CR餃子の王将3 大盛5000SS,,,ホームスロット,豊丸 CR餃子の王将3 大盛5000SS 枠色不問 中古パチンコ実機,52600,售完,https://home-slot.net/SHOP/p-toyomaru84.html
1113,豊丸 CR餃子の王将3 大盛5000SS,,,ホームスロット,豊丸 CR餃子の王将3 大盛5000 枠色不問 中古パチンコ実機,59000,售完,https://home-slot.net/SHOP/p-toyomaru56.html
1127,A SLOT エイリヤンエボリューション,,Sammy,ホームスロット,サミー A-SLOT エイリヤンエボリューション 中古パチスロ実機,37700,有貨,https://home-slot.net/SHOP/s-sammy134.html
1127,A SLOT エイリヤンエボリューション,,Sammy,A-SLOT,サミー A-SLOT エイリヤンエボリューション 中古パチスロ実機 [4ch対応],47700,有貨,https://www.a-slot.com/SHOP/sammy134.html
1163,CR宮廷女官チャングムの誓いFVA,,Sammy,ホームスロット,サミー CR宮廷女官チャングムの誓いFVA 中古パチンコ実機 [枠名：焔（ホムラ）] [4ch対応],41935,售完,https://home-slot.net/SHOP/p-sammy13.html
1163,CR宮廷女官チャングムの誓いFVA,,Sammy,ホームスロット,サミー CR宮廷女官チャングムの誓い MVA 中古パチンコ実機 [枠名：焔（ホムラ）] [4ch対応],44074,售完,https://home-slot.net/SHOP/p-sammy12.html
1170,DAXEL そらのおとしものフォルテ,,,ホームスロット,DAXEL パチスロ そらのおとしものフォルテ 中古パチスロ実機,35100,有貨,https://home-slot.net/SHOP/s-daxel15.html
1170,DAXEL そらのおとしものフォルテ,,,A-SLOT,DAXEL パチスロ そらのおとしものフォルテ 中古パチスロ実機 [4ch対応],45100,有貨,https://www.a-slot.com/SHOP/daxel15.html
1174,KPE G1優駿倶楽部 うままこパネル,,,ホームスロット,KPE G1優駿倶楽部 [うままこパネル] 中古パチスロ実機,45100,有貨,https://home-slot.net/SHOP/s-kpe207.html
1174,KPE G1優駿倶楽部 うままこパネル,,,A-SLOT,KPE G1優駿倶楽部 [うままこパネル] 中古パチスロ実機 [8ch対応],55100,有貨,https://www.a-slot.com/SHOP/s-kpe207.html
1175,KPE ビートマニア beatmania,,,ホームスロット,KPE ビートマニア （beatmania） 中古パチスロ実機,98500,售完,https://home-slot.net/SHOP/s-kpe22.html
1175,KPE ビートマニア beatmania,,,A-SLOT,KPE ビートマニア （beatmania） 中古パチスロ実機 [4ch対応],108500,售完,https://www.a-slot.com/SHOP/kpe22.html
1176,KPE メタルギア ソリッド スネークイーター,,,ホームスロット,KPE メタルギア ソリッド スネークイーター 中古パチスロ実機,128400,售完,https://home-slot.net/SHOP/s-kpe55.html
1176,KPE メタルギア ソリッド スネークイーター,,,A-SLOT,KPE メタルギアソリッド スネークイーター 中古パチスロ実機 [8ch対応],138400,售完,https://www.a-slot.com/SHOP/kpe55.html
1177,KPE 悪魔城ドラキュラ ラルフVer.,,,ホームスロット,KPE 悪魔城ドラキュラ ラルフVer. 中古パチスロ実機,98500,售完,https://home-slot.net/SHOP/s-kpe9.html
1177,KPE 悪魔城ドラキュラ ラルフVer.,,,A-SLOT,KPE 悪魔城ドラキュラ ラルフVer. 中古パチスロ実機 [4ch対応],108500,售完,https://www.a-slot.com/SHOP/kpe9.html
1178,KPE 戦国コレクション2 サマーVer.,,,ホームスロット,KPE 戦国コレクション2 サマーVer. 中古パチスロ実機,54100,售完,https://home-slot.net/SHOP/s-kpe51.html
1178,KPE 戦国コレクション2 サマーVer.,,,A-SLOT,【お取り寄せ商品】KPE 戦国コレクション2 サマーVer. 中古パチスロ実機 [8ch対応],64100,有貨,https://www.a-slot.com/SHOP/kpe51.html
1179,KPE 麻雀格闘倶楽部 高宮まりパネル,,,ホームスロット,KPE 麻雀格闘倶楽部 高宮まりパネル 中古パチスロ実機,41500,有貨,https://home-slot.net/SHOP/s-kpe48.html
1179,KPE 麻雀格闘倶楽部 高宮まりパネル,,,A-SLOT,KPE 麻雀格闘倶楽部 高宮まりパネル 中古パチスロ実機 [4ch対応],51500,有貨,https://www.a-slot.com/SHOP/kpe48.html
1184,Re ゼロから始める異世界生活 リゼロ,,大都技研,ホームスロット,大都技研 Re:ゼロから始める異世界生活［リゼロ］ 中古パチスロ実機,41500,有貨,https://home-slot.net/SHOP/s-daitogiken202.html
1184,Re ゼロから始める異世界生活 リゼロ,,大都技研,A-SLOT,大都技研 Re:ゼロから始める異世界生活［リゼロ］ 中古パチスロ実機 [8ch対応],51500,有貨,https://www.a-slot.com/SHOP/daitogiken202.html
1185,SHAKE BONUS TRIGGER,スマスロ,大都技研,ホームスロット,大都技研 SHAKE BONUS TRIGGER 中古パチスロ実機 [スマスロ] [8ch対応],285100,有貨,https://home-slot.net/SHOP/s-daito223.html
1185,SHAKE BONUS TRIGGER,スマスロ,大都技研,A-SLOT,大都技研 SHAKE BONUS TRIGGER 中古パチスロ実機 [スマスロ] [8ch対応],295100,有貨,https://www.a-slot.com/SHOP/s-daito223.html
1186,SLOTバジリスク~甲賀忍法帖~III,,エレコ,ホームスロット,エレコ SLOTバジリスク～甲賀忍法帖～III 中古パチスロ実機,35100,售完,https://home-slot.net/SHOP/s-eleco73.html
1186,SLOTバジリスク~甲賀忍法帖~III,,エレコ,A-SLOT,【お取り寄せ商品】エレコ SLOTバジリスク～甲賀忍法帖～III 中古パチスロ実機 [8ch対応],45100,有貨,https://www.a-slot.com/SHOP/eleco73.html
1189,SNKプレイモア 餓狼伝説スペシャル,,,ホームスロット,SNKプレイモア 餓狼伝説スペシャル 中古パチスロ実機,74900,售完,https://home-slot.net/SHOP/s-snk1.html
1189,SNKプレイモア 餓狼伝説スペシャル,,,A-SLOT,SNKプレイモア 餓狼伝説スペシャル 中古パチスロ実機 [4ch対応],84900,售完,https://www.a-slot.com/SHOP/snk1.html
1190,ぱちすろ黄門ちゃま~光れ!正義の印籠編!~,,オリンピア,ホームスロット,オリンピア ぱちすろ黄門ちゃま～光れ!正義の印籠編!～ 中古パチスロ実機,68500,售完,https://home-slot.net/SHOP/s-heiwa70.html
1190,ぱちすろ黄門ちゃま~光れ!正義の印籠編!~,,オリンピア,A-SLOT,オリンピア ぱちすろ黄門ちゃま～光れ!正義の印籠編!～ 中古パチスロ実機 [4ch対応],78500,售完,https://www.a-slot.com/SHOP/heiwa70.html
1199,みどりのマキバオー 届け!!日本一のゴールへ!!,,オリンピア,ホームスロット,オリンピア みどりのマキバオー 届け!!日本一のゴールへ!! 中古パチスロ実機,41500,售完,https://home-slot.net/SHOP/s-heiwa110.html
1199,みどりのマキバオー 届け!!日本一のゴールへ!!,,オリンピア,A-SLOT,オリンピア みどりのマキバオー 届け!!日本一のゴールへ!! 中古パチスロ実機 [4ch対応],51500,售完,https://www.a-slot.com/SHOP/heiwa110.html
1201,アクロス ハナビ マットブラックver.,,,ホームスロット,アクロス ハナビ マットブラックver. 中古パチスロ実機,68500,有貨,https://home-slot.net/SHOP/s-across10.html
1201,アクロス ハナビ マットブラックver.,,,A-SLOT,アクロス ハナビ マットブラックver. 中古パチスロ実機 [8ch対応],78500,有貨,https://www.a-slot.com/SHOP/across10.html
1202,アクロス 沖ドキ! 30 ラブリーガールver.,,,ホームスロット,アクロス 沖ドキ！-30 ラブリーガールver. 中古パチスロ実機,68500,售完,https://home-slot.net/SHOP/s-across5_lovely.html
1202,アクロス 沖ドキ! 30 ラブリーガールver.,,,A-SLOT,アクロス 沖ドキ！-30 ラブリーガールver. 中古パチスロ実機 [8ch対応],78500,售完,https://www.a-slot.com/SHOP/across5_lovely.html
1203,アズールレーン THE ANIMATION,スマスロ,京楽,ホームスロット,京楽 L アズールレーン THE ANIMATION 中古パチスロ実機 [スマスロ][8ch対応][まるごと配送限定],238700,有貨,https://home-slot.net/SHOP/s-kyoraku212.html
1203,アズールレーン THE ANIMATION,スマスロ,京楽,A-SLOT,京楽 L アズールレーン THE ANIMATION 中古パチスロ実機 [スマスロ][8ch対応][まるごと配送限定],248700,有貨,https://www.a-slot.com/SHOP/s-kyoraku212.html
1204,アミューズメント マジカルハロウィン7,,KONAMI,ホームスロット,コナミアミューズメント マジカルハロウィン7 中古パチスロ実機,41500,有貨,https://home-slot.net/SHOP/s-konami204.html
1204,アミューズメント マジカルハロウィン7,,KONAMI,A-SLOT,コナミアミューズメント マジカルハロウィン7 中古パチスロ実機 [4ch対応],51500,有貨,https://www.a-slot.com/SHOP/konami204.html
1205,アミューズメント マジカルハロウィン8,スマスロ,KONAMI,ホームスロット,コナミアミューズメント マジカルハロウィン8 中古パチスロ実機 [スマスロ] [4ch対応],35100,有貨,https://home-slot.net/SHOP/s-konami216.html
1205,アミューズメント マジカルハロウィン8,スマスロ,KONAMI,A-SLOT,コナミアミューズメント マジカルハロウィン8 中古パチスロ実機 [スマスロ] [4ch対応],45100,有貨,https://www.a-slot.com/SHOP/s-konami216.html
1206,アミューズメント 七つの魔剣が支配する,スマスロ,KONAMI,ホームスロット,コナミアミューズメント スマスロ『七つの魔剣が支配する』 中古パチスロ実機 [スマスロ],41500,有貨,https://home-slot.net/SHOP/s-konami222.html
1206,アミューズメント 七つの魔剣が支配する,スマスロ,KONAMI,A-SLOT,コナミアミューズメント スマスロ『七つの魔剣が支配する』 中古パチスロ実機 [スマスロ] [4ch対応],51500,有貨,https://www.a-slot.com/SHOP/s-konami222.html
1209,アムテックス CRAネオビッグシューター,,,ホームスロット,アムテックス CRAネオビッグシューター 枠色不問 中古パチンコ実機 [枠名：ルピナス] [4ch対応],71600,售完,https://home-slot.net/SHOP/p-amutex2.html
1209,アムテックス CRAネオビッグシューター,,,ホームスロット,アムテックス CRAビッグシューターX 中古パチンコ実機 [枠名：ルピナスX] [4ch対応],252500,售完,https://home-slot.net/SHOP/p-amutex4.html
1213,アムテックス タクトオーパス デスティニー,スマスロ,,ホームスロット,アムテックス Lタクトオーパス デスティニー 中古パチスロ実機 [スマスロ] [8ch対応],188700,有貨,https://home-slot.net/SHOP/s-amt216.html
1213,アムテックス タクトオーパス デスティニー,スマスロ,,A-SLOT,アムテックス Lタクトオーパス デスティニー 中古パチスロ実機 [スマスロ] [8ch対応],198700,有貨,https://www.a-slot.com/SHOP/s-amt216.html
1219,アリストクラート 哲也~雀聖と呼ばれた男~,,,ホームスロット,アリストクラート 哲也～雀聖と呼ばれた男～ 中古パチスロ実機,45300,售完,https://home-slot.net/SHOP/s-aristocrat3.html
1219,アリストクラート 哲也~雀聖と呼ばれた男~,,,A-SLOT,アリストクラート 哲也～雀聖と呼ばれた男～ 中古パチスロ実機 [4ch対応],55300,售完,https://www.a-slot.com/SHOP/rodeo18.html
1221,アリストクラート 巨人の星4青春群像編,,,ホームスロット,アリストクラート 巨人の星4青春群像編 中古パチスロ実機,68500,售完,https://home-slot.net/SHOP/s-aristocrat6.html
1221,アリストクラート 巨人の星4青春群像編,,,A-SLOT,アリストクラート 巨人の星4青春群像編 中古パチスロ実機 [4ch対応],78500,售完,https://www.a-slot.com/SHOP/aristocrat6.html
1224,エース電研 CR上へまいりま~す3 JRX,,,ホームスロット,エース電研 CR上へまいりま～す3 JRX 中古パチンコ実機 [枠名：AX] [4ch対応],44278,售完,https://home-slot.net/SHOP/p-ace3.html
1224,エース電研 CR上へまいりま~す3 JRX,,,ホームスロット,エース電研 CR上へまいりま～す3 TRX 中古パチンコ実機 [枠名：AX] [4ch対応],70556,售完,https://home-slot.net/SHOP/p-ace4.html
1228,エース電研 CR押忍!!空手部 激闘編MNA,,,ホームスロット,エース電研 CR押忍!!空手部 激闘編MNA 中古パチンコ実機 [枠名：フレイムフレーム] [4ch対応],47435,售完,https://home-slot.net/SHOP/p-ace46.html
1228,エース電研 CR押忍!!空手部 激闘編MNA,,,ホームスロット,エース電研 CR押忍!!空手部 激闘編XNA 中古パチンコ実機 [枠名：フレイムフレーム] [4ch対応],52600,售完,https://home-slot.net/SHOP/p-ace45.html
1236,クイーンハナハナ 30 クリスタルパネル,,パイオニア,ホームスロット,パイオニア クイーンハナハナ－30 クリスタルパネル 中古パチスロ実機 [8ch対応],44500,售完,https://home-slot.net/SHOP/pioneer33.html
1236,クイーンハナハナ 30 クリスタルパネル,,パイオニア,A-SLOT,パイオニア クイーンハナハナ－30 クリスタルパネル 中古パチスロ実機 [8ch対応],54500,售完,https://www.a-slot.com/SHOP/pioneer33.html
1237,クレアの秘宝伝~眠りの塔とめざめの石~,,大都技研,ホームスロット,大都技研 クレアの秘宝伝～眠りの塔とめざめの石～ 中古パチスロ実機,47800,售完,https://home-slot.net/SHOP/s-daitogiken58.html
1237,クレアの秘宝伝~眠りの塔とめざめの石~,,大都技研,A-SLOT,大都技研 クレアの秘宝伝～眠りの塔とめざめの石～ 中古パチスロ実機 [8ch対応],57800,售完,https://www.a-slot.com/SHOP/daitogiken58.html
1239,ゲゲゲの鬼太郎 ~ブラック鬼太郎の野望~,,藤商事,ホームスロット,藤商事 ゲゲゲの鬼太郎 ～ブラック鬼太郎の野望～ 中古パチスロ実機,41500,售完,https://home-slot.net/SHOP/s-fuji10.html
1239,ゲゲゲの鬼太郎 ~ブラック鬼太郎の野望~,,藤商事,A-SLOT,藤商事 ゲゲゲの鬼太郎 ～ブラック鬼太郎の野望～ 中古パチスロ実機 [4ch対応],51500,售完,https://www.a-slot.com/SHOP/fuji10.html
1240,コルモ 天空のシンフォニア~光を求めて~,,,ホームスロット,コルモ 天空のシンフォニア～光を求めて～ 中古パチスロ実機,47800,售完,https://home-slot.net/SHOP/s-colmo3.html
1240,コルモ 天空のシンフォニア~光を求めて~,,,A-SLOT,コルモ 天空のシンフォニア～光を求めて～ 中古パチスロ実機 [4ch対応],57800,售完,https://www.a-slot.com/SHOP/colmo3.html
1241,サンスリー スーパー海物語IN JAPAN祭,S,,ホームスロット,サンスリー Sスーパー海物語IN JAPAN祭 中古パチスロ実機,41500,售完,https://home-slot.net/SHOP/s-santhree203.html
1241,サンスリー スーパー海物語IN JAPAN祭,S,,A-SLOT,サンスリー Sスーパー海物語IN JAPAN祭 中古パチスロ実機,51500,有貨,https://www.a-slot.com/SHOP/s-santhree203.html
1252,ジャックポットトロピカルバージョン2,,岡崎産業,ホームスロット,岡崎産業 ジャックポットトロピカルバージョン２ 中古パチスロ実機,35100,售完,https://home-slot.net/SHOP/s-okazaki12.html
1252,ジャックポットトロピカルバージョン2,,岡崎産業,A-SLOT,岡崎産業 ジャックポットトロピカルバージョン２ 中古パチスロ実機 [4ch対応],45100,售完,https://www.a-slot.com/SHOP/okazaki12.html
1253,セブンリーグ ゴッドイーター ジ アニメーション,,,ホームスロット,セブンリーグ パチスロ ゴッドイーター ジ・アニメーション 中古パチスロ実機,45300,有貨,https://home-slot.net/SHOP/s-yamasa215.html
1253,セブンリーグ ゴッドイーター ジ アニメーション,,,A-SLOT,セブンリーグ パチスロ ゴッドイーター ジ・アニメーション 中古パチスロ実機 [4ch対応],55300,有貨,https://www.a-slot.com/SHOP/yamasa215.html
1254,セブンリーグ ゴッドイーター リザレクション,スマスロ,,ホームスロット,セブンリーグ スマスロ ゴッドイーター リザレクション 中古パチスロ実機 [スマスロ],56500,有貨,https://home-slot.net/SHOP/s-yamasa238.html
1254,セブンリーグ ゴッドイーター リザレクション,スマスロ,,A-SLOT,セブンリーグ スマスロ ゴッドイーター リザレクション 中古パチスロ実機 [スマスロ] [4ch対応],69100,有貨,https://www.a-slot.com/SHOP/s-yamasa238.html
1256,タイヨーエレック Angel Beats!,,,ホームスロット,タイヨーエレック パチスロAngel Beats！ 中古パチスロ実機 [8ch対応],83500,售完,https://home-slot.net/SHOP/s-taiyo_elec202.html
1256,タイヨーエレック Angel Beats!,,,A-SLOT,タイヨーエレック パチスロAngel Beats！ 中古パチスロ実機 [8ch対応][まるごと配送限定],93500,售完,https://www.a-slot.com/SHOP/taiyo_elec202.html
1257,タイヨーエレック BLOOD+ 二人の女王,,,ホームスロット,タイヨーエレック パチスロBLOOD＋ 二人の女王 中古パチスロ実機,74900,售完,https://home-slot.net/SHOP/s-taiyo_elec29.html
1257,タイヨーエレック BLOOD+ 二人の女王,,,A-SLOT,タイヨーエレック パチスロBLOOD＋ 二人の女王 中古パチスロ実機 [4ch対応],84900,售完,https://www.a-slot.com/SHOP/taiyo_elec29.html
1258,タイヨーエレック CR BLOOD+ ATX,,,ホームスロット,タイヨーエレック CR BLOOD+ HTX 中古パチンコ実機,65300,售完,https://home-slot.net/SHOP/p-taiy13.html
1258,タイヨーエレック CR BLOOD+ ATX,,,ホームスロット,タイヨーエレック CR BLOOD+ ATX 中古パチンコ実機,74200,售完,https://home-slot.net/SHOP/p-taiy20.html
1264,タイヨーエレック 北斗の拳 メインパネル,スマスロ,,ホームスロット,タイヨーエレック スマスロ北斗の拳[メインパネル] 中古パチスロ実機 [スマスロ] [8ch対応],54000,有貨,https://home-slot.net/SHOP/s-taiyo_elec204.html
1264,タイヨーエレック 北斗の拳 メインパネル,スマスロ,,A-SLOT,タイヨーエレック スマスロ北斗の拳[メインパネル] 中古パチスロ実機 [スマスロ][8ch対応][まるごと配送限定],64000,有貨,https://www.a-slot.com/SHOP/s-taiyo_elec204.html
1265,ディ ライト ミッションインポッシブル,,,ホームスロット,ディ・ライト ミッションインポッシブル 中古パチスロ実機,37700,售完,https://home-slot.net/SHOP/s-dlight_1.html
1265,ディ ライト ミッションインポッシブル,,,A-SLOT,ディ・ライト ミッションインポッシブル 中古パチスロ実機 [4ch対応],47700,售完,https://www.a-slot.com/SHOP/dlight_1.html
1266,ディ ライト 戦国美少女 織田信奈の野望,,,ホームスロット,ディ・ライト 戦国美少女 織田信奈の野望 中古パチスロ実機,54100,售完,https://home-slot.net/SHOP/s-dlight_12.html
1266,ディ ライト 戦国美少女 織田信奈の野望,,,A-SLOT,ディ・ライト 戦国美少女 織田信奈の野望 中古パチスロ実機 [4ch対応],64100,售完,https://www.a-slot.com/SHOP/dlight_12.html
1268,デビルマンII 悪魔復活 サタンver.,,エレコ,ホームスロット,エレコ デビルマンII－悪魔復活－ サタンver. 中古パチスロ実機,47800,售完,https://home-slot.net/SHOP/s-eleco33.html
1268,デビルマンII 悪魔復活 サタンver.,,エレコ,A-SLOT,エレコ デビルマンII－悪魔復活－ サタンver. 中古パチスロ実機 [8ch対応],57800,售完,https://www.a-slot.com/SHOP/eleco33.html
1269,バジリスク 甲賀忍法帖 破幻の瞳パネル,,ミズホ,ホームスロット,ミズホ バジリスク 甲賀忍法帖 破幻の瞳パネル 中古パチスロ実機,37909,售完,https://home-slot.net/SHOP/s-mizuho-macy22.html
1269,バジリスク 甲賀忍法帖 破幻の瞳パネル,,ミズホ,A-SLOT,ミズホ バジリスク 甲賀忍法帖 破幻の瞳パネル 中古パチスロ実機 [4ch対応],68220,售完,https://www.a-slot.com/SHOP/mizuho-macy22.html
1271,ビスティ GTO~Limit Break~,,,ホームスロット,ビスティ GTO～Limit Break～ 中古パチスロ実機,35100,售完,https://home-slot.net/SHOP/s-sankyo56.html
1271,ビスティ GTO~Limit Break~,,,A-SLOT,ビスティ GTO～Limit Break～ 中古パチスロ実機 [4ch対応],45100,售完,https://www.a-slot.com/SHOP/sankyo56.html
1272,ビスティ エヴァンゲリヲンAT777,,,ホームスロット,ビスティ パチスロ エヴァンゲリヲンAT777 中古パチスロ実機,35100,售完,https://home-slot.net/SHOP/s-sankyo202.html
1272,ビスティ エヴァンゲリヲンAT777,,,A-SLOT,ビスティ パチスロ エヴァンゲリヲンAT777 中古パチスロ実機 [4ch対応],45100,售完,https://www.a-slot.com/SHOP/sankyo202.html
1276,ブロス SLOTデッドオアアライブ5,,ユニバーサル,ホームスロット,ユニバーサルブロス SLOTデッドオアアライブ5 中古パチスロ実機,37700,售完,https://home-slot.net/SHOP/s-univerasal14.html
1276,ブロス SLOTデッドオアアライブ5,,ユニバーサル,A-SLOT,ユニバーサルブロス SLOTデッドオアアライブ5 中古パチスロ実機 [8ch対応],47700,有貨,https://www.a-slot.com/SHOP/univerasal14.html
1281,ロックマン アビリティ 史上最大の試練,,スパイキー,ホームスロット,スパイキー ロックマン アビリティ 史上最大の試練 中古パチスロ実機,37700,售完,https://home-slot.net/SHOP/s-spyki_202.html
1281,ロックマン アビリティ 史上最大の試練,,スパイキー,A-SLOT,【お取り寄せ商品】スパイキー ロックマン アビリティ 史上最大の試練 中古パチスロ実機 [4ch対応],47700,有貨,https://www.a-slot.com/SHOP/spyki_202.html
1286,地獄少女 あとはあなたが決めることよ,S,藤商事,ホームスロット,藤商事 S地獄少女 あとはあなたが決めることよ 中古パチスロ実機 [8ch対応],47800,售完,https://home-slot.net/SHOP/s-fuji203.html
1286,地獄少女 あとはあなたが決めることよ,S,藤商事,A-SLOT,【お取り寄せ商品】藤商事 S地獄少女 あとはあなたが決めることよ 中古パチスロ実機 [4ch対応],57800,有貨,https://www.a-slot.com/SHOP/fuji203.html
1288,戦国乙女 暁の関ヶ原 DARKNESS,,オリンピア,ホームスロット,オリンピア パチスロ戦国乙女 暁の関ヶ原－DARKNESS－ 中古パチスロ実機 [8ch対応],74900,售完,https://home-slot.net/SHOP/s-heiwa217.html
1288,戦国乙女 暁の関ヶ原 DARKNESS,,オリンピア,A-SLOT,【お取り寄せ商品】オリンピア パチスロ戦国乙女 暁の関ヶ原－DARKNESS－ 中古パチスロ実機 [8ch対応],84900,有貨,https://www.a-slot.com/SHOP/heiwa217.html
1289,戦国 花の慶次~これより我ら修羅に入る~,,ニューギン,ホームスロット,ニューギン 戦国パチスロ花の慶次～これより我ら修羅に入る～ 中古パチスロ実機,54100,售完,https://home-slot.net/SHOP/s-newgin26.html
1289,戦国 花の慶次~これより我ら修羅に入る~,,ニューギン,A-SLOT,【お取り寄せ商品】ニューギン 戦国パチスロ花の慶次～これより我ら修羅に入る～ 中古パチスロ実機 [4ch対応],64100,有貨,https://www.a-slot.com/SHOP/newgin26.html
1290,戦国 花の慶次~天を穿つ戦槍~剛弓ver.,,ニューギン,ホームスロット,ニューギン 戦国パチスロ花の慶次～天を穿つ戦槍～剛弓ver. 中古パチスロ実機,35100,售完,https://home-slot.net/SHOP/s-newgin201.html
1290,戦国 花の慶次~天を穿つ戦槍~剛弓ver.,,ニューギン,A-SLOT,【お取り寄せ商品】ニューギン 戦国パチスロ花の慶次～天を穿つ戦槍～剛弓ver. 中古パチスロ実機 [4ch対応],45100,有貨,https://www.a-slot.com/SHOP/newgin201.html
1291,新 必殺仕置人 回胴 CRASH SPEC,スマスロ,京楽,ホームスロット,京楽 L 新・必殺仕置人 回胴 CRASH SPEC 中古パチスロ実機 [スマスロ][8ch対応][まるごと配送限定],40100,有貨,https://home-slot.net/SHOP/s-kyoraku209.html
1291,新 必殺仕置人 回胴 CRASH SPEC,スマスロ,京楽,A-SLOT,京楽 L 新・必殺仕置人 回胴 CRASH SPEC 中古パチスロ実機 [スマスロ][8ch対応][まるごと配送限定],50100,有貨,https://www.a-slot.com/SHOP/s-kyoraku209.html
1292,新日テクノロジー 織田信奈の野望 全国版,S,,ホームスロット,新日テクノロジー S 織田信奈の野望 全国版 中古パチスロ実機,41500,有貨,https://home-slot.net/SHOP/s-spyki_209.html
1292,新日テクノロジー 織田信奈の野望 全国版,S,,A-SLOT,新日テクノロジー S 織田信奈の野望 全国版 中古パチスロ実機 [4ch対応],51500,有貨,https://www.a-slot.com/SHOP/s-spyki_209.html
1295,絶対衝激~PLATONIC HEART~,スマスロ,スパイキー,ホームスロット,スパイキー Ｌ 絶対衝激～PLATONIC HEART～ 中古パチスロ実機 [スマスロ] [4ch対応],40100,有貨,https://home-slot.net/SHOP/s-spyki210.html
1295,絶対衝激~PLATONIC HEART~,スマスロ,スパイキー,A-SLOT,スパイキー Ｌ 絶対衝激～PLATONIC HEART～ 中古パチスロ実機 [スマスロ] [4ch対応],50100,有貨,https://www.a-slot.com/SHOP/s-spyki210.html
1297,西陣 CRA甦りぱちんこ~春夏秋冬~MA,,,ホームスロット,西陣 CRA甦りぱちんこ～春夏秋冬～MA 中古パチンコ実機,52600,售完,https://home-slot.net/SHOP/p-nishijinn73.html
1297,西陣 CRA甦りぱちんこ~春夏秋冬~MA,,,ホームスロット,西陣 CRA甦りぱちんこ～春夏秋冬～M 中古パチンコ実機,59000,售完,https://home-slot.net/SHOP/p-nishijinn74.html
1298,西陣 CRA甦りぱちんこ~花満開~GLA,,,ホームスロット,西陣 CRA甦りぱちんこ～花満開～GLA 中古パチンコ実機,52600,售完,https://home-slot.net/SHOP/p-nishijinn71.html
1298,西陣 CRA甦りぱちんこ~花満開~GLA,,,ホームスロット,西陣 CRA甦りぱちんこ～花満開～GL 中古パチンコ実機,65300,售完,https://home-slot.net/SHOP/p-nishijinn72.html
1299,西陣 CRゴールデンゲート~BLACK~GL,,,ホームスロット,西陣 CRゴールデンゲート～BLACK～F 中古パチンコ実機,52600,售完,https://home-slot.net/SHOP/p-nishijinn102.html
1299,西陣 CRゴールデンゲート~BLACK~GL,,,ホームスロット,西陣 CRゴールデンゲート~BLACK~GL 中古パチンコ実機,107300,售完,https://home-slot.net/SHOP/p-nishijinn109.html
1314,銀座 A SLOT+ 異世界かるてっと BT,スマスロ,,ホームスロット,銀座 A-SLOT+ 異世界かるてっと BT 中古パチスロ実機 [スマスロ][8ch対応][まるごと配送限定],180100,有貨,https://home-slot.net/SHOP/s-ginza216.html
1314,銀座 A SLOT+ 異世界かるてっと BT,スマスロ,,A-SLOT,銀座 A-SLOT+ 異世界かるてっと BT 中古パチスロ実機 [スマスロ][8ch対応][まるごと配送限定],190100,有貨,https://www.a-slot.com/SHOP/s-ginza216.html
1317,闘魂継承アントニオ猪木という名の 機,,オリンピア,ホームスロット,オリンピア 闘魂継承アントニオ猪木という名のパチスロ機 中古パチスロ実機,41500,售完,https://home-slot.net/SHOP/s-heiwa207.html
1317,闘魂継承アントニオ猪木という名の 機,,オリンピア,A-SLOT,オリンピア 闘魂継承アントニオ猪木という名のパチスロ機 中古パチスロ実機 [8ch対応],51500,售完,https://www.a-slot.com/SHOP/heiwa207.html
1334,黄門ちゃまV女神盛 MEGAMORI,,オリンピア,ホームスロット,オリンピア パチスロ黄門ちゃまV女神盛-MEGAMORI- 中古パチスロ実機,40100,售完,https://home-slot.net/SHOP/s-heiwa204.html
1334,黄門ちゃまV女神盛 MEGAMORI,,オリンピア,A-SLOT,【お取り寄せ商品】オリンピア パチスロ黄門ちゃまV女神盛-MEGAMORI- 中古パチスロ実機 [8ch対応],50100,有貨,https://www.a-slot.com/SHOP/heiwa204.html
1346,CRF機動戦艦ナデシコM.O.E‐NX,,SANKYO,ホームスロット,SANKYO CRF機動戦艦ナデシコM.O.E‐RX 枠色不問 中古パチンコ実機,86000,售完,https://home-slot.net/SHOP/p-sankyo29.html
1346,CRF機動戦艦ナデシコM.O.E‐NX,,SANKYO,ホームスロット,SANKYO CRF機動戦艦ナデシコM.O.E‐NX 中古パチンコ実機,122300,售完,https://home-slot.net/SHOP/p-sankyo25.html
1355,CRコブラ~追憶のシンフォニア~N T,,ニューギン,ホームスロット,ニューギン CRコブラ～追憶のシンフォニア～N-T 枠色不問 中古パチンコ実機,52600,售完,https://home-slot.net/SHOP/p-newgin159.html
1355,CRコブラ~追憶のシンフォニア~N T,,ニューギン,ホームスロット,ニューギン CRコブラ－追憶のシンフォニア－ 中古パチンコ実機,86000,售完,https://home-slot.net/SHOP/p-newgin154.html
1381,DAXEL ウィッチクラフトワークス,,,ホームスロット,DAXEL パチスロ ウィッチクラフトワークス 中古パチスロ実機,35100,售完,https://home-slot.net/SHOP/s-daxel14.html
1381,DAXEL ウィッチクラフトワークス,,,A-SLOT,【お取り寄せ商品】DAXEL パチスロ ウィッチクラフトワークス 中古パチスロ実機 [4ch対応],45100,有貨,https://www.a-slot.com/SHOP/daxel14.html
1382,DAXEL 百花繚乱サムライガールズ,,,ホームスロット,DAXEL パチスロ百花繚乱サムライガールズ 中古パチスロ実機,35100,有貨,https://home-slot.net/SHOP/s-daxel12.html
1382,DAXEL 百花繚乱サムライガールズ,,,A-SLOT,DAXEL パチスロ百花繚乱サムライガールズ 中古パチスロ実機 [4ch対応],45100,有貨,https://www.a-slot.com/SHOP/daxel12.html
1385,EXCITE 戦国 義風堂々!! ~兼続と慶次~,,,ホームスロット,EXCITE 戦国パチスロ 義風堂々!! ～兼続と慶次～ 中古パチスロ実機,35100,有貨,https://home-slot.net/SHOP/s-excite201.html
1385,EXCITE 戦国 義風堂々!! ~兼続と慶次~,,,A-SLOT,EXCITE 戦国パチスロ 義風堂々!! ～兼続と慶次～ 中古パチスロ実機 [4ch対応],45100,有貨,https://www.a-slot.com/SHOP/excite201.html
1386,EXCITE 花の慶次~佐渡攻めの章~,スマスロ,,ホームスロット,EXCITE パチスロ花の慶次～佐渡攻めの章～ 中古パチスロ実機 [スマスロ],57900,有貨,https://home-slot.net/SHOP/s-excite206.html
1386,EXCITE 花の慶次~佐渡攻めの章~,スマスロ,,A-SLOT,EXCITE パチスロ花の慶次～佐渡攻めの章～ 中古パチスロ実機 [スマスロ],67900,有貨,https://www.a-slot.com/SHOP/s-excite206.html
1387,EXCITE 這いよれ!ニャル子さん,,,ホームスロット,EXCITE パチスロ這いよれ!ニャル子さん 中古パチスロ実機,35100,有貨,https://home-slot.net/SHOP/s-excite204.html
1387,EXCITE 這いよれ!ニャル子さん,,,A-SLOT,EXCITE パチスロ這いよれ!ニャル子さん 中古パチスロ実機 [4ch対応],45100,有貨,https://www.a-slot.com/SHOP/s-excite204.html
1389,JPS クイーンズブレイド 流浪の戦士,,,ホームスロット,JPS パチスロ クイーンズブレイド 流浪の戦士 中古パチスロ実機,37700,售完,https://home-slot.net/SHOP/s-jps25.html
1389,JPS クイーンズブレイド 流浪の戦士,,,A-SLOT,JPS パチスロ クイーンズブレイド 流浪の戦士 中古パチスロ実機 [4ch対応],47700,售完,https://www.a-slot.com/SHOP/jps25.html
1391,NET 世界で叩け!モグモグ風林火山,,,ホームスロット,NET 世界で叩け!モグモグ風林火山 中古パチスロ実機,136700,售完,https://home-slot.net/SHOP/s-net28.html
1391,NET 世界で叩け!モグモグ風林火山,,,A-SLOT,NET 世界で叩け!モグモグ風林火山 中古パチスロ実機 [4ch対応],146700,售完,https://www.a-slot.com/SHOP/net28.html
1395,SLOTアカギ~闇に降り立った天才~,,メーシー,ホームスロット,メーシー SLOTアカギ～闇に降り立った天才～ 中古パチスロ実機,68500,售完,https://home-slot.net/SHOP/s-mizuho-macy61.html
1395,SLOTアカギ~闇に降り立った天才~,,メーシー,A-SLOT,メーシー SLOTアカギ～闇に降り立った天才～ 中古パチスロ実機 [8ch対応],78500,售完,https://www.a-slot.com/SHOP/mizuho-macy61.html
1396,SNKプレイモア メタルスラッグ3,,,ホームスロット,SNKプレイモア メタルスラッグ3 中古パチスロ実機,68500,售完,https://home-slot.net/SHOP/s-snk43.html
1396,SNKプレイモア メタルスラッグ3,,,A-SLOT,SNKプレイモア メタルスラッグ3 中古パチスロ実機 [4ch対応],78500,售完,https://www.a-slot.com/SHOP/snk43.html
1397,WORLD JPS ハクション大魔王,,,ホームスロット,WORLD(JPS) パチスロ ハクション大魔王 中古パチスロ実機,37700,售完,https://home-slot.net/SHOP/s-jps203.html
1397,WORLD JPS ハクション大魔王,,,A-SLOT,【お取り寄せ商品】WORLD(JPS) パチスロ ハクション大魔王 中古パチスロ実機,47700,有貨,https://www.a-slot.com/SHOP/jps203.html
1407,アクロス 沖ドキ! 30 バカンスver.,,,ホームスロット,アクロス 沖ドキ！-30 バカンスver. 中古パチスロ実機,68500,售完,https://home-slot.net/SHOP/s-across5_vacation.html
1407,アクロス 沖ドキ! 30 バカンスver.,,,A-SLOT,アクロス 沖ドキ！-30 バカンスver. 中古パチスロ実機 [8ch対応],78500,有貨,https://www.a-slot.com/SHOP/across5_vacation.html
1408,アデリオン バイオハザード ヴィレッジ,スマスロ,,ホームスロット,アデリオン スマスロ バイオハザード ヴィレッジ 中古パチスロ実機 [スマスロ] [8ch対応],35100,有貨,https://home-slot.net/SHOP/s-adelion204.html
1408,アデリオン バイオハザード ヴィレッジ,スマスロ,,A-SLOT,アデリオン スマスロ バイオハザード ヴィレッジ 中古パチスロ実機 [スマスロ] [8ch対応],45100,有貨,https://www.a-slot.com/SHOP/s-adelion204.html
1410,アナザーゴッドハーデス ダークネスver.,,ミズホ,ホームスロット,ミズホ アナザーゴッドハーデス-ダークネスver.- 中古パチスロ実機,78500,有貨,https://home-slot.net/SHOP/s-mizuho-macy42.html
1410,アナザーゴッドハーデス ダークネスver.,,ミズホ,A-SLOT,ミズホ アナザーゴッドハーデス-ダークネスver.- 中古パチスロ実機 [8ch対応],88500,有貨,https://www.a-slot.com/SHOP/mizuho-macy42.html
1412,アナザーゴッドポセイドン 海皇の参戦,,エレコ,ホームスロット,エレコ アナザーゴッドポセイドン－海皇の参戦－ 中古パチスロ実機 [8ch対応],68500,售完,https://home-slot.net/SHOP/s-eleco74.html
1412,アナザーゴッドポセイドン 海皇の参戦,,エレコ,A-SLOT,エレコ アナザーゴッドポセイドン－海皇の参戦－ 中古パチスロ実機 [8ch対応][まるごと配送限定],78500,售完,https://www.a-slot.com/SHOP/eleco74.html
1413,アナターのオット!?はーです ピンクパネル,,ミズホ,ホームスロット,ミズホ アナターのオット！？はーです[ピンクパネル] 中古パチスロ実機,37100,有貨,https://home-slot.net/SHOP/s-mizuho-macy213.html
1413,アナターのオット!?はーです ピンクパネル,,ミズホ,A-SLOT,ミズホ アナターのオット！？はーです [ピンクパネル] 中古パチスロ実機,47100,有貨,https://www.a-slot.com/SHOP/s-mizuho-macy213.html
1415,アミューズメント G1優駿倶楽部黄金,スマスロ,KONAMI,ホームスロット,コナミアミューズメント G1優駿倶楽部黄金 中古パチスロ実機 [スマスロ],88500,售完,https://home-slot.net/SHOP/s-konami218.html
1415,アミューズメント G1優駿倶楽部黄金,スマスロ,KONAMI,A-SLOT,【お取り寄せ商品】コナミアミューズメント G1優駿倶楽部黄金 中古パチスロ実機 [スマスロ],98500,有貨,https://www.a-slot.com/SHOP/s-konami218.html
1416,アミューズメント わたしの幸せな結婚,スマスロ,KONAMI,ホームスロット,コナミアミューズメント わたしの幸せな結婚 中古パチスロ実機 [スマスロ] [4ch対応],35100,有貨,https://home-slot.net/SHOP/s-konami223.html
1416,アミューズメント わたしの幸せな結婚,スマスロ,KONAMI,A-SLOT,コナミアミューズメント わたしの幸せな結婚 中古パチスロ実機 [スマスロ] [4ch対応],45100,有貨,https://www.a-slot.com/SHOP/s-konami223.html
1417,アミューズメント 戦国コレクション4,,KONAMI,ホームスロット,コナミアミューズメント 戦国コレクション4 中古パチスロ実機,54100,有貨,https://home-slot.net/SHOP/s-konami206.html
1417,アミューズメント 戦国コレクション4,,KONAMI,A-SLOT,コナミアミューズメント 戦国コレクション4 中古パチスロ実機 [4ch対応],64100,有貨,https://www.a-slot.com/SHOP/konami206.html
1418,アミューズメント 転生したら剣でした,スマスロ,KONAMI,ホームスロット,コナミアミューズメント パチスロ 転生したら剣でした 中古パチスロ実機 [スマスロ] [4ch対応],40100,有貨,https://home-slot.net/SHOP/s-konami224.html
1418,アミューズメント 転生したら剣でした,スマスロ,KONAMI,A-SLOT,コナミアミューズメント パチスロ 転生したら剣でした 中古パチスロ実機 [スマスロ] [4ch対応],50100,有貨,https://www.a-slot.com/SHOP/s-konami224.html
1423,アムテックス 南国育ち~蝶々ver~25φ,,,ホームスロット,アムテックス 南国育ち～蝶々ver～25φ 中古パチスロ実機,74900,售完,https://home-slot.net/SHOP/s-amt201.html
1423,アムテックス 南国育ち~蝶々ver~25φ,,,A-SLOT,アムテックス 南国育ち～蝶々ver～25φ 中古パチスロ実機 [4ch対応],84900,售完,https://www.a-slot.com/SHOP/amt201.html
1424,アムテックス 南国育ち~蝶々ver~30φ,,,ホームスロット,アムテックス 南国育ち～蝶々ver～30φ 中古パチスロ実機,41500,售完,https://home-slot.net/SHOP/s-amt200.html
1424,アムテックス 南国育ち~蝶々ver~30φ,,,A-SLOT,アムテックス 南国育ち～蝶々ver～30φ 中古パチスロ実機 [4ch対応],51500,售完,https://www.a-slot.com/SHOP/amt200.html
1430,オーイズミ それいけ!こすみっくヒーローズ,,,ホームスロット,オーイズミ それいけ!こすみっくヒーローズ 中古パチスロ実機,41500,售完,https://home-slot.net/SHOP/s-oizumi14.html
1430,オーイズミ それいけ!こすみっくヒーローズ,,,A-SLOT,オーイズミ それいけ!こすみっくヒーローズ 中古パチスロ実機 [4ch対応],51500,售完,https://www.a-slot.com/SHOP/oizumi14.html
1431,オーイズミ 閃乱カグラBURST UP,,,ホームスロット,オーイズミ パチスロ閃乱カグラBURST UP 中古パチスロ実機 [8ch対応][まるごと配送限定],35100,售完,https://home-slot.net/SHOP/s-oizumi212.html
1431,オーイズミ 閃乱カグラBURST UP,,,A-SLOT,【お取り寄せ商品】オーイズミ パチスロ閃乱カグラBURST UP 中古パチスロ実機 [8ch対応][まるごと配送限定],45100,有貨,https://www.a-slot.com/SHOP/s-oizumi212.html
1432,オッケー. L ULTRAMAN 最終決戦,スマスロ,,ホームスロット,オッケー. L ULTRAMAN 最終決戦 中古パチスロ実機 [スマスロ][8ch対応][まるごと配送限定],74100,有貨,https://home-slot.net/SHOP/s-ok205.html
1432,オッケー. L ULTRAMAN 最終決戦,スマスロ,,A-SLOT,オッケー. L ULTRAMAN 最終決戦 中古パチスロ実機 [スマスロ][8ch対応][まるごと配送限定],84100,有貨,https://www.a-slot.com/SHOP/s-ok205.html
1434,ガールフレンド 仮 ~聖櫻学園メモリアル~,,オリンピア,ホームスロット,オリンピア パチスロ ガールフレンド（仮） ～聖櫻学園メモリアル～ 中古パチスロ実機,93600,售完,https://home-slot.net/SHOP/s-heiwa141.html
1434,ガールフレンド 仮 ~聖櫻学園メモリアル~,,オリンピア,A-SLOT,オリンピア パチスロ ガールフレンド（仮） ～聖櫻学園メモリアル～ 中古パチスロ実機 [8ch対応],103600,售完,https://www.a-slot.com/SHOP/heiwa141.html
1435,キャッツ アイ コレクション奪還作戦,,オリンピア,ホームスロット,オリンピア キャッツ・アイ－コレクション奪還作戦 中古パチスロ実機,54100,售完,https://home-slot.net/SHOP/s-heiwa93.html
1435,キャッツ アイ コレクション奪還作戦,,オリンピア,A-SLOT,オリンピア キャッツ・アイ－コレクション奪還作戦 中古パチスロ実機 [4ch対応],64100,售完,https://www.a-slot.com/SHOP/heiwa93.html
1454,ジェイビー CRフィーバークィーンII DX,,,ホームスロット,ジェイビー CRフィーバークィーンII MX 中古パチンコ実機,52600,售完,https://home-slot.net/SHOP/p-jb20.html
1454,ジェイビー CRフィーバークィーンII DX,,,ホームスロット,ジェイビー CRフィーバークィーンII DX 中古パチンコ実機,70300,售完,https://home-slot.net/SHOP/p-jb18.html
1458,スマート沖スロ ドラゴンハナハナ~閃光~,スマスロ,パイオニア,ホームスロット,パイオニア スマート沖スロ ドラゴンハナハナ～閃光～ 中古パチスロ実機 [スマスロ] [4ch対応],386900,有貨,https://home-slot.net/SHOP/s-pioneer223.html
1458,スマート沖スロ ドラゴンハナハナ~閃光~,スマスロ,パイオニア,A-SLOT,パイオニア スマート沖スロ ドラゴンハナハナ～閃光～ 中古パチスロ実機 [スマスロ] [4ch対応],396900,有貨,https://www.a-slot.com/SHOP/s-pioneer223.html
1459,スマート沖スロ ニューキングハナハナV,スマスロ,パイオニア,ホームスロット,パイオニア スマート沖スロ ニューキングハナハナV 中古パチスロ実機 [スマスロ],640300,售完,https://home-slot.net/SHOP/s-pioneer231.html
1459,スマート沖スロ ニューキングハナハナV,スマスロ,パイオニア,A-SLOT,パイオニア スマート沖スロ ニューキングハナハナV 中古パチスロ実機 [スマスロ],650300,售完,https://www.a-slot.com/SHOP/s-pioneer231.html
1462,タイヨーエレック CR龍が如く見参!極,,,ホームスロット,タイヨーエレック CR龍が如く見参!閃 中古パチンコ実機,36231,售完,https://home-slot.net/SHOP/p-taiyo28.html
1462,タイヨーエレック CR龍が如く見参!極,,,ホームスロット,タイヨーエレック CR龍が如く見参!極 中古パチンコ実機,364200,售完,https://home-slot.net/SHOP/p-taiyo27.html
1464,タイヨーエレック 北斗の拳 拳王パネル,スマスロ,,ホームスロット,タイヨーエレック スマスロ北斗の拳[拳王パネル] 中古パチスロ実機 [スマスロ] [8ch対応],61500,有貨,https://home-slot.net/SHOP/s-taiyo_elec206.html
1464,タイヨーエレック 北斗の拳 拳王パネル,スマスロ,,A-SLOT,タイヨーエレック スマスロ北斗の拳[拳王パネル] 中古パチスロ実機 [スマスロ][8ch対応][まるごと配送限定],71500,有貨,https://www.a-slot.com/SHOP/s-taiyo_elec206.html
1465,タイヨーエレック 機動新撰組 萌えよ剣,,,ホームスロット,タイヨーエレック パチスロ機動新撰組 萌えよ剣 中古パチスロ実機,35100,售完,https://home-slot.net/SHOP/s-taiyo_elec3.html
1465,タイヨーエレック 機動新撰組 萌えよ剣,,,A-SLOT,タイヨーエレック パチスロ機動新撰組 萌えよ剣 中古パチスロ実機 [4ch対応],45100,售完,https://www.a-slot.com/SHOP/taiyo_elec3.html
1466,タイヨーエレック 火曜サスペンス劇場,,,ホームスロット,タイヨーエレック パチスロ火曜サスペンス劇場 中古パチスロ実機,54100,售完,https://home-slot.net/SHOP/s-taiyo_elec30.html
1466,タイヨーエレック 火曜サスペンス劇場,,,A-SLOT,タイヨーエレック パチスロ火曜サスペンス劇場 中古パチスロ実機 [4ch対応],64100,售完,https://www.a-slot.com/SHOP/taiyo_elec30.html
1475,ニューシオサイ 30 レジェンドパネル,,パイオニア,ホームスロット,パイオニア ニューシオサイ-30[レジェンドパネル] 中古パチスロ実機,35100,售完,https://home-slot.net/SHOP/s-pioneer46.html
1475,ニューシオサイ 30 レジェンドパネル,,パイオニア,A-SLOT,パイオニア ニューシオサイ-30[レジェンドパネル] 中古パチスロ実機 [4ch対応],45100,售完,https://www.a-slot.com/SHOP/pioneer46.html
1477,ニューラッキージャックポット 7Ver.,,岡崎産業,ホームスロット,岡崎産業 ニューラッキージャックポット 7Ver. 中古パチスロ実機,74900,售完,https://home-slot.net/SHOP/s-okazaki15.html
1477,ニューラッキージャックポット 7Ver.,,岡崎産業,A-SLOT,【お取り寄せ商品】岡崎産業 ニューラッキージャックポット 7Ver. 中古パチスロ実機 [4ch対応],84900,有貨,https://www.a-slot.com/SHOP/okazaki15.html
1478,ネクスト TIGER & BUNNY SP,,山佐,ホームスロット,山佐ネクスト パチスロ TIGER & BUNNY SP 中古パチスロ実機,35100,售完,https://home-slot.net/SHOP/s-yamasa223.html
1478,ネクスト TIGER & BUNNY SP,,山佐,A-SLOT,山佐ネクスト パチスロ TIGER & BUNNY SP 中古パチスロ実機 [4ch対応],45100,售完,https://www.a-slot.com/SHOP/s-yamasa223.html
1479,バジリスク 甲賀忍法帖 メインパネル,,ミズホ,ホームスロット,ミズホ バジリスク 甲賀忍法帖 メインパネル 中古パチスロ実機,68500,售完,https://home-slot.net/SHOP/s-mizuho-macy20.html
1479,バジリスク 甲賀忍法帖 メインパネル,,ミズホ,A-SLOT,ミズホ バジリスク 甲賀忍法帖 メインパネル 中古パチスロ実機 [4ch対応],78500,有貨,https://www.a-slot.com/SHOP/mizuho-macy20.html
1480,バルテック じゃりン子チエ雷蔵伝説,,,ホームスロット,バルテック じゃりン子チエ雷蔵伝説 中古パチスロ実機,68500,售完,https://home-slot.net/SHOP/s-baltec3.html
1480,バルテック じゃりン子チエ雷蔵伝説,,,A-SLOT,バルテック じゃりン子チエ雷蔵伝説 中古パチスロ実機 [4ch対応],78500,售完,https://www.a-slot.com/SHOP/baltec3.html
1486,ビスティ エヴァンゲリヲン 希望の槍,,,ホームスロット,ビスティ エヴァンゲリヲン・希望の槍 中古パチスロ実機,41500,售完,https://home-slot.net/SHOP/s-sankyo121.html
1486,ビスティ エヴァンゲリヲン 希望の槍,,,A-SLOT,【お取り寄せ商品】ビスティ エヴァンゲリヲン・希望の槍 中古パチスロ実機 [4ch対応],51500,售完,https://www.a-slot.com/SHOP/sankyo121.html
1487,ビスティ エヴァンゲリヲン~決意の刻~,,,ホームスロット,ビスティ エヴァンゲリヲン～決意の刻～ 中古パチスロ実機,45300,有貨,https://home-slot.net/SHOP/s-sankyo75.html
1487,ビスティ エヴァンゲリヲン~決意の刻~,,,A-SLOT,ビスティ エヴァンゲリヲン～決意の刻～ 中古パチスロ実機 [4ch対応],55300,有貨,https://www.a-slot.com/SHOP/sankyo75.html
1490,ビスティ ゴジラ対エヴァンゲリオン,スマスロ,,ホームスロット,ビスティ L ゴジラ対エヴァンゲリオン 中古パチスロ実機 [スマスロ],47800,有貨,https://home-slot.net/SHOP/s-sankyo222.html
1490,ビスティ ゴジラ対エヴァンゲリオン,スマスロ,,A-SLOT,ビスティ L ゴジラ対エヴァンゲリオン 中古パチスロ実機 [スマスロ] [4ch対応],57800,有貨,https://www.a-slot.com/SHOP/s-sankyo222.html
1491,ビスティ シャア専用 逆襲の赤い彗星,,,ホームスロット,ビスティ シャア専用パチスロ 逆襲の赤い彗星 中古パチスロ実機,47800,售完,https://home-slot.net/SHOP/s-sankyo206.html
1491,ビスティ シャア専用 逆襲の赤い彗星,,,A-SLOT,ビスティ シャア専用パチスロ 逆襲の赤い彗星 中古パチスロ実機 [4ch対応],57800,有貨,https://www.a-slot.com/SHOP/sankyo206.html
1492,ビスティ 機動戦士ガンダムSEED,スマスロ,,ホームスロット,ビスティ Lパチスロ 機動戦士ガンダムSEED 中古パチスロ実機 [スマスロ] [4ch対応],35100,有貨,https://home-slot.net/SHOP/s-bisty225.html
1492,ビスティ 機動戦士ガンダムSEED,スマスロ,,A-SLOT,ビスティ Lパチスロ 機動戦士ガンダムSEED 中古パチスロ実機 [スマスロ] [4ch対応],45100,有貨,https://www.a-slot.com/SHOP/s-bisty225.html
1493,ビスティ 機動戦士ガンダムユニコーン,,,ホームスロット,ビスティ パチスロ機動戦士ガンダムユニコーン 中古パチスロ実機,35100,有貨,https://home-slot.net/SHOP/s-sankyo209.html
1493,ビスティ 機動戦士ガンダムユニコーン,,,A-SLOT,ビスティ パチスロ機動戦士ガンダムユニコーン 中古パチスロ実機 [4ch対応],45100,有貨,https://www.a-slot.com/SHOP/s-sankyo209.html
1500,モンスターハンター ワールドTM 黄金狩猟,,エンターライズ,ホームスロット,エンターライズ パチスロ モンスターハンター：ワールドTM 黄金狩猟 中古パチスロ実機,35100,有貨,https://home-slot.net/SHOP/s-enta206.html
1500,モンスターハンター ワールドTM 黄金狩猟,,エンターライズ,A-SLOT,エンターライズ パチスロ モンスターハンター：ワールドTM 黄金狩猟 中古パチスロ実機 [8ch対応],45100,有貨,https://www.a-slot.com/SHOP/enta206.html
1501,ヤーマ スーパービンゴネオクラシック 30,,,ホームスロット,ヤーマ スーパービンゴネオクラシック-30 中古パチスロ実機,35100,售完,https://home-slot.net/SHOP/s-yama202.html
1501,ヤーマ スーパービンゴネオクラシック 30,,,A-SLOT,ヤーマ スーパービンゴネオクラシック-30 中古パチスロ実機,45100,售完,https://www.a-slot.com/SHOP/s-yama202.html
1502,リングにかけろ1 ギリシア十二神編,,Sammy,ホームスロット,サミー パチスロ リングにかけろ1 ギリシア十二神編 中古パチスロ実機,54100,售完,https://home-slot.net/SHOP/s-sammy84.html
1502,リングにかけろ1 ギリシア十二神編,,Sammy,A-SLOT,サミー パチスロ リングにかけろ1 ギリシア十二神編 中古パチスロ実機 [4ch対応],64100,售完,https://www.a-slot.com/SHOP/sammy84.html
1503,ルーニー テューンズ バック イン アクション,,オリンピア,A-SLOT,オリンピア ルーニー・テューンズ:バック・イン・アクション 中古パチスロ実機 [4ch対応],41974,售完,https://www.a-slot.com/SHOP/heiwa33.html
1503,ルーニー テューンズ バック イン アクション,,オリンピア,ホームスロット,オリンピア ルーニー・テューンズ:バック・イン・アクション 中古パチスロ実機,55009,售完,https://home-slot.net/SHOP/s-heiwa33.html
1504,ルパン三世 ルパン一族の秘宝 不二子,,平和,ホームスロット,平和 ルパン三世 ルパン一族の秘宝 不二子 中古パチスロ実機,35209,售完,https://home-slot.net/SHOP/s-heiwa60.html
1504,ルパン三世 ルパン一族の秘宝 不二子,,平和,A-SLOT,平和 ルパン三世 ルパン一族の秘宝 不二子 中古パチスロ実機 [4ch対応],51500,售完,https://www.a-slot.com/SHOP/heiwa60.html
1510,北斗の拳 修羅の国篇 カイオウパネル,,Sammy,ホームスロット,サミー パチスロ北斗の拳 修羅の国篇 カイオウパネル 中古パチスロ実機,40100,售完,https://home-slot.net/SHOP/s-sammy126.html
1510,北斗の拳 修羅の国篇 カイオウパネル,,Sammy,A-SLOT,サミー パチスロ北斗の拳 修羅の国篇 カイオウパネル 中古パチスロ実機 [4ch対応],50100,售完,https://www.a-slot.com/SHOP/sammy126.html
1511,北斗の拳 転生の章 ケンシロウパネル,,Sammy,ホームスロット,サミー パチスロ北斗の拳 転生の章 ケンシロウパネル 中古パチスロ実機,89800,售完,https://home-slot.net/SHOP/s-sammy90.html
1511,北斗の拳 転生の章 ケンシロウパネル,,Sammy,A-SLOT,サミー パチスロ北斗の拳 転生の章 ケンシロウパネル 中古パチスロ実機 [4ch対応],99800,售完,https://www.a-slot.com/SHOP/sammy90.html
1515,新鬼武者~DAWN OF DREAMS~,,エンターライズ,ホームスロット,エンターライズ 新鬼武者～DAWN OF DREAMS～ 中古パチスロ実機,35100,有貨,https://home-slot.net/SHOP/s-enta203.html
1515,新鬼武者~DAWN OF DREAMS~,,エンターライズ,A-SLOT,エンターライズ 新鬼武者～DAWN OF DREAMS～ [8ch対応] 中古パチスロ実機,45100,有貨,https://www.a-slot.com/SHOP/enta203.html
1516,沖縄フェスティバル 30 2015年,,パイオニア,ホームスロット,パイオニア 沖縄フェスティバル-30「2015年」 中古パチスロ実機,35100,售完,https://home-slot.net/SHOP/s-pioneer30.html
1516,沖縄フェスティバル 30 2015年,,パイオニア,A-SLOT,パイオニア 沖縄フェスティバル－30 「2015年」 中古パチスロ実機 [4ch対応],45100,售完,https://www.a-slot.com/SHOP/pioneer30.html
1517,沖縄フェスティバル 30 2022年,,パイオニア,ホームスロット,パイオニア 沖縄フェスティバル-30 「2022年」 中古パチスロ実機,37700,售完,https://home-slot.net/SHOP/s-pioneer214.html
1517,沖縄フェスティバル 30 2022年,,パイオニア,A-SLOT,【お取り寄せ商品】パイオニア 沖縄フェスティバル-30 「2022年」 中古パチスロ実機,47700,有貨,https://www.a-slot.com/SHOP/s-pioneer214.html
1519,烈火の炎 Flame of Recca,,ニューギン,ホームスロット,ニューギン パチスロ烈火の炎 Flame of Recca 中古パチスロ実機,37700,有貨,https://home-slot.net/SHOP/s-newgin37.html
1519,烈火の炎 Flame of Recca,,ニューギン,A-SLOT,ニューギン パチスロ烈火の炎 Flame of Recca 中古パチスロ実機 [4ch対応],47700,有貨,https://www.a-slot.com/SHOP/newgin37.html
1521,聖闘士星矢 海皇覚醒Special,,SANYO,ホームスロット,SANYO パチスロ聖闘士星矢 海皇覚醒Special 中古パチスロ実機,35100,有貨,https://home-slot.net/SHOP/s-sanyo201.html
1521,聖闘士星矢 海皇覚醒Special,,SANYO,A-SLOT,SANYO パチスロ聖闘士星矢 海皇覚醒Special 中古パチスロ実機 [8ch対応],45100,有貨,https://www.a-slot.com/SHOP/sanyo201.html
1529,豊丸 CRウサビッチ の時間99VM,,,ホームスロット,豊丸 CRウサビッチ パチンコの時間99VM 中古パチンコ実機,52600,售完,https://home-slot.net/SHOP/p-toyomaru62.html
1529,豊丸 CRウサビッチ の時間99VM,,,ホームスロット,豊丸 CRウサビッチ パチンコの時間99VZ 中古パチンコ実機,52600,售完,https://home-slot.net/SHOP/p-toyomaru63.html
1536,鉄拳4アルティメットデビルVer.,,山佐,ホームスロット,山佐 パチスロ鉄拳4アルティメットデビルVer. 中古パチスロ実機,40100,有貨,https://home-slot.net/SHOP/s-yamasa228.html
1536,鉄拳4アルティメットデビルVer.,,山佐,A-SLOT,山佐 パチスロ鉄拳4アルティメットデビルVer. 中古パチスロ実機,50100,有貨,https://www.a-slot.com/SHOP/s-yamasa228.html
1537,銀座 ディスクアップ ホワイトパネル,,,ホームスロット,銀座 パチスロ ディスクアップ [ホワイトパネル]中古パチスロ実機,73500,售完,https://home-slot.net/SHOP/s-ginza205.html
1537,銀座 ディスクアップ ホワイトパネル,,,A-SLOT,【お取り寄せ商品】銀座 パチスロ ディスクアップ [ホワイトパネル] 中古パチスロ実機 [4ch対応],83500,有貨,https://www.a-slot.com/SHOP/ginza205.html
1542,革命機ヴァルヴレイヴ メインパネル,スマスロ,SANKYO,ホームスロット,SANKYO パチスロ 革命機ヴァルヴレイヴ [メインパネル] 中古パチスロ実機 [スマスロ] [4ch対応],45100,有貨,https://home-slot.net/SHOP/s-sankyo216.html
1542,革命機ヴァルヴレイヴ メインパネル,スマスロ,SANKYO,A-SLOT,SANKYO パチスロ 革命機ヴァルヴレイヴ [メインパネル] 中古パチスロ実機 [スマスロ] [4ch対応],55100,有貨,https://www.a-slot.com/SHOP/s-sankyo216.html
1568,CRAフィーバーモーレツ宇宙海賊YR,,SANKYO,ホームスロット,SANKYO CRフィーバーモーレツ宇宙海賊R 枠色不問 中古パチンコ実機,101000,售完,https://home-slot.net/SHOP/p-sankyo92.html
1568,CRAフィーバーモーレツ宇宙海賊YR,,SANKYO,ホームスロット,SANKYO ＣＲＡフィーバーモーレツ宇宙海賊YR 枠色不問 中古パチンコ実機,111100,售完,https://home-slot.net/SHOP/p-sankyo100.html
1599,CRヴァン ヘルシングII FPE,,藤商事,ホームスロット,藤商事 ＣＲヴァン・ヘルシングII FPE 中古パチンコ実機 [枠名：シャイニングウォール] [4ch対応],52600,售完,https://home-slot.net/SHOP/p-fuji104.html
1599,CRヴァン ヘルシングII FPE,,藤商事,ホームスロット,藤商事 CRヴァン・ヘルシングII FPV 中古パチンコ実機 [枠名：シャイニングウォール] [4ch対応],86000,售完,https://home-slot.net/SHOP/p-fuji95.html
1613,DAXEL 結城友奈は勇者である,,,ホームスロット,DAXEL パチスロ 結城友奈は勇者である 中古パチスロ実機,47800,售完,https://home-slot.net/SHOP/s-daxel16.html
1613,DAXEL 結城友奈は勇者である,,,A-SLOT,DAXEL パチスロ 結城友奈は勇者である 中古パチスロ実機 [4ch対応],57800,售完,https://www.a-slot.com/SHOP/daxel16.html
1619,KPE G1優駿倶楽部 凱旋パネル,,,ホームスロット,KPE G1優駿倶楽部 [凱旋パネル] 中古パチスロ実機,50100,售完,https://home-slot.net/SHOP/s-kpe205.html
1619,KPE G1優駿倶楽部 凱旋パネル,,,A-SLOT,KPE G1優駿倶楽部 [凱旋パネル] 中古パチスロ実機 [8ch対応],60100,售完,https://www.a-slot.com/SHOP/s-kpe205.html
1622,NET チバリヨ 30 琉球紫パネル,,,ホームスロット,NET チバリヨ-30 琉球紫パネル 中古パチスロ実機,46500,售完,https://home-slot.net/SHOP/s-net212.html
1622,NET チバリヨ 30 琉球紫パネル,,,A-SLOT,【お取り寄せ商品】NET チバリヨ-30 琉球紫パネル 中古パチスロ実機 [8ch対応],56500,有貨,https://www.a-slot.com/SHOP/s-net212.html
1628,SLOT魔法少女まどか☆マギカA,,エレコ,ホームスロット,エレコ SLOT魔法少女まどか☆マギカA 中古パチスロ実機,41500,有貨,https://home-slot.net/SHOP/s-eleco77.html
1628,SLOT魔法少女まどか☆マギカA,,エレコ,A-SLOT,エレコ SLOT魔法少女まどか☆マギカA 中古パチスロ実機 [8ch対応],51500,有貨,https://www.a-slot.com/SHOP/eleco77.html
1629,SNKプレイモア アフロのモンチ,,,A-SLOT,SNKプレイモア アフロのモンチ 中古パチスロ実機 [4ch対応],27597,售完,https://www.a-slot.com/SHOP/snk26.html
1629,SNKプレイモア アフロのモンチ,,,ホームスロット,SNKプレイモア アフロのモンチ 中古パチスロ実機,40631,售完,https://home-slot.net/SHOP/s-snk26.html
1630,SNKプレイモア シスタークエスト,,,ホームスロット,SNKプレイモア シスタークエスト 中古パチスロ実機,54100,售完,https://home-slot.net/SHOP/s-snk5.html
1630,SNKプレイモア シスタークエスト,,,A-SLOT,SNKプレイモア シスタークエスト 中古パチスロ実機 [4ch対応],64100,有貨,https://www.a-slot.com/SHOP/snk5.html
1631,SNKプレイモア ドラゴンギャル,,,ホームスロット,SNKプレイモア ドラゴンギャル 中古パチスロ実機,44280,售完,https://home-slot.net/SHOP/s-snk58.html
1631,SNKプレイモア ドラゴンギャル,,,A-SLOT,【4号機】SNKプレイモア ドラゴンギャル 中古パチスロ実機 [4ch対応],47320,售完,https://www.a-slot.com/SHOP/snk58.html
1632,SNKプレイモア ビーストバスターズ,,,ホームスロット,SNKプレイモア ビーストバスターズ 中古パチスロ実機,35100,售完,https://home-slot.net/SHOP/s-snk59.html
1632,SNKプレイモア ビーストバスターズ,,,A-SLOT,SNKプレイモア ビーストバスターズ 中古パチスロ実機 [4ch対応],45100,售完,https://www.a-slot.com/SHOP/snk59.html
1633,TIGER&BUNNY タイガー&バニー,,山佐,ホームスロット,山佐 パチスロ TIGER&BUNNY ［タイガー&バニー］中古パチスロ実機,54100,售完,https://home-slot.net/SHOP/s-yamasa209.html
1633,TIGER&BUNNY タイガー&バニー,,山佐,A-SLOT,【お取り寄せ商品】山佐 パチスロ TIGER&BUNNY ［タイガー&バニー］中古パチスロ実機 [4ch対応],64100,有貨,https://www.a-slot.com/SHOP/yamasa209.html
1634,X JAPAN X ジャパン 強行突破,,SANKYO,ホームスロット,三共 パチスロ X JAPAN （X-ジャパン） 強行突破 中古パチスロ実機,168800,售完,https://home-slot.net/SHOP/s-sankyo47.html
1634,X JAPAN X ジャパン 強行突破,,SANKYO,A-SLOT,三共 パチスロ X JAPAN （X-ジャパン） 強行突破 中古パチスロ実機 [4ch対応],178800,售完,https://www.a-slot.com/SHOP/sankyo47.html
1645,アークテクニコ ワイルドキャッツ 白,,,ホームスロット,アークテクニコ ワイルドキャッツ（白） 中古パチスロ実機,55009,售完,https://home-slot.net/SHOP/s-ark1.html
1645,アークテクニコ ワイルドキャッツ 白,,,ホームスロット,アークテクニコ ワイルドキャッツ（黒） 中古パチスロ実機,55009,售完,https://home-slot.net/SHOP/s-ark3.html
1646,アクロス クランキーセレブレーション,,,ホームスロット,アクロス クランキーセレブレーション 中古パチスロ実機,54100,售完,https://home-slot.net/SHOP/s-across14.html
1646,アクロス クランキーセレブレーション,,,A-SLOT,【お取り寄せ商品】アクロス クランキーセレブレーション 中古パチスロ実機 [8ch対応],64100,有貨,https://www.a-slot.com/SHOP/across14.html
1647,アクロス 沖ドキ! ラブリーガールver.,,,ホームスロット,アクロス 沖ドキ！ ラブリーガールver. 中古パチスロ実機,56100,售完,https://home-slot.net/SHOP/s-across4_lovely.html
1647,アクロス 沖ドキ! ラブリーガールver.,,,A-SLOT,アクロス 沖ドキ！ ラブリーガールver. 中古パチスロ実機 [8ch対応],66100,有貨,https://www.a-slot.com/SHOP/across4_lovely.html
1648,アデリオン モンスターハンターライズ,スマスロ,,ホームスロット,アデリオン スマスロ モンスターハンターライズ 中古パチスロ実機 [スマスロ][8ch対応][まるごと配送限定],46500,有貨,https://home-slot.net/SHOP/s-adelion206.html
1648,アデリオン モンスターハンターライズ,スマスロ,,A-SLOT,アデリオン スマスロ モンスターハンターライズ 中古パチスロ実機 [スマスロ][8ch対応][まるごと配送限定],56500,有貨,https://www.a-slot.com/SHOP/s-adelion206.html
1651,アミューズメント G1優駿倶楽部3,,KONAMI,ホームスロット,コナミアミューズメント G1優駿倶楽部3 中古パチスロ実機 [4ch対応],40100,售完,https://home-slot.net/SHOP/s-konami209.html
1651,アミューズメント G1優駿倶楽部3,,KONAMI,A-SLOT,【お取り寄せ商品】コナミアミューズメント G1優駿倶楽部3 中古パチスロ実機 [4ch対応],50100,有貨,https://www.a-slot.com/SHOP/konami209.html
1653,アミューズメント 桃太郎電鉄 ~ も定番!~,スマスロ,KONAMI,ホームスロット,コナミアミューズメント 桃太郎電鉄 ～パチスロも定番！～ 中古パチスロ実機 [スマスロ],41500,有貨,https://home-slot.net/SHOP/s-konami221.html
1653,アミューズメント 桃太郎電鉄 ~ も定番!~,スマスロ,KONAMI,A-SLOT,コナミアミューズメント 桃太郎電鉄 ～パチスロも定番！～ 中古パチスロ実機 [スマスロ],51500,有貨,https://www.a-slot.com/SHOP/s-konami221.html
1656,エース電研 CRA有閑倶楽部 ASA,,,ホームスロット,エース電研 CRA有閑倶楽部 ASA 枠色不問 中古パチンコ実機 [枠名：フレイムフレーム] [4ch対応],52600,售完,https://home-slot.net/SHOP/p-ace49.html
1656,エース電研 CRA有閑倶楽部 ASA,,,ホームスロット,エース電研 CRA有閑倶楽部 ASB 中古パチンコ実機 [枠名：フレイムフレーム] [4ch対応],52600,售完,https://home-slot.net/SHOP/p-ace50.html
1662,オーイズミ ひぐらしのなく頃に祭2,,,ホームスロット,オーイズミ パチスロひぐらしのなく頃に祭2 中古パチスロ実機 [8ch対応][まるごと配送限定],89800,有貨,https://home-slot.net/SHOP/s-oizumi205.html
1662,オーイズミ ひぐらしのなく頃に祭2,,,A-SLOT,【お取り寄せ商品】オーイズミ パチスロひぐらしのなく頃に祭2 中古パチスロ実機 [8ch対応][まるごと配送限定],99800,有貨,https://www.a-slot.com/SHOP/oizumi205.html
1663,オーイズミ ライライエイサーEX 30,,,ホームスロット,オーイズミ ライライエイサーEX-30 中古パチスロ実機,35100,售完,https://home-slot.net/SHOP/s-oizumi210.html
1663,オーイズミ ライライエイサーEX 30,,,A-SLOT,オーイズミ ライライエイサーEX-30 中古パチスロ実機,45100,售完,https://www.a-slot.com/SHOP/oizumi210.html
1664,オーイズミ 乱嵐エイサーver.100,,,ホームスロット,オーイズミ 乱嵐エイサーver.100 中古パチスロ実機,35100,售完,https://home-slot.net/SHOP/s-oizumi29.html
1664,オーイズミ 乱嵐エイサーver.100,,,A-SLOT,オーイズミ 乱嵐エイサーver.100 中古パチスロ実機 [4ch対応],45100,售完,https://www.a-slot.com/SHOP/oizumi29.html
1668,カルミナ Sister Quest,スマスロ,,ホームスロット,カルミナ Sister Quest 中古パチスロ実機 [スマスロ][8ch対応][まるごと配送限定],93500,有貨,https://home-slot.net/SHOP/s-carmina206.html
1668,カルミナ Sister Quest,スマスロ,,A-SLOT,カルミナ Sister Quest 中古パチスロ実機 [スマスロ][8ch対応][まるごと配送限定],103500,有貨,https://www.a-slot.com/SHOP/s-carmina206.html
1669,キングハナハナ 30 メインパネル,,パイオニア,ホームスロット,パイオニア キングハナハナ-30 メインパネル 中古パチスロ実機,59100,有貨,https://home-slot.net/SHOP/s-pioneer22.html
1669,キングハナハナ 30 メインパネル,,パイオニア,A-SLOT,パイオニア キングハナハナ-30 メインパネル 中古パチスロ実機 [8ch対応],69100,有貨,https://www.a-slot.com/SHOP/pioneer22.html
1670,クイーンハナハナ 30 メインパネル,,パイオニア,ホームスロット,パイオニア クイーンハナハナ－30 メインパネル 中古パチスロ実機 [8ch対応],41500,有貨,https://home-slot.net/SHOP/pioneer32.html
1670,クイーンハナハナ 30 メインパネル,,パイオニア,A-SLOT,パイオニア クイーンハナハナ－30 メインパネル 中古パチスロ実機 [8ch対応],51500,有貨,https://www.a-slot.com/SHOP/pioneer32.html
1671,グラップラー刃牙 ~最大トーナメント編~,,ニューギン,ホームスロット,ニューギン パチスロ グラップラー刃牙 ～最大トーナメント編～ 中古パチスロ実機,68500,售完,https://home-slot.net/SHOP/s-newgin28.html
1671,グラップラー刃牙 ~最大トーナメント編~,,ニューギン,A-SLOT,【お取り寄せ商品】ニューギン パチスロ グラップラー刃牙 ～最大トーナメント編～ 中古パチスロ実機 [4ch対応],78500,有貨,https://www.a-slot.com/SHOP/newgin28.html
1672,ゴルゴ13ザプロフェッショナル,,平和,ホームスロット,平和 ゴルゴ13ザプロフェッショナル 中古パチスロ実機,68500,售完,https://home-slot.net/SHOP/s-heiwa15.html
1672,ゴルゴ13ザプロフェッショナル,,平和,A-SLOT,平和 ゴルゴ13ザプロフェッショナル 中古パチスロ実機 [4ch対応],78500,售完,https://www.a-slot.com/SHOP/heiwa15.html
1674,サボハニ 冴えない彼女の育てかた,スマスロ,,ホームスロット,サボハニ スロット 冴えない彼女の育てかた 中古パチスロ実機 [スマスロ] [8ch対応],52800,有貨,https://home-slot.net/SHOP/s-sabohani207.html
1674,サボハニ 冴えない彼女の育てかた,スマスロ,,A-SLOT,サボハニ スロット 冴えない彼女の育てかた 中古パチスロ実機 [スマスロ] [8ch対応],62800,有貨,https://www.a-slot.com/SHOP/s-sabohani207.html
1675,サボハニ 秘宝伝 解き放たれた女神,,,ホームスロット,サボハニ 秘宝伝 解き放たれた女神 中古パチスロ実機,38900,售完,https://home-slot.net/SHOP/s-sabohani204.html
1675,サボハニ 秘宝伝 解き放たれた女神,,,A-SLOT,サボハニ 秘宝伝 解き放たれた女神 中古パチスロ実機 [8ch対応],48900,售完,https://www.a-slot.com/SHOP/sabohani204.html
1676,サンサンオアシスキュイーンVer.,,パイオニア,ホームスロット,パイオニア サンサンオアシスキュイーンVer. 中古パチスロ実機,54100,售完,https://home-slot.net/SHOP/s-pioneer10.html
1676,サンサンオアシスキュイーンVer.,,パイオニア,A-SLOT,パイオニア サンサンオアシスキュイーンVer. 中古パチスロ実機 [8ch対応],64100,售完,https://www.a-slot.com/SHOP/pioneer10.html
1677,サンスリー ストライクウィッチーズ2,スマスロ,,ホームスロット,サンスリー Lストライクウィッチーズ2 中古パチスロ実機 [スマスロ],47800,有貨,https://home-slot.net/SHOP/s-santhree205.html
1677,サンスリー ストライクウィッチーズ2,スマスロ,,A-SLOT,サンスリー Lストライクウィッチーズ2 中古パチスロ実機 [スマスロ] [8ch対応],57800,有貨,https://www.a-slot.com/SHOP/s-santhree205.html
1678,サンセイ CRA巨人の星~情熱の炎~,,,ホームスロット,サンセイ CR巨人の星～情熱の炎～ 中古パチンコ実機 [枠名：V-Savior（ブイセイバー）] [4ch対応],55200,售完,https://home-slot.net/SHOP/p-SANSEI89.html
1678,サンセイ CRA巨人の星~情熱の炎~,,,ホームスロット,サンセイ CRA巨人の星～情熱の炎～ 中古パチンコ実機 [枠名：V-Savior（ブイセイバー）] [4ch対応],65300,售完,https://home-slot.net/SHOP/p-SANSEI97.html
1681,サンセイ CRウイングマン MW.X,,,ホームスロット,サンセイ CRウイングマン RW.X 中古パチンコ実機 [枠名：D-CYCLONE] [4ch対応],48657,售完,https://home-slot.net/SHOP/p-SANSEI8.html
1681,サンセイ CRウイングマン MW.X,,,ホームスロット,サンセイ CRウイングマン MW.X 中古パチンコ実機 [枠名：D-CYCLONE] [4ch対応],54463,售完,https://home-slot.net/SHOP/p-SANSEI6.html
1689,シーマスター ~ララ 旅立ちのプレリュード~,,山佐,ホームスロット,山佐 シーマスター ～ララ、旅立ちのプレリュード～ 中古パチスロ実機,35100,售完,https://home-slot.net/SHOP/s-yamasa102.html
1689,シーマスター ~ララ 旅立ちのプレリュード~,,山佐,A-SLOT,山佐 シーマスター ～ララ、旅立ちのプレリュード～ 中古パチスロ実機 [4ch対応],45100,售完,https://www.a-slot.com/SHOP/yamasa102.html
1690,ジェイビー CR J RUSH2 HSJ,,,ホームスロット,ジェイビー CR J－RUSH2 HSJ 中古パチンコ実機,52600,售完,https://home-slot.net/SHOP/p-jb2.html
1690,ジェイビー CR J RUSH2 HSJ,,,ホームスロット,ジェイビー CR J－RUSH2 RSJ 中古パチンコ実機,52600,售完,https://home-slot.net/SHOP/p-jb3.html
1691,ジェイビー CR J RUSH3 HSJ,,,ホームスロット,ジェイビー CR J-RUSH3 HSJ 中古パチンコ実機,52600,售完,https://home-slot.net/SHOP/p-jb10.html
1691,ジェイビー CR J RUSH3 HSJ,,,ホームスロット,ジェイビー CR J-RUSH3 RSJ 中古パチンコ実機,65300,售完,https://home-slot.net/SHOP/p-jb11.html
1692,ジェイビー CR J RUSH4 HSJ,,,ホームスロット,ジェイビー CR J-RUSH4 HSJ 中古パチンコ実機,52600,售完,https://home-slot.net/SHOP/p-jb201.html
1692,ジェイビー CR J RUSH4 HSJ,,,ホームスロット,ジェイビー CR J-RUSH4 RSJ 中古パチンコ実機,65300,售完,https://home-slot.net/SHOP/p-jb200.html
1694,ジェイビー CRサンダードラゴンZZ,,,ホームスロット,ジェイビー CRサンダードラゴンZZ 中古パチンコ実機,52600,售完,https://home-slot.net/SHOP/p-jb15.html
1694,ジェイビー CRサンダードラゴンZZ,,,ホームスロット,ジェイビー CRサンダードラゴンZ 中古パチンコ実機,71600,售完,https://home-slot.net/SHOP/p-jb16.html
1695,ジェイビー CRジェットアローII号γ,,,ホームスロット,ジェイビー CRジェットアローII号γ 中古パチンコ実機,65300,有貨,https://home-slot.net/SHOP/p-jb23.html
1695,ジェイビー CRジェットアローII号γ,,,ホームスロット,ジェイビー CRジェットアローII号β 中古パチンコ実機,65300,售完,https://home-slot.net/SHOP/p-jb24.html
1701,スマート沖スロ アメイジングライブ,スマスロ,パイオニア,ホームスロット,パイオニア スマート沖スロ アメイジングライブ 中古パチスロ実機 [スマスロ] [4ch対応],73500,售完,https://home-slot.net/SHOP/s-pioneer228.html
1701,スマート沖スロ アメイジングライブ,スマスロ,パイオニア,A-SLOT,【お取り寄せ商品】パイオニア スマート沖スロ アメイジングライブ 中古パチスロ実機 [スマスロ] [4ch対応],83500,有貨,https://www.a-slot.com/SHOP/s-pioneer228.html
1702,セブンリーグ スーパーブラックジャック,スマスロ,,ホームスロット,セブンリーグ スマスロスーパーブラックジャック 中古パチスロ実機 [スマスロ],42700,有貨,https://home-slot.net/SHOP/s-yamasa242.html
1702,セブンリーグ スーパーブラックジャック,スマスロ,,A-SLOT,セブンリーグ スマスロスーパーブラックジャック 中古パチスロ実機 [スマスロ] [4ch対応],52700,有貨,https://www.a-slot.com/SHOP/s-yamasa242.html
1705,タイヨーエレック ベルサイユのばら,,,ホームスロット,タイヨーエレック ベルサイユのばら 中古パチスロ実機,46500,售完,https://home-slot.net/SHOP/s-taiyo_elec5.html
1705,タイヨーエレック ベルサイユのばら,,,A-SLOT,タイヨーエレック ベルサイユのばら 中古パチスロ実機 [4ch対応],56500,售完,https://www.a-slot.com/SHOP/taiyo_elec5.html
1706,タイヨーエレック 御伽屋HANZO,,,ホームスロット,タイヨーエレック パチスロ御伽屋HANZO 中古パチスロ実機,68500,售完,https://home-slot.net/SHOP/s-taiyo_elec24.html
1706,タイヨーエレック 御伽屋HANZO,,,A-SLOT,タイヨーエレック パチスロ御伽屋HANZO 中古パチスロ実機 [4ch対応],78500,售完,https://www.a-slot.com/SHOP/taiyo_elec24.html
1711,ディ ライト 翠星のガルガンティア,,,ホームスロット,ディ・ライト パチスロ翠星のガルガンティア 中古パチスロ実機,41500,售完,https://home-slot.net/SHOP/s-dlight_8.html
1711,ディ ライト 翠星のガルガンティア,,,A-SLOT,【お取り寄せ商品】ディ・ライト パチスロ翠星のガルガンティア 中古パチスロ実機 [4ch対応],51500,有貨,https://www.a-slot.com/SHOP/dlight_8.html
1715,トータル イクリプスLv.MAX RT,,SANKYO,ホームスロット,SANKYO パチスロ トータル・イクリプスLv.MAX-RT 中古パチスロ実機,35100,有貨,https://home-slot.net/SHOP/s-sankyo200.html
1715,トータル イクリプスLv.MAX RT,,SANKYO,A-SLOT,SANKYO パチスロ トータル・イクリプスLv.MAX-RT 中古パチスロ実機 [4ch対応],45100,有貨,https://www.a-slot.com/SHOP/sankyo200.html
1716,トリビー 怪盗天使ツインエンジェル,,,ホームスロット,トリビー 怪盗天使ツインエンジェル 中古パチスロ実機,68500,售完,https://home-slot.net/SHOP/s-trivy1.html
1716,トリビー 怪盗天使ツインエンジェル,,,A-SLOT,トリビー 怪盗天使ツインエンジェル 中古パチスロ実機 [4ch対応],78500,售完,https://www.a-slot.com/SHOP/trivy1.html
1717,トリビー 残機尽きるまで私は戦う M,,,ホームスロット,トリビー 残機尽きるまで私は戦う 中古パチスロ実機,168800,售完,https://home-slot.net/SHOP/s-trivy7.html
1717,トリビー 残機尽きるまで私は戦う M,,,A-SLOT,トリビー 残機尽きるまで私は戦う 中古パチスロ実機 [4ch対応]M,178800,售完,https://www.a-slot.com/SHOP/trivy7.html
1720,バイオハザード イントゥザパニック,,スパイキー,ホームスロット,スパイキー バイオハザード イントゥザパニック 中古パチスロ実機,47800,售完,https://home-slot.net/SHOP/s-spyki_203.html
1720,バイオハザード イントゥザパニック,,スパイキー,A-SLOT,スパイキー バイオハザード イントゥザパニック 中古パチスロ実機 [4ch対応],57800,有貨,https://www.a-slot.com/SHOP/spyki_203.html
1721,バルテック ベン トー~半額弁当争奪戦!!~,,,ホームスロット,バルテック パチスロ ベン・トー～半額弁当争奪戦!!～ 中古パチスロ実機,47800,售完,https://home-slot.net/SHOP/s-baltec12.html
1721,バルテック ベン トー~半額弁当争奪戦!!~,,,A-SLOT,バルテック パチスロ ベン・トー～半額弁当争奪戦!!～ 中古パチスロ実機 [4ch対応],57800,售完,https://www.a-slot.com/SHOP/baltec12.html
1722,ヒデキに夢中!!ギャランドゥパネル,,オリンピア,ホームスロット,オリンピア ヒデキに夢中!!ギャランドゥパネル 中古パチスロ実機,28742,售完,https://home-slot.net/SHOP/s-heiwa90.html
1722,ヒデキに夢中!!ギャランドゥパネル,,オリンピア,A-SLOT,【4号機】オリンピア ヒデキに夢中!!ギャランドゥパネル 中古パチスロ実機 [4ch対応],108500,售完,https://www.a-slot.com/SHOP/heiwa90.html
1738,ラブゲッCHU ミラクル声優白書,,岡崎産業,ホームスロット,岡崎産業 ラブゲッCHU ミラクル声優白書 中古パチスロ実機,128400,售完,https://home-slot.net/SHOP/s-sonota_1.html
1738,ラブゲッCHU ミラクル声優白書,,岡崎産業,A-SLOT,岡崎産業 ラブゲッCHU ミラクル声優白書 中古パチスロ実機 [4ch対応],138400,售完,https://www.a-slot.com/SHOP/sonota_1.html
1742,大工の源さん~いくぜっ!炎の源祭編~,,SANYO,ホームスロット,SANYO パチスロ大工の源さん～いくぜっ!炎の源祭編～ 中古パチスロ実機,36400,售完,https://home-slot.net/SHOP/s-sanyo10.html
1742,大工の源さん~いくぜっ!炎の源祭編~,,SANYO,A-SLOT,SANYO パチスロ大工の源さん～いくぜっ!炎の源祭編～ 中古パチスロ実機 [4ch対応],46400,售完,https://www.a-slot.com/SHOP/sanyo10.html
1747,宇宙戦艦ヤマト2~テレサ 愛の導き~,,山佐,ホームスロット,山佐 パチスロ宇宙戦艦ヤマト2～テレサ、愛の導き～ 中古パチスロ実機,54100,售完,https://home-slot.net/SHOP/s-yamasa90.html
1747,宇宙戦艦ヤマト2~テレサ 愛の導き~,,山佐,A-SLOT,山佐 パチスロ宇宙戦艦ヤマト2～テレサ、愛の導き～ 中古パチスロ実機 [4ch対応],64100,售完,https://www.a-slot.com/SHOP/yamasa90.html
1748,戦国乙女2~深淵に輝く気高き将星~,,オリンピア,ホームスロット,オリンピア 戦国乙女2～深淵に輝く気高き将星～ 中古パチスロ実機,37700,售完,https://home-slot.net/SHOP/s-heiwa127.html
1748,戦国乙女2~深淵に輝く気高き将星~,,オリンピア,A-SLOT,【お取り寄せ商品】オリンピア 戦国乙女2～深淵に輝く気高き将星～ 中古パチスロ実機 [8ch対応],47700,有貨,https://www.a-slot.com/SHOP/heiwa127.html
1749,戦国乙女4 戦乱に閃く炯眼の軍師,スマスロ,オリンピア,ホームスロット,オリンピアエステート L戦国乙女4 戦乱に閃く炯眼の軍師 中古パチスロ実機 [スマスロ] [8ch対応],88500,有貨,https://home-slot.net/SHOP/s-olympia225.html
1749,戦国乙女4 戦乱に閃く炯眼の軍師,スマスロ,オリンピア,A-SLOT,オリンピアエステート L戦国乙女4 戦乱に閃く炯眼の軍師 中古パチスロ実機 [スマスロ] [8ch対応],98500,有貨,https://www.a-slot.com/SHOP/s-olympia225.html
1750,戦国乙女5 業火を穿つ宿焔の双刃,スマスロ,オリンピア,ホームスロット,オリンピア L戦国乙女5 業火を穿つ宿焔の双刃 中古パチスロ実機 [スマスロ],969800,有貨,https://home-slot.net/SHOP/s-olympia240.html
1750,戦国乙女5 業火を穿つ宿焔の双刃,スマスロ,オリンピア,A-SLOT,オリンピア L戦国乙女5 業火を穿つ宿焔の双刃 中古パチスロ実機 [スマスロ],979800,有貨,https://www.a-slot.com/SHOP/s-olympia240.html
1752,無職転生 ~異世界行ったら本気だす~,スマスロ,ニューギン,ホームスロット,ニューギン L 無職転生 ～異世界行ったら本気だす～ 中古パチスロ実機 [スマスロ][まるごと配送限定],133400,有貨,https://home-slot.net/SHOP/s-newgin205.html
1752,無職転生 ~異世界行ったら本気だす~,スマスロ,ニューギン,A-SLOT,ニューギン L 無職転生 ～異世界行ったら本気だす～ 中古パチスロ実機 [スマスロ][まるごと配送限定],143400,有貨,https://www.a-slot.com/SHOP/s-newgin205.html
1753,甲鉄城のカバネリ 全員集合パネル,,Sammy,ホームスロット,サミー パチスロ甲鉄城のカバネリ[全員集合パネル] 中古パチスロ実機 [8ch対応],54100,售完,https://home-slot.net/SHOP/s-sammy226.html
1753,甲鉄城のカバネリ 全員集合パネル,,Sammy,A-SLOT,サミー パチスロ甲鉄城のカバネリ[全員集合パネル] 中古パチスロ実機 [8ch対応][まるごと配送限定],64100,有貨,https://www.a-slot.com/SHOP/s-sammy226.html
1754,甲鉄城のカバネリ 海門 うなと 決戦,スマスロ,Sammy,ホームスロット,サミー スマスロ 甲鉄城のカバネリ 海門(うなと)決戦 中古パチスロ実機 [スマスロ][8ch対応][まるごと配送限定],767000,有貨,https://home-slot.net/SHOP/s-sammy232.html
1754,甲鉄城のカバネリ 海門 うなと 決戦,スマスロ,Sammy,A-SLOT,サミー スマスロ 甲鉄城のカバネリ 海門(うなと)決戦 中古パチスロ実機 [スマスロ][8ch対応][まるごと配送限定],777000,有貨,https://www.a-slot.com/SHOP/s-sammy232.html
1762,西陣 CR織田信奈の野望II FB,,,ホームスロット,西陣 CR織田信奈の野望II FB 中古パチンコ実機,59000,售完,https://home-slot.net/SHOP/p-nishijinn203.html
1762,西陣 CR織田信奈の野望II FB,,,ホームスロット,西陣 CR織田信奈の野望II 中古パチンコ実機,92400,售完,https://home-slot.net/SHOP/p-nishijinn132.html
1765,豊丸 CRAセクシーフォール99VM,,,ホームスロット,豊丸 CRAセクシーフォール99VM 中古パチンコ実機,52600,售完,https://home-slot.net/SHOP/p-toyomaru36.html
1765,豊丸 CRAセクシーフォール99VM,,,ホームスロット,豊丸 CRAセクシーフォール99VX 中古パチンコ実機,52600,售完,https://home-slot.net/SHOP/p-toyomaru35.html
1773,銀座 ディスクアップ グリーンパネル,,,ホームスロット,銀座 パチスロ ディスクアップ [グリーンパネル] 中古パチスロ実機,78500,售完,https://home-slot.net/SHOP/s-ginza203.html
1773,銀座 ディスクアップ グリーンパネル,,,A-SLOT,銀座 パチスロ ディスクアップ [グリーンパネル] 中古パチスロ実機 [4ch対応],88500,售完,https://www.a-slot.com/SHOP/ginza203.html
1774,銀座 ディスクアップ パープルパネル,,,ホームスロット,銀座 パチスロ ディスクアップ [パープルパネル] 中古パチスロ実機,73500,售完,https://home-slot.net/SHOP/s-sammy200.html
1774,銀座 ディスクアップ パープルパネル,,,A-SLOT,銀座 パチスロ ディスクアップ [パープルパネル] 中古パチスロ実機 [4ch対応],83500,售完,https://www.a-slot.com/SHOP/sammy200.html
1775,銀座 ディスクアップ ピンクパネル,,,ホームスロット,銀座 パチスロ ディスクアップ [ピンクパネル] 中古パチスロ実機,73500,售完,https://home-slot.net/SHOP/s-ginza202.html
1775,銀座 ディスクアップ ピンクパネル,,,A-SLOT,【お取り寄せ商品】銀座 パチスロ ディスクアップ [ピンクパネル] 中古パチスロ実機 [4ch対応],83500,有貨,https://www.a-slot.com/SHOP/ginza202.html
1777,銀座 リングにかけろ ビクトリーガール,,,ホームスロット,銀座 リングにかけろ ビクトリーガール 中古パチスロ実機 [4ch対応],57800,售完,https://home-slot.net/SHOP/ginza3.html
1777,銀座 リングにかけろ ビクトリーガール,,,A-SLOT,銀座 リングにかけろ ビクトリーガール 中古パチスロ実機 [4ch対応],67800,有貨,https://www.a-slot.com/SHOP/ginza3.html
1779,革命機ヴァルヴレイヴ 革命パネル,スマスロ,SANKYO,ホームスロット,SANKYO パチスロ 革命機ヴァルヴレイヴ [革命パネル] 中古パチスロ実機 [スマスロ] [4ch対応],56500,有貨,https://home-slot.net/SHOP/s-sankyo226.html
1779,革命機ヴァルヴレイヴ 革命パネル,スマスロ,SANKYO,A-SLOT,SANKYO パチスロ 革命機ヴァルヴレイヴ [革命パネル] 中古パチスロ実機 [スマスロ] [4ch対応],66500,有貨,https://www.a-slot.com/SHOP/s-sankyo226.html
1782,高尾 CRダブルライディーンWLA,,,ホームスロット,高尾 CRダブルライディーンWXA 枠色不問 中古パチンコ実機,52600,售完,https://home-slot.net/SHOP/p-takao63.html
1782,高尾 CRダブルライディーンWLA,,,ホームスロット,高尾 CRダブルライディーンWLA 枠色不問 中古パチンコ実機,62800,售完,https://home-slot.net/SHOP/p-takao76.html
1799,CREA New クレアの秘宝伝,,大都技研,ホームスロット,大都技研 CREA New クレアの秘宝伝 中古パチスロ実機,47800,有貨,https://home-slot.net/SHOP/s-daito210.html
1799,CREA New クレアの秘宝伝,,大都技研,A-SLOT,大都技研 CREA New クレアの秘宝伝 中古パチスロ実機,57800,有貨,https://www.a-slot.com/SHOP/s-daito210.html
1808,CRぱちんこ必殺仕事人V 豪剣,,京楽,ホームスロット,京楽 CRぱちんこ必殺仕事人V 豪剣 中古パチンコ実機 [枠名：激震 仕事人Ｖ－Ｇ１] [8ch対応],65300,售完,https://home-slot.net/SHOP/p-kyoraku91.html
1808,CRぱちんこ必殺仕事人V 豪剣,,京楽,ホームスロット,京楽 CRぱちんこ必殺仕事人Ｖ 中古パチンコ実機 [枠名：激震] [8ch対応],97400,售完,https://home-slot.net/SHOP/p-kyoraku87.html
1822,CRサイボーグ009~絆~MR TX,,ニューギン,ホームスロット,ニューギン CRサイボーグ009～絆～MR－TX 中古パチンコ実機,43769,售完,https://home-slot.net/SHOP/p-newgin75.html
1822,CRサイボーグ009~絆~MR TX,,ニューギン,ホームスロット,ニューギン CRサイボーグ009～絆～MR－T 中古パチンコ実機,216200,售完,https://home-slot.net/SHOP/p-newgin74.html
1827,CRフィーバーLADY GAGA G,,SANKYO,ホームスロット,SANKYO CRフィーバーLADY GAGA G 中古パチンコ実機,52600,售完,https://home-slot.net/SHOP/p-sankyo145.html
1827,CRフィーバーLADY GAGA G,,SANKYO,ホームスロット,SANKYO CRフィーバーLADY GAGA 枠色不問 中古パチンコ実機,52600,售完,https://home-slot.net/SHOP/p-sankyo141.html
1828,CRフィーバーX JAPAN 紅HM,,SANKYO,ホームスロット,SANKYO CRフィーバーX JAPAN 紅M 枠色不問 中古パチンコ実機,38539,售完,https://home-slot.net/SHOP/p-sankyo41.html
1828,CRフィーバーX JAPAN 紅HM,,SANKYO,ホームスロット,SANKYO CRフィーバーX JAPAN 紅HM 枠色不問 中古パチンコ実機,160900,售完,https://home-slot.net/SHOP/p-sankyo42.html
1832,CRフィーバー涼宮ハルヒの憂鬱Y,,SANKYO,ホームスロット,SANKYO CRフィーバー涼宮ハルヒの憂鬱Y 中古パチンコ実機,71600,售完,https://home-slot.net/SHOP/p-sankyo103.html
1832,CRフィーバー涼宮ハルヒの憂鬱Y,,SANKYO,ホームスロット,SANKYO CRフィーバー涼宮ハルヒの憂鬱 枠色不問 中古パチンコ実機,116000,售完,https://home-slot.net/SHOP/p-sankyo94.html
1842,CR人生ゲームMLA 2ch対応,,SANYO,ホームスロット,SANYO CR人生ゲームMLA 中古パチンコ実機 [枠名：ペガサスウィング] [2ch対応],52600,售完,https://home-slot.net/SHOP/p-sanyo56.html
1842,CR人生ゲームMLA 2ch対応,,SANYO,ホームスロット,SANYO CR人生ゲームYLA 中古パチンコ実機 [枠名：ペガサスウィング] [2ch対応],52600,售完,https://home-slot.net/SHOP/p-sanyo57.html
1857,CR花の慶次S V 第1セル 青枠,,ニューギン,ホームスロット,ニューギン CR花の慶次S－V 第1セル（青枠） 中古パチンコ実機,28185,售完,https://home-slot.net/SHOP/p-newgin28.html
1857,CR花の慶次S V 第1セル 青枠,,ニューギン,ホームスロット,ニューギン CR花の慶次S－V 第1セル 中古パチンコ実機,201200,售完,https://home-slot.net/SHOP/p-newgin1.html
1858,CR花の慶次S V 第2セル 青枠,,ニューギン,ホームスロット,ニューギン CR花の慶次S－V 第2セル 中古パチンコ実機,34602,售完,https://home-slot.net/SHOP/p-newgin2.html
1858,CR花の慶次S V 第2セル 青枠,,ニューギン,ホームスロット,ニューギン CR花の慶次S－V 第2セル（青枠） 中古パチンコ実機,37963,售完,https://home-slot.net/SHOP/p-newgin35.html
1859,CR花の慶次S V 第3セル 青枠,,ニューギン,ホームスロット,ニューギン CR花の慶次S－V 第3セル（青枠） 中古パチンコ実機,28185,售完,https://home-slot.net/SHOP/p-newgin36.html
1859,CR花の慶次S V 第3セル 青枠,,ニューギン,ホームスロット,ニューギン CR花の慶次S－V 第3セル 中古パチンコ実機,28185,售完,https://home-slot.net/SHOP/p-newgin3.html
1864,EXCITE 恵比寿マスカッツ,,,ホームスロット,EXCITE パチスロ恵比寿マスカッツ 中古パチスロ実機,35100,售完,https://home-slot.net/SHOP/s-excite20.html
1864,EXCITE 恵比寿マスカッツ,,,A-SLOT,EXCITE パチスロ恵比寿マスカッツ 中古パチスロ実機 [4ch対応],45100,售完,https://www.a-slot.com/SHOP/excite20.html
1865,IS インフィニット ストラトス,,SANKYO,ホームスロット,SANKYO パチスロIS [インフィニット・ストラトス] 中古パチスロ実機,83500,售完,https://home-slot.net/SHOP/s-sankyo89.html
1865,IS インフィニット ストラトス,,SANKYO,A-SLOT,【お取り寄せ商品】SANKYO パチスロIS [インフィニット・ストラトス] 中古パチスロ実機 [4ch対応],93500,有貨,https://www.a-slot.com/SHOP/sankyo89.html
1869,NET Zゴールド インフィニティ,,,ホームスロット,NET Zゴールド・インフィニティ 中古パチスロ実機,54100,售完,https://home-slot.net/SHOP/s-net45.html
1869,NET Zゴールド インフィニティ,,,A-SLOT,NET Zゴールド・インフィニティ 中古パチスロ実機 [4ch対応],64100,售完,https://www.a-slot.com/SHOP/net45.html
1870,NET スーパーブラックジャック2,,,ホームスロット,NET スーパーブラックジャック2 中古パチスロ実機,47800,售完,https://home-slot.net/SHOP/s-net46.html
1870,NET スーパーブラックジャック2,,,A-SLOT,NET スーパーブラックジャック2 中古パチスロ実機 [4ch対応],57800,售完,https://www.a-slot.com/SHOP/net46.html
1872,NET リオスパ Rioの大温泉,,,ホームスロット,NET リオスパ Rioの大温泉 中古パチスロ実機,41500,售完,https://home-slot.net/SHOP/s-net23.html
1872,NET リオスパ Rioの大温泉,,,A-SLOT,NET リオスパ Rioの大温泉 中古パチスロ実機 [4ch対応],51500,售完,https://www.a-slot.com/SHOP/net23.html
1877,SLOTとある科学の超電磁砲,,藤商事,ホームスロット,藤商事 SLOTとある科学の超電磁砲 中古パチスロ実機,47800,有貨,https://home-slot.net/SHOP/s-fuji206.html
1877,SLOTとある科学の超電磁砲,,藤商事,A-SLOT,藤商事 SLOTとある科学の超電磁砲 中古パチスロ実機 [4ch対応],57800,有貨,https://www.a-slot.com/SHOP/s-fuji206.html
1878,SNKプレイモア スカイラブ3,,,ホームスロット,SNKプレイモア スカイラブ3 中古パチスロ実機,37700,售完,https://home-slot.net/SHOP/s-snk28.html
1878,SNKプレイモア スカイラブ3,,,A-SLOT,SNKプレイモア スカイラブ3 中古パチスロ実機 [4ch対応],47700,售完,https://www.a-slot.com/SHOP/snk28.html
1879,SNKプレイモア スカイラブ4,,,ホームスロット,SNKプレイモア スカイラブ4 中古パチスロ実機,35100,售完,https://home-slot.net/SHOP/s-snk37.html
1879,SNKプレイモア スカイラブ4,,,A-SLOT,SNKプレイモア スカイラブ4 中古パチスロ実機 [4ch対応],45100,售完,https://www.a-slot.com/SHOP/snk37.html
1881,SNKプレイモア 超お父さん2,,,A-SLOT,SNKプレイモア 超お父さん2 中古パチスロ実機 [4ch対応],31342,售完,https://www.a-slot.com/SHOP/snk18.html
1881,SNKプレイモア 超お父さん2,,,ホームスロット,SNKプレイモア 超お父さん2 中古パチスロ実機,44375,售完,https://home-slot.net/SHOP/s-snk18.html
1882,SNKプレイモア 餓狼伝説☆双撃,,,ホームスロット,SNKプレイモア 餓狼伝説☆双撃 中古パチスロ実機,41500,售完,https://home-slot.net/SHOP/s-snk38.html
1882,SNKプレイモア 餓狼伝説☆双撃,,,A-SLOT,SNKプレイモア 餓狼伝説☆双撃 中古パチスロ実機 [4ch対応],51500,售完,https://www.a-slot.com/SHOP/snk38.html
1889,ぱちんこCRサクラ大戦2 HV,,Sammy,ホームスロット,サミー ぱちんこCRサクラ大戦2 HV 中古パチンコ実機 [枠名：焔（ホムラ）] [4ch対応],37963,售完,https://home-slot.net/SHOP/p-sammy26.html
1889,ぱちんこCRサクラ大戦2 HV,,Sammy,ホームスロット,サミー ぱちんこCRサクラ大戦2 MV 中古パチンコ実機 [枠名：焔（ホムラ）] [4ch対応],47741,售完,https://home-slot.net/SHOP/p-sammy24.html
1896,ぱちんこCR蒼天の拳HTVA,,Sammy,ホームスロット,サミー ぱちんこCR蒼天の拳 HV 中古パチンコ実機 [枠名：焔（ホムラ）] [4ch対応],36944,售完,https://home-slot.net/SHOP/p-sammy16.html
1896,ぱちんこCR蒼天の拳HTVA,,Sammy,ホームスロット,サミー ぱちんこCR蒼天の拳HTVA 中古パチンコ実機 [枠名：転生] [4ch対応],42138,售完,https://home-slot.net/SHOP/p-sammy61.html
1897,ぱちスロ AKB48 エンジェル,,京楽,ホームスロット,京楽 ぱちスロ AKB48 エンジェル 中古パチスロ実機,35100,售完,https://home-slot.net/SHOP/s-kyoraku200.html
1897,ぱちスロ AKB48 エンジェル,,京楽,A-SLOT,京楽 ぱちスロ AKB48 エンジェル 中古パチスロ実機 [8ch対応],45100,有貨,https://www.a-slot.com/SHOP/kyoraku200.html
1898,ぱちスロAKB48 バラの儀式,,京楽,ホームスロット,京楽 ぱちスロAKB48 バラの儀式 中古パチスロ実機,98500,售完,https://home-slot.net/SHOP/s-kyoraku5.html
1898,ぱちスロAKB48 バラの儀式,,京楽,A-SLOT,京楽 ぱちスロAKB48 バラの儀式 中古パチスロ実機 [4ch対応],108500,售完,https://www.a-slot.com/SHOP/kyoraku5.html
1899,ぱちスロAKB48 勝利の女神,,京楽,ホームスロット,京楽 ぱちスロAKB48 勝利の女神 中古パチスロ実機,50500,售完,https://home-slot.net/SHOP/s-kyoraku10.html
1899,ぱちスロAKB48 勝利の女神,,京楽,A-SLOT,京楽 ぱちスロAKB48 勝利の女神 中古パチスロ実機 [8ch対応],60500,有貨,https://www.a-slot.com/SHOP/kyoraku10.html
1900,ぱちスロ 仮面ライダーBLACK,,京楽,ホームスロット,京楽 ぱちスロ 仮面ライダーBLACK 中古パチスロ実機,41500,售完,https://home-slot.net/SHOP/s-kyoraku9.html
1900,ぱちスロ 仮面ライダーBLACK,,京楽,A-SLOT,京楽 ぱちスロ 仮面ライダーBLACK 中古パチスロ実機 [8ch対応],51500,售完,https://www.a-slot.com/SHOP/kyoraku9.html
1901,ぱちスロ 沖ハナ 30 パネル不問,,京楽,ホームスロット,京楽 ぱちスロ 沖ハナ-30 パネル不問 中古パチスロ実機,41500,售完,https://home-slot.net/SHOP/s-kyoraku203.html
1901,ぱちスロ 沖ハナ 30 パネル不問,,京楽,A-SLOT,【お取り寄せ商品】京楽 ぱちスロ 沖ハナ-30 パネル不問 中古パチスロ実機 [8ch対応],51500,有貨,https://www.a-slot.com/SHOP/kyoraku203.html
1902,もっと!沖縄フェスティバル 30,,パイオニア,ホームスロット,パイオニア もっと!沖縄フェスティバル-30 中古パチスロ実機,35100,售完,https://home-slot.net/SHOP/s-pioneer39.html
1902,もっと!沖縄フェスティバル 30,,パイオニア,A-SLOT,パイオニア もっと!沖縄フェスティバル-30 中古パチスロ実機 [4ch対応],45100,售完,https://www.a-slot.com/SHOP/pioneer39.html
1903,アイドル うしおととら 白面決戦,スマスロ,大一,ホームスロット,大一 (アイドル） スマスロうしおととら 白面決戦 中古パチスロ実機 [スマスロ][8ch対応][まるごと配送限定],40100,有貨,https://home-slot.net/SHOP/s-daiichi203.html
1903,アイドル うしおととら 白面決戦,スマスロ,大一,A-SLOT,大一（アイドル） スマスロうしおととら 白面決戦 中古パチスロ実機 [スマスロ][8ch対応][まるごと配送限定],50100,有貨,https://www.a-slot.com/SHOP/s-daiichi203.html
1905,アクエリオン ALL STARS,,SANKYO,ホームスロット,SANKYO パチスロ アクエリオン ALL STARS 中古パチスロ実機,35100,有貨,https://home-slot.net/SHOP/s-sankyo215.html
1905,アクエリオン ALL STARS,,SANKYO,A-SLOT,SANKYO パチスロ アクエリオン ALL STARS 中古パチスロ実機 [4ch対応],45100,有貨,https://www.a-slot.com/SHOP/s-sankyo215.html
1906,アクロス クランキーコレクション,,,ホームスロット,アクロス クランキーコレクション 中古パチスロ実機,35100,售完,https://home-slot.net/SHOP/s-across1.html
1906,アクロス クランキーコレクション,,,A-SLOT,アクロス クランキーコレクション 中古パチスロ実機 [4ch対応],45100,售完,https://www.a-slot.com/SHOP/across1.html
1907,アクロス サンダーVライトニング,,,ホームスロット,アクロス サンダーVライトニング 中古パチスロ実機 [8ch対応],35100,有貨,https://home-slot.net/SHOP/s-across205.html
1907,アクロス サンダーVライトニング,,,A-SLOT,アクロス サンダーVライトニング 中古パチスロ実機 [8ch対応][まるごと配送限定],45100,有貨,https://www.a-slot.com/SHOP/across205.html
1909,アクロス 沖ドキ!トロピカル 30,,,ホームスロット,アクロス 沖ドキ！トロピカル-30 中古パチスロ実機,54100,售完,https://home-slot.net/SHOP/s-across11.html
1909,アクロス 沖ドキ!トロピカル 30,,,A-SLOT,アクロス 沖ドキ！トロピカル-30 中古パチスロ実機 [8ch対応],64100,售完,https://www.a-slot.com/SHOP/across11.html
1910,アクロス 沖ドキ! バカンスver.,,,ホームスロット,アクロス 沖ドキ！ バカンスver. 中古パチスロ実機,56100,售完,https://home-slot.net/SHOP/s-across4_vacation.html
1910,アクロス 沖ドキ! バカンスver.,,,A-SLOT,アクロス 沖ドキ！ バカンスver. 中古パチスロ実機 [8ch対応],66100,售完,https://www.a-slot.com/SHOP/across4_vacation.html
1911,アクロス 沖ドキ!バケーション 30,,,ホームスロット,アクロス 沖ドキ！バケーション-30 中古パチスロ実機,41500,售完,https://home-slot.net/SHOP/s-across200.html
1911,アクロス 沖ドキ!バケーション 30,,,A-SLOT,アクロス 沖ドキ！バケーション-30 中古パチスロ実機 [8ch対応],51500,有貨,https://www.a-slot.com/SHOP/across200.html
1912,アタックNo.1~開幕!世界選手権~,,SANYO,ホームスロット,SANYO パチスロアタックNo.1～開幕!世界選手権～ 中古パチスロ実機,54100,售完,https://home-slot.net/SHOP/s-sanyo15.html
1912,アタックNo.1~開幕!世界選手権~,,SANYO,A-SLOT,SANYO パチスロアタックNo.1～開幕!世界選手権～ 中古パチスロ実機 [4ch対応],64100,售完,https://www.a-slot.com/SHOP/sanyo15.html
1913,アデリオン デビル メイ クライ 5,,,ホームスロット,アデリオン パチスロ デビル メイ クライ 5 中古パチスロ実機 [8ch対応],68500,售完,https://home-slot.net/SHOP/s-adelion201.html
1913,アデリオン デビル メイ クライ 5,,,A-SLOT,アデリオン パチスロ デビルメイクライ 5 中古パチスロ実機 [8ch対応][まるごと配送限定],78500,售完,https://www.a-slot.com/SHOP/s-adelion201.html
1914,アデリオン バイオハザード RE 2,,,ホームスロット,アデリオン パチスロ バイオハザード RE:2 中古パチスロ実機 [8ch対応],35100,有貨,https://home-slot.net/SHOP/s-adelion203.html
1914,アデリオン バイオハザード RE 2,,,A-SLOT,アデリオン パチスロ バイオハザード RE:2 中古パチスロ実機 [8ch対応][まるごと配送限定],45100,有貨,https://www.a-slot.com/SHOP/s-adelion203.html
1916,アビリット GS美神 極楽大作戦!!,,,ホームスロット,アビリット GS美神 極楽大作戦!! 中古パチスロ実機,47800,售完,https://home-slot.net/SHOP/s-ginza17.html
1916,アビリット GS美神 極楽大作戦!!,,,A-SLOT,アビリット GS美神 極楽大作戦!! 中古パチスロ実機 [4ch対応],57800,售完,https://www.a-slot.com/SHOP/ginza17.html
1918,アミューズメント ドラゴンホイール,,KONAMI,ホームスロット,コナミアミューズメント ドラゴンホイール 中古パチスロ実機,35100,有貨,https://home-slot.net/SHOP/s-konami203.html
1918,アミューズメント ドラゴンホイール,,KONAMI,A-SLOT,コナミアミューズメント ドラゴンホイール 中古パチスロ実機 [8ch対応],45100,有貨,https://www.a-slot.com/SHOP/konami203.html
1919,アミューズメント 今日から俺は!! 編,スマスロ,KONAMI,ホームスロット,コナミアミューズメント 今日から俺は!! パチスロ編 中古パチスロ実機 [スマスロ],40100,有貨,https://home-slot.net/SHOP/s-konami219.html
1919,アミューズメント 今日から俺は!! 編,スマスロ,KONAMI,A-SLOT,コナミアミューズメント 今日から俺は!! パチスロ編 中古パチスロ実機 [スマスロ],50100,有貨,https://www.a-slot.com/SHOP/s-konami219.html
1924,アリストクラート 恐怖新聞~第二章~,,,A-SLOT,アリストクラート 恐怖新聞～第二章～ 中古パチスロ実機 [4ch対応],22174,售完,https://www.a-slot.com/SHOP/aristocrat12.html
1924,アリストクラート 恐怖新聞~第二章~,,,ホームスロット,アリストクラート 恐怖新聞～第二章～ 中古パチスロ実機,37909,售完,https://home-slot.net/SHOP/s-aristocrat12.html
1925,アントニオ猪木が伝説にする 機,,オリンピア,ホームスロット,オリンピア アントニオ猪木が伝説にするパチスロ機 中古パチスロ実機,68500,售完,https://home-slot.net/SHOP/s-heiwa91.html
1925,アントニオ猪木が伝説にする 機,,オリンピア,A-SLOT,オリンピア アントニオ猪木が伝説にするパチスロ機 中古パチスロ実機 [4ch対応],78500,售完,https://www.a-slot.com/SHOP/heiwa91.html
1926,アントニオ猪木が元気にする 機,,オリンピア,ホームスロット,オリンピア アントニオ猪木が元気にするパチスロ機 中古パチスロ実機,68500,售完,https://home-slot.net/SHOP/s-heiwa57.html
1926,アントニオ猪木が元気にする 機,,オリンピア,A-SLOT,【お取り寄せ商品】オリンピア アントニオ猪木が元気にするパチスロ機 中古パチスロ実機 [4ch対応],78500,有貨,https://www.a-slot.com/SHOP/heiwa57.html
1929,オーイズミ LB 1000ちゃんA,スマスロ,,ホームスロット,オーイズミ LB パチスロ1000ちゃんA 中古パチスロ実機 [スマスロ][8ch対応][まるごと配送限定],41500,有貨,https://home-slot.net/SHOP/s-oizumi217.html
1929,オーイズミ LB 1000ちゃんA,スマスロ,,A-SLOT,オーイズミ LB パチスロ1000ちゃんA 中古パチスロ実機 [スマスロ][8ch対応][まるごと配送限定],51500,有貨,https://www.a-slot.com/SHOP/s-oizumi217.html
1930,オーイズミ うみねこのなく頃に2,スマスロ,,ホームスロット,オーイズミ Lパチスロうみねこのなく頃に2 中古パチスロ実機 [スマスロ][8ch対応][まるごと配送限定],262500,有貨,https://home-slot.net/SHOP/s-oizumi219.html
1930,オーイズミ うみねこのなく頃に2,スマスロ,,A-SLOT,オーイズミ Lパチスロうみねこのなく頃に2 中古パチスロ実機 [スマスロ][8ch対応][まるごと配送限定],272500,有貨,https://www.a-slot.com/SHOP/s-oizumi219.html
1931,オーイズミ ひぐらしのなく頃に煌,,,ホームスロット,オーイズミ パチスロひぐらしのなく頃に煌 中古パチスロ実機,47800,售完,https://home-slot.net/SHOP/s-oizumi20.html
1931,オーイズミ ひぐらしのなく頃に煌,,,A-SLOT,【お取り寄せ商品】オーイズミ パチスロひぐらしのなく頃に煌 中古パチスロ実機 [4ch対応],57800,有貨,https://www.a-slot.com/SHOP/oizumi20.html
1932,オーイズミ ストライクウィッチーズ,,,ホームスロット,オーイズミ パチスロ ストライクウィッチーズ 中古パチスロ実機,47800,售完,https://home-slot.net/SHOP/s-oizumi23.html
1932,オーイズミ ストライクウィッチーズ,,,A-SLOT,オーイズミ パチスロ ストライクウィッチーズ 中古パチスロ実機 [4ch対応],57800,有貨,https://www.a-slot.com/SHOP/oizumi23.html
1933,オーゼキ ハイパーブラックジャック,,,ホームスロット,オーゼキ ハイパーブラックジャック 中古パチスロ実機,40100,售完,https://home-slot.net/SHOP/s-net205.html
1933,オーゼキ ハイパーブラックジャック,,,A-SLOT,【お取り寄せ商品】オーゼキ ハイパーブラックジャック 中古パチスロ実機 [4ch対応],50100,有貨,https://www.a-slot.com/SHOP/net205.html
1936,オッケー. ぱちスロ ウルトラセブン,,,ホームスロット,オッケー. ぱちスロ ウルトラセブン 中古パチスロ実機,68500,售完,https://home-slot.net/SHOP/s-ok2.html
1936,オッケー. ぱちスロ ウルトラセブン,,,A-SLOT,オッケー. ぱちスロ ウルトラセブン 中古パチスロ実機 [8ch対応],78500,售完,https://www.a-slot.com/SHOP/ok2.html
1937,キン肉マン ~キン肉星王位争奪編~,,山佐,ホームスロット,山佐 パチスロ キン肉マン ～キン肉星王位争奪編～ 中古パチスロ実機,74900,售完,https://home-slot.net/SHOP/s-yamasa82.html
1937,キン肉マン ~キン肉星王位争奪編~,,山佐,A-SLOT,山佐 パチスロ キン肉マン ～キン肉星王位争奪編～ 中古パチスロ実機 [4ch対応],84900,有貨,https://www.a-slot.com/SHOP/yamasa82.html
1939,コードギアス 反逆のルルーシュR2,,Sammy,ホームスロット,サミー パチスロコードギアス 反逆のルルーシュR2 中古パチスロ実機,41500,售完,https://home-slot.net/SHOP/s-sammy122.html
1939,コードギアス 反逆のルルーシュR2,,Sammy,A-SLOT,【お取り寄せ商品】サミー パチスロコードギアス 反逆のルルーシュR2 中古パチスロ実機 [4ch対応],51500,售完,https://www.a-slot.com/SHOP/sammy122.html
1940,サンスリー 笑ゥせぇるすまん 絶笑,S,,ホームスロット,サンスリー S笑ゥせぇるすまん 絶笑 中古パチスロ実機,35100,有貨,https://home-slot.net/SHOP/s-santhree202.html
1940,サンスリー 笑ゥせぇるすまん 絶笑,S,,A-SLOT,サンスリー S笑ゥせぇるすまん 絶笑 中古パチスロ実機,45100,有貨,https://www.a-slot.com/SHOP/santhree202.html
1953,ジェイビー PJ RUSH5 HSJ,,,ホームスロット,ジェイビー PJ-RUSH5 HSJ 中古パチンコ実機,52600,有貨,https://home-slot.net/SHOP/p-jb214.html
1953,ジェイビー PJ RUSH5 HSJ,,,ホームスロット,ジェイビー PJ-RUSH5 RSJ 中古パチンコ実機,52600,售完,https://home-slot.net/SHOP/p-jb213.html
1954,ジェイビー かぐや様は告らせたい,スマスロ,,ホームスロット,ジェイビー パチスロ かぐや様は告らせたい 中古パチスロ実機 [スマスロ],46500,有貨,https://home-slot.net/SHOP/s-sankyo225.html
1954,ジェイビー かぐや様は告らせたい,スマスロ,,A-SLOT,ジェイビー パチスロ かぐや様は告らせたい 中古パチスロ実機 [スマスロ] [4ch対応],56500,有貨,https://www.a-slot.com/SHOP/s-sankyo225.html
1960,セブンリーグ 鉄拳4デビルVer.,,,ホームスロット,セブンリーグ パチスロ鉄拳4デビルVer． 中古パチスロ実機,35100,有貨,https://home-slot.net/SHOP/s-yamasa218.html
1960,セブンリーグ 鉄拳4デビルVer.,,,A-SLOT,セブンリーグ パチスロ鉄拳4デビルVer． 中古パチスロ実機,45100,有貨,https://www.a-slot.com/SHOP/yamasa218.html
1961,タイヨーエレック あしたのジョー2,,,ホームスロット,タイヨーエレック パチスロあしたのジョー2 中古パチスロ実機,41500,售完,https://home-slot.net/SHOP/s-taiyo_elec20.html
1961,タイヨーエレック あしたのジョー2,,,A-SLOT,タイヨーエレック パチスロあしたのジョー2 中古パチスロ実機 [4ch対応],51500,售完,https://www.a-slot.com/SHOP/taiyo_elec20.html
1962,タイヨーエレック バーチャファイター,,,ホームスロット,タイヨーエレック パチスロ バーチャファイター 中古パチスロ実機,72300,售完,https://home-slot.net/SHOP/s-taiyo_elec25.html
1962,タイヨーエレック バーチャファイター,,,A-SLOT,タイヨーエレック パチスロ バーチャファイター 中古パチスロ実機 [4ch対応],82300,有貨,https://www.a-slot.com/SHOP/taiyo_elec25.html
1965,ディ ライト 熱血!華成学園ヒーロー部,,,ホームスロット,ディ・ライト パチスロ熱血!華成学園ヒーロー部 中古パチスロ実機,68500,售完,https://home-slot.net/SHOP/s-dlight_2.html
1965,ディ ライト 熱血!華成学園ヒーロー部,,,A-SLOT,ディ・ライト パチスロ熱血!華成学園ヒーロー部 中古パチスロ実機 [4ch対応],78500,售完,https://www.a-slot.com/SHOP/dlight_2.html
1971,デビルサバイバー2 最後の7日間,,オリンピア,ホームスロット,オリンピア デビルサバイバー2 最後の7日間 中古パチスロ実機,41500,售完,https://home-slot.net/SHOP/s-heiwa115.html
1971,デビルサバイバー2 最後の7日間,,オリンピア,A-SLOT,【お取り寄せ商品】オリンピア デビルサバイバー2 最後の7日間 枠色不問 中古パチスロ実機 [4ch対応],51500,有貨,https://www.a-slot.com/SHOP/heiwa115.html
1977,ニューシオサイ 30 メインパネル,,パイオニア,ホームスロット,パイオニア ニューシオサイ-30[メインパネル] 中古パチスロ実機,35100,售完,https://home-slot.net/SHOP/s-pioneer45.html
1977,ニューシオサイ 30 メインパネル,,パイオニア,A-SLOT,パイオニア ニューシオサイ-30[メインパネル] 中古パチスロ実機 [4ch対応],45100,售完,https://www.a-slot.com/SHOP/pioneer45.html
1978,ニューパルサーDX~チェリーバージョン~,,山佐,ホームスロット,山佐 ニューパルサーDX～チェリーバージョン～ 中古パチスロ実機,35100,售完,https://home-slot.net/SHOP/s-yamasa204.html
1978,ニューパルサーDX~チェリーバージョン~,,山佐,A-SLOT,山佐 ニューパルサーDX～チェリーバージョン～ 中古パチスロ実機 [4ch対応],45100,售完,https://www.a-slot.com/SHOP/yamasa204.html
1981,ノーゲーム ノーライフ THE SLOT,,北電子,ホームスロット,北電子 ノーゲーム・ノーライフ THE SLOT 中古パチスロ実機,119800,售完,https://home-slot.net/SHOP/s-kitadenshi205.html
1981,ノーゲーム ノーライフ THE SLOT,,北電子,A-SLOT,【お取り寄せ商品】北電子 ノーゲーム・ノーライフ THE SLOT 中古パチスロ実機 [8ch対応],129800,有貨,https://www.a-slot.com/SHOP/kitadensi205.html
1983,ハナハナホウオウ~天翔~ 紫パネル,,パイオニア,ホームスロット,パイオニア ハナハナホウオウ～天翔～ 紫パネル 中古パチスロ実機,54100,有貨,https://home-slot.net/SHOP/s-pioneer216.html
1983,ハナハナホウオウ~天翔~ 紫パネル,,パイオニア,A-SLOT,パイオニア ハナハナホウオウ～天翔～ 紫パネル 中古パチスロ実機,64100,有貨,https://www.a-slot.com/SHOP/s-pioneer216.html
1987,ビスティ CR鉄拳2 闘神ver.,,,ホームスロット,ビスティ CR鉄拳2 闘神ver. 中古パチンコ実機,92400,售完,https://home-slot.net/SHOP/p-bisty56.html
1987,ビスティ CR鉄拳2 闘神ver.,,,ホームスロット,ビスティ CR鉄拳２ 風神ver. 枠色不問 中古パチンコ実機,116000,售完,https://home-slot.net/SHOP/p-bisty60.html
1988,ビスティ シン エヴァンゲリオン,スマスロ,,ホームスロット,ビスティ Lパチスロ シン・エヴァンゲリオン 中古パチスロ実機 [スマスロ] [4ch対応],40100,有貨,https://home-slot.net/SHOP/s-bisty223.html
1988,ビスティ シン エヴァンゲリオン,スマスロ,,A-SLOT,ビスティ Lパチスロ シン・エヴァンゲリオン 中古パチスロ実機 [スマスロ] [4ch対応],50100,有貨,https://www.a-slot.com/SHOP/s-bisty223.html
1989,ビスティ トゥームレイダー 緑パネル,,,ホームスロット,ビスティ トゥームレイダー 緑パネル 中古パチスロ実機,28742,售完,https://home-slot.net/SHOP/s-sankyo40.html
1989,ビスティ トゥームレイダー 緑パネル,,,A-SLOT,【4号機】ビスティ トゥームレイダー 緑パネル 中古パチスロ実機 [4ch対応],39700,售完,https://www.a-slot.com/SHOP/sankyo40.html
1994,ブロス SLOTスターオーシャン4,,ユニバーサル,ホームスロット,ユニバーサルブロス SLOTスターオーシャン4 中古パチスロ実機,41500,售完,https://home-slot.net/SHOP/s-univerasal15.html
1994,ブロス SLOTスターオーシャン4,,ユニバーサル,A-SLOT,ユニバーサルブロス SLOTスターオーシャン4 中古パチスロ実機 [8ch対応],51500,售完,https://www.a-slot.com/SHOP/univerasal15.html
1995,ブロス アナザーハナビ弥生ちゃん,,ユニバーサル,ホームスロット,ユニバーサルブロス アナザーハナビ弥生ちゃん 中古パチスロ実機,98500,售完,https://home-slot.net/SHOP/s-univerasal201.html
1995,ブロス アナザーハナビ弥生ちゃん,,ユニバーサル,A-SLOT,ユニバーサルブロス アナザーハナビ弥生ちゃん 中古パチスロ実機 [8ch対応],108500,售完,https://www.a-slot.com/SHOP/univerasal201.html
1996,ブロス ミリオンゴッド 神々の凱旋,,ユニバーサル,ホームスロット,ユニバーサルブロス ミリオンゴッド-神々の凱旋- 中古パチスロ実機,79500,有貨,https://home-slot.net/SHOP/s-univerasal8.html
1996,ブロス ミリオンゴッド 神々の凱旋,,ユニバーサル,A-SLOT,ユニバーサルブロス ミリオンゴッド-神々の凱旋- 中古パチスロ実機 [8ch対応],89500,有貨,https://www.a-slot.com/SHOP/univerasal8.html
2000,マルホン CRAソルジャーSRT,,,ホームスロット,マルホン CRAソルジャーSRT 中古パチンコ実機,52600,售完,https://home-slot.net/SHOP/p-maruhon59.html
2000,マルホン CRAソルジャーSRT,,,ホームスロット,マルホン CRAソルジャーST 中古パチンコ実機,52600,售完,https://home-slot.net/SHOP/p-maruhon58.html
2008,ンゴロポポス ~ピンチ!捕われの爺~,,大都技研,ホームスロット,大都技研 ンゴロポポス ～ピンチ！捕われの爺～ 中古パチスロ実機,98500,售完,https://home-slot.net/SHOP/s-daitogiken50.html
2008,ンゴロポポス ~ピンチ!捕われの爺~,,大都技研,A-SLOT,大都技研 ンゴロポポス ～ピンチ！捕われの爺～ 中古パチスロ実機 [4ch対応],108500,售完,https://www.a-slot.com/SHOP/daitogiken50.html
2010,乙女マスターズ~空を翔る白き軌跡~,,オリンピア,ホームスロット,オリンピア パチスロ 乙女マスターズ～空を翔る白き軌跡～ 中古パチスロ実機,54100,售完,https://home-slot.net/SHOP/s-heiwa145.html
2010,乙女マスターズ~空を翔る白き軌跡~,,オリンピア,A-SLOT,オリンピア パチスロ 乙女マスターズ～空を翔る白き軌跡～ 中古パチスロ実機 [8ch対応],64100,有貨,https://www.a-slot.com/SHOP/heiwa145.html
2016,北斗の拳 修羅の国篇 羅刹ver.,,Sammy,ホームスロット,サミー パチスロ北斗の拳 修羅の国篇 羅刹ver. 中古パチスロ実機,35100,有貨,https://home-slot.net/SHOP/s-sammy138.html
2016,北斗の拳 修羅の国篇 羅刹ver.,,Sammy,A-SLOT,サミー パチスロ北斗の拳 修羅の国篇 羅刹ver. 中古パチスロ実機 [4ch対応],45100,有貨,https://www.a-slot.com/SHOP/sammy138.html
2017,北斗の拳 転生の章 ジャギパネル,,Sammy,ホームスロット,サミー パチスロ北斗の拳 転生の章 ジャギパネル 中古パチスロ実機,104800,售完,https://home-slot.net/SHOP/s-sammy95.html
2017,北斗の拳 転生の章 ジャギパネル,,Sammy,A-SLOT,サミー パチスロ北斗の拳 転生の章 ジャギパネル 中古パチスロ実機 [4ch対応],114800,售完,https://www.a-slot.com/SHOP/sammy95.html
2018,北斗の拳 転生の章 ラオウパネル,,Sammy,ホームスロット,サミー パチスロ北斗の拳 転生の章 ラオウパネル 中古パチスロ実機,83500,售完,https://home-slot.net/SHOP/s-sammy93.html
2018,北斗の拳 転生の章 ラオウパネル,,Sammy,A-SLOT,【お取り寄せ商品】サミー パチスロ北斗の拳 転生の章 ラオウパネル 中古パチスロ実機 [4ch対応],93500,售完,https://www.a-slot.com/SHOP/sammy93.html
2020,喰霊 零 運命乱~うんめいのみだれ~,S,藤商事,ホームスロット,JFJ S喰霊-零- 運命乱～うんめいのみだれ～ 中古パチスロ実機,35100,有貨,https://home-slot.net/SHOP/s-fuji202.html
2020,喰霊 零 運命乱~うんめいのみだれ~,S,藤商事,A-SLOT,JFJ S喰霊-零- 運命乱～うんめいのみだれ～ 中古パチスロ実機 [4ch対応],45100,有貨,https://www.a-slot.com/SHOP/fuji202.html
2021,大海物語4withすーぱーそに子,,SANYO,ホームスロット,SANYO パチスロ 大海物語4withすーぱーそに子 中古パチスロ実機,41500,有貨,https://home-slot.net/SHOP/s-sanyo200.html
2021,大海物語4withすーぱーそに子,,SANYO,A-SLOT,SANYO パチスロ 大海物語4withすーぱーそに子 中古パチスロ実機 [8ch対応],51500,有貨,https://www.a-slot.com/SHOP/sanyo200.html
2025,戦姫絶唱シンフォギア 勇気の歌,,SANKYO,ホームスロット,SANKYO パチスロ 戦姫絶唱シンフォギア 勇気の歌 中古パチスロ実機,54100,有貨,https://home-slot.net/SHOP/s-sankyo214.html
2025,戦姫絶唱シンフォギア 勇気の歌,,SANKYO,A-SLOT,SANKYO パチスロ 戦姫絶唱シンフォギア 勇気の歌 中古パチスロ実機 [4ch対応],64100,有貨,https://www.a-slot.com/SHOP/s-sankyo214.html
2026,戦姫絶唱シンフォギア 正義の歌,スマスロ,SANKYO,ホームスロット,SANKYO Lパチスロ戦姫絶唱シンフォギア 正義の歌 中古パチスロ実機 [スマスロ] [4ch対応],43900,有貨,https://home-slot.net/SHOP/s-sankyo224.html
2026,戦姫絶唱シンフォギア 正義の歌,スマスロ,SANKYO,A-SLOT,SANKYO Lパチスロ戦姫絶唱シンフォギア 正義の歌 中古パチスロ実機 [スマスロ] [4ch対応],51500,有貨,https://www.a-slot.com/SHOP/s-sankyo224.html
2027,攻殻機動隊S.A.C. 2nd GIG,,Sammy,ホームスロット,サミー パチスロ攻殻機動隊S.A.C. 2nd GIG 中古パチスロ実機,54100,售完,https://home-slot.net/SHOP/s-sammy130.html
2027,攻殻機動隊S.A.C. 2nd GIG,,Sammy,A-SLOT,【お取り寄せ商品】サミー パチスロ攻殻機動隊S.A.C. 2nd GIG 中古パチスロ実機 [4ch対応],64100,有貨,https://www.a-slot.com/SHOP/sammy130.html
2028,新日テクノロジー アカメが斬る! 2,スマスロ,,ホームスロット,新日テクノロジー L アカメが斬る! 2 中古パチスロ実機 [スマスロ],45300,有貨,https://home-slot.net/SHOP/s-spyki_210.html
2028,新日テクノロジー アカメが斬る! 2,スマスロ,,A-SLOT,新日テクノロジー L アカメが斬る! 2 中古パチスロ実機 [スマスロ] [4ch対応],55300,有貨,https://www.a-slot.com/SHOP/s-spyki_210.html
2029,機動戦士ガンダムII~哀 戦士編~,,山佐,ホームスロット,山佐 機動戦士ガンダムII～哀・戦士編～ 中古パチスロ実機,57900,售完,https://home-slot.net/SHOP/s-yamasa27.html
2029,機動戦士ガンダムII~哀 戦士編~,,山佐,A-SLOT,山佐 機動戦士ガンダムII～哀・戦士編～ 中古パチスロ実機 [4ch対応],67900,售完,https://www.a-slot.com/SHOP/yamasa27.html
2030,機動新撰組 萌えよ剣~今宵 花散る~,,北電子,ホームスロット,北電子 パチスロ機動新撰組 萌えよ剣～今宵、花散る～ 中古パチスロ実機,35100,售完,https://home-slot.net/SHOP/s-kitadenshi69.html
2030,機動新撰組 萌えよ剣~今宵 花散る~,,北電子,A-SLOT,北電子 パチスロ機動新撰組 萌えよ剣～今宵、花散る～ 中古パチスロ実機 [4ch対応],45100,售完,https://www.a-slot.com/SHOP/kitadenshi69.html
2033,甲鉄城のカバネリ メインパネル,,Sammy,ホームスロット,サミー パチスロ甲鉄城のカバネリ[メインパネル] 中古パチスロ実機 [8ch対応],52500,售完,https://home-slot.net/SHOP/s-sammy221.html
2033,甲鉄城のカバネリ メインパネル,,Sammy,A-SLOT,サミー パチスロ甲鉄城のカバネリ[メインパネル] 中古パチスロ実機 [8ch対応][まるごと配送限定],62500,有貨,https://www.a-slot.com/SHOP/s-sammy221.html
2035,笑ゥせぇるすまん3~笑撃のドーン~,,SANYO,ホームスロット,SANYO 笑ゥせぇるすまん3～笑撃のドーン～ 中古パチスロ実機,35100,售完,https://home-slot.net/SHOP/s-sanyo29.html
2035,笑ゥせぇるすまん3~笑撃のドーン~,,SANYO,A-SLOT,SANYO 笑ゥせぇるすまん3～笑撃のドーン～ 中古パチスロ実機 [8ch対応],45100,售完,https://www.a-slot.com/SHOP/sanyo29.html
2036,緑ドン ~キラメキ!炎のオーロラ伝説~,,エレコ,ホームスロット,エレコ 緑ドン ～キラメキ!炎のオーロラ伝説～ 中古パチスロ実機,74900,售完,https://home-slot.net/SHOP/s-eleco58.html
2036,緑ドン ~キラメキ!炎のオーロラ伝説~,,エレコ,A-SLOT,【お取り寄せ商品】エレコ 緑ドン ～キラメキ!炎のオーロラ伝説～ 中古パチスロ実機 [8ch対応],84900,有貨,https://www.a-slot.com/SHOP/eleco58.html
2044,西陣 CR春一番~極上の花道~GL,,,ホームスロット,西陣 CR春一番～極上の花道～ 中古パチンコ実機,52600,售完,https://home-slot.net/SHOP/p-nishijinn119.html
2044,西陣 CR春一番~極上の花道~GL,,,ホームスロット,西陣 CR春一番～極上の花道～GL 中古パチンコ実機,59000,售完,https://home-slot.net/SHOP/p-nishijinn123.html
2061,豊丸 CR釣りキチ三平99VM,,,ホームスロット,豊丸 CR釣りキチ三平99VS 中古パチンコ実機,52600,售完,https://home-slot.net/SHOP/p-toyomaru50.html
2061,豊丸 CR釣りキチ三平99VM,,,ホームスロット,豊丸 CR釣りキチ三平99VM 中古パチンコ実機,86000,售完,https://home-slot.net/SHOP/p-toyomaru51.html
2071,銀座 ディスクアップ ブルーパネル,,,ホームスロット,銀座 パチスロ ディスクアップ [ブルーパネル] 中古パチスロ実機,70500,有貨,https://home-slot.net/SHOP/s-ginza204.html
2071,銀座 ディスクアップ ブルーパネル,,,A-SLOT,銀座 パチスロ ディスクアップ [ブルーパネル] 中古パチスロ実機 [4ch対応],80500,有貨,https://www.a-slot.com/SHOP/ginza204.html
2078,高尾 CR一騎当千 SS2 WLC,,,ホームスロット,高尾 CR一騎当千 SS2 WLC 中古パチンコ実機,71600,售完,https://home-slot.net/SHOP/p-takao60.html
2078,高尾 CR一騎当千 SS2 WLC,,,ホームスロット,高尾 CR一騎当千 SS2 WXC 中古パチンコ実機,92400,售完,https://home-slot.net/SHOP/p-takao59.html
2080,高尾 CR一騎当千SS覇 赤黒枠,,,ホームスロット,高尾 CR一騎当千SS覇 黒枠 中古パチンコ実機,49015,售完,https://home-slot.net/SHOP/p-takao32.html
2080,高尾 CR一騎当千SS覇 赤黒枠,,,ホームスロット,高尾 CR一騎当千SS覇 赤黒枠 中古パチンコ実機,56558,售完,https://home-slot.net/SHOP/p-takao18.html
2081,高尾 CR幕末義人伝浪漫SAA,,,ホームスロット,高尾 CR幕末義人伝浪漫SAA 中古パチンコ実機,52600,售完,https://home-slot.net/SHOP/p-takao56.html
2081,高尾 CR幕末義人伝浪漫SAA,,,ホームスロット,高尾 CR幕末義人伝浪漫SAB 中古パチンコ実機,71600,售完,https://home-slot.net/SHOP/p-takao57.html
2089,麻雀物語2 激闘!麻雀グランプリ,,オリンピア,ホームスロット,オリンピア 麻雀物語2 激闘!麻雀グランプリ 中古パチスロ実機,98500,售完,https://home-slot.net/SHOP/s-heiwa84.html
2089,麻雀物語2 激闘!麻雀グランプリ,,オリンピア,A-SLOT,【お取り寄せ商品】オリンピア 麻雀物語2 激闘!麻雀グランプリ 中古パチスロ実機 [4ch対応],108500,有貨,https://www.a-slot.com/SHOP/heiwa84.html
2090,麻雀物語3 役満乱舞の究極大戦,,オリンピア,ホームスロット,オリンピア 麻雀物語3 役満乱舞の究極大戦 中古パチスロ実機,37700,售完,https://home-slot.net/SHOP/s-heiwa114.html
2090,麻雀物語3 役満乱舞の究極大戦,,オリンピア,A-SLOT,オリンピア 麻雀物語3 役満乱舞の究極大戦 枠色不問 中古パチスロ実機 [4ch対応],47700,售完,https://www.a-slot.com/SHOP/heiwa114.html
2091,黒神 The Animation,,オリンピア,ホームスロット,オリンピア パチスロ黒神 The Animation 中古パチスロ実機,68500,售完,https://home-slot.net/SHOP/s-heiwa140.html
2091,黒神 The Animation,,オリンピア,A-SLOT,【お取り寄せ商品】オリンピア パチスロ黒神 The Animation 中古パチスロ実機 [8ch対応],78500,有貨,https://www.a-slot.com/SHOP/heiwa140.html
2095,BADBOYS バッド ボーイズ,,岡崎産業,ホームスロット,岡崎産業 BADBOYS(バッド ボーイズ) 中古パチスロ実機,47800,售完,https://home-slot.net/SHOP/s-okazaki7.html
2095,BADBOYS バッド ボーイズ,,岡崎産業,A-SLOT,岡崎産業 BADBOYS(バッド ボーイズ) 中古パチスロ実機 [4ch対応],57800,售完,https://www.a-slot.com/SHOP/okazaki7.html
2117,CRフィーバーサムライブレードR,,SANKYO,ホームスロット,SANKYO CRフィーバーサムライブレードR 中古パチンコ実機,52600,售完,https://home-slot.net/SHOP/p-sankyo136.html
2117,CRフィーバーサムライブレードR,,SANKYO,ホームスロット,SANKYO CRフィーバーサムライブレードY 中古パチンコ実機,52600,售完,https://home-slot.net/SHOP/p-sankyo140.html
2121,CRリング~運命の日~FPSZ,,藤商事,ホームスロット,藤商事 ＣＲリング～運命の日～ＦＰＳＺ 中古パチンコ実機 [枠名：エアーキャノン] [8ch対応],65300,售完,https://home-slot.net/SHOP/p-fuji102.html
2121,CRリング~運命の日~FPSZ,,藤商事,ホームスロット,藤商事 CRリング～運命の日～FPWZ 中古パチンコ実機 [枠名：エアーキャノン] [8ch対応],86000,售完,https://home-slot.net/SHOP/p-fuji111.html
2137,CR緋弾のアリアIIFPM,,藤商事,ホームスロット,藤商事 CR緋弾のアリアII FPS 中古パチンコ実機 [枠名：エアーキャノン] [8ch対応],86000,售完,https://home-slot.net/SHOP/p-fuji149.html
2137,CR緋弾のアリアIIFPM,,藤商事,ホームスロット,藤商事 CR緋弾のアリアIIFPM 中古パチンコ実機 [枠名：エアーキャノン] [8ch対応],107300,售完,https://home-slot.net/SHOP/p-fuji137.html
2143,EXCITE ベルセルク無双,スマスロ,,ホームスロット,EXCITE Lベルセルク無双 中古パチスロ実機 [スマスロ],35100,有貨,https://home-slot.net/SHOP/s-excite205.html
2143,EXCITE ベルセルク無双,スマスロ,,A-SLOT,EXCITE Lベルセルク無双 中古パチスロ実機 [スマスロ],45100,有貨,https://www.a-slot.com/SHOP/s-excite205.html
2144,EXCITE 信長の野望 創造,,,ホームスロット,EXCITE パチスロ 信長の野望－創造－ 中古パチスロ実機,35100,售完,https://home-slot.net/SHOP/s-excite21.html
2144,EXCITE 信長の野望 創造,,,A-SLOT,EXCITE パチスロ 信長の野望－創造－ 中古パチスロ実機 [4ch対応],45100,售完,https://www.a-slot.com/SHOP/excite21.html
2145,IGT シークレットプリンセス,,,ホームスロット,IGT シークレットプリンセス 中古パチスロ実機,68500,售完,https://home-slot.net/SHOP/s-igt10.html
2145,IGT シークレットプリンセス,,,A-SLOT,IGT シークレットプリンセス 中古パチスロ実機 [4ch対応],78500,售完,https://www.a-slot.com/SHOP/igt10.html
2147,IGT 信長の野望 天下創世R,,,ホームスロット,IGT 信長の野望・天下創世R 中古パチスロ実機,68500,售完,https://home-slot.net/SHOP/s-igt3.html
2147,IGT 信長の野望 天下創世R,,,A-SLOT,IGT 信長の野望・天下創世R 中古パチスロ実機 [4ch対応],78500,售完,https://www.a-slot.com/SHOP/igt3.html
2149,KPE マジカルハロウィン3,,,ホームスロット,KPE マジカルハロウィン3 中古パチスロ実機,41500,有貨,https://home-slot.net/SHOP/s-kpe26.html
2149,KPE マジカルハロウィン3,,,A-SLOT,KPE マジカルハロウィン3 中古パチスロ実機 [4ch対応],51500,有貨,https://www.a-slot.com/SHOP/kpe26.html
2150,KPE マジカルハロウィン4,,,ホームスロット,KPE マジカルハロウィン4 中古パチスロ実機,57900,有貨,https://home-slot.net/SHOP/s-kpe44.html
2150,KPE マジカルハロウィン4,,,A-SLOT,KPE マジカルハロウィン4 中古パチスロ実機 [8ch対応],67900,有貨,https://www.a-slot.com/SHOP/kpe44.html
2152,KPE マジカルハロウィン6,,,ホームスロット,KPE マジカルハロウィン6 中古パチスロ実機,35100,有貨,https://home-slot.net/SHOP/s-kpe63.html
2152,KPE マジカルハロウィン6,,,A-SLOT,KPE マジカルハロウィン6 中古パチスロ実機 [8ch対応],45100,有貨,https://www.a-slot.com/SHOP/kpe63.html
2153,KPE マジカルハロウィンR,,,ホームスロット,KPE マジカルハロウィンR 中古パチスロ実機,98500,售完,https://home-slot.net/SHOP/s-kpe8.html
2153,KPE マジカルハロウィンR,,,A-SLOT,【お取り寄せ商品】KPE マジカルハロウィンR 中古パチスロ実機 [8ch対応],108500,有貨,https://www.a-slot.com/SHOP/kpe8.html
2155,NET シンデレラブレイド2,,,ホームスロット,NET シンデレラブレイド2 中古パチスロ実機,35100,售完,https://home-slot.net/SHOP/s-net41.html
2155,NET シンデレラブレイド2,,,A-SLOT,NET シンデレラブレイド2 中古パチスロ実機 [4ch対応],45100,售完,https://www.a-slot.com/SHOP/net41.html
2156,NET シンデレラブレイド3,,,ホームスロット,NET シンデレラブレイド3 中古パチスロ実機,41500,有貨,https://home-slot.net/SHOP/s-net56.html
2156,NET シンデレラブレイド3,,,A-SLOT,NET シンデレラブレイド3 中古パチスロ実機 [4ch対応],51500,售完,https://www.a-slot.com/SHOP/net56.html
2157,NET シンデレラブレイド4,,,ホームスロット,NET シンデレラブレイド4 中古パチスロ実機 [8ch対応][まるごと配送限定],35100,售完,https://home-slot.net/SHOP/s-net209.html
2157,NET シンデレラブレイド4,,,A-SLOT,NET シンデレラブレイド4 中古パチスロ実機 [8ch対応][まるごと配送限定],45100,售完,https://www.a-slot.com/SHOP/net209.html
2159,NET 真モグモグ風林火山2,,,ホームスロット,NET 真モグモグ風林火山2 中古パチスロ実機,47800,售完,https://home-slot.net/SHOP/s-net42.html
2159,NET 真モグモグ風林火山2,,,A-SLOT,NET 真モグモグ風林火山2 中古パチスロ実機 [4ch対応],57800,售完,https://www.a-slot.com/SHOP/net42.html
2167,SHAKEIII シェイク3,,大都技研,ホームスロット,大都技研 ＳＨＡＫＥIII [シェイク3] 中古パチスロ実機,47800,有貨,https://home-slot.net/SHOP/s-daitogiken60.html
2167,SHAKEIII シェイク3,,大都技研,A-SLOT,大都技研 ＳＨＡＫＥIII [シェイク3] 中古パチスロ実機 [8ch対応],57800,有貨,https://www.a-slot.com/SHOP/daitogiken60.html
2168,SLOTファミリースタジアム,,メーシー,ホームスロット,メーシー SLOTファミリースタジアム 中古パチスロ実機,35100,有貨,https://home-slot.net/SHOP/s-mizuho-macy200.html
2168,SLOTファミリースタジアム,,メーシー,A-SLOT,メーシー SLOTファミリースタジアム 中古パチスロ実機 [8ch対応],45100,有貨,https://www.a-slot.com/SHOP/mizuho-macy200.html
2169,SLOT忍者じゃじゃ丸くん,,エレコ,ホームスロット,エレコ SLOT忍者じゃじゃ丸くん 中古パチスロ実機 [8ch対応],83500,售完,https://home-slot.net/SHOP/s-eleco206.html
2169,SLOT忍者じゃじゃ丸くん,,エレコ,A-SLOT,【お取り寄せ商品】エレコ SLOT忍者じゃじゃ丸くん 中古パチスロ実機 [8ch対応][まるごと配送限定],93500,有貨,https://www.a-slot.com/SHOP/s-eleco206.html
2171,TVアニメーション 弱虫ペダル,,オリンピア,ホームスロット,オリンピア パチスロ TVアニメーション 弱虫ペダル 中古パチスロ実機,54100,售完,https://home-slot.net/SHOP/s-heiwa136.html
2171,TVアニメーション 弱虫ペダル,,オリンピア,A-SLOT,オリンピア パチスロ TVアニメーション 弱虫ペダル 中古パチスロ実機 [8ch対応],64100,售完,https://www.a-slot.com/SHOP/heiwa136.html
2172,この素晴らしい世界に祝福を!,,Sammy,ホームスロット,サミー パチスロこの素晴らしい世界に祝福を！ 中古パチスロ実機 [8ch対応],40100,有貨,https://home-slot.net/SHOP/s-sammy220.html
2172,この素晴らしい世界に祝福を!,,Sammy,A-SLOT,サミー パチスロこの素晴らしい世界に祝福を！ 中古パチスロ実機 [8ch対応][まるごと配送限定],50100,有貨,https://www.a-slot.com/SHOP/s-sammy220.html
2182,アイムジャグラー7 パネル不問,,北電子,ホームスロット,北電子 アイムジャグラー7 【パネル不問】 中古パチスロ実機,98500,售完,https://home-slot.net/SHOP/s-kitadenshi13.html
2182,アイムジャグラー7 パネル不問,,北電子,A-SLOT,北電子 アイムジャグラー7 【パネル不問】 中古パチスロ実機 [4ch対応],108500,售完,https://www.a-slot.com/SHOP/kitadenshi13.html
2183,アイムジャグラーEX ブラック,5号機,北電子,ホームスロット,【5号機】北電子 アイムジャグラーEX （ブラック） 中古パチスロ実機,113500,售完,https://home-slot.net/SHOP/s-kitadensi22.html
2183,アイムジャグラーEX ブラック,5号機,北電子,A-SLOT,【5号機】北電子 アイムジャグラーEX ブラック 中古パチスロ実機 [4ch対応],123500,售完,https://www.a-slot.com/SHOP/kitadensi22.html
2184,アクロス ギルティクラウン2,スマスロ,,ホームスロット,アクロス スマスロ ギルティクラウン2 中古パチスロ実機 [スマスロ][8ch対応][まるごと配送限定],46500,有貨,https://home-slot.net/SHOP/s-across210.html
2184,アクロス ギルティクラウン2,スマスロ,,A-SLOT,アクロス スマスロ ギルティクラウン2 中古パチスロ実機 [スマスロ][8ch対応][まるごと配送限定],56500,有貨,https://www.a-slot.com/SHOP/s-across210.html
2185,アクロス スーパージャックポット,,,ホームスロット,アクロス スーパージャックポット 中古パチスロ実機,35100,售完,https://home-slot.net/SHOP/s-across6.html
2185,アクロス スーパージャックポット,,,A-SLOT,アクロス スーパージャックポット 中古パチスロ実機 [8ch対応],45100,售完,https://www.a-slot.com/SHOP/across6.html
2187,アナザーゴッドハーデス 冥王召喚,,ミズホ,ホームスロット,ミズホ アナザーゴッドハーデス-冥王召喚- 中古パチスロ実機 [8ch対応],68500,售完,https://home-slot.net/SHOP/s-mizuho-macy202.html
2187,アナザーゴッドハーデス 冥王召喚,,ミズホ,A-SLOT,ミズホ アナザーゴッドハーデス-冥王召喚- 中古パチスロ実機 [8ch対応][まるごと配送限定],78500,售完,https://www.a-slot.com/SHOP/mizuho-macy202.html
2190,アリストクラート 絶対衝激II,,,ホームスロット,アリストクラート 絶対衝激II 中古パチスロ実機,68500,售完,https://home-slot.net/SHOP/s-aristocrat20.html
2190,アリストクラート 絶対衝激II,,,A-SLOT,アリストクラート 絶対衝激II 中古パチスロ実機 [4ch対応],78500,售完,https://www.a-slot.com/SHOP/aristocrat20.html
2197,オーイズミ うみねこのなく頃に,,,ホームスロット,オーイズミ パチスロうみねこのなく頃に 中古パチスロ実機,143400,售完,https://home-slot.net/SHOP/s-oizumi19.html
2197,オーイズミ うみねこのなく頃に,,,A-SLOT,【お取り寄せ商品】オーイズミ パチスロうみねこのなく頃に 中古パチスロ実機 [4ch対応],153400,有貨,https://www.a-slot.com/SHOP/oizumi19.html
2198,オーイズミ ドリームクルーン500,,,ホームスロット,オーイズミ ドリームクルーン500 中古パチスロ実機,35100,售完,https://home-slot.net/SHOP/s-oizumi31.html
2198,オーイズミ ドリームクルーン500,,,A-SLOT,オーイズミ ドリームクルーン500 中古パチスロ実機 [4ch対応],45100,售完,https://www.a-slot.com/SHOP/oizumi31.html
2199,オーイズミ ドリームクルーン711,,,ホームスロット,オーイズミ ドリームクルーン711 中古パチスロ実機,35100,售完,https://home-slot.net/SHOP/s-oizumi201.html
2199,オーイズミ ドリームクルーン711,,,A-SLOT,オーイズミ ドリームクルーン711 中古パチスロ実機 [4ch対応],45100,售完,https://www.a-slot.com/SHOP/oizumi201.html
2203,オッケー. ぱちスロ アベンジャーズ,,,ホームスロット,オッケー. ぱちスロ アベンジャーズ 中古パチスロ実機,54100,售完,https://home-slot.net/SHOP/s-ok1.html
2203,オッケー. ぱちスロ アベンジャーズ,,,A-SLOT,オッケー. ぱちスロ アベンジャーズ 中古パチスロ実機 [8ch対応],64100,售完,https://www.a-slot.com/SHOP/ok1.html
2207,キングハナハナ 30 紫パネル,,パイオニア,ホームスロット,パイオニア キングハナハナ-30 紫パネル 中古パチスロ実機,64100,售完,https://home-slot.net/SHOP/s-pioneer27.html
2207,キングハナハナ 30 紫パネル,,パイオニア,A-SLOT,パイオニア キングハナハナ-30 紫パネル 中古パチスロ実機 [8ch対応],74100,售完,https://www.a-slot.com/SHOP/pioneer27.html
2208,キングパルサー ブラックパネル,,山佐,ホームスロット,山佐 キングパルサー ブラックパネル 中古パチスロ実機,37909,售完,https://home-slot.net/SHOP/s-yamasa6.html
2208,キングパルサー ブラックパネル,,山佐,A-SLOT,【4号機】山佐 キングパルサー ブラックパネル 中古パチスロ実機 [4ch対応],89220,售完,https://www.a-slot.com/SHOP/yamasa6.html
2209,キン肉マン ~夢の超人タッグ編~,,山佐,ホームスロット,山佐 パチスロ キン肉マン ～夢の超人タッグ編～ 中古パチスロ実機,54100,售完,https://home-slot.net/SHOP/s-yamasa131.html
2209,キン肉マン ~夢の超人タッグ編~,,山佐,A-SLOT,山佐 パチスロ キン肉マン ～夢の超人タッグ編～ 中古パチスロ実機 [4ch対応],64100,售完,https://www.a-slot.com/SHOP/yamasa131.html
2210,コードギアス 反逆のルルーシュ3,,Sammy,ホームスロット,サミー パチスロコードギアス 反逆のルルーシュ3 中古パチスロ実機 [8ch対応],40100,有貨,https://home-slot.net/SHOP/s-sammy213.html
2210,コードギアス 反逆のルルーシュ3,,Sammy,A-SLOT,サミー パチスロコードギアス 反逆のルルーシュ3 中古パチスロ実機 [8ch対応][まるごと配送限定],50100,有貨,https://www.a-slot.com/SHOP/sammy213.html
2212,ゴルゴ13 薔薇十字団の陰謀,,オリンピア,ホームスロット,オリンピア ゴルゴ13－薔薇十字団の陰謀－ 中古パチスロ実機,68500,售完,https://home-slot.net/SHOP/s-heiwa85.html
2212,ゴルゴ13 薔薇十字団の陰謀,,オリンピア,A-SLOT,オリンピア ゴルゴ13－薔薇十字団の陰謀－ 中古パチスロ実機 [4ch対応],78500,售完,https://www.a-slot.com/SHOP/heiwa85.html
2213,サクラ大戦3~Loop Ver.~,,Sammy,ホームスロット,サミー パチスロサクラ大戦3～Loop Ver.～ 中古パチスロ実機,98500,售完,https://home-slot.net/SHOP/s-sammy78.html
2213,サクラ大戦3~Loop Ver.~,,Sammy,A-SLOT,サミー パチスロサクラ大戦3～Loop Ver.～ 中古パチスロ実機 [4ch対応],108500,售完,https://www.a-slot.com/SHOP/sammy78.html
2214,サムライチャンプルー 流転輪廻,,ニューギン,ホームスロット,ニューギン サムライチャンプルー 流転輪廻 中古パチスロ実機,37700,售完,https://home-slot.net/SHOP/s-newgin29.html
2214,サムライチャンプルー 流転輪廻,,ニューギン,A-SLOT,ニューギン サムライチャンプルー 流転輪廻 中古パチスロ実機 [4ch対応],47700,售完,https://www.a-slot.com/SHOP/newgin29.html
2216,サラリーマン金太郎 出世回胴編,,ロデオ,ホームスロット,ロデオ サラリーマン金太郎 出世回胴編 中古パチスロ実機,37700,售完,https://home-slot.net/SHOP/s-rodeo48.html
2216,サラリーマン金太郎 出世回胴編,,ロデオ,A-SLOT,ロデオ サラリーマン金太郎 出世回胴編 中古パチスロ実機 [4ch対応],47700,有貨,https://www.a-slot.com/SHOP/rodeo48.html
2217,サンスリー ヤッターマン絶対正義,S,,ホームスロット,サンスリー Sヤッターマン絶対正義 中古パチスロ実機,35100,售完,https://home-slot.net/SHOP/s-santhree201.html
2217,サンスリー ヤッターマン絶対正義,S,,A-SLOT,【お取り寄せ商品】サンスリー Sヤッターマン絶対正義 中古パチスロ実機,45100,有貨,https://www.a-slot.com/SHOP/santhree201.html
2218,サンスリー 大工の源さん 超夢源,スマスロ,,ホームスロット,サンスリー L大工の源さん 超夢源 中古パチスロ実機 [スマスロ] [8ch対応],37700,有貨,https://home-slot.net/SHOP/s-santhree204.html
2218,サンスリー 大工の源さん 超夢源,スマスロ,,A-SLOT,サンスリー L大工の源さん 超夢源 中古パチスロ実機 [スマスロ] [8ch対応],47700,有貨,https://www.a-slot.com/SHOP/s-santhree204.html
2222,サンセイ CR 魔法先生ネギま!,,,ホームスロット,サンセイ P魔法先生ネギま！ 中古パチンコ実機 [枠名：V-Savior（ブイセイバー）] [4ch対応],71600,售完,https://home-slot.net/SHOP/p-SANSEI201.html
2222,サンセイ CR 魔法先生ネギま!,,,ホームスロット,サンセイ CR 魔法先生ネギま！ 中古パチンコ実機 [枠名：V-Savior（ブイセイバー）] [4ch対応],86000,售完,https://home-slot.net/SHOP/p-SANSEI100.html
2223,サンセイR&D 巨人の星~情熱編~,,,ホームスロット,サンセイR&D パチスロ巨人の星～情熱編～ 中古パチスロ実機,35100,有貨,https://home-slot.net/SHOP/s_sansei200.html
2223,サンセイR&D 巨人の星~情熱編~,,,A-SLOT,サンセイR&D パチスロ巨人の星～情熱編～ 中古パチスロ実機 [8ch対応],45100,有貨,https://www.a-slot.com/SHOP/s_sansei200.html
2224,ジェイビー CR新夏祭りMF T,,,ホームスロット,ジェイビー CR新夏祭りMF-T 中古パチンコ実機,52600,售完,https://home-slot.net/SHOP/p-jb21.html
2224,ジェイビー CR新夏祭りMF T,,,ホームスロット,ジェイビー CR新夏祭りZF-T 中古パチンコ実機,52600,售完,https://home-slot.net/SHOP/p-jb22.html
2227,ジャングルマスターコングダム,,山佐,ホームスロット,山佐 ジャングルマスターコングダム 中古パチスロ実機,35100,售完,https://home-slot.net/SHOP/s-yamasa206.html
2227,ジャングルマスターコングダム,,山佐,A-SLOT,山佐 ジャングルマスターコングダム 中古パチスロ実機 [4ch対応],45100,售完,https://www.a-slot.com/SHOP/yamasa206.html
2229,タイヨーエレック ぷよぷよ!M M,,,ホームスロット,タイヨーエレック ぷよぷよ!M 中古パチスロ実機,71050,售完,https://home-slot.net/SHOP/s-taiyo_elec16.html
2229,タイヨーエレック ぷよぷよ!M M,,,A-SLOT,タイヨーエレック ぷよぷよ!M 中古パチスロ実機 [4ch対応]M,82000,售完,https://www.a-slot.com/SHOP/taiyo_elec16.html
2230,タイヨーエレック ハードボイルド,,,ホームスロット,タイヨーエレック パチスロハードボイルド 中古パチスロ実機 [8ch対応],41500,有貨,https://home-slot.net/SHOP/s-taiyo_elec203.html
2230,タイヨーエレック ハードボイルド,,,A-SLOT,タイヨーエレック パチスロハードボイルド 中古パチスロ実機 [8ch対応][まるごと配送限定],51500,有貨,https://www.a-slot.com/SHOP/s-taiyo_elec203.html
2231,タイヨーエレック マーベルヒーローズ,,,ホームスロット,タイヨーエレック パチスロ マーベルヒーローズ 中古パチスロ実機,98500,售完,https://home-slot.net/SHOP/s-taiyo_elec1.html
2231,タイヨーエレック マーベルヒーローズ,,,A-SLOT,タイヨーエレック パチスロ マーベルヒーローズ 中古パチスロ実機 [4ch対応],108500,售完,https://www.a-slot.com/SHOP/taiyo_elec1.html
2232,タイヨー 一騎当千A 関羽パネル,,,ホームスロット,タイヨー 一騎当千A 関羽パネル 中古パチスロ実機,35727,售完,https://home-slot.net/SHOP/s-taiyo7.html
2232,タイヨー 一騎当千A 関羽パネル,,,A-SLOT,タイヨー 一騎当千A 関羽パネル 中古パチスロ実機 [4ch対応],75100,售完,https://www.a-slot.com/SHOP/taiyo7.html
2234,ツインエンジェルBREAK,,Sammy,ホームスロット,サミー パチスロツインエンジェルBREAK 中古パチスロ実機,47800,有貨,https://home-slot.net/SHOP/s-sammy133.html
2234,ツインエンジェルBREAK,,Sammy,A-SLOT,サミー パチスロツインエンジェルBREAK 中古パチスロ実機 [4ch対応],57800,有貨,https://www.a-slot.com/SHOP/sammy133.html
2235,ツインエンジェル PARTY,,Sammy,ホームスロット,サミー パチスロツインエンジェル PARTY 中古パチスロ実機 [8ch対応],68500,售完,https://home-slot.net/SHOP/s-sammy215.html
2235,ツインエンジェル PARTY,,Sammy,A-SLOT,【お取り寄せ商品】サミー パチスロツインエンジェル PARTY 中古パチスロ実機 [8ch対応][まるごと配送限定],78500,有貨,https://www.a-slot.com/SHOP/sammy215.html
2236,ツインドラゴンハナハナ 30,,パイオニア,ホームスロット,パイオニア ツインドラゴンハナハナ-30 中古パチスロ実機,68500,售完,https://home-slot.net/SHOP/s-pioneer202.html
2236,ツインドラゴンハナハナ 30,,パイオニア,A-SLOT,パイオニア ツインドラゴンハナハナ-30 中古パチスロ実機 [4ch対応],78500,售完,https://www.a-slot.com/SHOP/pioneer202.html
2238,ディ ライト ああっ女神さまっ,,,ホームスロット,ディ・ライト パチスロああっ女神さまっ 中古パチスロ実機,68500,售完,https://home-slot.net/SHOP/s-dlight_6.html
2238,ディ ライト ああっ女神さまっ,,,A-SLOT,ディ・ライト パチスロああっ女神さまっ 中古パチスロ実機 [4ch対応],78500,售完,https://www.a-slot.com/SHOP/dlight_6.html
2239,デカドンチャン2 2ch対応,4号機,ユニバーサル,A-SLOT,【4号機】ユニバーサル ドンチャン2 中古パチスロ実機 [2ch対応],42000,售完,https://www.a-slot.com/SHOP/univerasal_doncyan2.html
2239,デカドンチャン2 2ch対応,4号機,ユニバーサル,A-SLOT,【4号機】ユニバーサル デカドンチャン2 中古パチスロ実機 [2ch対応],45100,售完,https://www.a-slot.com/SHOP/univerasal2.html
2251,バイオハザード リベレーションズ,,エンターライズ,ホームスロット,エンターライズ パチスロ バイオハザード リベレーションズ 中古パチスロ実機,47800,售完,https://home-slot.net/SHOP/s-enta17.html
2251,バイオハザード リベレーションズ,,エンターライズ,A-SLOT,エンターライズ パチスロ バイオハザード リベレーションズ 中古パチスロ実機 [4ch対応],57800,售完,https://www.a-slot.com/SHOP/enta17.html
2252,バルテック ベン トー~狼たちの夜~,,,ホームスロット,バルテック パチスロ ベン・トー～狼たちの夜～ 中古パチスロ実機,68500,售完,https://home-slot.net/SHOP/s-baltec201.html
2252,バルテック ベン トー~狼たちの夜~,,,A-SLOT,バルテック パチスロ ベン・トー～狼たちの夜～ 中古パチスロ実機 [4ch対応],78500,售完,https://www.a-slot.com/SHOP/baltec201.html
2253,バルテック ロボットガールズZ,,,ホームスロット,バルテック パチスロ ロボットガールズＺ 中古パチスロ実機,37700,有貨,https://home-slot.net/SHOP/s-baltec13.html
2253,バルテック ロボットガールズZ,,,A-SLOT,バルテック パチスロ ロボットガールズＺ 中古パチスロ実機 [4ch対応],47700,有貨,https://www.a-slot.com/SHOP/baltec13.html
2254,パオン ディーピー てぃだどんどん,スマスロ,,ホームスロット,パオン・ディーピー てぃだどんどん 中古パチスロ実機 [スマスロ],68500,有貨,https://home-slot.net/SHOP/s-daito219.html
2254,パオン ディーピー てぃだどんどん,スマスロ,,A-SLOT,パオン・ディーピー てぃだどんどん 中古パチスロ実機 [スマスロ],78500,有貨,https://www.a-slot.com/SHOP/s-daito219.html
2256,ビスティ アベノ橋魔法商店街,,,ホームスロット,ビスティ アベノ橋魔法商店街 中古パチスロ実機,68500,售完,https://home-slot.net/SHOP/s-sankyo31.html
2256,ビスティ アベノ橋魔法商店街,,,A-SLOT,ビスティ アベノ橋魔法商店街 中古パチスロ実機 [4ch対応],78500,售完,https://www.a-slot.com/SHOP/sankyo31.html
2261,ビビッドレッド オペレーション,,SANYO,ホームスロット,SANYO パチスロ ビビッドレッド・オペレーション 中古パチスロ実機,73500,售完,https://home-slot.net/SHOP/s-sanyo27.html
2261,ビビッドレッド オペレーション,,SANYO,A-SLOT,【お取り寄せ商品】SANYO パチスロ ビビッドレッド・オペレーション 中古パチスロ実機 [8ch対応],83500,有貨,https://www.a-slot.com/SHOP/sanyo27.html
2263,ファンタシースターオンライン2,,Sammy,ホームスロット,サミー パチスロ ファンタシースターオンライン2 中古パチスロ実機,40100,售完,https://home-slot.net/SHOP/s-sammy209.html
2263,ファンタシースターオンライン2,,Sammy,A-SLOT,サミー パチスロ ファンタシースターオンライン2 中古パチスロ実機 [8ch対応],50100,售完,https://www.a-slot.com/SHOP/sammy209.html
2267,マルホン CRAシャカンナーF,,,ホームスロット,マルホン CRシャカンナーF 枠色不問 中古パチンコ実機,52600,售完,https://home-slot.net/SHOP/p-maruhon54.html
2267,マルホン CRAシャカンナーF,,,ホームスロット,マルホン CRAシャカンナーF 枠色不問 中古パチンコ実機,59000,售完,https://home-slot.net/SHOP/p-maruhon55.html
2278,ルパン三世 ルパン一族の秘宝,,平和,ホームスロット,平和 パチスロ ルパン三世 ルパン一族の秘宝 中古パチスロ実機,41500,售完,https://home-slot.net/SHOP/s-heiwa56.html
2278,ルパン三世 ルパン一族の秘宝,,平和,A-SLOT,平和 パチスロ ルパン三世 ルパン一族の秘宝 中古パチスロ実機 [4ch対応],51500,售完,https://www.a-slot.com/SHOP/heiwa56.html
2280,世界でいちばん強くなりたい!,,藤商事,ホームスロット,藤商事 パチスロ 世界でいちばん強くなりたい！ 中古パチスロ実機,47800,售完,https://home-slot.net/SHOP/s-fuji20.html
2280,世界でいちばん強くなりたい!,,藤商事,A-SLOT,【お取り寄せ商品】藤商事 パチスロ 世界でいちばん強くなりたい！ 中古パチスロ実機 [4ch対応],57800,有貨,https://www.a-slot.com/SHOP/fuji20.html
2281,主役は銭形4 ゼニロボパネル,スマスロ,オリンピア,ホームスロット,オリンピア L主役は銭形4 [ゼニロボパネル] 中古パチスロ実機 [スマスロ] [8ch対応],59100,售完,https://home-slot.net/SHOP/s-olympia230.html
2281,主役は銭形4 ゼニロボパネル,スマスロ,オリンピア,A-SLOT,オリンピア L主役は銭形4 [ゼニロボパネル] 中古パチスロ実機 中古パチスロ実機 [スマスロ] [8ch対応],69100,售完,https://www.a-slot.com/SHOP/s-olympia230.html
2283,北斗の拳 転生の章 トキパネル,,Sammy,ホームスロット,サミー パチスロ北斗の拳 転生の章 トキパネル 中古パチスロ実機,108600,售完,https://home-slot.net/SHOP/s-sammy96.html
2283,北斗の拳 転生の章 トキパネル,,Sammy,A-SLOT,サミー パチスロ北斗の拳 転生の章 トキパネル 中古パチスロ実機 [4ch対応],118600,售完,https://www.a-slot.com/SHOP/sammy96.html
2284,北斗の拳 転生の章 パネル不問,,Sammy,ホームスロット,サミー パチスロ北斗の拳 転生の章 パネル不問 中古パチスロ実機,88500,售完,https://home-slot.net/SHOP/s-sammy104.html
2284,北斗の拳 転生の章 パネル不問,,Sammy,A-SLOT,【お取り寄せ商品】サミー パチスロ北斗の拳 転生の章 パネル不問 中古パチスロ実機 [4ch対応],98500,售完,https://www.a-slot.com/SHOP/sammy104.html
2291,戦国 花の慶次~天に愛されし漢~,,ニューギン,ホームスロット,ニューギン 戦国パチスロ花の慶次～天に愛されし漢～ 中古パチスロ実機,54100,售完,https://home-slot.net/SHOP/s-newgin17.html
2291,戦国 花の慶次~天に愛されし漢~,,ニューギン,A-SLOT,【お取り寄せ商品】ニューギン 戦国パチスロ花の慶次～天に愛されし漢～ 中古パチスロ実機 [4ch対応],64100,有貨,https://www.a-slot.com/SHOP/newgin17.html
2293,甲鉄城のカバネリ 無名パネル,,Sammy,ホームスロット,サミー パチスロ甲鉄城のカバネリ[無名パネル] 中古パチスロ実機 [8ch対応],57800,售完,https://home-slot.net/SHOP/s-sammy225.html
2293,甲鉄城のカバネリ 無名パネル,,Sammy,A-SLOT,【お取り寄せ商品】サミー パチスロ甲鉄城のカバネリ[無名パネル] 中古パチスロ実機 [8ch対応][まるごと配送限定],67800,有貨,https://www.a-slot.com/SHOP/s-sammy225.html
2294,甲鉄城のカバネリ 美馬パネル,,Sammy,ホームスロット,サミー パチスロ甲鉄城のカバネリ[美馬パネル] 中古パチスロ実機 [8ch対応],51500,有貨,https://home-slot.net/SHOP/s-sammy224.html
2294,甲鉄城のカバネリ 美馬パネル,,Sammy,A-SLOT,サミー パチスロ甲鉄城のカバネリ[美馬パネル] 中古パチスロ実機 [8ch対応][まるごと配送限定],61500,有貨,https://www.a-slot.com/SHOP/s-sammy224.html
2298,神 天才バカボン~甘神SPEC~,P,大一,ホームスロット,大一 P神・天才バカボン～甘神SPEC～ 中古パチンコ実機 [枠名：ルナーレス バカボン６ＦＤ－ＲＳ] [4ch対応],63600,有貨,https://home-slot.net/SHOP/p-daiichi223.html
2298,神 天才バカボン~甘神SPEC~,P,大一,ホームスロット,大一 P神・天才バカボン～神SPEC～ 枠色不問 中古パチンコ実機 [枠名：ルナーレス バカボン] [4ch対応],65300,售完,https://home-slot.net/SHOP/p-daiichi218.html
2299,科学忍者隊ガッチャマンGR,,岡崎産業,A-SLOT,岡崎産業 科学忍者隊ガッチャマンGR 中古パチスロ実機 [4ch対応],22174,售完,https://www.a-slot.com/SHOP/okaaki2.html
2299,科学忍者隊ガッチャマンGR,,岡崎産業,ホームスロット,岡崎産業 科学忍者隊ガッチャマンGR 中古パチスロ実機,35209,售完,https://home-slot.net/SHOP/s-okaaki2.html
2303,蒼穹のファフナーEXODUS,,SANKYO,ホームスロット,SANKYO パチスロ 蒼穹のファフナーEXODUS 中古パチスロ実機,35100,售完,https://home-slot.net/SHOP/s-sankyo211.html
2303,蒼穹のファフナーEXODUS,,SANKYO,A-SLOT,SANKYO パチスロ 蒼穹のファフナーEXODUS 中古パチスロ実機 [4ch対応],45100,有貨,https://www.a-slot.com/SHOP/s-sankyo211.html
2331,転生したらスライムだった件,スマスロ,山佐,ホームスロット,山佐 スマスロ転生したらスライムだった件 中古パチスロ実機 [スマスロ] [4ch対応],47800,售完,https://home-slot.net/SHOP/s-yamasa233.html
2331,転生したらスライムだった件,スマスロ,山佐,A-SLOT,【お取り寄せ商品】山佐 スマスロ転生したらスライムだった件 中古パチスロ実機 [スマスロ] [4ch対応],57800,有貨,https://www.a-slot.com/SHOP/s-yamasa233.html
2333,鉄拳伝タフ 2nd ROUND,,オリンピア,A-SLOT,オリンピア パチスロ鉄拳伝タフ 2nd ROUND 中古パチスロ実機 [4ch対応],23367,售完,https://www.a-slot.com/SHOP/heiwa59.html
2333,鉄拳伝タフ 2nd ROUND,,オリンピア,ホームスロット,オリンピア パチスロ鉄拳伝タフ 2nd ROUND 中古パチスロ実機,34566,售完,https://home-slot.net/SHOP/s-heiwa59.html
2338,高尾 CRビート エックスKMA,,,ホームスロット,高尾 CRビート・エックスKMA 中古パチンコ実機,40306,售完,https://home-slot.net/SHOP/p-takao54.html
2338,高尾 CRビート エックスKMA,,,ホームスロット,高尾 CRビート・エックスKXA 中古パチンコ実機,116000,售完,https://home-slot.net/SHOP/p-takao53.html
2344,24 TWENTY FOUR,,大都技研,A-SLOT,大都技研 パチスロ24－TWENTY FOUR－ 中古パチスロ実機 [4ch対応],15484,售完,https://www.a-slot.com/SHOP/daitogiken14.html
2344,24 TWENTY FOUR,,大都技研,ホームスロット,大都技研 パチスロ24－TWENTY FOUR－ 中古パチスロ実機,28742,售完,https://home-slot.net/SHOP/s-daitogiken14.html
2346,CR Another FPS,,藤商事,ホームスロット,藤商事 CR Another FPS 中古パチンコ実機 [枠名：エアーキャノン] [8ch対応],116000,售完,https://home-slot.net/SHOP/p-fuji139.html
2346,CR Another FPS,,藤商事,ホームスロット,藤商事 CR Another FPW 中古パチンコ実機 [枠名：エアーキャノン] [8ch対応],116000,售完,https://home-slot.net/SHOP/p-fuji150.html
2348,CRAわくわくカーニバルH,,ニューギン,ホームスロット,ニューギン CRAわくわくカーニバルH 中古パチンコ実機,52600,售完,https://home-slot.net/SHOP/p-newgin151.html
2348,CRAわくわくカーニバルH,,ニューギン,ホームスロット,ニューギン CRAわくわくカーニバルS 中古パチンコ実機,52600,售完,https://home-slot.net/SHOP/p-newgin152.html
2360,CRデビルマン2 H2 VC,,ニューギン,ホームスロット,ニューギン CRデビルマン2 H2－VC 中古パチンコ実機,41682,售完,https://home-slot.net/SHOP/p-newgin26.html
2360,CRデビルマン2 H2 VC,,ニューギン,ホームスロット,ニューギン CRデビルマン2 H2－V 中古パチンコ実機,43988,售完,https://home-slot.net/SHOP/p-newgin13.html
2368,CRフィーバー覇 LORD 2S,,SANKYO,ホームスロット,SANKYO CRフィーバー覇－LORD－2Y 枠色不問 中古パチンコ実機,52600,售完,https://home-slot.net/SHOP/p-sankyo80.html
2368,CRフィーバー覇 LORD 2S,,SANKYO,ホームスロット,SANKYO CRフィーバー覇－LORD－2S 枠色不問 中古パチンコ実機,122300,售完,https://home-slot.net/SHOP/p-sankyo79.html
2372,CRリング~運命の日~FPE,,藤商事,ホームスロット,藤商事 CRリング~運命の日~FPE 中古パチンコ実機 [枠名：エアーキャノン] [8ch対応],59000,售完,https://home-slot.net/SHOP/p-fuji136.html
2372,CRリング~運命の日~FPE,,藤商事,ホームスロット,藤商事 CRリング 運命の日 FPF 中古パチンコ実機 [枠名：エアーキャノン] [8ch対応],261100,售完,https://home-slot.net/SHOP/p-fuji98.html
2392,EXCITE うる星やつら,スマスロ,,ホームスロット,EXCITE Lパチスロうる星やつら 中古パチスロ実機 [スマスロ],35100,有貨,https://home-slot.net/SHOP/s-excite207.html
2392,EXCITE うる星やつら,スマスロ,,A-SLOT,EXCITE Lパチスロうる星やつら 中古パチスロ実機 [スマスロ],45100,有貨,https://www.a-slot.com/SHOP/s-excite207.html
2393,EXCITE ワンパンマン,スマスロ,,ホームスロット,EXCITE Lワンパンマン 中古パチスロ実機 [スマスロ],35100,有貨,https://home-slot.net/SHOP/s-excite208.html
2393,EXCITE ワンパンマン,スマスロ,,A-SLOT,EXCITE Lワンパンマン 中古パチスロ実機 [スマスロ],45100,有貨,https://www.a-slot.com/SHOP/s-excite208.html
2394,EXCITE 花の慶次~武威,,,ホームスロット,EXCITE パチスロ花の慶次～武威 中古パチスロ実機,35100,有貨,https://home-slot.net/SHOP/s-excite203.html
2394,EXCITE 花の慶次~武威,,,A-SLOT,EXCITE パチスロ花の慶次～武威 中古パチスロ実機 [4ch対応],45100,有貨,https://www.a-slot.com/SHOP/excite203.html
2396,JPS 2027II NEO,,,A-SLOT,JPS 2027II NEO 中古パチスロ実機 [8ch対応],24300,售完,https://www.a-slot.com/SHOP/jps12.html
2396,JPS 2027II NEO,,,ホームスロット,JPS 2027II NEO 中古パチスロ実機,36400,售完,https://home-slot.net/SHOP/s-jps12.html
2398,KPE がんばれゴエモン2,,,ホームスロット,KPE がんばれゴエモン2 中古パチスロ実機,71100,售完,https://home-slot.net/SHOP/s-kpe34.html
2398,KPE がんばれゴエモン2,,,A-SLOT,KPE がんばれゴエモン2 中古パチスロ実機 [4ch対応],81100,售完,https://www.a-slot.com/SHOP/kpe34.html
2400,KPE 戦国コレクション2,,,ホームスロット,KPE 戦国コレクション2 中古パチスロ実機,41500,售完,https://home-slot.net/SHOP/s-kpe50.html
2400,KPE 戦国コレクション2,,,A-SLOT,KPE 戦国コレクション2 中古パチスロ実機 [8ch対応],51500,有貨,https://www.a-slot.com/SHOP/kpe50.html
2401,KPE 戦国コレクション3,,,ホームスロット,KPE 戦国コレクション3 中古パチスロ実機,35100,有貨,https://home-slot.net/SHOP/s-kpe61.html
2401,KPE 戦国コレクション3,,,A-SLOT,KPE 戦国コレクション3 中古パチスロ実機 [8ch対応],45100,有貨,https://www.a-slot.com/SHOP/kpe61.html
2402,KPE 戦国コレクション5,,,ホームスロット,KPE 戦国コレクション5 中古パチスロ実機,41500,售完,https://home-slot.net/SHOP/s-kpe210.html
2402,KPE 戦国コレクション5,,,A-SLOT,KPE 戦国コレクション5 中古パチスロ実機,51500,有貨,https://www.a-slot.com/SHOP/s-kpe210.html
2403,KPE 極楽パロディウスR!,,,ホームスロット,KPE 極楽パロディウスR! 中古パチスロ実機,74900,售完,https://home-slot.net/SHOP/s-kpe24.html
2403,KPE 極楽パロディウスR!,,,A-SLOT,KPE 極楽パロディウスR! 中古パチスロ実機 [4ch対応],84900,售完,https://www.a-slot.com/SHOP/kpe24.html
2404,KPE 防空少女ラブキューレ,,,ホームスロット,KPE 防空少女ラブキューレ 中古パチスロ実機,54100,售完,https://home-slot.net/SHOP/s-kpe58.html
2404,KPE 防空少女ラブキューレ,,,A-SLOT,KPE 防空少女ラブキューレ 中古パチスロ実機 [8ch対応],64100,有貨,https://www.a-slot.com/SHOP/kpe58.html
2405,L009 RE CYBORG,スマスロ,ニューギン,ホームスロット,ニューギン L009 RE:CYBORG 中古パチスロ実機 [スマスロ],40100,有貨,https://home-slot.net/SHOP/s-newgin203.html
2405,L009 RE CYBORG,スマスロ,ニューギン,A-SLOT,ニューギン L009 RE:CYBORG 中古パチスロ実機 [スマスロ],50100,有貨,https://www.a-slot.com/SHOP/s-newgin203.html
2406,L ToLOVEるダークネス,スマスロ,オリンピア,ホームスロット,オリンピアエステート L ToLOVEるダークネス 中古パチスロ実機 [スマスロ] [8ch対応],72800,有貨,https://home-slot.net/SHOP/s-olympia227.html
2406,L ToLOVEるダークネス,スマスロ,オリンピア,A-SLOT,オリンピアエステート L ToLOVEるダークネス 中古パチスロ実機 [スマスロ] [8ch対応],82800,有貨,https://www.a-slot.com/SHOP/s-olympia227.html
2408,NET もっと!チバリヨ 25,,,ホームスロット,NET もっと！チバリヨ-25 中古パチスロ実機,35100,有貨,https://home-slot.net/SHOP/s-net214.html
2408,NET もっと!チバリヨ 25,,,A-SLOT,NET もっと！チバリヨ-25 中古パチスロ実機,45100,有貨,https://www.a-slot.com/SHOP/s-net214.html
2409,NET もっと!チバリヨ 30,,,ホームスロット,NET もっと！チバリヨ-30 中古パチスロ実機,35100,有貨,https://home-slot.net/SHOP/s-net213.html
2409,NET もっと!チバリヨ 30,,,A-SLOT,NET もっと！チバリヨ-30 中古パチスロ実機,45100,有貨,https://www.a-slot.com/SHOP/s-net213.html
2410,NET シンデレラ×ブレイド,,,ホームスロット,NET シンデレラ×ブレイド 中古パチスロ実機,41500,售完,https://home-slot.net/SHOP/s-net30.html
2410,NET シンデレラ×ブレイド,,,A-SLOT,NET シンデレラ×ブレイド 中古パチスロ実機 [4ch対応],51500,售完,https://www.a-slot.com/SHOP/net30.html
2411,NET ドキッと!ビキニパイ,,,ホームスロット,NET ドキッと!ビキニパイ 中古パチスロ実機,35100,售完,https://home-slot.net/SHOP/s-net10.html
2411,NET ドキッと!ビキニパイ,,,A-SLOT,NET ドキッと!ビキニパイ 中古パチスロ実機 [4ch対応],45100,售完,https://www.a-slot.com/SHOP/net10.html
2412,NET プリシラと魔法の本,,,ホームスロット,NET プリシラと魔法の本 中古パチスロ実機,41500,有貨,https://home-slot.net/SHOP/s-net50.html
2412,NET プリシラと魔法の本,,,A-SLOT,NET プリシラと魔法の本 中古パチスロ実機 [4ch対応],51500,有貨,https://www.a-slot.com/SHOP/net50.html
2414,NET 真 モグモグ風林火山,4号機,,A-SLOT,【4号機】NET モグモグ風林火山 中古パチスロ実機 [4ch対応],59800,售完,https://www.a-slot.com/SHOP/net24.html
2414,NET 真 モグモグ風林火山,4号機,,A-SLOT,【4号機】NET 真・モグモグ風林火山 中古パチスロ実機 [4ch対応],99800,售完,https://www.a-slot.com/SHOP/net8.html
2419,RYUKYU BEAT 30,,Sammy,ホームスロット,サミー パチスロRYUKYU BEAT-30 中古パチスロ実機 [8ch対応],68500,售完,https://home-slot.net/SHOP/s-sammy222.html
2419,RYUKYU BEAT 30,,Sammy,A-SLOT,サミー パチスロRYUKYU BEAT-30 中古パチスロ実機 [8ch対応][まるごと配送限定],78500,售完,https://www.a-slot.com/SHOP/s-sammy222.html
2420,SLOTギルティクラウン,,エレコ,ホームスロット,エレコ SLOTギルティクラウン 中古パチスロ実機,128400,售完,https://home-slot.net/SHOP/s-eleco75.html
2420,SLOTギルティクラウン,,エレコ,A-SLOT,【お取り寄せ商品】エレコ SLOTギルティクラウン 中古パチスロ実機 [8ch対応],138400,有貨,https://www.a-slot.com/SHOP/eleco75.html
2421,SLOTメイドインアビス,,ミズホ,ホームスロット,ミズホ SLOTメイドインアビス 中古パチスロ実機 [8ch対応],49500,有貨,https://home-slot.net/SHOP/s-mizuho-macy218.html
2421,SLOTメイドインアビス,,ミズホ,A-SLOT,ミズホ SLOTメイドインアビス 中古パチスロ実機 [8ch対応][まるごと配送限定],59500,有貨,https://www.a-slot.com/SHOP/s-mizuho-macy218.html
2422,SNKプレイモア ハイパー娘,,,A-SLOT,SNKプレイモア ハイパー娘 中古パチスロ実機 [4ch対応],32717,售完,https://www.a-slot.com/SHOP/snk33.html
2422,SNKプレイモア ハイパー娘,,,ホームスロット,SNKプレイモア ハイパー娘 中古パチスロ実機,42176,售完,https://home-slot.net/SHOP/s-snk33.html
2425,SNKプレイモア 龍虎の拳,,,ホームスロット,SNKプレイモア 龍虎の拳 中古パチスロ実機,68500,售完,https://home-slot.net/SHOP/s-snk46.html
2425,SNKプレイモア 龍虎の拳,,,A-SLOT,SNKプレイモア 龍虎の拳 中古パチスロ実機 [4ch対応],78500,售完,https://www.a-slot.com/SHOP/snk46.html
2427,ありふれた職業で世界最強,スマスロ,SANKYO,ホームスロット,SANKYO Lパチスロ ありふれた職業で世界最強 中古パチスロ実機 [スマスロ] [4ch対応],35100,有貨,https://home-slot.net/SHOP/s-sankyo230.html
2427,ありふれた職業で世界最強,スマスロ,SANKYO,A-SLOT,SANKYO Lパチスロ ありふれた職業で世界最強 中古パチスロ実機 [スマスロ] [4ch対応],45100,有貨,https://www.a-slot.com/SHOP/s-sankyo230.html
2432,もっと楽シーサー25Φ 赤パネル,,SANKYO,A-SLOT,SANKYO もっと楽シーサー25Φ 赤パネル 中古パチスロ実機 [4ch対応],51692,售完,https://www.a-slot.com/SHOP/sankyo24.html
2432,もっと楽シーサー25Φ 赤パネル,,SANKYO,ホームスロット,SANKYO もっと楽シーサー25Φ 赤パネル 中古パチスロ実機,64724,售完,https://home-slot.net/SHOP/s-sankyo24.html
2435,アイドルマスター ライブイン,,Sammy,ホームスロット,サミー アイドルマスター ライブインスロット 中古パチスロ実機,54100,售完,https://home-slot.net/SHOP/s-sammy82.html
2435,アイドルマスター ライブイン,,Sammy,A-SLOT,サミー アイドルマスター ライブインスロット 中古パチスロ実機 [4ch対応],64100,有貨,https://www.a-slot.com/SHOP/sammy82.html
2436,アイムジャグラーEX グリーン,5号機,北電子,ホームスロット,【5号機】北電子 アイムジャグラーEX グリーン 中古パチスロ実機,98500,售完,https://home-slot.net/SHOP/s-kitadensi21.html
2436,アイムジャグラーEX グリーン,5号機,北電子,A-SLOT,【5号機】北電子 アイムジャグラーEX グリーン 中古パチスロ実機 [4ch対応],108500,售完,https://www.a-slot.com/SHOP/kitadensi21.html
2437,アイムジャグラーEX ピンク,5号機,北電子,ホームスロット,【5号機】北電子 アイムジャグラーEX ピンク 中古パチスロ実機,98500,售完,https://home-slot.net/SHOP/s-kiradenshi14.html
2437,アイムジャグラーEX ピンク,5号機,北電子,A-SLOT,【5号機】北電子 アイムジャグラーEX ピンク 中古パチスロ実機 [4ch対応],108500,售完,https://www.a-slot.com/SHOP/kiradenshi14.html
2439,アクロス サンダーVリボルト,,,ホームスロット,アクロス サンダーＶリボルト 中古パチスロ実機,47800,售完,https://home-slot.net/SHOP/s-across9.html
2439,アクロス サンダーVリボルト,,,A-SLOT,アクロス サンダーＶリボルト 中古パチスロ実機 [8ch対応],57800,售完,https://www.a-slot.com/SHOP/across9.html
2440,アクロス 沖ドキ!DUO 30,,,ホームスロット,アクロス 沖ドキ！DUO-30 中古パチスロ実機 [8ch対応],35100,有貨,https://home-slot.net/SHOP/s-across207.html
2440,アクロス 沖ドキ!DUO 30,,,A-SLOT,アクロス 沖ドキ！DUO-30 中古パチスロ実機 [8ch対応][まるごと配送限定],45100,有貨,https://www.a-slot.com/SHOP/across207.html
2441,アクロス 沖ドキ!バケーション,,,ホームスロット,アクロス 沖ドキ！バケーション 中古パチスロ実機,47800,售完,https://home-slot.net/SHOP/s-across201.html
2441,アクロス 沖ドキ!バケーション,,,A-SLOT,アクロス 沖ドキ！バケーション 中古パチスロ実機 [8ch対応],57800,售完,https://www.a-slot.com/SHOP/across201.html
2442,アミューズメント ボンバーガール,,KONAMI,ホームスロット,コナミアミューズメント ボンバーガール 中古パチスロ実機 [4ch対応],41500,售完,https://home-slot.net/SHOP/s-konami212.html
2442,アミューズメント ボンバーガール,,KONAMI,A-SLOT,コナミアミューズメント ボンバーガール 中古パチスロ実機 [4ch対応],51500,售完,https://www.a-slot.com/SHOP/s-konami212.html
2444,アムテックス 南国娘2 30,,,ホームスロット,アムテックス 南国娘2-30 中古パチスロ実機,41500,有貨,https://home-slot.net/SHOP/s-amt204.html
2444,アムテックス 南国娘2 30,,,A-SLOT,アムテックス 南国娘2-30 中古パチスロ実機 [4ch対応],51500,有貨,https://www.a-slot.com/SHOP/amt204.html
2445,アムテックス 南国物語30,,,ホームスロット,アムテックス 南国物語30 中古パチスロ実機,35100,售完,https://home-slot.net/SHOP/s-amt210.html
2445,アムテックス 南国物語30,,,A-SLOT,アムテックス 南国物語30 中古パチスロ実機,45100,售完,https://www.a-slot.com/SHOP/amt210.html
2446,アムテックス 南国育ち 30,,,ホームスロット,アムテックス 南国育ち-30 中古パチスロ実機,35100,售完,https://home-slot.net/SHOP/s-amt208.html
2446,アムテックス 南国育ち 30,,,A-SLOT,アムテックス 南国育ち-30 中古パチスロ実機 [4ch対応],45100,售完,https://www.a-slot.com/SHOP/amt208.html
2447,アメイジング スパイダーマン,,ミズホ,ホームスロット,ミズホ パチスロ アメイジング・スパイダーマン 中古パチスロ実機,49100,售完,https://home-slot.net/SHOP/s-mizuho-macy65.html
2447,アメイジング スパイダーマン,,ミズホ,A-SLOT,ミズホ パチスロ アメイジング・スパイダーマン 中古パチスロ実機 [8ch対応],59100,售完,https://www.a-slot.com/SHOP/mizuho-macy65.html
2450,ウルトラミラクルジャグラー,,北電子,ホームスロット,北電子 ウルトラミラクルジャグラー 中古パチスロ実機,1864500,有貨,https://home-slot.net/SHOP/s-kitadenshi218.html
2450,ウルトラミラクルジャグラー,,北電子,A-SLOT,北電子 ウルトラミラクルジャグラー 中古パチスロ実機,1874500,有貨,https://www.a-slot.com/SHOP/s-kitadenshi218.html
2451,エマ ニューペガサス 2014,,,ホームスロット,エマ ニューペガサス(2014) 中古パチスロ実機,98500,售完,https://home-slot.net/SHOP/s-ema4.html
2451,エマ ニューペガサス 2014,,,A-SLOT,エマ ニューペガサス(2014) 中古パチスロ実機 [4ch対応],108500,售完,https://www.a-slot.com/SHOP/ema4.html
2453,オーイズミ ハネスロ林家一家,,,A-SLOT,オーイズミ ハネスロ林家一家 中古パチスロ実機 [4ch対応],22174,售完,https://www.a-slot.com/SHOP/oizumi11.html
2453,オーイズミ ハネスロ林家一家,,,ホームスロット,オーイズミ ハネスロ林家一家 中古パチスロ実機,35209,售完,https://home-slot.net/SHOP/s-oizumi11.html
2454,オーイズミ 元祖ハネスロ再び,,,ホームスロット,オーイズミ 元祖ハネスロ再び 中古パチスロ実機,35100,有貨,https://home-slot.net/SHOP/s-oizumi25.html
2454,オーイズミ 元祖ハネスロ再び,,,A-SLOT,オーイズミ 元祖ハネスロ再び 中古パチスロ実機 [4ch対応],45100,有貨,https://www.a-slot.com/SHOP/oizumi25.html
2456,オッケー. L ULTRAMAN,スマスロ,,ホームスロット,オッケー. L ULTRAMAN 中古パチスロ実機 [スマスロ][8ch対応][まるごと配送限定],45100,有貨,https://home-slot.net/SHOP/s-ok204.html
2456,オッケー. L ULTRAMAN,スマスロ,,A-SLOT,オッケー. L ULTRAMAN 中古パチスロ実機 [スマスロ][8ch対応][まるごと配送限定],55100,有貨,https://www.a-slot.com/SHOP/s-ok204.html
2457,オッケー. ご~やちゃんぷる~ 25φ,S,,ホームスロット,オッケー. S ご～やちゃんぷる～ 25φ 中古パチスロ実機,35100,售完,https://home-slot.net/SHOP/s-ok203.html
2457,オッケー. ご~やちゃんぷる~ 25φ,S,,A-SLOT,オッケー. S ご～やちゃんぷる～ 25φ 中古パチスロ実機,45100,售完,https://www.a-slot.com/SHOP/s-ok203.html
2458,オッケー. ご~やちゃんぷる~ 30φ,S,,ホームスロット,オッケー. S ご～やちゃんぷる～ 30φ 中古パチスロ実機,35100,售完,https://home-slot.net/SHOP/s-ok202.html
2458,オッケー. ご~やちゃんぷる~ 30φ,S,,A-SLOT,オッケー. S ご～やちゃんぷる～ 30φ 中古パチスロ実機,45100,售完,https://www.a-slot.com/SHOP/s-ok202.html
2459,オレンジ ゴブリンスレイヤー,スマスロ,,ホームスロット,オレンジ Lゴブリンスレイヤー 中古パチスロ実機 [スマスロ] [4ch対応],35100,有貨,https://home-slot.net/SHOP/s-orange200.html
2459,オレンジ ゴブリンスレイヤー,スマスロ,,A-SLOT,オレンジ Lゴブリンスレイヤー 中古パチスロ実機 [スマスロ] [4ch対応],45100,有貨,https://www.a-slot.com/SHOP/s-orange200.html
2460,カルミナ 魔法少女育成計画,,,ホームスロット,カルミナ パチスロ 魔法少女育成計画 中古パチスロ実機 [8ch対応][まるごと配送限定],78500,售完,https://home-slot.net/SHOP/s-carmina203.html
2460,カルミナ 魔法少女育成計画,,,A-SLOT,カルミナ パチスロ 魔法少女育成計画 中古パチスロ実機 [8ch対応][まるごと配送限定],88500,售完,https://www.a-slot.com/SHOP/s-carmina203.html
2463,グレートキングハナハナ 30,,パイオニア,ホームスロット,パイオニア グレートキングハナハナ-30 中古パチスロ実機,104800,售完,https://home-slot.net/SHOP/s-pioneer43.html
2463,グレートキングハナハナ 30,,パイオニア,A-SLOT,パイオニア グレートキングハナハナ-30 中古パチスロ実機 [4ch対応],114800,售完,https://www.a-slot.com/SHOP/pioneer43.html
2464,コードギアス 反逆のルルーシュ,,Sammy,ホームスロット,サミー パチスロ コードギアス 反逆のルルーシュ 中古パチスロ実機,40100,售完,https://home-slot.net/SHOP/s-sammy80.html
2464,コードギアス 反逆のルルーシュ,,Sammy,A-SLOT,サミー パチスロ コードギアス 反逆のルルーシュ 中古パチスロ実機 [4ch対応],50100,有貨,https://www.a-slot.com/SHOP/sammy80.html
2465,コルモ 天空のシンフォニア,,,ホームスロット,コルモ 天空のシンフォニア 中古パチスロ実機,47800,售完,https://home-slot.net/SHOP/s-colmo2.html
2465,コルモ 天空のシンフォニア,,,A-SLOT,コルモ 天空のシンフォニア 中古パチスロ実機 [4ch対応],57800,售完,https://www.a-slot.com/SHOP/colmo2.html
2467,サボハニ 吉宗RISING,スマスロ,,ホームスロット,サボハニ 吉宗RISING 中古パチスロ実機 [スマスロ] [8ch対応],41500,有貨,https://home-slot.net/SHOP/s-sabohani206.html
2467,サボハニ 吉宗RISING,スマスロ,,A-SLOT,サボハニ 吉宗RISING 中古パチスロ実機 [スマスロ] [8ch対応],51500,有貨,https://www.a-slot.com/SHOP/s-sabohani206.html
2468,サボハニ 超ギラギラ爺サマー,,,ホームスロット,サボハニ 超ギラギラ爺サマー 中古パチスロ実機,35100,售完,https://home-slot.net/SHOP/s-sabohani205.html
2468,サボハニ 超ギラギラ爺サマー,,,A-SLOT,サボハニ 超ギラギラ爺サマー 中古パチスロ実機,45100,售完,https://www.a-slot.com/SHOP/s-sabohani205.html
2469,サンスリー アクダマドライブ,スマスロ,,ホームスロット,サンスリー Lアクダマドライブ 中古パチスロ実機 [スマスロ][まるごと配送限定],54100,有貨,https://home-slot.net/SHOP/s-santhree207.html
2469,サンスリー アクダマドライブ,スマスロ,,A-SLOT,サンスリー Lアクダマドライブ 中古パチスロ実機 [スマスロ][まるごと配送限定],64100,有貨,https://www.a-slot.com/SHOP/s-santhree207.html
2470,サンセイ CRジューシーハニー2,,,ホームスロット,サンセイ Pジューシーハニー2 中古パチンコ実機 [枠名：ライジングサンセイ] [4ch対応],65000,售完,https://home-slot.net/SHOP/p-SANSEI214.html
2470,サンセイ CRジューシーハニー2,,,ホームスロット,サンセイ CRジューシーハニー2 中古パチンコ実機 [枠名：ライジングサンセイ] [4ch対応],101000,售完,https://home-slot.net/SHOP/p-SANSEI200.html
2473,サンセイ CR武神烈伝SS,,,ホームスロット,サンセイ CR武神烈伝SS 中古パチンコ実機 [枠名：G・GATE] [4ch対応],37963,售完,https://home-slot.net/SHOP/p-SANSEI19.html
2473,サンセイ CR武神烈伝SS,,,ホームスロット,サンセイ CR武神烈伝SX 中古パチンコ実機 [枠名：G・GATE] [4ch対応],39287,售完,https://home-slot.net/SHOP/p-SANSEI21.html
2475,サンセイ CR麻雀姫伝PP,,,ホームスロット,サンセイ CR麻雀姫伝 枠色不問 中古パチンコ実機 [枠名：V-Savior（ブイセイバー）] [4ch対応],71600,售完,https://home-slot.net/SHOP/p-SANSEI74.html
2475,サンセイ CR麻雀姫伝PP,,,ホームスロット,サンセイ CR麻雀姫伝PP 枠色不問 中古パチンコ実機 [枠名：V-Savior（ブイセイバー）] [4ch対応],86000,售完,https://home-slot.net/SHOP/p-SANSEI78.html
2480,スカイガールズ~よろしく!ゼロ~,,高砂,ホームスロット,高砂 スカイガールズ～よろしく!ゼロ～ 中古パチスロ実機,59200,售完,https://home-slot.net/SHOP/s-kpe42.html
2480,スカイガールズ~よろしく!ゼロ~,,高砂,A-SLOT,高砂 スカイガールズ～よろしく!ゼロ～ 中古パチスロ実機 [8ch対応],69200,售完,https://www.a-slot.com/SHOP/kpe42.html
2481,スカイガールズ~ゼロ ふたたび~,,高砂,ホームスロット,高砂 スカイガールズ～ゼロ、ふたたび～ 中古パチスロ実機,47800,售完,https://home-slot.net/SHOP/s-takasago14.html
2481,スカイガールズ~ゼロ ふたたび~,,高砂,A-SLOT,高砂 スカイガールズ～ゼロ、ふたたび～ 中古パチスロ実機 [8ch対応],57800,有貨,https://www.a-slot.com/SHOP/takasago14.html
2483,スーパービンゴネオクラシック,,ベルコ,ホームスロット,ベルコ スーパービンゴネオクラシック 中古パチスロ実機,57900,售完,https://home-slot.net/SHOP/s-bellco211.html
2483,スーパービンゴネオクラシック,,ベルコ,A-SLOT,【お取り寄せ商品】ベルコ スーパービンゴネオクラシック 中古パチスロ実機,67900,有貨,https://www.a-slot.com/SHOP/s-bellco211.html
2484,スーパープラネットデラックス,,山佐,ホームスロット,山佐 スーパープラネットデラックス 中古パチスロ実機,35100,售完,https://home-slot.net/SHOP/s-yamasa126.html
2484,スーパープラネットデラックス,,山佐,A-SLOT,山佐 スーパープラネットデラックス 中古パチスロ実機 [4ch対応],45100,售完,https://www.a-slot.com/SHOP/yamasa126.html
2485,スペシャルジャックポット,,岡崎産業,ホームスロット,岡崎産業 スペシャルジャックポット 中古パチスロ実機,41500,售完,https://home-slot.net/SHOP/s-okazaki5.html
2485,スペシャルジャックポット,,岡崎産業,A-SLOT,岡崎産業 スペシャルジャックポット 中古パチスロ実機 [4ch対応],51500,有貨,https://www.a-slot.com/SHOP/okazaki5.html
2486,スマート沖スロ スターハナハナ,スマスロ,パイオニア,ホームスロット,パイオニア スマート沖スロ スターハナハナ 中古パチスロ実機 [スマスロ] [4ch対応],93600,有貨,https://home-slot.net/SHOP/s-pioneer227.html
2486,スマート沖スロ スターハナハナ,スマスロ,パイオニア,A-SLOT,パイオニア スマート沖スロ スターハナハナ 中古パチスロ実機 [スマスロ] [4ch対応],103600,有貨,https://www.a-slot.com/SHOP/s-pioneer227.html
2487,セブンリーグ ハイパーラッシュ,,,ホームスロット,セブンリーグ パチスロハイパーラッシュ 中古パチスロ実機 [4ch対応],74900,有貨,https://home-slot.net/SHOP/s-yamasa240.html
2487,セブンリーグ ハイパーラッシュ,,,A-SLOT,セブンリーグ パチスロハイパーラッシュ 中古パチスロ実機 [4ch対応],84900,有貨,https://www.a-slot.com/SHOP/s-yamasa240.html
2490,タイヨーエレック BLOOD+,,,ホームスロット,タイヨーエレック パチスロ BLOOD+ 中古パチスロ実機,37700,有貨,https://home-slot.net/SHOP/s-taiyo_elec7.html
2490,タイヨーエレック BLOOD+,,,A-SLOT,タイヨーエレック パチスロ BLOOD+ 中古パチスロ実機 [4ch対応],47700,有貨,https://www.a-slot.com/SHOP/taiyo_elec7.html
2492,タイヨーエレック カメレオン,,,ホームスロット,タイヨーエレック パチスロ カメレオン 中古パチスロ実機,38900,售完,https://home-slot.net/SHOP/s-taiyo_elec22.html
2492,タイヨーエレック カメレオン,,,A-SLOT,タイヨーエレック パチスロ カメレオン 中古パチスロ実機 [4ch対応],48900,售完,https://www.a-slot.com/SHOP/taiyo_elec22.html
2493,タイヨーエレック 七つの大罪,,,ホームスロット,タイヨーエレック パチスロ七つの大罪 中古パチスロ実機,41500,有貨,https://home-slot.net/SHOP/s-taiyo_elec201.html
2493,タイヨーエレック 七つの大罪,,,A-SLOT,タイヨーエレック パチスロ七つの大罪 中古パチスロ実機,51500,有貨,https://www.a-slot.com/SHOP/taiyo_elec201.html
2494,タイヨーエレック 伝説の巫女,,,A-SLOT,タイヨーエレック 伝説の巫女 中古パチスロ実機 [4ch対応],32717,售完,https://www.a-slot.com/SHOP/taiyo_elec2.html
2494,タイヨーエレック 伝説の巫女,,,ホームスロット,タイヨーエレック 伝説の巫女 中古パチスロ実機,35209,售完,https://home-slot.net/SHOP/s-taiyo_elec2.html
2495,タイヨーエレック 真 女神転生,,,ホームスロット,タイヨーエレック 真・女神転生 中古パチスロ実機,44375,售完,https://home-slot.net/SHOP/s-taiyo_elec8.html
2495,タイヨーエレック 真 女神転生,,,A-SLOT,タイヨーエレック 真・女神転生 中古パチスロ実機 [4ch対応],71820,售完,https://www.a-slot.com/SHOP/taiyo_elec8.html
2496,タイヨー ハイサイ蝶特急ターボ,,,ホームスロット,タイヨー ハイサイ超特急ターボ 中古パチスロ実機,35100,售完,https://home-slot.net/SHOP/s-taiyo18.html
2496,タイヨー ハイサイ蝶特急ターボ,,,A-SLOT,タイヨー ハイサイ蝶特急ターボ 中古パチスロ実機 [4ch対応],45100,售完,https://www.a-slot.com/SHOP/taiyo18.html
2497,タイヨー ビッグボーナスX64,,,ホームスロット,タイヨー ビッグボーナスX64 中古パチスロ実機,35100,售完,https://home-slot.net/SHOP/s-taiyo17.html
2497,タイヨー ビッグボーナスX64,,,A-SLOT,タイヨー ビッグボーナスX64 中古パチスロ実機 [4ch対応],45100,售完,https://www.a-slot.com/SHOP/taiyo17.html
2499,テイルズオブシンフォニア,,北電子,ホームスロット,北電子 パチスロテイルズオブシンフォニア 中古パチスロ実機,42700,售完,https://home-slot.net/SHOP/s-kitadenshi83.html
2499,テイルズオブシンフォニア,,北電子,A-SLOT,北電子 パチスロテイルズオブシンフォニア 中古パチスロ実機 [4ch対応],52700,有貨,https://www.a-slot.com/SHOP/kitadensi83.html
2504,トリビー スーパーマジカルセブン,,,ホームスロット,トリビー スーパーマジカルセブン 中古パチスロ実機,41500,售完,https://home-slot.net/SHOP/s-trivy6.html
2504,トリビー スーパーマジカルセブン,,,A-SLOT,トリビー スーパーマジカルセブン 中古パチスロ実機 [4ch対応],51500,有貨,https://www.a-slot.com/SHOP/trivy6.html
2507,ニューアイムジャグラーEX C,,北電子,ホームスロット,北電子 ニューアイムジャグラーEX-C 中古パチスロ実機,136500,售完,https://home-slot.net/SHOP/s-kitadensi45.html
2507,ニューアイムジャグラーEX C,,北電子,A-SLOT,北電子 ニューアイムジャグラーEX-C 中古パチスロ実機 [4ch対応],146500,有貨,https://www.a-slot.com/SHOP/kitadensi45.html
2510,ニューパルサー エボリューション,,山佐,ホームスロット,山佐 ニューパルサー エボリューション 中古パチスロ実機,41500,售完,https://home-slot.net/SHOP/s-yamasa41.html
2510,ニューパルサー エボリューション,,山佐,A-SLOT,山佐 ニューパルサー エボリューション 中古パチスロ実機 [4ch対応],51500,售完,https://www.a-slot.com/SHOP/yamasa41.html
2512,ネクスト ニューパルサーDX3,,山佐,ホームスロット,山佐ネクスト ニューパルサーDX3 中古パチスロ実機 [4ch対応],35100,售完,https://home-slot.net/SHOP/s-yamasa220.html
2512,ネクスト ニューパルサーDX3,,山佐,A-SLOT,【お取り寄せ商品】山佐ネクスト ニューパルサーDX3 中古パチスロ実機 [4ch対応],45100,有貨,https://www.a-slot.com/SHOP/yamasa220.html
2515,バイオハザード ヴェンデッタ,スマスロ,ロデオ,ホームスロット,ロデオ スマスロ バイオハザード：ヴェンデッタ 中古パチスロ実機 [スマスロ] [8ch対応],35100,有貨,https://home-slot.net/SHOP/s-rodeo204.html
2515,バイオハザード ヴェンデッタ,スマスロ,ロデオ,A-SLOT,ロデオ スマスロ バイオハザード：ヴェンデッタ 中古パチスロ実機 [スマスロ][8ch対応][まるごと配送限定],45100,有貨,https://www.a-slot.com/SHOP/s-rodeo204.html
2516,バキ 強くなりたくば喰らえ!!!,スマスロ,オリンピア,ホームスロット,オリンピア Lバキ 強くなりたくば喰らえ!!! 中古パチスロ実機 [スマスロ] [8ch対応],59100,售完,https://home-slot.net/SHOP/s-olympia223.html
2516,バキ 強くなりたくば喰らえ!!!,スマスロ,オリンピア,A-SLOT,【お取り寄せ商品】オリンピア Lバキ 強くなりたくば喰らえ!!! 中古パチスロ実機 [スマスロ] [8ch対応],69100,有貨,https://www.a-slot.com/SHOP/s-olympia223.html
2517,バジリスク~甲賀忍法帖~II,,メーシー,ホームスロット,メーシー バジリスク～甲賀忍法帖～II 中古パチスロ実機,72300,有貨,https://home-slot.net/SHOP/s-mizuho-macy31.html
2517,バジリスク~甲賀忍法帖~II,,メーシー,A-SLOT,メーシー バジリスク～甲賀忍法帖～II 中古パチスロ実機 [8ch対応],82300,有貨,https://www.a-slot.com/SHOP/mizuho-macy31.html
2518,バトルアスリーテス大運動会,,ニューギン,ホームスロット,ニューギン バトルアスリーテス大運動会 中古パチスロ実機,35100,售完,https://home-slot.net/SHOP/s-newgi2.html
2518,バトルアスリーテス大運動会,,ニューギン,A-SLOT,ニューギン バトルアスリーテス大運動会 中古パチスロ実機 [4ch対応],45100,售完,https://www.a-slot.com/SHOP/newgi2.html
2520,バルテック 沖ワニマル 25,,,ホームスロット,バルテック 沖ワニマル-25 中古パチスロ実機,41500,售完,https://home-slot.net/SHOP/s-baltec203.html
2520,バルテック 沖ワニマル 25,,,A-SLOT,バルテック 沖ワニマル-25 中古パチスロ実機,51500,售完,https://www.a-slot.com/SHOP/baltec203.html
2521,バルテック 沖ワニマル 30,,,ホームスロット,バルテック 沖ワニマル-30 中古パチスロ実機,40200,售完,https://home-slot.net/SHOP/s-baltec204.html
2521,バルテック 沖ワニマル 30,,,A-SLOT,【お取り寄せ商品】バルテック 沖ワニマル-30 中古パチスロ実機,50200,有貨,https://www.a-slot.com/SHOP/baltec204.html
2523,パオン ディーピー いろはに愛姫,,,ホームスロット,パオン・ディーピー いろはに愛姫 中古パチスロ実機,54100,售完,https://home-slot.net/SHOP/s-paon200.html
2523,パオン ディーピー いろはに愛姫,,,A-SLOT,【お取り寄せ商品】パオン・ディーピー いろはに愛姫 中古パチスロ実機 [8ch対応],64100,有貨,https://www.a-slot.com/SHOP/paon200.html
2525,ビスティ フィーバークィーンII,,,ホームスロット,ビスティ パチスロ フィーバークィーンII 中古パチスロ実機,35100,售完,https://home-slot.net/SHOP/s-sankyo201.html
2525,ビスティ フィーバークィーンII,,,A-SLOT,ビスティ パチスロ フィーバークィーンII 中古パチスロ実機 [4ch対応],45100,售完,https://www.a-slot.com/SHOP/sankyo201.html
2527,ピーセカンド ラストユートピア,,パイオニア,ホームスロット,パイオニア(ピーセカンド) ラストユートピア 中古パチスロ実機,41500,有貨,https://home-slot.net/SHOP/s-pioneer218.html
2527,ピーセカンド ラストユートピア,,パイオニア,A-SLOT,パイオニア(ピーセカンド) ラストユートピア 中古パチスロ実機,51500,有貨,https://www.a-slot.com/SHOP/s-pioneer218.html
2532,ブロス アレックス ブライト,スマスロ,ユニバーサル,ホームスロット,ユニバーサルブロス アレックス ブライト 中古パチスロ実機 [スマスロ][8ch対応][まるごと配送限定],233700,有貨,https://home-slot.net/SHOP/s-univerasal204.html
2532,ブロス アレックス ブライト,スマスロ,ユニバーサル,A-SLOT,ユニバーサルブロス アレックス ブライト 中古パチスロ実機 [スマスロ][8ch対応][まるごと配送限定],243700,有貨,https://www.a-slot.com/SHOP/s-univerasal204.html
2533,ブロス コンチネンタルゼロ,,ユニバーサル,ホームスロット,ユニバーサルブロス コンチネンタルゼロ 中古パチスロ実機,35100,有貨,https://home-slot.net/SHOP/s-univerasal17.html
2533,ブロス コンチネンタルゼロ,,ユニバーサル,A-SLOT,ユニバーサルブロス コンチネンタルゼロ 中古パチスロ実機 [8ch対応],45100,有貨,https://www.a-slot.com/SHOP/univerasal17.html
2535,マジカル 魔法少女隊アルス,,藤商事,ホームスロット,藤商事 マジカルスロット 魔法少女隊アルス 中古パチスロ実機,41500,售完,https://home-slot.net/SHOP/s-fuji6.html
2535,マジカル 魔法少女隊アルス,,藤商事,A-SLOT,藤商事 マジカルスロット 魔法少女隊アルス 中古パチスロ実機 [4ch対応],51500,售完,https://www.a-slot.com/SHOP/fuji6.html
2538,マルホン シャカRUSH Z,P,,ホームスロット,マルホン P真シャカRUSH 中古パチンコ実機,59000,售完,https://home-slot.net/SHOP/p-maruhon207.html
2538,マルホン シャカRUSH Z,P,,ホームスロット,マルホン PシャカRUSH Z 中古パチンコ実機 [枠名：R5-MODEL],70300,有貨,https://home-slot.net/SHOP/p-maruhon221.html
2539,マルホン 天龍∞SEVEN B,P,,ホームスロット,マルホン P天龍∞SEVEN M 中古パチンコ実機 [枠名：R1-MODEL] [4ch対応],131000,售完,https://home-slot.net/SHOP/p-maruhon217.html
2539,マルホン 天龍∞SEVEN B,P,,ホームスロット,マルホン P天龍∞SEVEN B 中古パチンコ実機 [枠名：R1-MODEL] [4ch対応],183700,售完,https://home-slot.net/SHOP/p-maruhon218.html
2542,モンキーターンV 新女王パネル,スマスロ,山佐,ホームスロット,山佐 スマスロモンキーターンV [新女王パネル] 中古パチスロ実機 [スマスロ],258800,售完,https://home-slot.net/SHOP/s-yamasa241.html
2542,モンキーターンV 新女王パネル,スマスロ,山佐,A-SLOT,【お取り寄せ商品】山佐 スマスロモンキーターンV [新女王パネル] 中古パチスロ実機 [スマスロ] [4ch対応],268800,有貨,https://www.a-slot.com/SHOP/s-yamasa241.html
2543,モンスターハンター ワールドYM,,エンターライズ,ホームスロット,エンターライズ パチスロ モンスターハンター：ワールドYM 中古パチスロ実機,35100,有貨,https://home-slot.net/SHOP/s-enta204.html
2543,モンスターハンター ワールドYM,,エンターライズ,A-SLOT,エンターライズ パチスロ モンスターハンター：ワールドYM 中古パチスロ実機 [8ch対応],45100,有貨,https://www.a-slot.com/SHOP/enta204.html
2544,ヤーマ スーパージャックポットN,5号機,,A-SLOT,ヤーマ スーパージャックポット 中古パチスロ実機 [4ch対応],22174,售完,https://www.a-slot.com/SHOP/yama1.html
2544,ヤーマ スーパージャックポットN,5号機,,ホームスロット,ヤーマ スーパージャックポットN 5号機 中古パチスロ実機,35209,售完,https://home-slot.net/SHOP/s-yama1.html
2545,ルパン三世 大航海者の秘宝,スマスロ,平和,ホームスロット,平和 Lルパン三世 大航海者の秘宝 中古パチスロ実機 [スマスロ] [8ch対応],40100,有貨,https://home-slot.net/SHOP/s-heiwa223.html
2545,ルパン三世 大航海者の秘宝,スマスロ,平和,A-SLOT,平和 Lルパン三世 大航海者の秘宝 中古パチスロ実機 [スマスロ] [8ch対応],50100,有貨,https://www.a-slot.com/SHOP/s-heiwa223.html
2546,ルパン三世~消されたルパン~,,オリンピア,ホームスロット,オリンピア パチスロ ルパン三世～消されたルパン～ 中古パチスロ実機,68500,售完,https://home-slot.net/SHOP/s-heiwa134.html
2546,ルパン三世~消されたルパン~,,オリンピア,A-SLOT,オリンピア パチスロ ルパン三世～消されたルパン～中古パチスロ実機 [8ch対応],78500,售完,https://www.a-slot.com/SHOP/heiwa134.html
2550,交響詩篇エウレカセブン2,,Sammy,ホームスロット,サミー パチスロ交響詩篇エウレカセブン2 中古パチスロ実機,83500,售完,https://home-slot.net/SHOP/s-sammy101.html
2550,交響詩篇エウレカセブン2,,Sammy,A-SLOT,【お取り寄せ商品】サミー パチスロ交響詩篇エウレカセブン2 中古パチスロ実機 [8ch対応],93500,有貨,https://www.a-slot.com/SHOP/sammy101.html
2551,仮面ライダー 7RIDERS,スマスロ,京楽,ホームスロット,京楽 L 仮面ライダー 7RIDERS 中古パチスロ実機 [スマスロ][8ch対応][まるごと配送限定],43100,有貨,https://home-slot.net/SHOP/s-kyoraku206.html
2551,仮面ライダー 7RIDERS,スマスロ,京楽,A-SLOT,京楽 L 仮面ライダー 7RIDERS 中古パチスロ実機 [スマスロ][8ch対応][まるごと配送限定],53100,有貨,https://www.a-slot.com/SHOP/s-kyoraku206.html
2552,入手困難 イレブン 夜勤病棟,,,ホームスロット,【入手困難】イレブン 夜勤病棟 中古パチスロ実機 [4ch対応],68500,售完,https://home-slot.net/SHOP/eleven2.html
2552,入手困難 イレブン 夜勤病棟,,,A-SLOT,【入手困難】イレブン 夜勤病棟 中古パチスロ実機 [4ch対応],78500,售完,https://www.a-slot.com/SHOP/eleven2.html
2554,北斗の拳 世紀末救世主伝説,,Sammy,ホームスロット,サミー パチスロ北斗の拳 世紀末救世主伝説 中古パチスロ実機,89800,售完,https://home-slot.net/SHOP/s-sammy77.html
2554,北斗の拳 世紀末救世主伝説,,Sammy,A-SLOT,サミー パチスロ北斗の拳 世紀末救世主伝説 中古パチスロ実機 [4ch対応],99800,售完,https://www.a-slot.com/SHOP/sammy77.html
2557,大海物語withT ARA,,SANYO,ホームスロット,SANYO パチスロ大海物語ｗｉｔｈT-ARA 中古パチスロ実機,68500,售完,https://home-slot.net/SHOP/s-sankyo78.html
2557,大海物語withT ARA,,SANYO,A-SLOT,SANYO パチスロ大海物語ｗｉｔｈT-ARA 中古パチスロ実機 [4ch対応],78500,售完,https://www.a-slot.com/SHOP/sankyo78.html
2558,天下無敵!サラリーマン金太郎,,ロデオ,ホームスロット,ロデオ 天下無敵!サラリーマン金太郎 中古パチスロ実機,47800,售完,https://home-slot.net/SHOP/s-rodeo22.html
2558,天下無敵!サラリーマン金太郎,,ロデオ,A-SLOT,ロデオ 天下無敵!サラリーマン金太郎 中古パチスロ実機 [4ch対応],57800,售完,https://www.a-slot.com/SHOP/rodeo22.html
2559,天誅~Deadly Blow~,,ニューギン,A-SLOT,ニューギン 天誅～Deadly Blow～ 中古パチスロ実機 [4ch対応],32167,售完,https://www.a-slot.com/SHOP/newgin14.html
2559,天誅~Deadly Blow~,,ニューギン,ホームスロット,ニューギン 天誅～Deadly Blow～ 中古パチスロ実機,43367,售完,https://home-slot.net/SHOP/s-newgin14.html
2561,娘娘娘 にゃんにゃんむすめ,,岡崎産業,ホームスロット,岡崎産業 娘娘娘（にゃんにゃんむすめ） 中古パチスロ実機,35100,售完,https://home-slot.net/SHOP/s-okazaki8.html
2561,娘娘娘 にゃんにゃんむすめ,,岡崎産業,A-SLOT,岡崎産業 娘娘娘（にゃんにゃんむすめ） 中古パチスロ実機 [4ch対応],45100,售完,https://www.a-slot.com/SHOP/okazaki8.html
2563,戦国BASARA GIGA,スマスロ,エンターライズ,ホームスロット,エンターライズ スマスロ 戦国BASARA GIGA 中古パチスロ実機 [スマスロ] [8ch対応],35100,有貨,https://home-slot.net/SHOP/s-enta210.html
2563,戦国BASARA GIGA,スマスロ,エンターライズ,A-SLOT,エンターライズ スマスロ 戦国BASARA GIGA 中古パチスロ実機 [スマスロ][8ch対応][まるごと配送限定],45100,有貨,https://www.a-slot.com/SHOP/s-enta210.html
2564,戦国乙女3~天剣を継ぐもの~,,平和,ホームスロット,平和 戦国乙女3～天剣を継ぐもの～ 中古パチスロ実機,68500,售完,https://home-slot.net/SHOP/s-heiwa211.html
2564,戦国乙女3~天剣を継ぐもの~,,平和,A-SLOT,【お取り寄せ商品】平和 戦国乙女3～天剣を継ぐもの～ 中古パチスロ実機,78500,有貨,https://www.a-slot.com/SHOP/heiwa211.html
2566,新日本プロレスまでもが 機,,平和,ホームスロット,平和 新日本プロレスまでもがパチスロ機 中古パチスロ実機,68500,售完,https://home-slot.net/SHOP/s-heiwa3.html
2566,新日本プロレスまでもが 機,,平和,A-SLOT,平和 新日本プロレスまでもがパチスロ機（スロット中古パチスロ実機 [4ch対応],78500,售完,https://www.a-slot.com/SHOP/heiwa3.html
2571,緑ドン VIVA!情熱南米編,,エレコ,ホームスロット,エレコ 緑ドン VIVA!情熱南米編 中古パチスロ実機,98500,售完,https://home-slot.net/SHOP/s-eleco31.html
2571,緑ドン VIVA!情熱南米編,,エレコ,A-SLOT,エレコ 緑ドン VIVA!情熱南米編 中古パチスロ実機 [8ch対応],108500,售完,https://www.a-slot.com/SHOP/eleco31.html
2575,西陣 CRおばけらんどGL,,,ホームスロット,西陣 CRおばけらんどGL 中古パチンコ実機,52600,售完,https://home-slot.net/SHOP/p-nishijinn121.html
2575,西陣 CRおばけらんどGL,,,ホームスロット,西陣 CRおばけらんど 中古パチンコ実機,59000,售完,https://home-slot.net/SHOP/p-nishijinn114.html
2576,西陣 CRゴールデンゲートMA,,,ホームスロット,西陣 CRゴールデンゲートMA 中古パチンコ実機,52600,售完,https://home-slot.net/SHOP/p-nishijinn79.html
2576,西陣 CRゴールデンゲートMA,,,ホームスロット,西陣 CRゴールデンゲートMB 中古パチンコ実機,101000,售完,https://home-slot.net/SHOP/p-nishijinn80.html
2581,西陣 P13日の金曜日MA,,,ホームスロット,西陣 P13日の金曜日MA 中古パチンコ実機 [枠名：戦舞 13日の金曜日] [4ch対応],52600,售完,https://home-slot.net/SHOP/p-nishijinn238.html
2581,西陣 P13日の金曜日MA,,,ホームスロット,西陣 P13日の金曜日 中古パチンコ実機 [枠名：戦舞 13日の金曜日] [4ch対応],71600,售完,https://home-slot.net/SHOP/p-nishijinn233.html
2582,西陣 P Rewrite FA,,,ホームスロット,西陣 P Rewrite FA 中古パチンコ実機 [枠名：戦舞 Ｒｅｗｒｉｔｅ ＦＡ] [4ch対応],65300,售完,https://home-slot.net/SHOP/p-nishijinn219.html
2582,西陣 P Rewrite FA,,,ホームスロット,西陣 P Rewrite FB 中古パチンコ実機 [枠名：戦舞 Ｒｅｗｒｉｔｅ ＦＢ] [4ch対応],65300,售完,https://home-slot.net/SHOP/p-nishijinn218.html
2584,西陣 おばけらんど怪GLS,P,,ホームスロット,西陣 Pおばけらんど怪GL 枠色不問 中古パチンコ実機,65300,售完,https://home-slot.net/SHOP/p-nishijinn242.html
2584,西陣 おばけらんど怪GLS,P,,ホームスロット,西陣 Pおばけらんど怪GLS 中古パチンコ実機 [枠名：戦舞 おばけらんどＧＬＳ] [4ch対応],101000,售完,https://home-slot.net/SHOP/p-nishijinn241.html
2593,銀座 星羅はお告げがお好き,,,ホームスロット,銀座 パチスロ 星羅はお告げがお好き 中古パチスロ実機,68500,售完,https://home-slot.net/SHOP/s-ginza22.html
2593,銀座 星羅はお告げがお好き,,,A-SLOT,銀座 パチスロ 星羅はお告げがお好き 中古パチスロ実機 [4ch対応],78500,售完,https://www.a-slot.com/SHOP/ginza22.html
2594,銀座 盾の勇者の成り上がり,,,ホームスロット,銀座 パチスロ盾の勇者の成り上がり 中古パチスロ実機 [8ch対応],47800,有貨,https://home-slot.net/SHOP/s-ginza209.html
2594,銀座 盾の勇者の成り上がり,,,A-SLOT,銀座 パチスロ盾の勇者の成り上がり 中古パチスロ実機 [8ch対応][まるごと配送限定],57800,有貨,https://www.a-slot.com/SHOP/s-ginza209.html
2597,高尾 CRライディーン 女神篇,,,ホームスロット,高尾 CRライディーン 女神篇 中古パチンコ実機,49371,售完,https://home-slot.net/SHOP/p-takao25.html
2597,高尾 CRライディーン 女神篇,,,ホームスロット,高尾 CRライディーン 神速篇 中古パチンコ実機,279200,售完,https://home-slot.net/SHOP/p-takao27.html
2602,鬼浜爆走紅蓮隊~友情挽歌編~,,ベルコ,ホームスロット,ベルコ 鬼浜爆走紅蓮隊～友情挽歌編～ 中古パチスロ実機,47800,售完,https://home-slot.net/SHOP/s-bellco6.html
2602,鬼浜爆走紅蓮隊~友情挽歌編~,,ベルコ,A-SLOT,ベルコ 鬼浜爆走紅蓮隊～友情挽歌編～ 中古パチスロ実機 [4ch対応],57800,售完,https://www.a-slot.com/SHOP/bellco6.html
2603,鬼浜爆走紅蓮隊 激闘謳歌編,,ベルコ,ホームスロット,ベルコ 鬼浜爆走紅蓮隊 激闘謳歌編 中古パチスロ実機,35100,售完,https://home-slot.net/SHOP/s-bellco209.html
2603,鬼浜爆走紅蓮隊 激闘謳歌編,,ベルコ,A-SLOT,【お取り寄せ商品】ベルコ 鬼浜爆走紅蓮隊 激闘謳歌編 中古パチスロ実機,45100,有貨,https://www.a-slot.com/SHOP/bellco209.html
2604,鬼浜爆走紅蓮隊 狂闘旅情編,,ベルコ,ホームスロット,ベルコ 鬼浜爆走紅蓮隊 狂闘旅情編 中古パチスロ実機 [8ch対応],40100,有貨,https://home-slot.net/SHOP/s-bellco208.html
2604,鬼浜爆走紅蓮隊 狂闘旅情編,,ベルコ,A-SLOT,ベルコ 鬼浜爆走紅蓮隊 狂闘旅情編 中古パチスロ実機 [8ch対応][まるごと配送限定],50100,有貨,https://www.a-slot.com/SHOP/bellco208.html
2607,CRA羽根らんま1 2R,,SANKYO,ホームスロット,SANKYO CRA羽根らんま1/2S 中古パチンコ実機,52600,售完,https://home-slot.net/SHOP/p-sankyo112.html
2607,CRA羽根らんま1 2R,,SANKYO,ホームスロット,SANKYO CRA羽根らんま1/2R 中古パチンコ実機,65300,售完,https://home-slot.net/SHOP/p-sankyo111.html
2627,CR地獄先生ぬ~べ~FPL,,藤商事,ホームスロット,藤商事 ＣＲ地獄先生ぬ～べ～ＦＰＷ 中古パチンコ実機 [枠名：シャイニングウォール] [4ch対応],52600,售完,https://home-slot.net/SHOP/p-fuji105.html
2627,CR地獄先生ぬ~べ~FPL,,藤商事,ホームスロット,藤商事 ＣＲ地獄先生ぬ～べ～ＦＰＬ 中古パチンコ実機 [枠名：シャイニングウォール] [4ch対応],56400,售完,https://home-slot.net/SHOP/p-fuji106.html
2631,CR戦国乙女3 H9AY,,平和,ホームスロット,平和 CR戦国乙女3 M9AY 中古パチンコ実機 [枠名：ルピナスハート] [4ch対応],52600,售完,https://home-slot.net/SHOP/p-heiwa99.html
2631,CR戦国乙女3 H9AY,,平和,ホームスロット,平和 CR戦国乙女3 H9AY 中古パチンコ実機 [枠名：ルピナスハート] [4ch対応],67800,售完,https://home-slot.net/SHOP/p-heiwa98.html
2633,CR楽園むすめH5 TX,,ニューギン,ホームスロット,ニューギン CR楽園むすめH5－TX 中古パチンコ実機,52600,售完,https://home-slot.net/SHOP/p-newgin96.html
2633,CR楽園むすめH5 TX,,ニューギン,ホームスロット,ニューギン CR楽園むすめH5－T 中古パチンコ実機,52600,售完,https://home-slot.net/SHOP/p-newgin93.html
2637,CR私立!戦国学園 MTA,,SANYO,ホームスロット,SANYO CR私立!戦国学園 MTA 中古パチンコ実機 [枠名：フラッシュリング],33301,售完,https://home-slot.net/SHOP/p-sanyo18.html
2637,CR私立!戦国学園 MTA,,SANYO,ホームスロット,SANYO CR私立!戦国学園 MTC 中古パチンコ実機 [枠名：フラッシュリング],42138,售完,https://home-slot.net/SHOP/p-sanyo19.html
2638,CR緋弾のアリア FPL,,藤商事,ホームスロット,藤商事 CR緋弾のアリア FPL 枠色不問 中古パチンコ実機 [枠名：シャイニングウォール] [4ch対応],52600,售完,https://home-slot.net/SHOP/p-fuji93.html
2638,CR緋弾のアリア FPL,,藤商事,ホームスロット,藤商事 CR緋弾のアリア FPS 枠色不問 中古パチンコ実機 [枠名：シャイニングウォール] [4ch対応],52600,售完,https://home-slot.net/SHOP/p-fuji94.html
2640,CR花の慶次~焔L2 VX,,ニューギン,ホームスロット,ニューギン CR花の慶次～焔L2－VX 中古パチンコ実機,111100,售完,https://home-slot.net/SHOP/p-newgin68.html
2640,CR花の慶次~焔L2 VX,,ニューギン,ホームスロット,ニューギン CR花の慶次～焔L2－V 枠色不問 中古パチンコ実機,116000,售完,https://home-slot.net/SHOP/p-newgin67.html
2641,CR花の慶次~焔L5 KX,,ニューギン,ホームスロット,ニューギン CR花の慶次～焔L5－KX 中古パチンコ実機,72185,售完,https://home-slot.net/SHOP/p-newgin77.html
2641,CR花の慶次~焔L5 KX,,ニューギン,ホームスロット,ニューギン CR花の慶次～焔N5－KX 中古パチンコ実機,111100,售完,https://home-slot.net/SHOP/p-newgin83.html
2647,EXCITE らんま1 2,,,ホームスロット,EXCITE パチスロらんま1/2 中古パチスロ実機,45300,售完,https://home-slot.net/SHOP/s-excite200.html
2647,EXCITE らんま1 2,,,A-SLOT,EXCITE パチスロらんま1/2 中古パチスロ実機 [4ch対応],55300,售完,https://www.a-slot.com/SHOP/excite200.html
2648,IGT アダムスファミリー,,,A-SLOT,【4号機】IGT アダムスファミリー 中古パチスロ実機 [4ch対応],35820,售完,https://www.a-slot.com/SHOP/igt201.html
2648,IGT アダムスファミリー,,,ホームスロット,IGT アダムスファミリー 中古パチスロ実機,48000,售完,https://home-slot.net/SHOP/s-igt201.html
2650,JPS シンゾウニンゲン,,,A-SLOT,JPS シンゾウニンゲン 中古パチスロ実機 [4ch対応],23367,售完,https://www.a-slot.com/SHOP/jps11.html
2650,JPS シンゾウニンゲン,,,ホームスロット,JPS シンゾウニンゲン 中古パチスロ実機,36400,售完,https://home-slot.net/SHOP/s-jps11.html
2653,KPE ランブルローズ3D,,,ホームスロット,KPE ランブルローズ3D 中古パチスロ実機,47800,售完,https://home-slot.net/SHOP/s-kpe40.html
2653,KPE ランブルローズ3D,,,A-SLOT,KPE ランブルローズ3D 中古パチスロ実機 [4ch対応],57800,售完,https://www.a-slot.com/SHOP/kpe40.html
2654,KPE ランブルローズXX,,,A-SLOT,KPE ランブルローズ 中古パチスロ実機 [8ch対応],57800,售完,https://www.a-slot.com/SHOP/s-kpe209.html
2654,KPE ランブルローズXX,,,ホームスロット,KPE ランブルローズXX 中古パチスロ実機,68500,售完,https://home-slot.net/SHOP/s-kpe16.html
2655,KPE 麻雀格闘倶楽部2,,,ホームスロット,KPE 麻雀格闘倶楽部２ 中古パチスロ実機,41500,售完,https://home-slot.net/SHOP/s-kpe56.html
2655,KPE 麻雀格闘倶楽部2,,,A-SLOT,【お取り寄せ商品】KPE 麻雀格闘倶楽部2 中古パチスロ実機 [8ch対応],51500,有貨,https://www.a-slot.com/SHOP/kpe56.html
2656,LBプレミアムうまい棒,スマスロ,オリンピア,ホームスロット,オリンピア LBプレミアムうまい棒 中古パチスロ実機 [スマスロ] [8ch対応],45300,有貨,https://home-slot.net/SHOP/s-olympia237.html
2656,LBプレミアムうまい棒,スマスロ,オリンピア,A-SLOT,オリンピア LBプレミアムうまい棒 中古パチスロ実機 [スマスロ] [8ch対応],55300,有貨,https://www.a-slot.com/SHOP/s-olympia237.html
2658,NET ケンガンアシュラ,スマスロ,,ホームスロット,NET パチスロ ケンガンアシュラ 中古パチスロ実機 [スマスロ][8ch対応][まるごと配送限定],52800,有貨,https://home-slot.net/SHOP/s-net219.html
2658,NET ケンガンアシュラ,スマスロ,,A-SLOT,NET パチスロ ケンガンアシュラ 中古パチスロ実機 [スマスロ][8ch対応][まるごと配送限定],62800,有貨,https://www.a-slot.com/SHOP/s-net219.html
2659,NET チバリヨ2プラス,スマスロ,,ホームスロット,NET チバリヨ2プラス 中古パチスロ実機 [スマスロ],35100,有貨,https://home-slot.net/SHOP/s-net222.html
2659,NET チバリヨ2プラス,スマスロ,,A-SLOT,NET チバリヨ2プラス 中古パチスロ実機 [スマスロ][8ch対応],45100,有貨,https://www.a-slot.com/SHOP/s-net222.html
2660,NET ドリスタせかんど,,,ホームスロット,NET ドリスタせかんど 中古パチスロ実機,35100,有貨,https://home-slot.net/SHOP/s-net52.html
2660,NET ドリスタせかんど,,,A-SLOT,NET ドリスタせかんど 中古パチスロ実機 [4ch対応],45100,有貨,https://www.a-slot.com/SHOP/net52.html
2662,NET フレームアームズ ガール,,,ホームスロット,NET パチスロ フレームアームズ・ガール 中古パチスロ実機 [8ch対応][まるごと配送限定],68500,售完,https://home-slot.net/SHOP/s-net206.html
2662,NET フレームアームズ ガール,,,A-SLOT,NET パチスロ フレームアームズ・ガール 中古パチスロ実機 [8ch対応][まるごと配送限定],78500,售完,https://www.a-slot.com/SHOP/net206.html
2663,NET 最胸伝奇 パイ遊記,,,ホームスロット,NET 最胸伝奇 パイ遊記 中古パチスロ実機,41500,售完,https://home-slot.net/SHOP/s-net43.html
2663,NET 最胸伝奇 パイ遊記,,,A-SLOT,NET 最胸伝奇 パイ遊記 中古パチスロ実機 [4ch対応],51500,售完,https://www.a-slot.com/SHOP/net43.html
2664,NET 蛇喰夢子という女,,,ホームスロット,NET パチスロ 蛇喰夢子という女 中古パチスロ実機 [8ch対応][まるごと配送限定],73500,售完,https://home-slot.net/SHOP/s-net216.html
2664,NET 蛇喰夢子という女,,,A-SLOT,【お取り寄せ商品】NET パチスロ 蛇喰夢子という女 中古パチスロ実機 [8ch対応][まるごと配送限定],83500,有貨,https://www.a-slot.com/SHOP/s-net216.html
2665,NET 賞金首Angel,スマスロ,,ホームスロット,NET 賞金首Angel 中古パチスロ実機 [スマスロ][8ch対応][まるごと配送限定],86100,售完,https://home-slot.net/SHOP/s-net221.html
2665,NET 賞金首Angel,スマスロ,,A-SLOT,【お取り寄せ商品】NET 賞金首Angel 中古パチスロ実機 [スマスロ][8ch対応][まるごと配送限定],96100,有貨,https://www.a-slot.com/SHOP/s-net221.html
2671,SLOTアルドノア ゼロ,,エレコ,ホームスロット,エレコ SLOTアルドノア・ゼロ 中古パチスロ実機 [8ch対応],35100,有貨,https://home-slot.net/SHOP/s-eleco200.html
2671,SLOTアルドノア ゼロ,,エレコ,A-SLOT,エレコ SLOTアルドノア・ゼロ 中古パチスロ実機 [8ch対応][まるごと配送限定],45100,有貨,https://www.a-slot.com/SHOP/eleco200.html
2672,SNKプレイモア コブラ,,,ホームスロット,SNKプレイモア パチスロコブラ 中古パチスロ実機,74900,售完,https://home-slot.net/SHOP/s-snk54.html
2672,SNKプレイモア コブラ,,,A-SLOT,SNKプレイモア パチスロコブラ 中古パチスロ実機 [4ch対応],84900,售完,https://www.a-slot.com/SHOP/snk54.html
2673,SNKプレイモア 神たま,,,ホームスロット,SNKプレイモア 神たま 中古パチスロ実機,28742,售完,https://home-slot.net/SHOP/s-snk11.html
2673,SNKプレイモア 神たま,,,A-SLOT,SNKプレイモア 神たま 中古パチスロ実機 [4ch対応],78500,售完,https://www.a-slot.com/SHOP/snk11.html
2675,とある科学の超電磁砲2,スマスロ,藤商事,ホームスロット,藤商事 スマスロ とある科学の超電磁砲2 中古パチスロ実機 [スマスロ] [4ch対応],94800,有貨,https://home-slot.net/SHOP/s-fuji209.html
2675,とある科学の超電磁砲2,スマスロ,藤商事,A-SLOT,藤商事 スマスロ とある科学の超電磁砲2 中古パチスロ実機 [スマスロ] [4ch対応],105000,有貨,https://www.a-slot.com/SHOP/s-fuji209.html
2678,ぱちすろ けものフレンズ,,ロデオ,ホームスロット,ロデオ ぱちすろ けものフレンズ 中古パチスロ実機 [8ch対応],35100,售完,https://home-slot.net/SHOP/s-rodeo201.html
2678,ぱちすろ けものフレンズ,,ロデオ,A-SLOT,ロデオ ぱちすろ けものフレンズ 中古パチスロ実機 [8ch対応][まるごと配送限定],45100,售完,https://www.a-slot.com/SHOP/s-rodeo201.html
2684,ぱちんこ 新 必殺仕置人S,スマパチ,京楽,ホームスロット,京楽 ぱちんこ 新・必殺仕置人S 中古パチンコ実機 [スマパチ] [枠名：新枠 ｅ仕置人] [4ch対応],74100,有貨,https://home-slot.net/SHOP/p-kyoraku227.html
2684,ぱちんこ 新 必殺仕置人S,スマパチ,京楽,ホームスロット,京楽 Pぱちんこ 新・必殺仕置人 中古パチンコ実機 [枠名：激震 Ｐ仕置人Ｋ３] [8ch対応],126000,有貨,https://home-slot.net/SHOP/p-kyoraku207.html
2686,ぼのぼの ~スウィートver.~,,山佐,ホームスロット,山佐 パチスロ「ぼのぼの」～スウィートver.～ 中古パチスロ実機,35851,售完,https://home-slot.net/SHOP/s-yamasa64.html
2686,ぼのぼの ~スウィートver.~,,山佐,A-SLOT,山佐 パチスロ「ぼのぼの」～スウィートver.～ 中古パチスロ実機 [4ch対応],40500,售完,https://www.a-slot.com/SHOP/yamasa64.html
2687,めぞん一刻 メインパネル,,オリンピア,ホームスロット,オリンピア めぞん一刻 メインパネル 中古パチスロ実機,35100,售完,https://home-slot.net/SHOP/s-heiwa96.html
2687,めぞん一刻 メインパネル,,オリンピア,A-SLOT,オリンピア めぞん一刻 メインパネル 中古パチスロ実機 [4ch対応],45100,售完,https://www.a-slot.com/SHOP/heiwa96.html
2690,アイムジャグラーAPEX,,北電子,A-SLOT,【6号機】北電子 アイムジャグラーEX 中古パチスロ実機 [4ch対応],62800,有貨,https://www.a-slot.com/SHOP/kitadensi204.html
2690,アイムジャグラーAPEX,,北電子,ホームスロット,北電子 アイムジャグラーAPEX 中古パチスロ実機,98500,售完,https://home-slot.net/SHOP/s-kitadensi33.html
2691,アイムジャグラーEX AE,,北電子,ホームスロット,北電子 アイムジャグラーEX-AE 中古パチスロ実機,50800,售完,https://home-slot.net/SHOP/s-kitadenshi86.html
2691,アイムジャグラーEX AE,,北電子,A-SLOT,【お取り寄せ商品】北電子 アイムジャグラーEX-AE 中古パチスロ実機 [4ch対応],60800,有貨,https://www.a-slot.com/SHOP/kitadensi86.html
2692,アクロス キングジャック,,,ホームスロット,アクロス キングジャック 中古パチスロ実機,35100,售完,https://home-slot.net/SHOP/s-across8.html
2692,アクロス キングジャック,,,A-SLOT,アクロス キングジャック 中古パチスロ実機 [8ch対応],45100,售完,https://www.a-slot.com/SHOP/across8.html
2693,アクロス リバティベルV,,,ホームスロット,アクロス リバティベルV 中古パチスロ実機,37700,售完,https://home-slot.net/SHOP/s-across3.html
2693,アクロス リバティベルV,,,A-SLOT,アクロス リバティベルV 中古パチスロ実機 [8ch対応],47700,售完,https://www.a-slot.com/SHOP/across3.html
2702,アミューズメント 武装神姫,,KONAMI,ホームスロット,コナミアミューズメント パチスロ武装神姫 中古パチスロ実機,52800,售完,https://home-slot.net/SHOP/s-konami217.html
2702,アミューズメント 武装神姫,,KONAMI,A-SLOT,【お取り寄せ商品】コナミアミューズメント パチスロ武装神姫 中古パチスロ実機,62800,有貨,https://www.a-slot.com/SHOP/s-konami217.html
2704,アムテックス アバサー30,S,,ホームスロット,アムテックス Sアバサー30 中古パチスロ実機,41500,售完,https://home-slot.net/SHOP/s-amt211.html
2704,アムテックス アバサー30,S,,A-SLOT,アムテックス Sアバサー30 中古パチスロ実機,51500,售完,https://www.a-slot.com/SHOP/s-amt211.html
2705,アムテックス バハマ30,S,,ホームスロット,アムテックス Sバハマ30 中古パチスロ実機,47800,售完,https://home-slot.net/SHOP/s-amt214.html
2705,アムテックス バハマ30,S,,A-SLOT,【お取り寄せ商品】アムテックス Sバハマ30 中古パチスロ実機,57800,有貨,https://www.a-slot.com/SHOP/s-amt214.html
2706,アムテックス 不二子BT,スマスロ,,ホームスロット,アムテックス L不二子BT 中古パチスロ実機 [スマスロ] [8ch対応],312800,有貨,https://home-slot.net/SHOP/s-amt215.html
2706,アムテックス 不二子BT,スマスロ,,A-SLOT,アムテックス L不二子BT 中古パチスロ実機 [スマスロ] [8ch対応],322800,有貨,https://www.a-slot.com/SHOP/s-amt215.html
2708,アリストクラート 頑固一徹,,,ホームスロット,アリストクラート 頑固一徹 中古パチスロ実機,54100,售完,https://home-slot.net/SHOP/s-aristocrat15.html
2708,アリストクラート 頑固一徹,,,A-SLOT,アリストクラート 頑固一徹 中古パチスロ実機 [4ch対応],64100,售完,https://www.a-slot.com/SHOP/aristocrat15.html
2709,アルゼ ゲッターマウス7R,,,ホームスロット,アルゼ ゲッターマウス7R 中古パチスロ実機,41500,售完,https://home-slot.net/SHOP/s-eleco26.html
2709,アルゼ ゲッターマウス7R,,,A-SLOT,アルゼ ゲッターマウス7R 中古パチスロ実機 [4ch対応],51500,售完,https://www.a-slot.com/SHOP/eleco26.html
2710,アルゼ 大花火 2ch対応,4号機,,A-SLOT,【4号機】アルゼ 花火 中古パチスロ実機 [2ch対応],84000,有貨,https://www.a-slot.com/SHOP/eleco13.html
2710,アルゼ 大花火 2ch対応,4号機,,A-SLOT,【4号機】アルゼ 大花火 中古パチスロ実機 [2ch対応],135000,售完,https://www.a-slot.com/SHOP/eleco10.html
2711,アントニオ猪木自身が 機,,平和,ホームスロット,平和 アントニオ猪木自身がパチスロ機 中古パチスロ実機,46667,售完,https://home-slot.net/SHOP/s-heiwa8.html
2711,アントニオ猪木自身が 機,,平和,A-SLOT,【4号機】平和 アントニオ猪木自身がパチスロ機 中古パチスロ実機 [4ch対応],135000,有貨,https://www.a-slot.com/SHOP/heiwa8.html
2713,エイリアンVSプレデター,,藤商事,A-SLOT,藤商事 パチスロ エイリアンVSプレデター 中古パチスロ実機 [4ch対応],37483,售完,https://www.a-slot.com/SHOP/fuji4.html
2713,エイリアンVSプレデター,,藤商事,ホームスロット,藤商事 パチスロ エイリアンVSプレデター 中古パチスロ実機,50516,售完,https://home-slot.net/SHOP/s-fuji4.html
2714,エフ リングにかけろ1 V,スマスロ,,ホームスロット,エフ L リングにかけろ1 V 中古パチスロ実機 [スマスロ] [4ch対応],40100,有貨,https://home-slot.net/SHOP/s-f202.html
2714,エフ リングにかけろ1 V,スマスロ,,A-SLOT,エフ L リングにかけろ1 V 中古パチスロ実機 [スマスロ] [4ch対応],50100,有貨,https://www.a-slot.com/SHOP/s-f202.html
2715,オーイズミ 1000ちゃん,,,ホームスロット,オーイズミ パチスロ1000ちゃん 中古パチスロ実機 [8ch対応][まるごと配送限定],41500,有貨,https://home-slot.net/SHOP/s-oizumi204.html
2715,オーイズミ 1000ちゃん,,,A-SLOT,オーイズミ パチスロ1000ちゃん 中古パチスロ実機 [8ch対応][まるごと配送限定],51500,有貨,https://www.a-slot.com/SHOP/oizumi204.html
2716,オーイズミ LB GALFY,スマスロ,,ホームスロット,オーイズミ LBスロットGALFY 中古パチスロ実機 [スマスロ] [8ch対応],248600,有貨,https://home-slot.net/SHOP/s-oizumi220.html
2716,オーイズミ LB GALFY,スマスロ,,A-SLOT,オーイズミ LBスロットGALFY 中古パチスロ実機 [スマスロ] [8ch対応],258600,有貨,https://www.a-slot.com/SHOP/s-oizumi220.html
2717,オーイズミ かまいたちの夜,,,ホームスロット,オーイズミ パチスロかまいたちの夜 中古パチスロ実機 [8ch対応][まるごと配送限定],35100,有貨,https://home-slot.net/SHOP/s-oizumi209.html
2717,オーイズミ かまいたちの夜,,,A-SLOT,オーイズミ パチスロかまいたちの夜 中古パチスロ実機 [8ch対応][まるごと配送限定],45100,有貨,https://www.a-slot.com/SHOP/oizumi209.html
2718,オーイズミ ドリームクルーン2,,,ホームスロット,オーイズミ ドリームクルーン2 中古パチスロ実機,68500,售完,https://home-slot.net/SHOP/s-oizumi203.html
2718,オーイズミ ドリームクルーン2,,,A-SLOT,オーイズミ ドリームクルーン2 中古パチスロ実機 [4ch対応],78500,售完,https://www.a-slot.com/SHOP/oizumi203.html
2720,オーイズミ 乱嵐エイサー 30,,,ホームスロット,オーイズミ 乱嵐エイサー-30 中古パチスロ実機,35100,售完,https://home-slot.net/SHOP/s-oizumi26.html
2720,オーイズミ 乱嵐エイサー 30,,,A-SLOT,オーイズミ 乱嵐エイサー-30 中古パチスロ実機 [4ch対応],45100,售完,https://www.a-slot.com/SHOP/oizumi26.html
2721,オーイズミ 東京レイヴンズ,,,ホームスロット,オーイズミ パチスロ東京レイヴンズ 中古パチスロ実機 [8ch対応][まるごと配送限定],45300,有貨,https://home-slot.net/SHOP/s-oizumi207.html
2721,オーイズミ 東京レイヴンズ,,,A-SLOT,オーイズミ パチスロ東京レイヴンズ 中古パチスロ実機 [8ch対応][まるごと配送限定],55300,有貨,https://www.a-slot.com/SHOP/s-oizumi207.html
2722,カルミナ Sky Love,スマスロ,,ホームスロット,カルミナ Sky Love 中古パチスロ実機 [スマスロ][8ch対応][まるごと配送限定],103500,售完,https://home-slot.net/SHOP/s-carmina205.html
2722,カルミナ Sky Love,スマスロ,,A-SLOT,【お取り寄せ商品】カルミナ Sky Love 中古パチスロ実機 [スマスロ][8ch対応][まるごと配送限定],113500,有貨,https://www.a-slot.com/SHOP/s-carmina205.html
2723,カルミナ 翔べ!ハーレムエース,スマスロ,,ホームスロット,カルミナ 翔べ！ハーレムエース 中古パチスロ実機 [スマスロ][8ch対応][まるごと配送限定],56600,有貨,https://home-slot.net/SHOP/s-carmina207.html
2723,カルミナ 翔べ!ハーレムエース,スマスロ,,A-SLOT,カルミナ 翔べ！ハーレムエース 中古パチスロ実機 [スマスロ][8ch対応][まるごと配送限定],66600,有貨,https://www.a-slot.com/SHOP/s-carmina207.html
2725,ガールズ&パンツァー ガルパン,,オリンピア,ホームスロット,オリンピア パチスロ ガールズ＆パンツァー[ガルパン] 中古パチスロ実機,87500,售完,https://home-slot.net/SHOP/s-heiwa125.html
2725,ガールズ&パンツァー ガルパン,,オリンピア,A-SLOT,オリンピア パチスロ ガールズ＆パンツァー[ガルパン] 中古パチスロ実機 [8ch対応],97500,售完,https://www.a-slot.com/SHOP/heiwa125.html
2727,キャッツ アイ 恋ふたたび,,オリンピア,ホームスロット,オリンピア キャッツ・アイ－恋ふたたび 中古パチスロ実機,68500,售完,https://home-slot.net/SHOP/s-heiwa75.html
2727,キャッツ アイ 恋ふたたび,,オリンピア,A-SLOT,【お取り寄せ商品】オリンピア キャッツ・アイ－恋ふたたび 中古パチスロ実機 [4ch対応],78500,有貨,https://www.a-slot.com/SHOP/heiwa75.html
2731,ケロット ~スウィートver.~,,山佐,ホームスロット,山佐 パチスロ「ケロット」～スウィートver.～ 中古パチスロ実機,35100,售完,https://home-slot.net/SHOP/s-yamasa56.html
2731,ケロット ~スウィートver.~,,山佐,A-SLOT,山佐 パチスロ「ケロット」～スウィートver.～ 中古パチスロ実機 [4ch対応],45100,售完,https://www.a-slot.com/SHOP/yamasa56.html
2736,サボハニ バンバンクロス,,,ホームスロット,サボハニ バンバンクロス 中古パチスロ実機,41500,售完,https://home-slot.net/SHOP/s-sabohani200.html
2736,サボハニ バンバンクロス,,,A-SLOT,【お取り寄せ商品】サボハニ バンバンクロス 中古パチスロ実機 [8ch対応],51500,有貨,https://www.a-slot.com/SHOP/sabohani200.html
2741,シークレットハイビスカス,,パイオニア,ホームスロット,パイオニア シークレットハイビスカス 中古パチスロ実機,35100,有貨,https://home-slot.net/SHOP/s-pioneer47.html
2741,シークレットハイビスカス,,パイオニア,A-SLOT,パイオニア シークレットハイビスカス 中古パチスロ実機 [4ch対応],45100,有貨,https://www.a-slot.com/SHOP/pioneer47.html
2744,ジェイビー マクロスデルタ,,,ホームスロット,ジェイビー パチスロ マクロスデルタ 中古パチスロ実機,54100,有貨,https://home-slot.net/SHOP/s-sankyo213.html
2744,ジェイビー マクロスデルタ,,,A-SLOT,ジェイビー パチスロ マクロスデルタ 中古パチスロ実機 [4ch対応],64100,有貨,https://www.a-slot.com/SHOP/s-sankyo213.html
2745,スター 2027リヴァイズ,,,ホームスロット,スター 2027リヴァイズ 中古パチスロ実機,74900,售完,https://home-slot.net/SHOP/s-star2.html
2745,スター 2027リヴァイズ,,,A-SLOT,スター 2027リヴァイズ 中古パチスロ実機 [4ch対応],84900,售完,https://www.a-slot.com/SHOP/star2.html
2746,スーパービンゴネオS2 30,,ベルコ,ホームスロット,ベルコ スーパービンゴネオS2-30 中古パチスロ実機,68500,售完,https://home-slot.net/SHOP/s-bellco9.html
2746,スーパービンゴネオS2 30,,ベルコ,A-SLOT,ベルコ スーパービンゴネオS2-30 中古パチスロ実機 [4ch対応],78500,售完,https://www.a-slot.com/SHOP/bellco9.html
2748,スーパー海物語IN沖縄30,,SANYO,A-SLOT,SANYO パチスロスーパー海物語IN沖縄30 中古パチスロ実機 [4ch対応],31342,售完,https://www.a-slot.com/SHOP/sanyo6.html
2748,スーパー海物語IN沖縄30,,SANYO,ホームスロット,SANYO パチスロスーパー海物語IN沖縄30 中古パチスロ実機,44375,售完,https://home-slot.net/SHOP/s-sanyo6.html
2749,タイヨーエレック ガメラ2,,,ホームスロット,タイヨーエレック パチスロ ガメラ2 中古パチスロ実機 [8ch対応],46500,有貨,https://home-slot.net/SHOP/s-taiyo_elec208.html
2749,タイヨーエレック ガメラ2,,,A-SLOT,タイヨーエレック パチスロ ガメラ2 中古パチスロ実機 [8ch対応][まるごと配送限定],56500,有貨,https://www.a-slot.com/SHOP/s-taiyo_elec208.html
2750,タイヨーエレック ドカベン,,,ホームスロット,タイヨーエレック ドカベン 中古パチスロ実機,37700,售完,https://home-slot.net/SHOP/s-taiyo_elec19.html
2750,タイヨーエレック ドカベン,,,A-SLOT,タイヨーエレック ドカベン 中古パチスロ実機 [4ch対応],47700,售完,https://www.a-slot.com/SHOP/taiyo_elec19.html
2751,タイヨーエレック 銀と金2,,,ホームスロット,タイヨーエレック パチスロ銀と金2 中古パチスロ実機,54100,售完,https://home-slot.net/SHOP/s-taiyo_elec27.html
2751,タイヨーエレック 銀と金2,,,A-SLOT,タイヨーエレック パチスロ銀と金2 中古パチスロ実機 [4ch対応],64100,售完,https://www.a-slot.com/SHOP/taiyo_elec27.html
2752,タイヨー コクッチーブラック,,,ホームスロット,タイヨー コクッチーブラック 中古パチスロ実機,41500,售完,https://home-slot.net/SHOP/s-taiyo23.html
2752,タイヨー コクッチーブラック,,,A-SLOT,タイヨー コクッチーブラック 中古パチスロ実機 [4ch対応],51500,售完,https://www.a-slot.com/SHOP/taiyo23.html
2753,タイヨー コクッチーマスターズ,,,ホームスロット,タイヨー コクッチーマスターズ 中古パチスロ実機,93600,售完,https://home-slot.net/SHOP/s-taiyo22.html
2753,タイヨー コクッチーマスターズ,,,A-SLOT,タイヨー コクッチーマスターズ 中古パチスロ実機 [4ch対応],103600,售完,https://www.a-slot.com/SHOP/taiyo22.html
2754,タイヨー スーパー花浪漫2 30,,,A-SLOT,タイヨー スーパー花浪漫2－30 中古パチスロ実機 [4ch対応],36566,售完,https://www.a-slot.com/SHOP/taiyo14.html
2754,タイヨー スーパー花浪漫2 30,,,ホームスロット,タイヨー スーパー花浪漫2－30 中古パチスロ実機,48684,售完,https://home-slot.net/SHOP/s-taiyo14.html
2755,タイヨー ハイサイ蝶特急2,,,ホームスロット,タイヨー ハイサイ蝶特急2 中古パチスロ実機,68500,售完,https://home-slot.net/SHOP/s-taiyo13.html
2755,タイヨー ハイサイ蝶特急2,,,A-SLOT,タイヨー ハイサイ蝶特急2 中古パチスロ実機 [4ch対応],78500,售完,https://www.a-slot.com/SHOP/taiyo13.html
2756,タイヨー 一騎当千BB外伝,,,A-SLOT,タイヨー 一騎当千BB外伝 中古パチスロ実機 [4ch対応],29967,售完,https://www.a-slot.com/SHOP/taiyo8.html
2756,タイヨー 一騎当千BB外伝,,,ホームスロット,タイヨー 一騎当千BB外伝 中古パチスロ実機,40250,售完,https://home-slot.net/SHOP/s-taiyo8.html
2757,タイヨー 続回胴のジャンゴ,,,ホームスロット,タイヨー 続回胴のジャンゴ 中古パチスロ実機,35100,售完,https://home-slot.net/SHOP/s-taiyo16.html
2757,タイヨー 続回胴のジャンゴ,,,A-SLOT,タイヨー 続回胴のジャンゴ 中古パチスロ実機 [4ch対応],45100,售完,https://www.a-slot.com/SHOP/taiyo16.html
2759,ダーリン イン ザ フランキス,スマスロ,スパイキー,ホームスロット,スパイキー L ダーリン・イン・ザ・フランキス 中古パチスロ実機 [スマスロ][4ch対応][まるごと配送限定],50100,有貨,https://home-slot.net/SHOP/s-spyki211.html
2759,ダーリン イン ザ フランキス,スマスロ,スパイキー,A-SLOT,スパイキー L ダーリン・イン・ザ・フランキス 中古パチスロ実機 [スマスロ][4ch対応][まるごと配送限定],60100,有貨,https://www.a-slot.com/SHOP/s-spyki211.html
2760,テイルズ オブ デスティニー,,北電子,ホームスロット,北電子 パチスロ テイルズ オブ デスティニー 中古パチスロ実機,41500,售完,https://home-slot.net/SHOP/s-kitadenshi62.html
2760,テイルズ オブ デスティニー,,北電子,A-SLOT,北電子 パチスロ テイルズ オブ デスティニー 中古パチスロ実機 [4ch対応],51500,售完,https://www.a-slot.com/SHOP/kitadenshi62.html
2762,ディ ライト ギルティギア,,,ホームスロット,ディ・ライト パチスロギルティギア 中古パチスロ実機,68500,售完,https://home-slot.net/SHOP/s-dlight_4.html
2762,ディ ライト ギルティギア,,,A-SLOT,ディ・ライト パチスロギルティギア 中古パチスロ実機 [4ch対応],78500,售完,https://www.a-slot.com/SHOP/dlight_4.html
2763,ディ ライト 薄桜鬼蒼焔録,,,ホームスロット,ディ・ライト パチスロ薄桜鬼蒼焔録 中古パチスロ実機,49100,售完,https://home-slot.net/SHOP/s-dlight_9.html
2763,ディ ライト 薄桜鬼蒼焔録,,,A-SLOT,【お取り寄せ商品】ディ・ライト パチスロ薄桜鬼蒼焔録 中古パチスロ実機 [4ch対応],59100,有貨,https://www.a-slot.com/SHOP/dlight_9.html
2765,デッドマン ワンダーランド,,北電子,ホームスロット,北電子 パチスロ デッドマン・ワンダーランド 中古パチスロ実機,98500,售完,https://home-slot.net/SHOP/s-kitadenshi75.html
2765,デッドマン ワンダーランド,,北電子,A-SLOT,北電子 パチスロ デッドマン・ワンダーランド 中古パチスロ実機 [4ch対応],108500,售完,https://www.a-slot.com/SHOP/kitadensi75.html
2766,デビルマンII 悪魔復活,,エレコ,ホームスロット,エレコ デビルマンII－悪魔復活－ 中古パチスロ実機,47800,售完,https://home-slot.net/SHOP/s-eleco29.html
2766,デビルマンII 悪魔復活,,エレコ,A-SLOT,エレコ デビルマンII－悪魔復活－ 中古パチスロ実機 [8ch対応],57800,售完,https://www.a-slot.com/SHOP/eleco29.html
2767,デビルメイクライ クロス,,エンターライズ,ホームスロット,エンターライズ デビルメイクライ クロス 中古パチスロ実機,35100,售完,https://home-slot.net/SHOP/s-enta14.html
2767,デビルメイクライ クロス,,エンターライズ,A-SLOT,【お取り寄せ商品】エンターライズ デビルメイクライ クロス 中古パチスロ実機 [4ch対応],45100,有貨,https://www.a-slot.com/SHOP/enta14.html
2768,デュエルドラゴンプラス,,メーシー,ホームスロット,メーシー デュエルドラゴンプラス 中古パチスロ実機,47800,有貨,https://home-slot.net/SHOP/s-mizuho-macy201.html
2768,デュエルドラゴンプラス,,メーシー,A-SLOT,ミズホ デュエルドラゴンプラス 中古パチスロ実機 [8ch対応],57800,有貨,https://www.a-slot.com/SHOP/mizuho-macy201.html
2769,トラッドサンダーブラック,,岡崎産業,ホームスロット,岡崎産業 トラッドサンダーブラック 中古パチスロ実機,68500,售完,https://home-slot.net/SHOP/s-okazaki14.html
2769,トラッドサンダーブラック,,岡崎産業,A-SLOT,岡崎産業 トラッドサンダーブラック 中古パチスロ実機 [4ch対応],78500,售完,https://www.a-slot.com/SHOP/okazaki14.html
2772,ニューハナハナゴールド 30,,パイオニア,ホームスロット,パイオニア ニューハナハナゴールド-30 中古パチスロ実機,54100,有貨,https://home-slot.net/SHOP/s-pioneer208.html
2772,ニューハナハナゴールド 30,,パイオニア,A-SLOT,パイオニア ニューハナハナゴールド-30 中古パチスロ実機,64100,有貨,https://www.a-slot.com/SHOP/pioneer208.html
2773,ニューパルサーR 2ch対応,4号機,山佐,A-SLOT,【4号機】山佐 ニューパルサーT 中古パチスロ実機 [2ch対応],32220,售完,https://www.a-slot.com/SHOP/yamasa211.html
2773,ニューパルサーR 2ch対応,4号機,山佐,A-SLOT,【4号機】山佐 ニューパルサーR 中古パチスロ実機 [2ch対応],32717,售完,https://www.a-slot.com/SHOP/yamasa89.html
2775,ネオアイムジャグラーEX,,北電子,ホームスロット,北電子 ネオアイムジャグラーEX 中古パチスロ実機,2198900,有貨,https://home-slot.net/SHOP/s-kitadenshi220.html
2775,ネオアイムジャグラーEX,,北電子,A-SLOT,北電子 ネオアイムジャグラーEX 中古パチスロ実機,2208900,有貨,https://www.a-slot.com/SHOP/s-kitadenshi220.html
2780,バルテック お庭deドン!.,,,ホームスロット,バルテック お庭deドン!. 中古パチスロ実機,35100,售完,https://home-slot.net/SHOP/s-baltec6.html
2780,バルテック お庭deドン!.,,,A-SLOT,バルテック お庭deドン!. 中古パチスロ実機 [4ch対応],45100,售完,https://www.a-slot.com/SHOP/baltec6.html
2781,バルテック 一騎当千XX,,,ホームスロット,バルテック 一騎当千XX 中古パチスロ実機,36583,售完,https://home-slot.net/SHOP/s-baltec5.html
2781,バルテック 一騎当千XX,,,A-SLOT,バルテック 一騎当千XX 中古パチスロ実機 [4ch対応],59500,售完,https://www.a-slot.com/SHOP/baltec5.html
2782,バルテック 金のかぼちゃ,,,ホームスロット,バルテック パチスロ金のかぼちゃ 中古パチスロ実機,47800,售完,https://home-slot.net/SHOP/s-baltec207.html
2782,バルテック 金のかぼちゃ,,,A-SLOT,バルテック パチスロ金のかぼちゃ 中古パチスロ実機,57800,售完,https://www.a-slot.com/SHOP/s-baltec207.html
2792,ブロス タロットエンペラー,,ユニバーサル,ホームスロット,ユニバーサルブロス タロットエンペラー 中古パチスロ実機,37700,有貨,https://home-slot.net/SHOP/s-univerasal16.html
2792,ブロス タロットエンペラー,,ユニバーサル,A-SLOT,ユニバーサルブロス タロットエンペラー 中古パチスロ実機 [8ch対応],47700,有貨,https://www.a-slot.com/SHOP/univerasal16.html
2793,ブロス ファミスタ回胴版!!,,ユニバーサル,ホームスロット,ユニバーサルブロス ファミスタ回胴版!! 中古パチスロ実機 [8ch対応],40100,有貨,https://home-slot.net/SHOP/s-univerasal202.html
2793,ブロス ファミスタ回胴版!!,,ユニバーサル,A-SLOT,ユニバーサルブロス ファミスタ回胴版!! 中古パチスロ実機 [8ch対応][まるごと配送限定],50100,有貨,https://www.a-slot.com/SHOP/s-univerasal202.html
2794,ブロス 沖ドキ!トロピカル,,ユニバーサル,ホームスロット,ユニバーサルブロス 沖ドキ！トロピカル 中古パチスロ実機,35100,有貨,https://home-slot.net/SHOP/s-univerasal11.html
2794,ブロス 沖ドキ!トロピカル,,ユニバーサル,A-SLOT,ユニバーサルブロス 沖ドキ！トロピカル 中古パチスロ実機 [8ch対応],45100,有貨,https://www.a-slot.com/SHOP/univerasal11.html
2795,プレミアムハナハナ 30,,パイオニア,ホームスロット,パイオニア プレミアムハナハナ-30 中古パチスロ実機,59200,售完,https://home-slot.net/SHOP/s-pioneer203.html
2795,プレミアムハナハナ 30,,パイオニア,A-SLOT,パイオニア プレミアムハナハナ-30 中古パチスロ実機 [4ch対応],69200,售完,https://www.a-slot.com/SHOP/pioneer203.html
2799,マクロスフロンティア3,,SANKYO,ホームスロット,SANKYO パチスロ マクロスフロンティア3 中古パチスロ実機,41500,有貨,https://home-slot.net/SHOP/s-sankyo95.html
2799,マクロスフロンティア3,,SANKYO,A-SLOT,SANKYO パチスロ マクロスフロンティア3 中古パチスロ実機 [4ch対応],51500,有貨,https://www.a-slot.com/SHOP/sankyo95.html
2800,マクロスフロンティア4,スマスロ,SANKYO,ホームスロット,SANKYO Lパチスロ マクロスフロンティア4 中古パチスロ実機 [スマスロ] [4ch対応],74900,有貨,https://home-slot.net/SHOP/s-sankyo221.html
2800,マクロスフロンティア4,スマスロ,SANKYO,A-SLOT,SANKYO Lパチスロ マクロスフロンティア4 中古パチスロ実機 [スマスロ] [4ch対応],84900,有貨,https://www.a-slot.com/SHOP/s-sankyo221.html
2806,ミリオンゴッド~神々の系譜~,,ミズホ,ホームスロット,ミズホ ミリオンゴッド～神々の系譜～ 中古パチスロ実機,98500,有貨,https://home-slot.net/SHOP/s-mizuho-macy26.html
2806,ミリオンゴッド~神々の系譜~,,ミズホ,A-SLOT,ミズホ ミリオンゴッド～神々の系譜～ 中古パチスロ実機 [4ch対応],108500,有貨,https://www.a-slot.com/SHOP/mizuho-macy26.html
2807,ミリオンゴッド‐神々の軌跡‐,スマスロ,ミズホ,ホームスロット,ミズホ スマスロ ミリオンゴッド‐神々の軌跡‐ 中古パチスロ実機 [スマスロ][8ch対応],1273900,有貨,https://home-slot.net/SHOP/s-mizuho-macy229.html
2807,ミリオンゴッド‐神々の軌跡‐,スマスロ,ミズホ,A-SLOT,ミズホ スマスロ ミリオンゴッド‐神々の軌跡‐ 中古パチスロ実機 [スマスロ][8ch対応],1283900,有貨,https://www.a-slot.com/SHOP/s-mizuho-macy229.html
2808,モンキーターンV 連旋パネル,スマスロ,山佐,ホームスロット,山佐 スマスロモンキーターンV [連旋パネル] 中古パチスロ実機 [スマスロ],204800,售完,https://home-slot.net/SHOP/s-yamasa245.html
2808,モンキーターンV 連旋パネル,スマスロ,山佐,A-SLOT,山佐 スマスロモンキーターンV [連旋パネル] 中古パチスロ実機 [スマスロ] [4ch対応],214800,售完,https://www.a-slot.com/SHOP/s-yamasa245.html
2810,モンキーターン メインパネル,,山佐,ホームスロット,山佐 パチスロ「モンキーターン」 メインパネル 中古パチスロ実機,98500,售完,https://home-slot.net/SHOP/s-yamasa63.html
2810,モンキーターン メインパネル,,山佐,A-SLOT,山佐 パチスロ「モンキーターン」 メインパネル 中古パチスロ実機 [4ch対応],108500,售完,https://www.a-slot.com/SHOP/yamasa63.html
2811,モンスターハンター 月下雷鳴,,エンターライズ,ホームスロット,エンターライズ パチスロ モンスターハンター 月下雷鳴 中古パチスロ実機,104800,有貨,https://home-slot.net/SHOP/s-enta9.html
2811,モンスターハンター 月下雷鳴,,エンターライズ,A-SLOT,エンターライズ パチスロ モンスターハンター 月下雷鳴 中古パチスロ実機 [4ch対応],114800,有貨,https://www.a-slot.com/SHOP/enta9.html
2812,モンスターハンター~狂竜戦線~,,エンターライズ,ホームスロット,エンターライズ パチスロ モンスターハンター～狂竜戦線～ 中古パチスロ実機,35100,有貨,https://home-slot.net/SHOP/s-enta15.html
2812,モンスターハンター~狂竜戦線~,,エンターライズ,A-SLOT,エンターライズ パチスロ モンスターハンター～狂竜戦線～ 中古パチスロ実機 [4ch対応],45100,有貨,https://www.a-slot.com/SHOP/enta15.html
2813,ヤーマ LBジャックポット,スマスロ,,ホームスロット,ヤーマ LBジャックポット 中古パチスロ実機 [スマスロ] [8ch対応],309100,售完,https://home-slot.net/SHOP/s-yama204.html
2813,ヤーマ LBジャックポット,スマスロ,,A-SLOT,【お取り寄せ商品】ヤーマ LBジャックポット 中古パチスロ実機 [スマスロ] [8ch対応],319100,有貨,https://www.a-slot.com/SHOP/s-yama204.html
2814,ルパン三世 イタリアの夢,,平和,ホームスロット,平和 ルパン三世 イタリアの夢 中古パチスロ実機,83500,有貨,https://home-slot.net/SHOP/s-heiwa208.html
2814,ルパン三世 イタリアの夢,,平和,A-SLOT,平和 ルパン三世 イタリアの夢 中古パチスロ実機 [8ch対応],93500,有貨,https://www.a-slot.com/SHOP/heiwa208.html
2823,化物語 始マリノ刻パネル,,Sammy,ホームスロット,サミー パチスロ化物語 始マリノ刻パネル 中古パチスロ実機,88500,售完,https://home-slot.net/SHOP/s-sammy105.html
2823,化物語 始マリノ刻パネル,,Sammy,A-SLOT,サミー パチスロ化物語 始マリノ刻パネル 中古パチスロ実機 [4ch対応],98500,有貨,https://www.a-slot.com/SHOP/sammy105.html
2826,南国物語SPECIAL,,オリンピア,ホームスロット,オリンピア 南国物語SPECIAL 中古パチスロ実機,89800,售完,https://home-slot.net/SHOP/s-heiwa133.html
2826,南国物語SPECIAL,,オリンピア,A-SLOT,オリンピア 南国物語SPECIAL 中古パチスロ実機 [8ch対応],99800,售完,https://www.a-slot.com/SHOP/heiwa133.html
2829,南国育ちスペシャル30,,オリンピア,ホームスロット,オリンピア 南国育ちスペシャル30 中古パチスロ実機,43458,售完,https://home-slot.net/SHOP/s-heiwa61.html
2829,南国育ちスペシャル30,,オリンピア,A-SLOT,オリンピア 南国育ちスペシャル30 中古パチスロ実機 [4ch対応],53820,售完,https://www.a-slot.com/SHOP/heiwa61.html
2831,大東音響 ザンガスSP1,4号機,,A-SLOT,【4号機】大東音響 ザンガスSP1 中古パチスロ実機,40500,售完,https://www.a-slot.com/SHOP/daitoonkyo_zangassp1_kasugai.html
2831,大東音響 ザンガスSP1,4号機,,A-SLOT,【4号機】大東音響 ザンガス1 中古パチスロ実機,61200,售完,https://www.a-slot.com/SHOP/daitoonkyo_zangus1_kasugai.html
2833,宇宙戦艦ヤマト2199,,Sammy,ホームスロット,サミー パチスロ宇宙戦艦ヤマト2199 中古パチスロ実機,35100,售完,https://home-slot.net/SHOP/s-sammy129.html
2833,宇宙戦艦ヤマト2199,,Sammy,A-SLOT,【お取り寄せ商品】サミー パチスロ宇宙戦艦ヤマト2199 中古パチスロ実機 [4ch対応],45100,有貨,https://www.a-slot.com/SHOP/sammy129.html
2834,対魔導学園35試験小隊,,平和,ホームスロット,平和 対魔導学園35試験小隊 中古パチスロ実機,41500,售完,https://home-slot.net/SHOP/s-heiwa210.html
2834,対魔導学園35試験小隊,,平和,A-SLOT,平和 対魔導学園35試験小隊 中古パチスロ実機,51500,有貨,https://www.a-slot.com/SHOP/heiwa210.html
2835,必勝金閣寺物語~古都絢爛~,,高砂,A-SLOT,高砂 必勝金閣寺物語～古都絢爛～ 中古パチスロ実機 [4ch対応],77175,售完,https://www.a-slot.com/SHOP/takasago2.html
2835,必勝金閣寺物語~古都絢爛~,,高砂,ホームスロット,高砂 必勝金閣寺物語～古都絢爛～ 中古パチスロ実機,90208,售完,https://home-slot.net/SHOP/s-takasago2.html
2837,押忍!番長3 メインパネル,,大都技研,ホームスロット,大都技研 押忍！番長3 メインパネル 中古パチスロ実機,54100,有貨,https://home-slot.net/SHOP/s-daitogiken61.html
2837,押忍!番長3 メインパネル,,大都技研,A-SLOT,大都技研 押忍！番長3 メインパネル 中古パチスロ実機 [8ch対応],64100,有貨,https://www.a-slot.com/SHOP/daitogiken61.html
2842,旋風の用心棒~胡蝶の記憶,,ロデオ,ホームスロット,ロデオ 旋風の用心棒～胡蝶の記憶 中古パチスロ実機,68500,售完,https://home-slot.net/SHOP/s-rodeo35.html
2842,旋風の用心棒~胡蝶の記憶,,ロデオ,A-SLOT,ロデオ 旋風の用心棒～胡蝶の記憶 中古パチスロ実機 [4ch対応],78500,售完,https://www.a-slot.com/SHOP/rodeo35.html
2844,燃えよ!功夫淑女ドラゴン,,山佐,ホームスロット,山佐 燃えよ！功夫淑女ドラゴン 中古パチスロ実機,47800,售完,https://home-slot.net/SHOP/s-yamasa134.html
2844,燃えよ!功夫淑女ドラゴン,,山佐,A-SLOT,山佐 燃えよ！功夫淑女ドラゴン 中古パチスロ実機 [4ch対応],57800,售完,https://www.a-slot.com/SHOP/yamasa134.html
2845,百花繚乱 サムライガールズ,,エンターライズ,ホームスロット,エンターライズ パチスロ 百花繚乱 サムライガールズ 中古パチスロ実機,35100,售完,https://home-slot.net/SHOP/s-enta205.html
2845,百花繚乱 サムライガールズ,,エンターライズ,A-SLOT,【お取り寄せ商品】エンターライズ パチスロ 百花繚乱 サムライガールズ 中古パチスロ実機 [8ch対応],45100,有貨,https://www.a-slot.com/SHOP/enta205.html
2848,秘宝伝~太陽を求める者達~,,大都技研,ホームスロット,大都技研 秘宝伝～太陽を求める者達～ 中古パチスロ実機,54100,售完,https://home-slot.net/SHOP/s-daitogiken44.html
2848,秘宝伝~太陽を求める者達~,,大都技研,A-SLOT,【お取り寄せ商品】大都技研 秘宝伝～太陽を求める者達～ 中古パチスロ実機 [4ch対応],64100,有貨,https://www.a-slot.com/SHOP/daitogiken44.html
2853,西陣 CRキカイダー01 F,,,ホームスロット,西陣 CRキカイダー01 Z 中古パチンコ実機,52158,售完,https://home-slot.net/SHOP/p-nishijinn5.html
2853,西陣 CRキカイダー01 F,,,ホームスロット,西陣 CRキカイダー01 F 中古パチンコ実機,69968,售完,https://home-slot.net/SHOP/p-nishijinn7.html
2859,西陣 おばけらんど怪XA,P,,ホームスロット,西陣 Pおばけらんど怪ZA 中古パチンコ実機,59000,有貨,https://home-slot.net/SHOP/p-nishijinn228.html
2859,西陣 おばけらんど怪XA,P,,ホームスロット,西陣 Pおばけらんど怪XA 中古パチンコ実機,65300,售完,https://home-slot.net/SHOP/p-nishijinn227.html
2860,西陣 モモキュンソードDX,S,,ホームスロット,西陣 SモモキュンソードDX 中古パチスロ実機,47800,售完,https://home-slot.net/SHOP/s-nisijin201.html
2860,西陣 モモキュンソードDX,S,,A-SLOT,【お取り寄せ商品】西陣 SモモキュンソードDX 中古パチスロ実機,57800,有貨,https://www.a-slot.com/SHOP/s-nisijin201.html
2861,西陣 モモキュンソード閃撃,P,,ホームスロット,西陣 Pモモキュンソード 中古パチンコ実機 [枠名：戦舞 モモキュンソードＭＣ] [4ch対応],52600,有貨,https://home-slot.net/SHOP/p-nishijinn240.html
2861,西陣 モモキュンソード閃撃,P,,ホームスロット,西陣 Pモモキュンソード閃撃 中古パチンコ実機 [枠名：戦舞 モモキュンソード閃撃] [4ch対応],57600,有貨,https://home-slot.net/SHOP/p-nishijinn251.html
2869,銀座 北斗の拳 転生の章2,スマスロ,,ホームスロット,銀座 スマスロ 北斗の拳 転生の章2 中古パチスロ実機 [スマスロ][8ch対応][まるごと配送限定],162400,有貨,https://home-slot.net/SHOP/s-ginza214.html
2869,銀座 北斗の拳 転生の章2,スマスロ,,A-SLOT,銀座 スマスロ 北斗の拳 転生の章2 中古パチスロ実機 [スマスロ][8ch対応][まるごと配送限定],172400,有貨,https://www.a-slot.com/SHOP/s-ginza214.html
2870,銀座 回胴黙示録カイジ3,,,ホームスロット,銀座 回胴黙示録カイジ3 中古パチスロ実機,83500,售完,https://home-slot.net/SHOP/s-rodeo47.html
2870,銀座 回胴黙示録カイジ3,,,A-SLOT,銀座 回胴黙示録カイジ3 中古パチスロ実機 [4ch対応],93500,售完,https://www.a-slot.com/SHOP/rodeo47.html
2871,銀座 回胴黙示録カイジ~沼~,,,ホームスロット,銀座 回胴黙示録カイジ～沼～ 中古パチスロ実機,41500,售完,https://home-slot.net/SHOP/s-ginza206.html
2871,銀座 回胴黙示録カイジ~沼~,,,A-SLOT,【お取り寄せ商品】銀座 回胴黙示録カイジ～沼～ 中古パチスロ実機,51500,有貨,https://www.a-slot.com/SHOP/ginza206.html
2872,革命機ヴァルヴレイヴ2,スマスロ,SANKYO,ホームスロット,SANKYO Lパチスロ 革命機ヴァルヴレイヴ2 中古パチスロ実機 [スマスロ] [4ch対応],59500,有貨,https://home-slot.net/SHOP/s-sankyo232.html
2872,革命機ヴァルヴレイヴ2,スマスロ,SANKYO,A-SLOT,SANKYO Lパチスロ 革命機ヴァルヴレイヴ2 中古パチスロ実機 [スマスロ] [4ch対応],71500,有貨,https://www.a-slot.com/SHOP/s-sankyo232.html
2876,高尾 CR一騎当千SS砕,,,ホームスロット,高尾 CR一騎当千SS覇 枠色不問 中古パチンコ実機,49371,售完,https://home-slot.net/SHOP/p-takao37.html
2876,高尾 CR一騎当千SS砕,,,ホームスロット,高尾 CR一騎当千SS砕 【枠色不問】 中古パチンコ実機,107300,售完,https://home-slot.net/SHOP/p-takao17.html
2879,魁!!男塾 天挑五輪大武會編,,ロデオ,ホームスロット,ロデオ 魁!!男塾 天挑五輪大武會編 中古パチスロ実機,68500,售完,https://home-slot.net/SHOP/s-rodeo45.html
2879,魁!!男塾 天挑五輪大武會編,,ロデオ,A-SLOT,ロデオ 魁!!男塾 天挑五輪大武會編 中古パチスロ実機 [4ch対応],78500,售完,https://www.a-slot.com/SHOP/rodeo45.html
2881,魔法少女リリカルなのは,,SANYO,ホームスロット,SANYO パチスロ魔法少女リリカルなのは 中古パチスロ実機,68500,售完,https://home-slot.net/SHOP/s-sanyo22.html
2881,魔法少女リリカルなのは,,SANYO,A-SLOT,SANYO パチスロ魔法少女リリカルなのは 中古パチスロ実機 [4ch対応],78500,售完,https://www.a-slot.com/SHOP/sanyo22.html
2883,3号機 スーパープラネット,,山佐,A-SLOT,【3号機】山佐 スーパープラネット 中古パチスロ実機,58500,售完,https://www.a-slot.com/SHOP/yamasa19.html
2883,3号機 スーパープラネット,,山佐,ホームスロット,【3号機】山佐 スーパープラネット 中古パチスロ実機,71876,售完,https://home-slot.net/SHOP/s-yamasa19.html
2885,A SLOT 北斗の拳 将,,Sammy,ホームスロット,サミー A-SLOT 北斗の拳 将 中古パチスロ実機,41500,有貨,https://home-slot.net/SHOP/s-sammy123.html
2885,A SLOT 北斗の拳 将,,Sammy,A-SLOT,サミー A-SLOT 北斗の拳 将 中古パチスロ実機 [4ch対応],51500,有貨,https://www.a-slot.com/SHOP/sammy123.html
2890,CRくのいち 彩FPS,,藤商事,ホームスロット,藤商事 CRくのいち 彩FPS 中古パチンコ実機 [枠名：シャイニングウォール] [4ch対応],52600,售完,https://home-slot.net/SHOP/p-fuji110.html
2890,CRくのいち 彩FPS,,藤商事,ホームスロット,藤商事 CRくのいち 彩FPW 中古パチンコ実機 [枠名：シャイニングウォール] [4ch対応],52600,售完,https://home-slot.net/SHOP/p-fuji109.html
2902,CR地獄少女 弐FPL,,藤商事,ホームスロット,藤商事 CR地獄少女FPL 枠色不問 中古パチンコ実機 [枠名：クリスタルファイヤー] [4ch対応],42444,售完,https://home-slot.net/SHOP/p-fuji53.html
2902,CR地獄少女 弐FPL,,藤商事,ホームスロット,藤商事 CR地獄少女 弐FPL 中古パチンコ実機 [枠名：エアーキャノン] [8ch対応],92400,售完,https://home-slot.net/SHOP/p-fuji114.html
2913,CR花の慶次~愛H‐VG,,ニューギン,ホームスロット,ニューギン CR花の慶次～愛H‐VG 中古パチンコ実機,116000,售完,https://home-slot.net/SHOP/p-newgin45.html
2913,CR花の慶次~愛H‐VG,,ニューギン,ホームスロット,ニューギン CR花の慶次～愛H‐V 中古パチンコ実機,116000,售完,https://home-slot.net/SHOP/p-newgin44.html
2914,CR花の慶次~斬N2 V,,ニューギン,ホームスロット,ニューギン CR花の慶次～斬N2－V 枠色不問 中古パチンコ実機,36741,售完,https://home-slot.net/SHOP/p-newgin66.html
2914,CR花の慶次~斬N2 V,,ニューギン,ホームスロット,ニューギン CR花の慶次～漢N2－V 中古パチンコ実機,59600,售完,https://home-slot.net/SHOP/p-newgin101.html
2915,CR花の慶次~焔L KX,,ニューギン,ホームスロット,ニューギン CR花の慶次～焔L－K 中古パチンコ実機,39287,售完,https://home-slot.net/SHOP/p-newgin80.html
2915,CR花の慶次~焔L KX,,ニューギン,ホームスロット,ニューギン CR花の慶次～焔L－KX 中古パチンコ実機,52600,售完,https://home-slot.net/SHOP/p-newgin81.html
2917,CR逃亡者おりん FV,,Sammy,ホームスロット,サミー CR逃亡者おりん MV 中古パチンコ実機 [枠名：焔（ホムラ）] [4ch対応],38269,售完,https://home-slot.net/SHOP/p-sammy4.html
2917,CR逃亡者おりん FV,,Sammy,ホームスロット,サミー CR逃亡者おりん FV 中古パチンコ実機 [枠名：焔（ホムラ）] [4ch対応],41935,售完,https://home-slot.net/SHOP/p-sammy10.html
2922,EXCITE 未来日記,,,ホームスロット,EXCITE パチスロ未来日記 中古パチスロ実機,54100,售完,https://home-slot.net/SHOP/s-excite17.html
2922,EXCITE 未来日記,,,A-SLOT,EXCITE パチスロ未来日記 中古パチスロ実機 [4ch対応],64100,售完,https://www.a-slot.com/SHOP/excite17.html
2923,FAIRY TAIL2,,藤商事,ホームスロット,藤商事 パチスロ FAIRY TAIL2 中古パチスロ実機,41500,售完,https://home-slot.net/SHOP/s-fuji205.html
2923,FAIRY TAIL2,,藤商事,A-SLOT,【お取り寄せ商品】藤商事 パチスロ FAIRY TAIL2 中古パチスロ実機 [4ch対応],51500,有貨,https://www.a-slot.com/SHOP/s-fuji205.html
2924,HEY!鏡 ガールズパネル,,大都技研,ホームスロット,大都技研 HEY!鏡 ガールズパネル 中古パチスロ実機,43500,有貨,https://home-slot.net/SHOP/s-daitogiken201_girls.html
2924,HEY!鏡 ガールズパネル,,大都技研,A-SLOT,大都技研 HEY!鏡 ガールズパネル 中古パチスロ実機 [8ch対応],53500,有貨,https://www.a-slot.com/SHOP/daitogiken201_girls.html
2926,JIN メイドルナイト,,,ホームスロット,JIN メイドルナイト 中古パチスロ実機,68500,售完,https://home-slot.net/SHOP/s-jin_2.html
2926,JIN メイドルナイト,,,A-SLOT,JIN メイドルナイト 中古パチスロ実機 [4ch対応],78500,售完,https://www.a-slot.com/SHOP/jin_2.html
2927,JPS S2027DB,,,ホームスロット,JPS S2027DB 中古パチスロ実機,54100,有貨,https://home-slot.net/SHOP/s-jps214.html
2927,JPS S2027DB,,,A-SLOT,JPS S2027DB 中古パチスロ実機 [8ch対応],64100,有貨,https://www.a-slot.com/SHOP/s-jps214.html
2930,JPS ドリームジャンボ,,,ホームスロット,JPS ドリームジャンボ 中古パチスロ実機,41500,售完,https://home-slot.net/SHOP/s-jps28.html
2930,JPS ドリームジャンボ,,,A-SLOT,JPS ドリームジャンボ 中古パチスロ実機 [4ch対応],51500,售完,https://www.a-slot.com/SHOP/jps28.html
2931,KPE GI優駿倶楽部,,,ホームスロット,KPE GI優駿倶楽部 中古パチスロ実機,42700,有貨,https://home-slot.net/SHOP/s-kpe57.html
2931,KPE GI優駿倶楽部,,,A-SLOT,KPE GI優駿倶楽部 中古パチスロ実機 [8ch対応],52700,有貨,https://www.a-slot.com/SHOP/kpe57.html
2932,KPE グラディウス ザ,,,ホームスロット,KPE グラディウス ザ・スロット 中古パチスロ実機,35100,售完,https://home-slot.net/SHOP/s-kpe30.html
2932,KPE グラディウス ザ,,,A-SLOT,KPE グラディウス ザ・スロット 中古パチスロ実機 [4ch対応],45100,售完,https://www.a-slot.com/SHOP/kpe30.html
2933,KPE スパイガール2 M,,,A-SLOT,KPE スパイガール2 中古パチスロ実機 [4ch対応]M,31892,售完,https://www.a-slot.com/SHOP/kpe37.html
2933,KPE スパイガール2 M,,,ホームスロット,KPE スパイガール2 中古パチスロ実機,44651,售完,https://home-slot.net/SHOP/s-kpe37.html
2934,KPE 戦人~上杉謙信~ A,,,ホームスロット,KPE 戦人～上杉謙信～ 中古パチスロ実機,54100,售完,https://home-slot.net/SHOP/s-kpe39.html
2934,KPE 戦人~上杉謙信~ A,,,A-SLOT,KPE 戦人～上杉謙信～ 中古パチスロ実機 [4ch対応]A,64100,售完,https://www.a-slot.com/SHOP/kpe39.html
2935,KPE 爆音伝説サクラ,,,A-SLOT,KPE 爆音伝説サクラ 中古パチスロ実機 [8ch対応],34549,售完,https://www.a-slot.com/SHOP/kpe23.html
2935,KPE 爆音伝説サクラ,,,ホームスロット,KPE 爆音伝説サクラ 中古パチスロ実機,47584,售完,https://home-slot.net/SHOP/s-kpe23.html
2936,KPE 麻雀格闘倶楽部,,,ホームスロット,KPE 麻雀格闘倶楽部 中古パチスロ実機,37700,售完,https://home-slot.net/SHOP/s-kpe47.html
2936,KPE 麻雀格闘倶楽部,,,A-SLOT,【お取り寄せ商品】KPE 麻雀格闘倶楽部 中古パチスロ実機 [4ch対応],47700,有貨,https://www.a-slot.com/SHOP/kpe47.html
2937,LBトリプルクラウン,スマスロ,岡崎産業,ホームスロット,岡崎産業 LBトリプルクラウン 中古パチスロ実機 [スマスロ] [8ch対応],41500,有貨,https://home-slot.net/SHOP/s-okazaki202.html
2937,LBトリプルクラウン,スマスロ,岡崎産業,A-SLOT,岡崎産業 LBトリプルクラウン 中古パチスロ実機 [スマスロ] [8ch対応],51500,有貨,https://www.a-slot.com/SHOP/s-okazaki202.html
2938,NET スナイパイ71,,,ホームスロット,NET スナイパイ71 中古パチスロ実機,41500,售完,https://home-slot.net/SHOP/s-net204.html
2938,NET スナイパイ71,,,A-SLOT,【お取り寄せ商品】NET スナイパイ71 中古パチスロ実機 [8ch対応],51500,有貨,https://www.a-slot.com/SHOP/net204.html
2939,NET スナイパイ72,,,ホームスロット,NET スナイパイ72 中古パチスロ実機,50300,售完,https://home-slot.net/SHOP/s-net35.html
2939,NET スナイパイ72,,,A-SLOT,NET スナイパイ72 中古パチスロ実機 [4ch対応],60300,售完,https://www.a-slot.com/SHOP/net35.html
2941,NET リオデカーニバル,,,A-SLOT,【4号機】NET リオデカーニバル 中古パチスロ実機 [4ch対応],39775,售完,https://www.a-slot.com/SHOP/net27.html
2941,NET リオデカーニバル,,,ホームスロット,NET リオデカーニバル 中古パチスロ実機,41690,售完,https://home-slot.net/SHOP/s-net27.html
2942,NET ロリクラ☆ほーるど!,,,ホームスロット,NET パチスロ ロリクラ☆ほーるど！ 中古パチスロ実機 [8ch対応][まるごと配送限定],41500,售完,https://home-slot.net/SHOP/s-net208.html
2942,NET ロリクラ☆ほーるど!,,,A-SLOT,NET パチスロ ロリクラ☆ほーるど！ 中古パチスロ実機 [8ch対応][まるごと配送限定],51500,售完,https://www.a-slot.com/SHOP/net208.html
2943,NET 十字架600式,,,A-SLOT,【4号機】NET 十字架600式 中古パチスロ実機 [4ch対応],35820,售完,https://www.a-slot.com/SHOP/net33.html
2943,NET 十字架600式,,,ホームスロット,NET 十字架600式 中古パチスロ実機,46667,售完,https://home-slot.net/SHOP/s-net33.html
2950,PYRAMID EYE,,大都技研,ホームスロット,大都技研 PYRAMID EYE 中古パチスロ実機,35100,售完,https://home-slot.net/SHOP/s-daitogiken206.html
2950,PYRAMID EYE,,大都技研,A-SLOT,大都技研 PYRAMID EYE 中古パチスロ実機 [8ch対応],45100,售完,https://www.a-slot.com/SHOP/daitogiken206.html
2951,SLOTデビルマンX,,エレコ,ホームスロット,エレコ SLOTデビルマンX 中古パチスロ実機,47800,有貨,https://home-slot.net/SHOP/s-eleco76.html
2951,SLOTデビルマンX,,エレコ,A-SLOT,エレコ SLOTデビルマンX 中古パチスロ実機 [8ch対応],57800,有貨,https://www.a-slot.com/SHOP/eleco76.html
2952,SLOTドルアーガの塔,,ミズホ,ホームスロット,ミズホ SLOTドルアーガの塔 中古パチスロ実機 [8ch対応][まるごと配送限定],161100,有貨,https://home-slot.net/SHOP/s-mizuho-macy226.html
2952,SLOTドルアーガの塔,,ミズホ,A-SLOT,ミズホ SLOTドルアーガの塔 中古パチスロ実機 [8ch対応][まるごと配送限定],171100,有貨,https://www.a-slot.com/SHOP/s-mizuho-macy226.html
2954,うしおととら 雷槍一閃,,大一,ホームスロット,大一 パチスロ うしおととら 雷槍一閃 中古パチスロ実機 [8ch対応],40100,售完,https://home-slot.net/SHOP/s-daiichi201.html
2954,うしおととら 雷槍一閃,,大一,A-SLOT,【お取り寄せ商品】大一 パチスロ うしおととら 雷槍一閃 中古パチスロ実機 [8ch対応][まるごと配送限定],50100,有貨,https://www.a-slot.com/SHOP/daiichi201.html
2958,とある魔術の禁書目録,スマスロ,藤商事,ホームスロット,JFJ スマスロとある魔術の禁書目録 中古パチスロ実機 [スマスロ] [4ch対応],68500,售完,https://home-slot.net/SHOP/s-fuji208.html
2958,とある魔術の禁書目録,スマスロ,藤商事,A-SLOT,【お取り寄せ商品】JFJ スマスロとある魔術の禁書目録 中古パチスロ実機 [スマスロ] [4ch対応],78500,有貨,https://www.a-slot.com/SHOP/s-fuji208.html
2960,にゃんこ大戦争 超神速,スマスロ,京楽,ホームスロット,京楽 L にゃんこ大戦争 超神速 中古パチスロ実機 [スマスロ][8ch対応][まるごと配送限定],40100,有貨,https://home-slot.net/SHOP/s-kyoraku210.html
2960,にゃんこ大戦争 超神速,スマスロ,京楽,A-SLOT,京楽 L にゃんこ大戦争 超神速 中古パチスロ実機 [スマスロ][8ch対応][まるごと配送限定],50100,有貨,https://www.a-slot.com/SHOP/s-kyoraku210.html
2962,ぱちスロ テラフォーマーズ,,京楽,ホームスロット,京楽 ぱちスロ テラフォーマーズ 中古パチスロ実機,37700,售完,https://home-slot.net/SHOP/s-kyoraku6.html
2962,ぱちスロ テラフォーマーズ,,京楽,A-SLOT,【お取り寄せ商品】京楽 ぱちスロ テラフォーマーズ 中古パチスロ実機 [4ch対応],47700,有貨,https://www.a-slot.com/SHOP/kyoraku6.html
2964,まじかる☆タルるートくん,,ニューギン,ホームスロット,ニューギン まじかる☆タルるートくん 中古パチスロ実機,35100,售完,https://home-slot.net/SHOP/s-newgin30.html
2964,まじかる☆タルるートくん,,ニューギン,A-SLOT,ニューギン まじかる☆タルるートくん 中古パチスロ実機 [4ch対応],45100,售完,https://www.a-slot.com/SHOP/newgin30.html
2965,めぞん一刻~夏色の風と~,,オリンピア,ホームスロット,オリンピア めぞん一刻～夏色の風と～ 中古パチスロ実機,98500,售完,https://home-slot.net/SHOP/s-heiwa79.html
2965,めぞん一刻~夏色の風と~,,オリンピア,A-SLOT,オリンピア めぞん一刻～夏色の風と～ 中古パチスロ実機 [4ch対応],108500,售完,https://www.a-slot.com/SHOP/heiwa79.html
2966,アイドル 絶対衝激IV,スマスロ,大一,ホームスロット,アイドル(大一） L 絶対衝激IV 中古パチスロ実機 [スマスロ][8ch対応][まるごと配送限定],40100,有貨,https://home-slot.net/SHOP/s-idol204.html
2966,アイドル 絶対衝激IV,スマスロ,大一,A-SLOT,アイドル（大一） L 絶対衝激IV 中古パチスロ実機 [スマスロ][8ch対応][まるごと配送限定],50100,有貨,https://www.a-slot.com/SHOP/s-idol204.html
2967,アイ電子 SOLAR7,,,ホームスロット,アイ電子 SOLAR7 中古パチスロ実機,93600,售完,https://home-slot.net/SHOP/s-aidensi.html
2967,アイ電子 SOLAR7,,,A-SLOT,アイ電子 SOLAR7 中古パチスロ実機 [4ch対応],103600,售完,https://www.a-slot.com/SHOP/aidensi.html
2968,アオハル♪操 A LIVE,,大都技研,ホームスロット,大都技研 アオハル♪操 A-LIVE 中古パチスロ実機,68500,有貨,https://home-slot.net/SHOP/s-daito215.html
2968,アオハル♪操 A LIVE,,大都技研,A-SLOT,大都技研 アオハル♪操 A-LIVE 中古パチスロ実機 [8ch対応],78500,有貨,https://www.a-slot.com/SHOP/s-daito215.html
2969,アクエリオンEVOL,,SANKYO,ホームスロット,SANKYO パチスロ アクエリオンEVOL 中古パチスロ実機,35100,售完,https://home-slot.net/SHOP/s-sankyo96.html
2969,アクエリオンEVOL,,SANKYO,A-SLOT,SANKYO パチスロ アクエリオンEVOL 中古パチスロ実機 [4ch対応],45100,有貨,https://www.a-slot.com/SHOP/sankyo96.html
2970,アクロス ゲッターマウス,,,ホームスロット,アクロス ゲッターマウス 中古パチスロ実機,35100,有貨,https://home-slot.net/SHOP/s-across12.html
2970,アクロス ゲッターマウス,,,A-SLOT,アクロス ゲッターマウス 中古パチスロ実機 [8ch対応],45100,有貨,https://www.a-slot.com/SHOP/across12.html
2971,アクロス ドンちゃん2,,,ホームスロット,アクロス ドンちゃん2 中古パチスロ実機,35100,有貨,https://home-slot.net/SHOP/s-across203.html
2971,アクロス ドンちゃん2,,,A-SLOT,アクロス ドンちゃん2 中古パチスロ実機 [8ch対応],45100,有貨,https://www.a-slot.com/SHOP/across203.html
2972,アクロス 沖ドキ!2 30,,,ホームスロット,アクロス 沖ドキ！2-30 中古パチスロ実機,35100,有貨,https://home-slot.net/SHOP/s-across206.html
2972,アクロス 沖ドキ!2 30,,,A-SLOT,アクロス 沖ドキ！2-30 中古パチスロ実機 [8ch対応],45100,有貨,https://www.a-slot.com/SHOP/across206.html
2973,アクロス 沖ドキ!DUO,,,ホームスロット,アクロス 沖ドキ！DUO 中古パチスロ実機 [8ch対応],41500,有貨,https://home-slot.net/SHOP/s-across208.html
2973,アクロス 沖ドキ!DUO,,,A-SLOT,アクロス 沖ドキ！DUO 中古パチスロ実機 [8ch対応][まるごと配送限定],51500,有貨,https://www.a-slot.com/SHOP/across208.html
2975,アナターのオット!?はーです,,ミズホ,ホームスロット,ミズホ アナターのオット！？はーです 中古パチスロ実機,35100,有貨,https://home-slot.net/SHOP/s-mizuho-macy206.html
2975,アナターのオット!?はーです,,ミズホ,A-SLOT,ミズホ アナターのオット！？はーです 中古パチスロ実機,45100,有貨,https://www.a-slot.com/SHOP/mizuho-macy206.html
2977,アピールプレート 準新 店 A,,,A-SLOT,中古アピールプレート【準新台】 中古スロット販売店　A,72000,售完,https://www.a-slot.com/SHOP/plate_jyunshindai.html
2977,アピールプレート 準新 店 A,,,A-SLOT,中古アピールプレート【新台】 中古スロット販売店　A,72000,售完,https://www.a-slot.com/SHOP/plate_shindai.html
2978,アムテックス うまい棒,,,ホームスロット,アムテックス パチスロうまい棒 中古パチスロ実機,41500,有貨,https://home-slot.net/SHOP/s-amt209.html
2978,アムテックス うまい棒,,,A-SLOT,アムテックス パチスロうまい棒 中古パチスロ実機,51500,有貨,https://www.a-slot.com/SHOP/amt209.html
2980,アムテックス 南国娘2,,,ホームスロット,アムテックス 南国娘2 中古パチスロ実機,35100,有貨,https://home-slot.net/SHOP/s-amt203.html
2980,アムテックス 南国娘2,,,A-SLOT,アムテックス 南国娘2 中古パチスロ実機 [4ch対応],45100,有貨,https://www.a-slot.com/SHOP/amt203.html
2981,アムテックス 島漢 30,,,ホームスロット,アムテックス 島漢-30 中古パチスロ実機,35100,售完,https://home-slot.net/SHOP/s-amt202.html
2981,アムテックス 島漢 30,,,A-SLOT,アムテックス 島漢-30 中古パチスロ実機 [4ch対応],45100,售完,https://www.a-slot.com/SHOP/amt202.html
2983,アムテックス 花伝 30,,,ホームスロット,アムテックス パチスロ花伝-30 中古パチスロ実機,35100,售完,https://home-slot.net/SHOP/s-amt206.html
2983,アムテックス 花伝 30,,,A-SLOT,アムテックス パチスロ花伝-30 中古パチスロ実機 [4ch対応],45100,售完,https://www.a-slot.com/SHOP/amt206.html
2984,アラジンAクラシック,,Sammy,ホームスロット,サミー パチスロアラジンAクラシック 中古パチスロ実機,35100,有貨,https://home-slot.net/SHOP/s-sammy218.html
2984,アラジンAクラシック,,Sammy,A-SLOT,サミー パチスロアラジンAクラシック 中古パチスロ実機 [4ch対応],45100,有貨,https://www.a-slot.com/SHOP/sammy218.html
2986,アルゼ バチヘビノッチ,,,A-SLOT,アルゼ バチヘビノッチ 中古パチスロ実機 [4ch対応],21074,售完,https://www.a-slot.com/SHOP/eleco48.html
2986,アルゼ バチヘビノッチ,,,ホームスロット,アルゼ バチヘビノッチ 中古パチスロ実機,34108,售完,https://home-slot.net/SHOP/s-eleco48.html
2987,イノキロードトゥゴッド,,ミズホ,ホームスロット,ミズホ イノキロードトゥゴッド 中古パチスロ実機,37700,售完,https://home-slot.net/SHOP/s-mizuho-macy63.html
2987,イノキロードトゥゴッド,,ミズホ,A-SLOT,【お取り寄せ商品】ミズホ イノキロードトゥゴッド 中古パチスロ実機 [8ch対応],47700,有貨,https://www.a-slot.com/SHOP/mizuho-macy63.html
2989,エージェント クライシス,,エレコ,ホームスロット,エレコ エージェント・クライシス 中古パチスロ実機,143400,售完,https://home-slot.net/SHOP/s-eleco42.html
2989,エージェント クライシス,,エレコ,A-SLOT,エレコ エージェント・クライシス 中古パチスロ実機 [8ch対応],153400,售完,https://www.a-slot.com/SHOP/eleco42.html
2990,エマ イミソーレ3V‐30,,,ホームスロット,エマ イミソーレ3V‐30 中古パチスロ実機 [4ch対応],72300,售完,https://home-slot.net/SHOP/s-ema6.html
2990,エマ イミソーレ3V‐30,,,A-SLOT,エマ イミソーレ3V‐30 中古パチスロ実機 [4ch対応],82300,售完,https://www.a-slot.com/SHOP/ema6.html
2991,オーイズミ ダッシュ勝平,,,A-SLOT,オーイズミ ダッシュ勝平 中古パチスロ実機 [4ch対応],24467,售完,https://www.a-slot.com/SHOP/oizumi1.html
2991,オーイズミ ダッシュ勝平,,,ホームスロット,オーイズミ ダッシュ勝平 中古パチスロ実機,37499,售完,https://home-slot.net/SHOP/s-oizumi1.html
2992,オズ SOZ1 AA 30,,,ホームスロット,オズ SOZ1-AA-30 中古パチスロ実機,68500,售完,https://home-slot.net/SHOP/s-oz201.html
2992,オズ SOZ1 AA 30,,,A-SLOT,オズ SOZ1-AA-30 中古パチスロ実機,78500,售完,https://www.a-slot.com/SHOP/s-oz201.html
2994,カルミナ ハイドラ 30,,,ホームスロット,カルミナ ハイドラ-30 中古パチスロ実機,54100,售完,https://home-slot.net/SHOP/s-carmina201.html
2994,カルミナ ハイドラ 30,,,A-SLOT,【お取り寄せ商品】カルミナ ハイドラ-30 中古パチスロ実機 [8ch対応],64100,有貨,https://www.a-slot.com/SHOP/carmina201.html
2995,カルミナ プリズムナナ,スマスロ,,ホームスロット,カルミナ プリズムナナ 中古パチスロ実機 [スマスロ][8ch対応][まるごと配送限定],195100,有貨,https://home-slot.net/SHOP/s-carmina208.html
2995,カルミナ プリズムナナ,スマスロ,,A-SLOT,カルミナ プリズムナナ 中古パチスロ実機 [スマスロ][8ch対応][まるごと配送限定],205100,有貨,https://www.a-slot.com/SHOP/s-carmina208.html
2996,ガラスの仮面ML K1,P,ニューギン,ホームスロット,ニューギン Pガラスの仮面ML-K1 中古パチンコ実機 [枠名：ReLf] [4ch対応],52600,有貨,https://home-slot.net/SHOP/p-newgin227.html
2996,ガラスの仮面ML K1,P,ニューギン,ホームスロット,ニューギン Pガラスの仮面M-K1 枠色不問 中古パチンコ実機 [枠名：ReLf] [4ch対応],52600,有貨,https://home-slot.net/SHOP/p-newgin228.html
2997,ガールズ&パンツァー 劇場版,,平和,ホームスロット,平和 パチスロガールズ&パンツァー 劇場版 中古パチスロ実機 [8ch対応],35100,有貨,https://home-slot.net/SHOP/s-heiwa215.html
2997,ガールズ&パンツァー 劇場版,,平和,A-SLOT,平和 パチスロガールズ&パンツァー 劇場版 中古パチスロ実機 [8ch対応],45100,有貨,https://www.a-slot.com/SHOP/heiwa215.html
2999,ガールズ&パンツァー 最終章,スマスロ,平和,ホームスロット,平和 Lパチスロガールズ＆パンツァー 最終章 中古パチスロ実機 [スマスロ] [8ch対応],47800,有貨,https://home-slot.net/SHOP/s-heiwa222.html
2999,ガールズ&パンツァー 最終章,スマスロ,平和,A-SLOT,平和 Lパチスロガールズ＆パンツァー 最終章 中古パチスロ実機 [スマスロ] [8ch対応],57800,有貨,https://www.a-slot.com/SHOP/s-heiwa222.html
3002,クロスアルファ 犬夜叉,,,ホームスロット,クロスアルファ パチスロ犬夜叉 中古パチスロ実機,35100,有貨,https://home-slot.net/SHOP/s-crossalpha200.html
3002,クロスアルファ 犬夜叉,,,A-SLOT,クロスアルファ パチスロ犬夜叉 中古パチスロ実機 [4ch対応],45100,有貨,https://www.a-slot.com/SHOP/s-crossalpha200.html
3003,グレートキングハナハナ,,パイオニア,ホームスロット,パイオニア グレートキングハナハナ 中古パチスロ実機,102300,售完,https://home-slot.net/SHOP/s-pioneer44.html
3003,グレートキングハナハナ,,パイオニア,A-SLOT,パイオニア グレートキングハナハナ 中古パチスロ実機 [4ch対応],112300,售完,https://www.a-slot.com/SHOP/pioneer44.html
3005,ゴッドイーター 荒神ver.,,山佐,ホームスロット,山佐 パチスロ ゴッドイーター 荒神ver. 中古パチスロ実機,47800,售完,https://home-slot.net/SHOP/s-yamasa117.html
3005,ゴッドイーター 荒神ver.,,山佐,A-SLOT,山佐 パチスロ ゴッドイーター 荒神ver. 中古パチスロ実機 [4ch対応],57800,售完,https://www.a-slot.com/SHOP/yamasa117.html
3006,ゴブリンスレイヤーII,スマスロ,藤商事,ホームスロット,JFJ スマスロ ゴブリンスレイヤーII 中古パチスロ実機 [スマスロ] [4ch対応],41500,有貨,https://home-slot.net/SHOP/s-jfj203.html
3006,ゴブリンスレイヤーII,スマスロ,藤商事,A-SLOT,JFJ スマスロ ゴブリンスレイヤーII 中古パチスロ実機 [スマスロ] [4ch対応],51500,有貨,https://www.a-slot.com/SHOP/s-jfj203.html
3008,サクラ大戦~熱き血潮に~,,Sammy,ホームスロット,サミー パチスロサクラ大戦～熱き血潮に～ 中古パチスロ実機,41500,售完,https://home-slot.net/SHOP/s-sammy132.html
3008,サクラ大戦~熱き血潮に~,,Sammy,A-SLOT,サミー パチスロサクラ大戦～熱き血潮に～ 中古パチスロ実機 [4ch対応],51500,售完,https://www.a-slot.com/SHOP/sammy132.html
3009,サボハニ 吉宗 姫パネル,スマスロ,,ホームスロット,サボハニ 吉宗 [姫パネル] 中古パチスロ実機 [スマスロ] [8ch対応],45100,有貨,https://home-slot.net/SHOP/s-daito224.html
3009,サボハニ 吉宗 姫パネル,スマスロ,,A-SLOT,サボハニ 吉宗 [姫パネル] 中古パチスロ実機 [スマスロ] [8ch対応],55100,有貨,https://www.a-slot.com/SHOP/s-daito224.html
3010,サボハニ 牙狼 黄金騎士,S,,ホームスロット,サボハニ S牙狼-黄金騎士- 中古パチスロ実機,98500,售完,https://home-slot.net/SHOP/s-sabohani203.html
3010,サボハニ 牙狼 黄金騎士,S,,A-SLOT,サボハニ S牙狼-黄金騎士- 中古パチスロ実機,108500,售完,https://www.a-slot.com/SHOP/sabohani203.html
3011,サボハニ 秘宝伝Rev.,,,ホームスロット,サボハニ 秘宝伝Rev. 中古パチスロ実機,68500,售完,https://home-slot.net/SHOP/s-sabohani1.html
3011,サボハニ 秘宝伝Rev.,,,A-SLOT,【お取り寄せ商品】サボハニ 秘宝伝Rev. 中古パチスロ実機 [8ch対応],78500,有貨,https://www.a-slot.com/SHOP/sabohani1.html
3013,サンサンハナハナ30,,パイオニア,ホームスロット,パイオニア サンサンハナハナ30 中古パチスロ実機,41500,售完,https://home-slot.net/SHOP/s-pioneer2.html
3013,サンサンハナハナ30,,パイオニア,A-SLOT,パイオニア サンサンハナハナ30 中古パチスロ実機 [8ch対応],51500,售完,https://www.a-slot.com/SHOP/pioneer2.html
3018,シオサイマックス‐30,,パイオニア,ホームスロット,パイオニア シオサイマックス‐30 中古パチスロ実機,68500,售完,https://home-slot.net/SHOP/s-pioneer12.html
3018,シオサイマックス‐30,,パイオニア,A-SLOT,パイオニア シオサイマックス‐30 中古パチスロ実機 [8ch対応],78500,售完,https://www.a-slot.com/SHOP/pioneer12.html
3021,ストライク ザ ブラッド,スマスロ,エンターライズ,ホームスロット,エンターライズ スマスロ ストライク・ザ・ブラッド 中古パチスロ実機 [スマスロ],37100,有貨,https://home-slot.net/SHOP/s-enta211.html
3021,ストライク ザ ブラッド,スマスロ,エンターライズ,A-SLOT,エンターライズ スマスロ ストライク・ザ・ブラッド 中古パチスロ実機 [スマスロ] [8ch対応],47100,有貨,https://www.a-slot.com/SHOP/s-enta211.html
3022,ストリートファイターIV,,エンターライズ,ホームスロット,エンターライズ ストリートファイターIV 中古パチスロ実機,54100,售完,https://home-slot.net/SHOP/s-enta5.html
3022,ストリートファイターIV,,エンターライズ,A-SLOT,エンターライズ ストリートファイターIV 中古パチスロ実機 [4ch対応],64100,售完,https://www.a-slot.com/SHOP/enta5.html
3023,スーハナライジング 30,,パイオニア,ホームスロット,パイオニア スーハナライジング-30 中古パチスロ実機 [4ch対応],51500,售完,https://home-slot.net/SHOP/s-pioneer220.html
3023,スーハナライジング 30,,パイオニア,A-SLOT,【お取り寄せ商品】パイオニア スーハナライジング-30 中古パチスロ実機 [4ch対応],61500,有貨,https://www.a-slot.com/SHOP/s-pioneer220.html
3025,スーパービンゴギャラクシー,,ベルコ,ホームスロット,ベルコ スーパービンゴギャラクシー 中古パチスロ実機,47800,有貨,https://home-slot.net/SHOP/s-bellco203.html
3025,スーパービンゴギャラクシー,,ベルコ,A-SLOT,ベルコ スーパービンゴギャラクシー 中古パチスロ実機 [4ch対応],57800,有貨,https://www.a-slot.com/SHOP/bellco203.html
3026,スーパーミラクルジャグラー,,北電子,ホームスロット,北電子 スーパーミラクルジャグラー 中古パチスロ実機,50300,售完,https://home-slot.net/SHOP/s-kitadenshi84.html
3026,スーパーミラクルジャグラー,,北電子,A-SLOT,【お取り寄せ商品】北電子 スーパーミラクルジャグラー 中古パチスロ実機 [4ch対応],60300,有貨,https://www.a-slot.com/SHOP/kitadensi84.html
3027,スーパーラクラクビスカス,,パイオニア,ホームスロット,パイオニア スーパーラクラクビスカス 中古パチスロ実機,35100,售完,https://home-slot.net/SHOP/s-pioneer29.html
3027,スーパーラクラクビスカス,,パイオニア,A-SLOT,パイオニア スーパーラクラクビスカス 中古パチスロ実機 [8ch対応],45100,售完,https://www.a-slot.com/SHOP/pioneer29.html
3028,スーパー海物語IN沖縄2,,SANYO,ホームスロット,SANYO パチスロスーパー海物語IN沖縄2 中古パチスロ実機,35100,售完,https://home-slot.net/SHOP/s-sanyo26.html
3028,スーパー海物語IN沖縄2,,SANYO,A-SLOT,SANYO パチスロスーパー海物語IN沖縄2 中古パチスロ実機 [8ch対応],45100,售完,https://www.a-slot.com/SHOP/sanyo26.html
3030,セブンリーグ ケロット4,,,ホームスロット,セブンリーグ パチスロ ケロット4 中古パチスロ実機,40100,有貨,https://home-slot.net/SHOP/s-yamasa212.html
3030,セブンリーグ ケロット4,,,A-SLOT,セブンリーグ パチスロ ケロット4 中古パチスロ実機 [4ch対応],50100,有貨,https://www.a-slot.com/SHOP/yamasa212.html
3031,セブンリーグ 天下布武4,,,ホームスロット,セブンリーグ 天下布武4 中古パチスロ実機,35100,有貨,https://home-slot.net/SHOP/s-yamasa210.html
3031,セブンリーグ 天下布武4,,,A-SLOT,セブンリーグ 天下布武4 中古パチスロ実機 [4ch対応],45100,有貨,https://www.a-slot.com/SHOP/yamasa210.html
3032,ゼクスイグニッション,,オリンピア,ホームスロット,オリンピア パチスロ ゼクスイグニッション 中古パチスロ実機,35100,有貨,https://home-slot.net/SHOP/s-heiwa138.html
3032,ゼクスイグニッション,,オリンピア,A-SLOT,オリンピア パチスロ ゼクスイグニッション 中古パチスロ実機 [8ch対応],45100,有貨,https://www.a-slot.com/SHOP/heiwa139.html
3034,タイムレスキュー777,,山佐,ホームスロット,山佐 タイムレスキュー777 中古パチスロ実機,57900,售完,https://home-slot.net/SHOP/s-yamasa48.html
3034,タイムレスキュー777,,山佐,A-SLOT,山佐 タイムレスキュー777 中古パチスロ実機 [4ch対応],67900,售完,https://www.a-slot.com/SHOP/yamasa48.html
3035,タイヨーエレック 銀と金,,,ホームスロット,タイヨーエレック 銀と金 中古パチスロ実機,54100,售完,https://home-slot.net/SHOP/s-taiyo_elec13.html
3035,タイヨーエレック 銀と金,,,A-SLOT,タイヨーエレック 銀と金 中古パチスロ実機 [4ch対応],64100,售完,https://www.a-slot.com/SHOP/taiyo_elec13.html
3037,ダイナミックサンダーV,,エレコ,ホームスロット,エレコ ダイナミックサンダーV 中古パチスロ実機,35100,售完,https://home-slot.net/SHOP/s-eleco40.html
3037,ダイナミックサンダーV,,エレコ,A-SLOT,エレコ ダイナミックサンダーV 中古パチスロ実機 [8ch対応],45100,售完,https://www.a-slot.com/SHOP/eleco40.html
3038,ダンベル何キロ持てる?,スマスロ,SANKYO,ホームスロット,SANKYO Lパチスロ ダンベル何キロ持てる？ 中古パチスロ実機 [スマスロ],35100,有貨,https://home-slot.net/SHOP/s-sankyo229.html
3038,ダンベル何キロ持てる?,スマスロ,SANKYO,A-SLOT,SANKYO Lパチスロ ダンベル何キロ持てる？ 中古パチスロ実機 [スマスロ] [4ch対応],45100,有貨,https://www.a-slot.com/SHOP/s-sankyo229.html
3039,ディ ライト BOOWY,,,ホームスロット,ディ・ライト パチスロBOOWY 中古パチスロ実機 [8ch対応],46500,有貨,https://home-slot.net/SHOP/s-dlight_202.html
3039,ディ ライト BOOWY,,,A-SLOT,ディ・ライト パチスロBOOWY 中古パチスロ実機 [8ch対応][まるごと配送限定],56500,有貨,https://www.a-slot.com/SHOP/s-dlight_202.html
3040,ディ ライト おそ松くん,,,ホームスロット,ディ・ライト パチスロおそ松くん 中古パチスロ実機,35100,售完,https://home-slot.net/SHOP/s-dlight_11.html
3040,ディ ライト おそ松くん,,,A-SLOT,【お取り寄せ商品】ディ・ライト パチスロおそ松くん 中古パチスロ実機 [4ch対応],45100,有貨,https://www.a-slot.com/SHOP/dlight_11.html
3044,トリビー がんばれ満月姫!,,,ホームスロット,トリビー がんばれ満月姫! 中古パチスロ実機,68500,售完,https://home-slot.net/SHOP/s-trivy5.html
3044,トリビー がんばれ満月姫!,,,A-SLOT,トリビー がんばれ満月姫! 中古パチスロ実機 [4ch対応],78500,售完,https://www.a-slot.com/SHOP/trivy5.html
3045,ドラゴンハナハナ~閃光~,,パイオニア,ホームスロット,パイオニア ドラゴンハナハナ～閃光～ 中古パチスロ実機 [4ch対応],673300,售完,https://home-slot.net/SHOP/s-pioneer224.html
3045,ドラゴンハナハナ~閃光~,,パイオニア,A-SLOT,【お取り寄せ商品】パイオニア ドラゴンハナハナ～閃光～ 中古パチスロ実機 [4ch対応],683300,有貨,https://www.a-slot.com/SHOP/s-pioneer224.html
3047,ニュースモモチャン 30,,ニューギン,ホームスロット,ニューギン パチスロ ニュースモモチャン-30 中古パチスロ実機,198700,售完,https://home-slot.net/SHOP/s-newgin36.html
3047,ニュースモモチャン 30,,ニューギン,A-SLOT,ニューギン パチスロ ニュースモモチャン-30 中古パチスロ実機 [4ch対応],208700,售完,https://www.a-slot.com/SHOP/newgin36.html
3049,ニューパルサーデラックス,,山佐,ホームスロット,山佐 ニューパルサーデラックス 中古パチスロ実機,47800,有貨,https://home-slot.net/SHOP/s-yamasa103.html
3049,ニューパルサーデラックス,,山佐,A-SLOT,山佐 ニューパルサーデラックス 中古パチスロ実機 [4ch対応],57800,有貨,https://www.a-slot.com/SHOP/yamasa103.html
3051,ネクスト スーパーリノSP,,山佐,ホームスロット,山佐ネクスト スーパーリノSP 中古パチスロ実機 [4ch対応],35100,售完,https://home-slot.net/SHOP/s-yamasa222.html
3051,ネクスト スーパーリノSP,,山佐,A-SLOT,山佐ネクスト スーパーリノSP 中古パチスロ実機 [4ch対応],45100,售完,https://www.a-slot.com/SHOP/yamasa222.html
3052,ノーマルだよ!サブちゃん,,オリンピア,ホームスロット,オリンピア ノーマルだよ!サブちゃん 中古パチスロ実機,68500,售完,https://home-slot.net/SHOP/s-heiwa63.html
3052,ノーマルだよ!サブちゃん,,オリンピア,A-SLOT,オリンピア ノーマルだよ!サブちゃん 中古パチスロ実機 [4ch対応],78500,售完,https://www.a-slot.com/SHOP/heiwa63.html
3053,ハッピージャックポット,,岡崎産業,ホームスロット,岡崎産業 ハッピージャックポット 中古パチスロ実機,35100,售完,https://home-slot.net/SHOP/s-okazaki13.html
3053,ハッピージャックポット,,岡崎産業,A-SLOT,岡崎産業 ハッピージャックポット 中古パチスロ実機 [4ch対応],45100,售完,https://www.a-slot.com/SHOP/okazaki13.html
3054,ハナハナホウオウ~天翔~,,パイオニア,ホームスロット,パイオニア ハナハナホウオウ～天翔～ 中古パチスロ実機,35100,有貨,https://home-slot.net/SHOP/s-pioneer213.html
3054,ハナハナホウオウ~天翔~,,パイオニア,A-SLOT,パイオニア ハナハナホウオウ～天翔～ 中古パチスロ実機,45100,有貨,https://www.a-slot.com/SHOP/pioneer213.html
3056,バーニングエクスプレス,スマスロ,北電子,ホームスロット,北電子 バーニングエクスプレス 中古パチスロ実機 [スマスロ] [8ch対応],35100,有貨,https://home-slot.net/SHOP/s-kitadenshi221.html
3056,バーニングエクスプレス,スマスロ,北電子,A-SLOT,北電子 バーニングエクスプレス 中古パチスロ実機 [スマスロ] [8ch対応],45100,有貨,https://www.a-slot.com/SHOP/s-kitadenshi221.html
3057,バルテック スペリオーレ,,,ホームスロット,バルテック スペリオーレ 中古パチスロ実機,698700,售完,https://home-slot.net/SHOP/s-baltec202.html
3057,バルテック スペリオーレ,,,A-SLOT,バルテック スペリオーレ 中古パチスロ実機,708700,售完,https://www.a-slot.com/SHOP/baltec202.html
3059,ビスティ トゥームレイダー,,,ホームスロット,ビスティ トゥームレイダー 中古パチスロ実機,137300,售完,https://home-slot.net/SHOP/s-sankyo18.html
3059,ビスティ トゥームレイダー,,,A-SLOT,【4号機】ビスティ トゥームレイダー 中古パチスロ実機 [4ch対応],147300,售完,https://www.a-slot.com/SHOP/sankyo18.html
3070,ラッキージャックポット,,岡崎産業,ホームスロット,岡崎産業 ラッキージャックポット 中古パチスロ実機,54100,售完,https://home-slot.net/SHOP/s-okazaki10.html
3070,ラッキージャックポット,,岡崎産業,A-SLOT,【お取り寄せ商品】岡崎産業 ラッキージャックポット 中古パチスロ実機 [4ch対応],64100,有貨,https://www.a-slot.com/SHOP/okazaki10.html
3075,不二子~100億$の女神~,,オリンピア,ホームスロット,オリンピア 不二子～100億$の女神～ 中古パチスロ実機,62200,售完,https://home-slot.net/SHOP/s-heiwa74.html
3075,不二子~100億$の女神~,,オリンピア,A-SLOT,【お取り寄せ商品】オリンピア 不二子～100億$の女神～ 中古パチスロ実機 [4ch対応],72200,有貨,https://www.a-slot.com/SHOP/heiwa74.html
3079,南国育ち30 蝶パネル,,平和,ホームスロット,平和 南国育ち30 （蝶パネル） 中古パチスロ実機,45156,售完,https://home-slot.net/SHOP/s-heiwa24.html
3079,南国育ち30 蝶パネル,,平和,A-SLOT,【4号機】平和 南国育ち-30 蝶パネル 中古パチスロ実機 [4ch対応],135000,售完,https://www.a-slot.com/SHOP/heiwa24.html
3082,南国育ちスペシャルZ,,オリンピア,ホームスロット,オリンピア 南国育ちスペシャルZ 中古パチスロ実機,68500,售完,https://home-slot.net/SHOP/s-heiwa43.html
3082,南国育ちスペシャルZ,,オリンピア,A-SLOT,オリンピア 南国育ちスペシャルZ 中古パチスロ実機 [4ch対応],78500,售完,https://www.a-slot.com/SHOP/heiwa43.html
3083,回胴黙示録カイジ 狂宴,スマスロ,Sammy,ホームスロット,サミー 回胴黙示録カイジ 狂宴 中古パチスロ実機 [スマスロ][8ch対応][まるごと配送限定],40100,有貨,https://home-slot.net/SHOP/s-sammy229.html
3083,回胴黙示録カイジ 狂宴,スマスロ,Sammy,A-SLOT,サミー 回胴黙示録カイジ 狂宴 中古パチスロ実機 [スマスロ][8ch対応][まるごと配送限定],50100,有貨,https://www.a-slot.com/SHOP/s-sammy229.html
3085,戦国無双 サクラVer,,山佐,ホームスロット,山佐 戦国無双 サクラVer 中古パチスロ実機,83500,售完,https://home-slot.net/SHOP/s-yamasa10.html
3085,戦国無双 サクラVer,,山佐,A-SLOT,山佐 戦国無双 サクラVer. 中古パチスロ実機 [4ch対応],93500,售完,https://www.a-slot.com/SHOP/yamasa10.html
3086,戦場のヴァルキュリア,,Sammy,ホームスロット,サミー パチスロ戦場のヴァルキュリア 中古パチスロ実機,35100,有貨,https://home-slot.net/SHOP/s-sammy137.html
3086,戦場のヴァルキュリア,,Sammy,A-SLOT,サミー パチスロ戦場のヴァルキュリア 中古パチスロ実機 [4ch対応],45100,有貨,https://www.a-slot.com/SHOP/sammy137.html
3087,戦姫絶唱シンフォギア,,SANKYO,ホームスロット,SANKYO パチスロ 戦姫絶唱シンフォギア 中古パチスロ実機,37700,有貨,https://home-slot.net/SHOP/s-sankyo92.html
3087,戦姫絶唱シンフォギア,,SANKYO,A-SLOT,SANKYO パチスロ 戦姫絶唱シンフォギア 中古パチスロ実機 [4ch対応],47700,有貨,https://www.a-slot.com/SHOP/sankyo92.html
3088,押忍!サラリーマン番長2,,大都技研,ホームスロット,大都技研 押忍！サラリーマン番長2 中古パチスロ実機,35100,有貨,https://home-slot.net/SHOP/s-daitogiken207.html
3088,押忍!サラリーマン番長2,,大都技研,A-SLOT,大都技研 押忍！サラリーマン番長2 中古パチスロ実機 [8ch対応],45100,有貨,https://www.a-slot.com/SHOP/daitogiken207.html
3089,押忍!番長2 鋼鉄パネル,,大都技研,ホームスロット,大都技研 押忍!番長2 鋼鉄パネル 中古パチスロ実機,89800,售完,https://home-slot.net/SHOP/s-daitogiken40.html
3089,押忍!番長2 鋼鉄パネル,,大都技研,A-SLOT,大都技研 押忍!番長2 鋼鉄パネル 中古パチスロ実機 [4ch対応],99800,售完,https://www.a-slot.com/SHOP/daitogiken40.html
3090,押忍!番長3 対決パネル,,大都技研,ホームスロット,大都技研 押忍！番長3 対決パネル 中古パチスロ実機,69100,有貨,https://home-slot.net/SHOP/s-daitogiken61_taiketu.html
3090,押忍!番長3 対決パネル,,大都技研,A-SLOT,大都技研 押忍！番長3 対決パネル 中古パチスロ実機 [8ch対応],79100,有貨,https://www.a-slot.com/SHOP/daitogiken61_taiketu.html
3092,沖ドキ!DUO アンコール,スマスロ,メーシー,ホームスロット,メーシー スマスロ 沖ドキ!DUO アンコール 中古パチスロ実機 [スマスロ][8ch対応][まるごと配送限定],40100,有貨,https://home-slot.net/SHOP/s-mizuho-macy228.html
3092,沖ドキ!DUO アンコール,スマスロ,メーシー,A-SLOT,メーシー スマスロ 沖ドキ!DUO アンコール 中古パチスロ実機 [スマスロ][8ch対応][まるごと配送限定],50100,有貨,https://www.a-slot.com/SHOP/s-mizuho-macy228.html
3093,海物語ミラクルマリン,,SANYO,ホームスロット,SANYO パチスロ海物語ミラクルマリン 中古パチスロ実機,41500,售完,https://home-slot.net/SHOP/s-sanyo8.html
3093,海物語ミラクルマリン,,SANYO,A-SLOT,SANYO パチスロ海物語ミラクルマリン 中古パチスロ実機 [4ch対応],51500,售完,https://www.a-slot.com/SHOP/sanyo8.html
3095,煩悩BREAKER禅,,山佐,ホームスロット,山佐 煩悩BREAKER禅 中古パチスロ実機,35100,售完,https://home-slot.net/SHOP/s-yamasa115.html
3095,煩悩BREAKER禅,,山佐,A-SLOT,山佐 煩悩BREAKER禅 中古パチスロ実機 [4ch対応],45100,售完,https://www.a-slot.com/SHOP/yamasa115.html
3098,真田純勇士すぺしゃる,,ニューギン,ホームスロット,ニューギン 真田純勇士すぺしゃる 中古パチスロ実機,68500,售完,https://home-slot.net/SHOP/s-newgin15.html
3098,真田純勇士すぺしゃる,,ニューギン,A-SLOT,ニューギン 真田純勇士すぺしゃる 中古パチスロ実機 [4ch対応],78500,售完,https://www.a-slot.com/SHOP/newgin15.html
3100,秘宝伝~The Last~,,大都技研,ホームスロット,大都技研 秘宝伝~The Last~ 中古パチスロ実機,41500,售完,https://home-slot.net/SHOP/s-daitogiken57.html
3100,秘宝伝~The Last~,,大都技研,A-SLOT,【お取り寄せ商品】大都技研 秘宝伝 ～The Last～ 中古パチスロ実機 [8ch対応],51500,有貨,https://www.a-slot.com/SHOP/daitogiken57.html
3101,秘宝伝~封じられた女神~,,大都技研,ホームスロット,大都技研 秘宝伝～封じられた女神～ 中古パチスロ実機,59100,售完,https://home-slot.net/SHOP/s-daitogiken31.html
3101,秘宝伝~封じられた女神~,,大都技研,A-SLOT,【お取り寄せ商品】大都技研 秘宝伝～封じられた女神～ 中古パチスロ実機 [4ch対応],69100,有貨,https://www.a-slot.com/SHOP/daitogiken31.html
3102,聖闘士星矢 女神パネル,,SANYO,A-SLOT,SANYO パチスロ聖闘士星矢 女神パネル 中古パチスロ実機 [4ch対応],36000,售完,https://www.a-slot.com/SHOP/sanyo11.html
3102,聖闘士星矢 女神パネル,,SANYO,ホームスロット,SANYO パチスロ聖闘士星矢 女神パネル 中古パチスロ実機,36124,售完,https://home-slot.net/SHOP/s-sanyo11.html
3103,聖闘士星矢 黄金激闘編,,SANYO,ホームスロット,SANYO パチスロ聖闘士星矢 -黄金激闘編- 中古パチスロ実機,54100,售完,https://home-slot.net/SHOP/s-sanyo17.html
3103,聖闘士星矢 黄金激闘編,,SANYO,A-SLOT,SANYO パチスロ聖闘士星矢 -黄金激闘編- 中古パチスロ実機 [4ch対応],64100,售完,https://www.a-slot.com/SHOP/sanyo17.html
3105,荒野のコトブキ飛行隊,スマスロ,スパイキー,ホームスロット,スパイキー L 荒野のコトブキ飛行隊 中古パチスロ実機 [スマスロ] [4ch対応],198700,有貨,https://home-slot.net/SHOP/s-spyki212.html
3105,荒野のコトブキ飛行隊,スマスロ,スパイキー,A-SLOT,スパイキー L 荒野のコトブキ飛行隊 中古パチスロ実機 [スマスロ] [4ch対応],208700,有貨,https://www.a-slot.com/SHOP/s-spyki212.html
3108,西陣 CR恋姫夢想MA,,,ホームスロット,西陣 CR恋姫夢想ZA 中古パチンコ実機,59000,售完,https://home-slot.net/SHOP/p-nishijinn113.html
3108,西陣 CR恋姫夢想MA,,,ホームスロット,西陣 CR恋姫夢想MA 中古パチンコ実機,65300,售完,https://home-slot.net/SHOP/p-nishijinn112.html
3121,超GANTZ 超ガンツ,,スパイキー,ホームスロット,スパイキー パチスロ 超GANTZ [超ガンツ] 中古パチスロ実機,83500,售完,https://home-slot.net/SHOP/s-spyki_10.html
3121,超GANTZ 超ガンツ,,スパイキー,A-SLOT,スパイキー パチスロ 超GANTZ [超ガンツ] 中古パチスロ実機 [4ch対応],93500,售完,https://www.a-slot.com/SHOP/spyki_10.html
3123,鉄拳3rdエンジェル,,山佐,ホームスロット,山佐 パチスロ鉄拳3rdエンジェル 中古パチスロ実機,35100,售完,https://home-slot.net/SHOP/s-yamasa122.html
3123,鉄拳3rdエンジェル,,山佐,A-SLOT,【お取り寄せ商品】山佐 パチスロ鉄拳3rdエンジェル 中古パチスロ実機 [4ch対応],45100,有貨,https://www.a-slot.com/SHOP/yamasa122.html
3126,銀座 聖戦士ダンバイン,スマスロ,,ホームスロット,銀座 スマスロ 聖戦士ダンバイン 中古パチスロ実機 [スマスロ][8ch対応][まるごと配送限定],35100,有貨,https://home-slot.net/SHOP/s-ginza212.html
3126,銀座 聖戦士ダンバイン,スマスロ,,A-SLOT,銀座 スマスロ 聖戦士ダンバイン 中古パチスロ実機 [スマスロ][8ch対応][まるごと配送限定],45100,有貨,https://www.a-slot.com/SHOP/s-ginza212.html
3127,青ドン 葉月のおねだり,,ミズホ,A-SLOT,ミズホ 青ドン 葉月のおねだり 中古パチスロ実機 [4ch対応],28775,售完,https://www.a-slot.com/SHOP/eleco11.html
3127,青ドン 葉月のおねだり,,ミズホ,ホームスロット,ミズホ 青ドン 葉月のおねだり 中古パチスロ実機,41809,售完,https://home-slot.net/SHOP/s-eleco11.html
3129,鬼浜外伝 ハヤト疾風伝,,高砂,ホームスロット,高砂 鬼浜外伝 ハヤト疾風伝 中古パチスロ実機,68500,售完,https://home-slot.net/SHOP/s-takasago1.html
3129,鬼浜外伝 ハヤト疾風伝,,高砂,A-SLOT,高砂 鬼浜外伝 ハヤト疾風伝 中古パチスロ実機 [4ch対応],78500,售完,https://www.a-slot.com/SHOP/takasago1.html
3138,CRフィーバー真花月G,,SANKYO,ホームスロット,SANKYO ＣＲフィーバー真花月Ｇ 中古パチンコ実機,86000,售完,https://home-slot.net/SHOP/p-sankyo101.html
3138,CRフィーバー真花月G,,SANKYO,ホームスロット,SANKYO ＣＲフィーバー真花月 中古パチンコ実機,86000,有貨,https://home-slot.net/SHOP/p-sankyo102.html
3146,CR地獄少女FPH,,藤商事,ホームスロット,藤商事 CR地獄少女FPH 枠色不問 中古パチンコ実機 [枠名：クリスタルファイヤー] [4ch対応],38539,售完,https://home-slot.net/SHOP/p-fuji58.html
3146,CR地獄少女FPH,,藤商事,ホームスロット,藤商事 CR地獄少女FPH 枠色不問 中古パチンコ実機 [枠名：クリスタルファイヤー] [4ch対応],40916,售完,https://home-slot.net/SHOP/p-fuji54.html
3151,CR神音の森H TX,,ニューギン,ホームスロット,ニューギン CR神音の森H－T 枠色不問 中古パチンコ実機,37454,售完,https://home-slot.net/SHOP/p-newgin91.html
3151,CR神音の森H TX,,ニューギン,ホームスロット,ニューギン CR神音の森H－TX 枠色不問 中古パチンコ実機,65300,售完,https://home-slot.net/SHOP/p-newgin92.html
3158,CTザクザク七福神,,山佐,ホームスロット,山佐 CTザクザク七福神 中古パチスロ実機,74900,售完,https://home-slot.net/SHOP/s-yamasa205.html
3158,CTザクザク七福神,,山佐,A-SLOT,【お取り寄せ商品】山佐 CTザクザク七福神 中古パチスロ実機 [4ch対応],84900,有貨,https://www.a-slot.com/SHOP/yamasa205.html
3159,GETだ!BILLY,,エレコ,ホームスロット,エレコ GETだ!BILLY 中古パチスロ実機,168800,售完,https://home-slot.net/SHOP/s-eleco35.html
3159,GETだ!BILLY,,エレコ,A-SLOT,エレコ GETだ!BILLY 中古パチスロ実機 [8ch対応],178800,售完,https://www.a-slot.com/SHOP/eleco35.html
3160,IGT さすがの猿飛,,,A-SLOT,IGT さすがの猿飛 中古パチスロ実機 [4ch対応],27675,售完,https://www.a-slot.com/SHOP/igt13.html
3160,IGT さすがの猿飛,,,ホームスロット,IGT さすがの猿飛 中古パチスロ実機,40708,售完,https://home-slot.net/SHOP/s-igt13.html
3162,JIN 夜勤病棟 壱 Y,,,ホームスロット,JIN 夜勤病棟 壱 中古パチスロ実機,57900,售完,https://home-slot.net/SHOP/s-jin_1.html
3162,JIN 夜勤病棟 壱 Y,,,A-SLOT,JIN 夜勤病棟 壱 中古パチスロ実機 [4ch対応]Y,67900,售完,https://www.a-slot.com/SHOP/jin_1.html
3163,JPS 2027II,,,A-SLOT,JPS 2027II 中古パチスロ実機 [8ch対応],24300,售完,https://www.a-slot.com/SHOP/jps17.html
3163,JPS 2027II,,,ホームスロット,JPS 2027II 中古パチスロ実機,36400,售完,https://home-slot.net/SHOP/s-jps17.html
3165,JPS サマージャンボ,,,ホームスロット,JPS サマージャンボ 中古パチスロ実機,68500,售完,https://home-slot.net/SHOP/s-jps30.html
3165,JPS サマージャンボ,,,A-SLOT,JPS サマージャンボ 中古パチスロ実機 [8ch対応],78500,售完,https://www.a-slot.com/SHOP/jps30.html
3166,KING黄門ちゃま,,平和,ホームスロット,平和 パチスロKING黄門ちゃま 中古パチスロ実機,35100,售完,https://home-slot.net/SHOP/s-heiwa212.html
3166,KING黄門ちゃま,,平和,A-SLOT,オリンピア パチスロKING黄門ちゃま 中古パチスロ実機,45100,售完,https://www.a-slot.com/SHOP/heiwa212.html
3167,KPE セブンスビート,,,ホームスロット,KPE セブンスビート 中古パチスロ実機,47800,售完,https://home-slot.net/SHOP/s-kpe54.html
3167,KPE セブンスビート,,,A-SLOT,【お取り寄せ商品】KPE セブンスビート 中古パチスロ実機 [8ch対応],57800,有貨,https://www.a-slot.com/SHOP/kpe54.html
3168,KPE ラッキーベガス,,,ホームスロット,KPE ラッキーベガス 中古パチスロ実機,35100,售完,https://home-slot.net/SHOP/s-kpe59.html
3168,KPE ラッキーベガス,,,A-SLOT,KPE ラッキーベガス 中古パチスロ実機 [8ch対応],45100,售完,https://www.a-slot.com/SHOP/kpe59.html
3171,NET スーパードラゴン,,,ホームスロット,NET スーパードラゴン 中古パチスロ実機,40100,有貨,https://home-slot.net/SHOP/s-net203.html
3171,NET スーパードラゴン,,,A-SLOT,NET スーパードラゴン 中古パチスロ実機 [4ch対応],50100,有貨,https://www.a-slot.com/SHOP/net203.html
3172,NET チバリヨ 25,,,ホームスロット,NET チバリヨ-25 中古パチスロ実機,40100,有貨,https://home-slot.net/SHOP/s-net211.html
3172,NET チバリヨ 25,,,A-SLOT,NET チバリヨ-25 中古パチスロ実機 [8ch対応],50100,有貨,https://www.a-slot.com/SHOP/s-net211.html
3173,NET ニューチバリヨ,,,ホームスロット,NET ニューチバリヨ 中古パチスロ実機,59200,售完,https://home-slot.net/SHOP/s-net49.html
3173,NET ニューチバリヨ,,,A-SLOT,NET ニューチバリヨ 中古パチスロ実機 [4ch対応],69200,售完,https://www.a-slot.com/SHOP/net49.html
3174,NET ハーレムエース2,,,ホームスロット,NET ハーレムエース2 中古パチスロ実機,47800,售完,https://home-slot.net/SHOP/s-net17.html
3174,NET ハーレムエース2,,,A-SLOT,NET ハーレムエース2 中古パチスロ実機 [4ch対応],57800,售完,https://www.a-slot.com/SHOP/net17.html
3175,NET ビキニパイ2,,,ホームスロット,NET ビキニパイ2 中古パチスロ実機,45300,售完,https://home-slot.net/SHOP/s-net31.html
3175,NET ビキニパイ2,,,A-SLOT,NET ビキニパイ2 中古パチスロ実機 [4ch対応],55300,售完,https://www.a-slot.com/SHOP/net31.html
3176,NET 凪のあすから,,,ホームスロット,NET パチスロ 凪のあすから 中古パチスロ実機,98500,售完,https://home-slot.net/SHOP/s-net51.html
3176,NET 凪のあすから,,,A-SLOT,【お取り寄せ商品】NET パチスロ 凪のあすから 中古パチスロ実機 [4ch対応],108500,售完,https://www.a-slot.com/SHOP/net51.html
3177,NET 燃えチバ 30,,,ホームスロット,NET 燃えチバ-30 中古パチスロ実機,40100,有貨,https://home-slot.net/SHOP/s-net218.html
3177,NET 燃えチバ 30,,,A-SLOT,NET 燃えチバ-30 中古パチスロ実機,50100,有貨,https://www.a-slot.com/SHOP/s-net218.html
3178,NET 課長 熊田工作,,,ホームスロット,NET 課長 熊田工作 中古パチスロ実機 [8ch対応][まるごと配送限定],59100,售完,https://home-slot.net/SHOP/s-net215.html
3178,NET 課長 熊田工作,,,A-SLOT,【お取り寄せ商品】NET 課長 熊田工作 中古パチスロ実機 [8ch対応][まるごと配送限定],69100,有貨,https://www.a-slot.com/SHOP/s-net215.html
3184,SLOTタブー タトゥー,,ミズホ,ホームスロット,ミズホ SLOTタブー・タトゥー 中古パチスロ実機,41500,有貨,https://home-slot.net/SHOP/s-mizuho-macy208.html
3184,SLOTタブー タトゥー,,ミズホ,A-SLOT,ミズホ SLOTタブー・タトゥー 中古パチスロ実機,51500,有貨,https://www.a-slot.com/SHOP/mizuho-macy208.html
3185,SLOTパックマン,,ミズホ,ホームスロット,ミズホ SLOTパックマン 中古パチスロ実機,35100,售完,https://home-slot.net/SHOP/s-mizuho-macy67.html
3185,SLOTパックマン,,ミズホ,A-SLOT,ミズホ SLOTパックマン 中古パチスロ実機 [8ch対応],45100,售完,https://www.a-slot.com/SHOP/mizuho-macy67.html
3186,S Lucky海物語,,SANYO,ホームスロット,SANYO S Lucky海物語 中古パチスロ実機,41500,有貨,https://home-slot.net/SHOP/s-sanyo202.html
3186,S Lucky海物語,,SANYO,A-SLOT,SANYO S Lucky海物語 中古パチスロ実機,51500,有貨,https://www.a-slot.com/SHOP/sanyo202.html
3187,これはゾンビですか?,,北電子,ホームスロット,北電子 パチスロこれはゾンビですか？ 中古パチスロ実機,35100,售完,https://home-slot.net/SHOP/s-kitadenshi87.html
3187,これはゾンビですか?,,北電子,A-SLOT,北電子 パチスロこれはゾンビですか？ 中古パチスロ実機 [4ch対応],45100,售完,https://www.a-slot.com/SHOP/kitadensi87.html
3191,ぱちんこCR神獣王,,Sammy,ホームスロット,サミー ぱちんこCR獣王 中古パチンコ実機 [枠名：聖（クロス）] [4ch対応],131000,售完,https://home-slot.net/SHOP/p-sammy41.html
3191,ぱちんこCR神獣王,,Sammy,ホームスロット,サミー ぱちんこCR神獣王 中古パチンコ実機 [枠名：転生] [4ch対応],216200,售完,https://home-slot.net/SHOP/p-sammy53.html
3193,ぱちスロAKB48,,京楽,ホームスロット,京楽 ぱちスロAKB48 中古パチスロ実機,68500,售完,https://home-slot.net/SHOP/s-kyoraku3.html
3193,ぱちスロAKB48,,京楽,A-SLOT,京楽 ぱちスロAKB48 中古パチスロ実機 [4ch対応],78500,有貨,https://www.a-slot.com/SHOP/kyoraku3.html
3194,ぱちスロ ゲッターロボ,,京楽,ホームスロット,京楽 ぱちスロ ゲッターロボ 中古パチスロ実機,37700,售完,https://home-slot.net/SHOP/s-kyoraku201.html
3194,ぱちスロ ゲッターロボ,,京楽,A-SLOT,【お取り寄せ商品】京楽 ぱちスロ ゲッターロボ 中古パチスロ実機 [8ch対応],47700,有貨,https://www.a-slot.com/SHOP/kyoraku201.html
3195,ぱちスロ 乃木坂46,スマスロ,京楽,ホームスロット,京楽 ぱちスロ 乃木坂46 中古パチスロ実機 [スマスロ][8ch対応][まるごと配送限定],40100,有貨,https://home-slot.net/SHOP/s-kyoraku205.html
3195,ぱちスロ 乃木坂46,スマスロ,京楽,A-SLOT,京楽 ぱちスロ 乃木坂46 中古パチスロ実機 [スマスロ][8ch対応][まるごと配送限定],50100,有貨,https://www.a-slot.com/SHOP/s-kyoraku205.html
3196,ぱちスロ冬のソナタ,,京楽,ホームスロット,京楽 ぱちスロ冬のソナタ 中古パチスロ実機,68500,售完,https://home-slot.net/SHOP/s-kyoraku202.html
3196,ぱちスロ冬のソナタ,,京楽,A-SLOT,【お取り寄せ商品】京楽 ぱちスロ冬のソナタ 中古パチスロ実機 [8ch対応],78500,有貨,https://www.a-slot.com/SHOP/kyoraku202.html
3197,ぱちスロ 必殺仕事人,,京楽,ホームスロット,京楽 ぱちスロ 必殺仕事人 中古パチスロ実機,46500,有貨,https://home-slot.net/SHOP/s-kyoraku4.html
3197,ぱちスロ 必殺仕事人,,京楽,A-SLOT,京楽 ぱちスロ 必殺仕事人 中古パチスロ実機 [4ch対応],56500,有貨,https://www.a-slot.com/SHOP/kyoraku4.html
3198,めぞん一刻 桜の下で,,オリンピア,ホームスロット,オリンピア めぞん一刻 桜の下で 中古パチスロ実機,41500,售完,https://home-slot.net/SHOP/s-heiwa132.html
3198,めぞん一刻 桜の下で,,オリンピア,A-SLOT,オリンピア めぞん一刻 桜の下で 枠色不問 中古パチスロ実機 [4ch対応],51500,有貨,https://www.a-slot.com/SHOP/heiwa132.html
3200,アクロス アレックス,,,ホームスロット,アクロス アレックス 中古パチスロ実機,37700,售完,https://home-slot.net/SHOP/s-across202.html
3200,アクロス アレックス,,,A-SLOT,アクロス アレックス 中古パチスロ実機 [8ch対応],47700,售完,https://www.a-slot.com/SHOP/across202.html
3201,アクロス 沖ドキ! 30,,,ホームスロット,アクロス 沖ドキ！-30 中古パチスロ実機,68500,售完,https://home-slot.net/SHOP/s-across5.html
3201,アクロス 沖ドキ! 30,,,A-SLOT,アクロス 沖ドキ！-30 中古パチスロ実機 [8ch対応],78500,售完,https://www.a-slot.com/SHOP/across5.html
3203,アステカ 太陽の紋章,,エレコ,ホームスロット,エレコ アステカ－太陽の紋章－ 中古パチスロ実機,98500,售完,https://home-slot.net/SHOP/s-eleco72.html
3203,アステカ 太陽の紋章,,エレコ,A-SLOT,エレコ アステカ－太陽の紋章－ 中古パチスロ実機 [8ch対応],108500,售完,https://www.a-slot.com/SHOP/eleco72.html
3204,アデリオン 鬼武者3,スマスロ,,ホームスロット,アデリオン スマスロ 鬼武者3 中古パチスロ実機 [スマスロ][8ch対応][まるごと配送限定],40100,有貨,https://home-slot.net/SHOP/s-adelion205.html
3204,アデリオン 鬼武者3,スマスロ,,A-SLOT,アデリオン スマスロ 鬼武者3 中古パチスロ実機 [スマスロ][8ch対応][まるごと配送限定],50100,有貨,https://www.a-slot.com/SHOP/s-adelion205.html
3205,アムテックス アバサー,S,,ホームスロット,アムテックス Sアバサー 中古パチスロ実機,35100,售完,https://home-slot.net/SHOP/s-amt212.html
3205,アムテックス アバサー,S,,A-SLOT,【お取り寄せ商品】アムテックス Sアバサー 中古パチスロ実機,45100,有貨,https://www.a-slot.com/SHOP/s-amt212.html
3206,アルゼ タコスロ7R,,,A-SLOT,アルゼ タコスロ7R 中古パチスロ実機 [4ch対応],51508,售完,https://www.a-slot.com/SHOP/eleco19.html
3206,アルゼ タコスロ7R,,,ホームスロット,アルゼ タコスロ7R 中古パチスロ実機,64542,售完,https://home-slot.net/SHOP/s-eleco19.html
3209,イケイケマハロ 30,,北電子,ホームスロット,北電子 イケイケマハロ－30 中古パチスロ実機,35100,售完,https://home-slot.net/SHOP/s-kitadenshi73.html
3209,イケイケマハロ 30,,北電子,A-SLOT,北電子 イケイケマハロ－30 中古パチスロ実機 [4ch対応],45100,售完,https://www.a-slot.com/SHOP/kitadensi73.html
3211,ウルトラちゃぶ 返し,,ベルコ,ホームスロット,ベルコ ウルトラちゃぶ台返し 中古パチスロ実機,98500,售完,https://home-slot.net/SHOP/s-bellco210.html
3211,ウルトラちゃぶ 返し,,ベルコ,A-SLOT,ベルコ ウルトラちゃぶ台返し 中古パチスロ実機,108500,售完,https://www.a-slot.com/SHOP/s-bellco210.html
3212,ウルトラマンティガ,スマスロ,京楽,ホームスロット,京楽 L ウルトラマンティガ 中古パチスロ実機 [スマスロ][8ch対応][まるごと配送限定],40100,有貨,https://home-slot.net/SHOP/s-kyoraku207.html
3212,ウルトラマンティガ,スマスロ,京楽,A-SLOT,京楽 L ウルトラマンティガ 中古パチスロ実機 [スマスロ][8ch対応][まるごと配送限定],50100,有貨,https://www.a-slot.com/SHOP/s-kyoraku207.html
3213,エイリヤンビギンズ,,Sammy,ホームスロット,サミー パチスロエイリヤンビギンズ 中古パチスロ実機,98500,售完,https://home-slot.net/SHOP/s-sammy60.html
3213,エイリヤンビギンズ,,Sammy,A-SLOT,サミー パチスロエイリヤンビギンズ 中古パチスロ実機 [4ch対応],108500,售完,https://www.a-slot.com/SHOP/sammy60.html
3214,エウレカセブンAO,,Sammy,ホームスロット,サミー パチスロエウレカセブンAO 中古パチスロ実機,41500,售完,https://home-slot.net/SHOP/s-sammy127.html
3214,エウレカセブンAO,,Sammy,A-SLOT,サミー パチスロエウレカセブンAO 中古パチスロ実機 [8ch対応],51500,售完,https://www.a-slot.com/SHOP/sammy127.html
3217,オーイズミ 閃乱カグラ,,,ホームスロット,オーイズミ パチスロ閃乱カグラ 中古パチスロ実機 [8ch対応][まるごと配送限定],89800,售完,https://home-slot.net/SHOP/s-oizumi28.html
3217,オーイズミ 閃乱カグラ,,,A-SLOT,オーイズミ パチスロ閃乱カグラ 中古パチスロ実機 [8ch対応][まるごと配送限定],99800,有貨,https://www.a-slot.com/SHOP/oizumi28.html
3219,カンフーレディー テトラ,,山佐,ホームスロット,山佐 カンフーレディー・テトラ 中古パチスロ実機,35100,售完,https://home-slot.net/SHOP/s-yamasa140.html
3219,カンフーレディー テトラ,,山佐,A-SLOT,【お取り寄せ商品】山佐 カンフーレディー・テトラ 中古パチスロ実機 [4ch対応],45100,有貨,https://www.a-slot.com/SHOP/yamasa140.html
3220,キャプテンハーロック,,SANKYO,ホームスロット,SANKYO キャプテンハーロック 中古パチスロ実機,54100,售完,https://home-slot.net/SHOP/s-sankyo35.html
3220,キャプテンハーロック,,SANKYO,A-SLOT,SANKYO キャプテンハーロック 中古パチスロ実機 [4ch対応],64100,售完,https://www.a-slot.com/SHOP/sankyo35.html
3221,キングオブジャック,,ベルコ,ホームスロット,ベルコ キングオブジャック 中古パチスロ実機,47800,售完,https://home-slot.net/SHOP/s-bellco204.html
3221,キングオブジャック,,ベルコ,A-SLOT,【お取り寄せ商品】ベルコ キングオブジャック 中古パチスロ実機 [4ch対応],57800,有貨,https://www.a-slot.com/SHOP/bellco204.html
3222,キングクリエーター30,,北電子,ホームスロット,北電子 キングクリエーター30 中古パチスロ実機 [4ch対応],46500,有貨,https://home-slot.net/SHOP/s-kitadenshi214.html
3222,キングクリエーター30,,北電子,A-SLOT,北電子 キングクリエーター30 中古パチスロ実機 [4ch対応],56500,有貨,https://www.a-slot.com/SHOP/s-kitadenshi214.html
3223,キングハナハナ 30,6号機,パイオニア,ホームスロット,【6号機】パイオニア キングハナハナ-30 中古パチスロ実機 [4ch対応],133400,售完,https://home-slot.net/SHOP/s-pioneer219.html
3223,キングハナハナ 30,6号機,パイオニア,A-SLOT,【お取り寄せ商品】【6号機】パイオニア キングハナハナ-30 中古パチスロ実機 [4ch対応],143400,有貨,https://www.a-slot.com/SHOP/s-pioneer219.html
3225,クイーンジャックネオ,,岡崎産業,ホームスロット,岡崎産業 クイーンジャックネオ 中古パチスロ実機,68500,售完,https://home-slot.net/SHOP/s-okazaki11.html
3225,クイーンジャックネオ,,岡崎産業,A-SLOT,岡崎産業 クイーンジャックネオ 中古パチスロ実機 [4ch対応],78500,售完,https://www.a-slot.com/SHOP/okazaki11.html
3228,クロノス~刻の支配者~,,ベルコ,ホームスロット,ベルコ クロノス～刻の支配者～ 中古パチスロ実機,35100,售完,https://home-slot.net/SHOP/s-bellco201.html
3228,クロノス~刻の支配者~,,ベルコ,A-SLOT,ベルコ クロノス～刻の支配者～ 中古パチスロ実機 [4ch対応],45100,售完,https://www.a-slot.com/SHOP/bellco201.html
3230,ゲゲゲの鬼太郎 覚醒,スマスロ,藤商事,ホームスロット,JFJ スマスロ ゲゲゲの鬼太郎 覚醒 中古パチスロ実機 [スマスロ],41500,有貨,https://home-slot.net/SHOP/s-jfj202.html
3230,ゲゲゲの鬼太郎 覚醒,スマスロ,藤商事,A-SLOT,JFJ スマスロ ゲゲゲの鬼太郎 覚醒 中古パチスロ実機 [スマスロ] [4ch対応],51500,有貨,https://www.a-slot.com/SHOP/s-jfj202.html
3231,コイコイマハロ 30,,北電子,ホームスロット,北電子 コイコイマハロ－30 中古パチスロ実機,68500,售完,https://home-slot.net/SHOP/s-kitadenshi56.html
3231,コイコイマハロ 30,,北電子,A-SLOT,北電子 コイコイマハロ－30 中古パチスロ実機 [4ch対応],78500,售完,https://www.a-slot.com/SHOP/kitadenshi56.html
3233,サイレントメビウス,,岡崎産業,ホームスロット,岡崎産業 サイレントメビウス 中古パチスロ実機,68500,售完,https://home-slot.net/SHOP/s-okazaki9.html
3233,サイレントメビウス,,岡崎産業,A-SLOT,岡崎産業 サイレントメビウス 中古パチスロ実機 [4ch対応],78500,售完,https://www.a-slot.com/SHOP/okazaki9.html
3234,サンスリー 咲 Saki,,,ホームスロット,サンスリー パチスロ咲-Saki 中古パチスロ実機,37100,售完,https://home-slot.net/SHOP/s-santhree200.html
3234,サンスリー 咲 Saki,,,A-SLOT,【お取り寄せ商品】サンスリー パチスロ咲-Saki 中古パチスロ実機 [8ch対応],47100,有貨,https://www.a-slot.com/SHOP/santhree200.html
3236,サンセイR&D 沖っ娘,S,,ホームスロット,サンセイR&D S沖っ娘 中古パチスロ実機,37700,售完,https://home-slot.net/SHOP/s_sansei201.html
3236,サンセイR&D 沖っ娘,S,,A-SLOT,サンセイR&D S沖っ娘 中古パチスロ実機 [8ch対応],47700,售完,https://www.a-slot.com/SHOP/s_sansei201.html
3241,ジャイアントパルサー,,山佐,ホームスロット,山佐 ジャイアントパルサー 中古パチスロ実機,28742,售完,https://home-slot.net/SHOP/s-yamasa42.html
3241,ジャイアントパルサー,,山佐,A-SLOT,【4号機】山佐 ジャイアントパルサー 中古パチスロ実機 [4ch対応],58000,售完,https://www.a-slot.com/SHOP/yamasa42.html
3242,ジャグラーガールズSS,,北電子,ホームスロット,北電子 ジャグラーガールズSS 中古パチスロ実機,1210500,有貨,https://home-slot.net/SHOP/s-kitadenshi215.html
3242,ジャグラーガールズSS,,北電子,A-SLOT,北電子 ジャグラーガールズSS 中古パチスロ実機,1220500,有貨,https://www.a-slot.com/SHOP/s-kitadenshi215.html
3243,スター 2027III,,,ホームスロット,スター 2027III 中古パチスロ実機,47800,售完,https://home-slot.net/SHOP/s-star3.html
3243,スター 2027III,,,A-SLOT,スター 2027III 中古パチスロ実機 [4ch対応],57800,售完,https://www.a-slot.com/SHOP/star3.html
3245,スーパーハナハナ2 30,,パイオニア,ホームスロット,パイオニア スーパーハナハナ2-30 中古パチスロ実機,41500,有貨,https://home-slot.net/SHOP/s-pioneer215.html
3245,スーパーハナハナ2 30,,パイオニア,A-SLOT,パイオニア スーパーハナハナ2-30 中古パチスロ実機,51500,有貨,https://www.a-slot.com/SHOP/s-pioneer215.html
3246,スーパービンゴネオS7,,ベルコ,ホームスロット,ベルコ スーパービンゴネオS7 中古パチスロ実機,83500,售完,https://home-slot.net/SHOP/s-bellco8.html
3246,スーパービンゴネオS7,,ベルコ,A-SLOT,【お取り寄せ商品】ベルコ スーパービンゴネオS7 中古パチスロ実機 [4ch対応],93500,有貨,https://www.a-slot.com/SHOP/bellco8.html
3247,スーパープラネットSP,,山佐,ホームスロット,山佐 スーパープラネットSP 中古パチスロ実機,47800,售完,https://home-slot.net/SHOP/s-yamasa202.html
3247,スーパープラネットSP,,山佐,A-SLOT,山佐 スーパープラネットSP 中古パチスロ実機 [4ch対応],57800,售完,https://www.a-slot.com/SHOP/yamasa202.html
3248,スーパー海物語IN沖縄,,SANYO,ホームスロット,SANYO パチスロスーパー海物語IN沖縄 中古パチスロ実機,68500,售完,https://home-slot.net/SHOP/s-sanyo5.html
3248,スーパー海物語IN沖縄,,SANYO,A-SLOT,SANYO パチスロスーパー海物語IN沖縄 中古パチスロ実機 [4ch対応],78500,售完,https://www.a-slot.com/SHOP/sanyo5.html
3249,スペシャルオアシス,,パイオニア,ホームスロット,パイオニア スペシャルオアシス 中古パチスロ実機,68500,售完,https://home-slot.net/SHOP/s-pioneer6.html
3249,スペシャルオアシス,,パイオニア,A-SLOT,パイオニア スペシャルオアシス 中古パチスロ実機 [8ch対応],78500,售完,https://www.a-slot.com/SHOP/pioneer6.html
3250,スマート沖スロ 超華祭,スマスロ,パイオニア,ホームスロット,パイオニア スマート沖スロ 超華祭 中古パチスロ実機 [スマスロ] [4ch対応],156100,售完,https://home-slot.net/SHOP/s-pioneer225.html
3250,スマート沖スロ 超華祭,スマスロ,パイオニア,A-SLOT,【お取り寄せ商品】パイオニア スマート沖スロ 超華祭 中古パチスロ実機 [スマスロ] [4ch対応],166100,有貨,https://www.a-slot.com/SHOP/s-pioneer225.html
3252,セイクリッドセブン,,山佐,ホームスロット,山佐 パチスロ セイクリッドセブン 中古パチスロ実機,89800,售完,https://home-slot.net/SHOP/s-yamasa135.html
3252,セイクリッドセブン,,山佐,A-SLOT,山佐 パチスロ セイクリッドセブン 中古パチスロ実機 [4ch対応],99800,售完,https://www.a-slot.com/SHOP/yamasa135.html
3253,ソードアート オンライン,スマスロ,大都技研,ホームスロット,大都技研 スロット ソードアート・オンライン 中古パチスロ実機 [スマスロ] [8ch対応],73500,有貨,https://home-slot.net/SHOP/s-daito211.html
3253,ソードアート オンライン,スマスロ,大都技研,A-SLOT,大都技研 スロット ソードアート・オンライン 中古パチスロ実機 [スマスロ] [8ch対応],83500,有貨,https://www.a-slot.com/SHOP/s-daito211.html
3255,チェインクロニクル,,Sammy,ホームスロット,サミー パチスロ チェインクロニクル 中古パチスロ実機,35100,有貨,https://home-slot.net/SHOP/s-sammy202.html
3255,チェインクロニクル,,Sammy,A-SLOT,サミー パチスロ チェインクロニクル 中古パチスロ実機 [4ch対応],45100,有貨,https://www.a-slot.com/SHOP/sammy202.html
3257,ディ ライト 虚構推理,スマスロ,,ホームスロット,ディ・ライト L 虚構推理 中古パチスロ実機 [スマスロ][8ch対応][まるごと配送限定],386900,有貨,https://home-slot.net/SHOP/s-dlight204.html
3257,ディ ライト 虚構推理,スマスロ,,A-SLOT,ディ・ライト L 虚構推理 中古パチスロ実機 [スマスロ][8ch対応][まるごと配送限定],396900,有貨,https://www.a-slot.com/SHOP/s-dlight204.html
3262,デビルメイクライ4,,エンターライズ,ホームスロット,エンターライズ デビルメイクライ4 中古パチスロ実機,68500,售完,https://home-slot.net/SHOP/s-enta8.html
3262,デビルメイクライ4,,エンターライズ,A-SLOT,エンターライズ デビルメイクライ4 中古パチスロ実機 [4ch対応],78500,售完,https://www.a-slot.com/SHOP/enta8.html
3264,トータル イクリプス2,,SANKYO,ホームスロット,SANKYO パチスロ トータル・イクリプス2 中古パチスロ実機,47800,售完,https://home-slot.net/SHOP/s-sankyo212.html
3264,トータル イクリプス2,,SANKYO,A-SLOT,SANKYO パチスロ トータル・イクリプス2 中古パチスロ実機 [4ch対応],57800,有貨,https://www.a-slot.com/SHOP/s-sankyo212.html
3265,ドキドキマンゴー 30,,パイオニア,ホームスロット,パイオニア ドキドキマンゴー-30 中古パチスロ実機,35100,售完,https://home-slot.net/SHOP/s-pioneer41.html
3265,ドキドキマンゴー 30,,パイオニア,A-SLOT,パイオニア ドキドキマンゴー-30 中古パチスロ実機 [4ch対応],45100,售完,https://www.a-slot.com/SHOP/pioneer41.html
3266,ドリームハナハナ 30,,パイオニア,ホームスロット,パイオニア ドリームハナハナ－30 中古パチスロ実機,35100,售完,https://home-slot.net/SHOP/s-pioneer38.html
3266,ドリームハナハナ 30,,パイオニア,A-SLOT,【お取り寄せ商品】パイオニア ドリームハナハナ－30 中古パチスロ実機 [8ch対応],45100,有貨,https://www.a-slot.com/SHOP/pioneer38.html
3268,ニイガタ電子 鉄拳X,,山佐,ホームスロット,ニイガタ電子(山佐) 鉄拳X 中古パチスロ実機,28742,售完,https://home-slot.net/SHOP/s-yamasa29.html
3268,ニイガタ電子 鉄拳X,,山佐,A-SLOT,【4号機】ニイガタ電子(山佐) 鉄拳X 中古パチスロ実機 [4ch対応],50220,售完,https://www.a-slot.com/SHOP/yamasa29.html
3270,ネクスト スターパルサー,,山佐,ホームスロット,山佐ネクスト スターパルサー 中古パチスロ実機 [4ch対応],35100,有貨,https://home-slot.net/SHOP/s-yamasa221.html
3270,ネクスト スターパルサー,,山佐,A-SLOT,山佐ネクスト スターパルサー 中古パチスロ実機 [4ch対応],45100,有貨,https://www.a-slot.com/SHOP/yamasa221.html
3271,ネクスト 戦国無双3,,山佐,ホームスロット,山佐ネクスト パチスロ戦国無双3 中古パチスロ実機,68500,售完,https://home-slot.net/SHOP/s-yamasa230.html
3271,ネクスト 戦国無双3,,山佐,A-SLOT,山佐ネクスト パチスロ戦国無双3 中古パチスロ実機,78500,售完,https://www.a-slot.com/SHOP/s-yamasa230.html
3272,ハイハイシオサイ2,,パイオニア,ホームスロット,パイオニア ハイハイシオサイ2 中古パチスロ実機,35100,售完,https://home-slot.net/SHOP/s-pioneer211.html
3272,ハイハイシオサイ2,,パイオニア,A-SLOT,パイオニア ハイハイシオサイ2 中古パチスロ実機,45100,售完,https://www.a-slot.com/SHOP/pioneer211.html
3273,ハイハイハイビ 30,,パイオニア,ホームスロット,パイオニア ハイハイハイビ-30 中古パチスロ実機,35100,售完,https://home-slot.net/SHOP/s-pioneer25.html
3273,ハイハイハイビ 30,,パイオニア,A-SLOT,パイオニア ハイハイハイビ-30 中古パチスロ実機 [8ch対応],45100,售完,https://www.a-slot.com/SHOP/pioneer25.html
3274,ハクション大魔王S,,Sammy,ホームスロット,サミー ハクション大魔王S 中古パチスロ実機,28742,售完,https://home-slot.net/SHOP/s-sammy91.html
3274,ハクション大魔王S,,Sammy,A-SLOT,【4号機】サミー ハクション大魔王S 中古パチスロ実機 [4ch対応],38700,售完,https://www.a-slot.com/SHOP/sammy91.html
3275,バイオハザードRE 3,スマスロ,エンターライズ,ホームスロット,エンターライズ スマスロ バイオハザードRE:3 中古パチスロ実機 [スマスロ][8ch対応][まるごと配送限定],46500,有貨,https://home-slot.net/SHOP/s-enta214.html
3275,バイオハザードRE 3,スマスロ,エンターライズ,A-SLOT,エンターライズ スマスロ バイオハザードRE:3 中古パチスロ実機 [スマスロ][8ch対応][まるごと配送限定],56500,有貨,https://www.a-slot.com/SHOP/s-enta214.html
3277,バルテック バツ&テリー,,,ホームスロット,バルテック バツ&テリー 中古パチスロ実機,68500,售完,https://home-slot.net/SHOP/s-baltec4.html
3277,バルテック バツ&テリー,,,A-SLOT,バルテック バツ&テリー 中古パチスロ実機 [4ch対応],78500,售完,https://www.a-slot.com/SHOP/baltec4.html
3278,バルテック マネーゲーム,,,A-SLOT,バルテック マネーゲーム 中古パチスロ実機 [4ch対応],26483,售完,https://www.a-slot.com/SHOP/baltec9.html
3278,バルテック マネーゲーム,,,ホームスロット,バルテック マネーゲーム 中古パチスロ実機,29708,售完,https://home-slot.net/SHOP/s-baltec9.html
3279,パオン ディーピー 秘宝伝,スマスロ,,ホームスロット,パオン・ディーピー スマスロ 秘宝伝 中古パチスロ実機 [スマスロ] [8ch対応],40100,有貨,https://home-slot.net/SHOP/s-paon206.html
3279,パオン ディーピー 秘宝伝,スマスロ,,A-SLOT,パオン・ディーピー スマスロ 秘宝伝 中古パチスロ実機 [スマスロ] [8ch対応],50100,有貨,https://www.a-slot.com/SHOP/s-paon206.html
3282,ビスティ サムライ7,,,ホームスロット,ビスティ サムライ7 中古パチスロ実機,45300,售完,https://home-slot.net/SHOP/s-sankyo42.html
3282,ビスティ サムライ7,,,A-SLOT,【お取り寄せ商品】ビスティ サムライ7 中古パチスロ実機 [4ch対応],55300,有貨,https://www.a-slot.com/SHOP/sankyo42.html
3286,ビューティフルジョー Y,,エンターライズ,ホームスロット,エンターライズ ビューティフルジョー 中古パチスロ実機,35209,售完,https://home-slot.net/SHOP/s-enta3.html
3286,ビューティフルジョー Y,,エンターライズ,A-SLOT,エンターライズ ビューティフルジョー 中古パチスロ実機 [4ch対応]Y,40874,售完,https://www.a-slot.com/SHOP/enta3.html
3287,ファースト マジシャン,,,A-SLOT,ファースト マジシャン 中古パチスロ実機 [4ch対応],16309,售完,https://www.a-slot.com/SHOP/first1.html
3287,ファースト マジシャン,,,ホームスロット,ファースト マジシャン 中古パチスロ実機,29342,售完,https://home-slot.net/SHOP/s-first1.html
3288,ファンキージャグラー2,,北電子,ホームスロット,北電子 ファンキージャグラー2 中古パチスロ実機,88500,售完,https://home-slot.net/SHOP/s-kitadenshi206.html
3288,ファンキージャグラー2,,北電子,A-SLOT,【お取り寄せ商品】北電子 ファンキージャグラー2 中古パチスロ実機,98500,有貨,https://www.a-slot.com/SHOP/kitadensi206.html
3291,ボンバーパワフルII,,SANKYO,ホームスロット,SANKYO ボンバーパワフルII 中古パチスロ実機,35100,售完,https://home-slot.net/SHOP/s-sankyo71.html
3291,ボンバーパワフルII,,SANKYO,A-SLOT,SANKYO ボンバーパワフルII 中古パチスロ実機 [4ch対応],45100,售完,https://www.a-slot.com/SHOP/sankyo71.html
3292,マイケル ジャクソン,,SANKYO,ホームスロット,SANKYO パチスロ マイケル・ジャクソン 中古パチスロ実機,168800,售完,https://home-slot.net/SHOP/s-sankyo131.html
3292,マイケル ジャクソン,,SANKYO,A-SLOT,SANKYO パチスロ マイケル・ジャクソン 中古パチスロ実機 [4ch対応],178800,售完,https://www.a-slot.com/SHOP/sankyo131.html
3294,マジックモンスター2,,オリンピア,A-SLOT,オリンピア マジックモンスター2 中古パチスロ実機 [4ch対応],32174,售完,https://www.a-slot.com/SHOP/heiwa66.html
3294,マジックモンスター2,,オリンピア,ホームスロット,オリンピア マジックモンスター2 中古パチスロ実機,35209,售完,https://home-slot.net/SHOP/s-heiwa66.html
3295,マッハGoGoGo,,七匠,ホームスロット,七匠 パチスロ マッハGoGoGo 中古パチスロ実機,47800,售完,https://home-slot.net/SHOP/s-nanashow200.html
3295,マッハGoGoGo,,七匠,A-SLOT,七匠 パチスロ マッハGoGoGo 中古パチスロ実機 [4ch対応],57800,售完,https://www.a-slot.com/SHOP/nanashow200.html
3298,ヤーマ トラッド480,,,ホームスロット,ヤーマ トラッド480 中古パチスロ実機,68500,售完,https://home-slot.net/SHOP/s-yam6.html
3298,ヤーマ トラッド480,,,A-SLOT,ヤーマ トラッド480 中古パチスロ実機 [4ch対応],78500,售完,https://www.a-slot.com/SHOP/yam6.html
3299,リング 呪いの7日間,,藤商事,ホームスロット,藤商事 パチスロ リング 呪いの7日間 中古パチスロ実機,54100,售完,https://home-slot.net/SHOP/s-fuji11.html
3299,リング 呪いの7日間,,藤商事,A-SLOT,藤商事 パチスロ リング 呪いの7日間 中古パチスロ実機 [4ch対応],64100,售完,https://www.a-slot.com/SHOP/fuji11.html
3300,ルパン三世 世界解剖,,オリンピア,ホームスロット,オリンピア パチスロ ルパン三世 世界解剖 中古パチスロ実機,47800,售完,https://home-slot.net/SHOP/s-heiwa201.html
3300,ルパン三世 世界解剖,,オリンピア,A-SLOT,オリンピア パチスロ ルパン三世 世界解剖 中古パチスロ実機 [8ch対応],57800,售完,https://www.a-slot.com/SHOP/heiwa201.html
3301,レオスター 新鬼武者3,スマスロ,,ホームスロット,レオスター スマスロ 新鬼武者3 中古パチスロ実機 [スマスロ][8ch対応][まるごと配送限定],40100,有貨,https://home-slot.net/SHOP/s-leostar200.html
3301,レオスター 新鬼武者3,スマスロ,,A-SLOT,レオスター スマスロ 新鬼武者3 中古パチスロ実機 [スマスロ][8ch対応][まるごと配送限定],50100,有貨,https://www.a-slot.com/SHOP/s-leostar200.html
3302,ロイヤルマハロ 30,,北電子,ホームスロット,北電子 ロイヤルマハロ-30 中古パチスロ実機,35100,售完,https://home-slot.net/SHOP/s-kitadenshi85.html
3302,ロイヤルマハロ 30,,北電子,A-SLOT,北電子 ロイヤルマハロ-30 中古パチスロ実機 [4ch対応],45100,售完,https://www.a-slot.com/SHOP/kitadensi85.html
3303,ロストプラネット2,,オリンピア,ホームスロット,オリンピア パチスロ ロストプラネット2 中古パチスロ実機,41500,售完,https://home-slot.net/SHOP/s-heiwa135.html
3303,ロストプラネット2,,オリンピア,A-SLOT,オリンピア パチスロ ロストプラネット2 中古パチスロ実機 [8ch対応],51500,售完,https://www.a-slot.com/SHOP/heiwa135.html
3304,ロリポップチェーンソー,,藤商事,ホームスロット,藤商事 パチスロ ロリポップチェーンソー 中古パチスロ実機,45300,售完,https://home-slot.net/SHOP/s-fuji17.html
3304,ロリポップチェーンソー,,藤商事,A-SLOT,藤商事 パチスロ ロリポップチェーンソー 中古パチスロ実機 [4ch対応],55300,售完,https://www.a-slot.com/SHOP/fuji17.html
3305,ワイワイマハロ 30,,北電子,ホームスロット,北電子 ワイワイマハロ-30 中古パチスロ実機,47800,有貨,https://home-slot.net/SHOP/s-kitadenshi67.html
3305,ワイワイマハロ 30,,北電子,A-SLOT,北電子 ワイワイマハロ-30 中古パチスロ実機 [4ch対応],57800,有貨,https://www.a-slot.com/SHOP/kitadenshi67.html
3306,ワードオブライツII,,エレコ,ホームスロット,エレコ ワードオブライツII 中古パチスロ実機 [8ch対応],43900,有貨,https://home-slot.net/SHOP/s-eleco205.html
3306,ワードオブライツII,,エレコ,A-SLOT,エレコ ワードオブライツII 中古パチスロ実機 [8ch対応][まるごと配送限定],53900,有貨,https://www.a-slot.com/SHOP/s-eleco205.html
3307,ワンダフルジャック,,岡崎産業,ホームスロット,岡崎産業 ワンダフルジャック 中古パチスロ実機,35100,售完,https://home-slot.net/SHOP/s-okazaki16.html
3307,ワンダフルジャック,,岡崎産業,A-SLOT,岡崎産業 ワンダフルジャック 中古パチスロ実機 [4ch対応],45100,售完,https://www.a-slot.com/SHOP/okazaki16.html
3313,北斗の拳 修羅の国篇,,Sammy,ホームスロット,サミー パチスロ北斗の拳 修羅の国篇 中古パチスロ実機,35100,有貨,https://home-slot.net/SHOP/s-sammy125.html
3313,北斗の拳 修羅の国篇,,Sammy,A-SLOT,サミー パチスロ北斗の拳 修羅の国篇 中古パチスロ実機 [4ch対応],45100,有貨,https://www.a-slot.com/SHOP/sammy125.html
3314,北斗の拳 新伝説創造,,Sammy,ホームスロット,サミー パチスロ北斗の拳 新伝説創造 中古パチスロ実機,35100,有貨,https://home-slot.net/SHOP/s-sammy135.html
3314,北斗の拳 新伝説創造,,Sammy,A-SLOT,サミー パチスロ北斗の拳 新伝説創造 中古パチスロ実機 [4ch対応],45100,有貨,https://www.a-slot.com/SHOP/sammy135.html
3315,南国物語 TYPE A,,オリンピア,ホームスロット,オリンピア 南国物語 TYPE-A 中古パチスロ実機,35100,售完,https://home-slot.net/SHOP/s-heiwa144.html
3315,南国物語 TYPE A,,オリンピア,A-SLOT,オリンピア 南国物語 TYPE-A 中古パチスロ実機 [8ch対応],45100,售完,https://www.a-slot.com/SHOP/heiwa144.html
3316,咲 Saki 頂上決戦,スマスロ,SANYO,ホームスロット,SANYO L咲-Saki- 頂上決戦 中古パチスロ実機 [スマスロ] [8ch対応],35100,有貨,https://home-slot.net/SHOP/s-sanyo205.html
3316,咲 Saki 頂上決戦,スマスロ,SANYO,A-SLOT,SANYO L咲-Saki- 頂上決戦 中古パチスロ実機 [スマスロ] [8ch対応],45100,有貨,https://www.a-slot.com/SHOP/s-sanyo205.html
3317,回胴性ミリオンアーサー,,ミズホ,ホームスロット,ミズホ 回胴性ミリオンアーサー 中古パチスロ実機,41500,售完,https://home-slot.net/SHOP/s-mizuho-macy64.html
3317,回胴性ミリオンアーサー,,ミズホ,A-SLOT,【お取り寄せ商品】ミズホ 回胴性ミリオンアーサー 中古パチスロ実機 [8ch対応],51500,有貨,https://www.a-slot.com/SHOP/mizuho-macy64.html
3318,回胴黙示録カイジ4,,Sammy,ホームスロット,サミー 回胴黙示録カイジ4 中古パチスロ実機,35100,售完,https://home-slot.net/SHOP/s-sammy203.html
3318,回胴黙示録カイジ4,,Sammy,A-SLOT,【お取り寄せ商品】サミー 回胴黙示録カイジ4 中古パチスロ実機 [4ch対応],45100,有貨,https://www.a-slot.com/SHOP/sammy203.html
3320,夢夢ワールドDXII,,SANKYO,ホームスロット,三共 夢夢ワールドDXII 中古パチスロ実機,35100,售完,https://home-slot.net/SHOP/s-sankyo48.html
3320,夢夢ワールドDXII,,SANKYO,A-SLOT,三共 夢夢ワールドDXII 中古パチスロ実機 [4ch対応],45100,售完,https://www.a-slot.com/SHOP/sankyo48.html
3324,天外魔境 卍MARU,,SANYO,A-SLOT,SANYO パチスロ天外魔境 卍MARU 中古パチスロ実機 [4ch対応],37483,售完,https://www.a-slot.com/SHOP/sanyo1.html
3324,天外魔境 卍MARU,,SANYO,ホームスロット,SANYO パチスロ天外魔境 卍MARU 中古パチスロ実機,53216,售完,https://home-slot.net/SHOP/s-sanyo1.html
3325,天~天和通りの快男児~,,藤商事,ホームスロット,藤商事 パチスロ天～天和通りの快男児～ 中古パチスロ実機,37700,售完,https://home-slot.net/SHOP/s-fuji7.html
3325,天~天和通りの快男児~,,藤商事,A-SLOT,藤商事 パチスロ天～天和通りの快男児～ 中古パチスロ実機 [4ch対応],47700,售完,https://www.a-slot.com/SHOP/fuji7.html
3328,忍魂参 ~奥義皆伝ノ章~,スマスロ,大都技研,ホームスロット,大都技研 忍魂参 ～奥義皆伝ノ章～ 中古パチスロ実機 [スマスロ],54100,有貨,https://home-slot.net/SHOP/s-daito213.html
3328,忍魂参 ~奥義皆伝ノ章~,スマスロ,大都技研,A-SLOT,大都技研 忍魂参 ～奥義皆伝ノ章～ 中古パチスロ実機 [スマスロ] [8ch対応],64100,有貨,https://www.a-slot.com/SHOP/s-daito213.html
3329,戦国BASARA2,,エンターライズ,ホームスロット,エンターライズ 戦国BASARA2 中古パチスロ実機,47800,售完,https://home-slot.net/SHOP/s-enta6.html
3329,戦国BASARA2,,エンターライズ,A-SLOT,エンターライズ 戦国BASARA2 中古パチスロ実機 [4ch対応],57800,售完,https://www.a-slot.com/SHOP/enta6.html
3330,戦国BASARA3,,エンターライズ,ホームスロット,エンターライズ パチスロ 戦国BASARA3 中古パチスロ実機,54100,售完,https://home-slot.net/SHOP/s-enta10.html
3330,戦国BASARA3,,エンターライズ,A-SLOT,エンターライズ パチスロ 戦国BASARA3 中古パチスロ実機 [4ch対応],64100,售完,https://www.a-slot.com/SHOP/enta10.html
3334,押忍!サラリーマン番長,,大都技研,ホームスロット,大都技研 押忍！サラリーマン番長 中古パチスロ実機,47800,有貨,https://home-slot.net/SHOP/s-daitogiken51.html
3334,押忍!サラリーマン番長,,大都技研,A-SLOT,大都技研 押忍！サラリーマン番長 中古パチスロ実機 [8ch対応],57800,有貨,https://www.a-slot.com/SHOP/daitogiken51.html
3335,押忍!番長2 操パネル,,大都技研,ホームスロット,大都技研 押忍!番長2 操パネル 中古パチスロ実機,134800,售完,https://home-slot.net/SHOP/s-daitogiken38.html
3335,押忍!番長2 操パネル,,大都技研,A-SLOT,大都技研 押忍!番長2 操パネル 中古パチスロ実機 [4ch対応],144800,售完,https://www.a-slot.com/SHOP/daitogiken38.html
3336,押忍!番長2 轟パネル,,大都技研,ホームスロット,大都技研 押忍!番長2 轟パネル 中古パチスロ実機,89800,售完,https://home-slot.net/SHOP/s-daitogiken37.html
3336,押忍!番長2 轟パネル,,大都技研,A-SLOT,大都技研 押忍!番長2 轟パネル 中古パチスロ実機 [4ch対応],99800,售完,https://www.a-slot.com/SHOP/daitogiken37.html
3337,押忍!番長3 操パネル,,大都技研,ホームスロット,大都技研 押忍！番長3 操パネル 中古パチスロ実機,64100,售完,https://home-slot.net/SHOP/s-daitogiken61_misao.html
3337,押忍!番長3 操パネル,,大都技研,A-SLOT,大都技研 押忍！番長3 操パネル 中古パチスロ実機 [8ch対応],74100,售完,https://www.a-slot.com/SHOP/daitogiken61_misao.html
3338,押忍!番長4 操パネル,スマスロ,大都技研,ホームスロット,大都技研 押忍！番長4 [操パネル] 中古パチスロ実機 [スマスロ] [8ch対応],45100,有貨,https://home-slot.net/SHOP/s-daito217.html
3338,押忍!番長4 操パネル,スマスロ,大都技研,A-SLOT,大都技研 押忍！番長4 [操パネル] 中古パチスロ実機 [スマスロ] [8ch対応],55100,有貨,https://www.a-slot.com/SHOP/s-daito217.html
3339,押忍!!豪炎高校應援團,,山佐,ホームスロット,山佐 押忍!!豪炎高校應援團 中古パチスロ実機,89800,售完,https://home-slot.net/SHOP/s-yamasa80.html
3339,押忍!!豪炎高校應援團,,山佐,A-SLOT,【お取り寄せ商品】山佐 押忍!!豪炎高校應援團 中古パチスロ実機 [4ch対応],99800,有貨,https://www.a-slot.com/SHOP/yamasa80.html
3340,探偵物語TURBO,,オリンピア,ホームスロット,オリンピア 探偵物語TURBO 中古パチスロ実機,50300,售完,https://home-slot.net/SHOP/s-heiwa72.html
3340,探偵物語TURBO,,オリンピア,A-SLOT,オリンピア 探偵物語TURBO 中古パチスロ実機 [4ch対応],60300,售完,https://www.a-slot.com/SHOP/heiwa72.html
3342,機動警察パトレイバー,,北電子,ホームスロット,北電子 パチスロ 機動警察パトレイバー 中古パチスロ実機,45300,售完,https://home-slot.net/SHOP/s-kitadenshi76.html
3342,機動警察パトレイバー,,北電子,A-SLOT,北電子 パチスロ 機動警察パトレイバー 中古パチスロ実機 [4ch対応],55300,有貨,https://www.a-slot.com/SHOP/kitadensi76.html
3343,沖ドキ!GOLD 30,,ミズホ,ホームスロット,ミズホ 沖ドキ！GOLD-30 中古パチスロ実機 [8ch対応],41500,有貨,https://home-slot.net/SHOP/s-mizuho-macy215.html
3343,沖ドキ!GOLD 30,,ミズホ,A-SLOT,ミズホ 沖ドキ！GOLD-30 中古パチスロ実機 [8ch対応][まるごと配送限定],51500,有貨,https://www.a-slot.com/SHOP/s-mizuho-macy215.html
3344,沖ドキ!ゴージャス 25φ,,エレコ,ホームスロット,エレコ 沖ドキ!ゴージャス 25φ 中古パチスロ実機 [8ch対応][まるごと配送限定],1248600,有貨,https://home-slot.net/SHOP/s-eleco208.html
3344,沖ドキ!ゴージャス 25φ,,エレコ,A-SLOT,エレコ 沖ドキ!ゴージャス 25φ 中古パチスロ実機 [8ch対応][まるごと配送限定],1258600,有貨,https://www.a-slot.com/SHOP/s-eleco208.html
3345,沖ドキ!ゴージャス 30φ,,エレコ,ホームスロット,エレコ 沖ドキ!ゴージャス 30φ 中古パチスロ実機 [8ch対応][まるごと配送限定],1970800,有貨,https://home-slot.net/SHOP/s-eleco207.html
3345,沖ドキ!ゴージャス 30φ,,エレコ,A-SLOT,エレコ 沖ドキ!ゴージャス 30φ 中古パチスロ実機 [8ch対応][まるごと配送限定],1980800,有貨,https://www.a-slot.com/SHOP/s-eleco207.html
3346,番長外伝 盗忍!剛衛門,,大都技研,ホームスロット,大都技研 番長外伝 盗忍！剛衛門 中古パチスロ実機,54100,售完,https://home-slot.net/SHOP/s-daitogiken66.html
3346,番長外伝 盗忍!剛衛門,,大都技研,A-SLOT,【お取り寄せ商品】大都技研 番長外伝 盗忍！剛衛門 中古パチスロ実機 [8ch対応],64100,有貨,https://www.a-slot.com/SHOP/daitogiken66.html
3349,笑ゥせぇるすまん2,,SANYO,ホームスロット,SANYO パチスロ笑ゥせぇるすまん2 中古パチスロ実機,54100,售完,https://home-slot.net/SHOP/s-sanyo16.html
3349,笑ゥせぇるすまん2,,SANYO,A-SLOT,SANYO パチスロ笑ゥせぇるすまん2 中古パチスロ実機 [4ch対応],64100,售完,https://www.a-slot.com/SHOP/sanyo16.html
3350,笑ゥせぇるすまん4,S,SANYO,ホームスロット,SANYO S笑ゥせぇるすまん4 中古パチスロ実機,35100,有貨,https://home-slot.net/SHOP/s-sanyo204.html
3350,笑ゥせぇるすまん4,S,SANYO,A-SLOT,SANYO S笑ゥせぇるすまん4 中古パチスロ実機,45100,有貨,https://www.a-slot.com/SHOP/s-sanyo204.html
3353,聖闘士星矢 冥王復活,S,SANYO,ホームスロット,SANYO S聖闘士星矢 冥王復活 中古パチスロ実機,35100,有貨,https://home-slot.net/SHOP/s-sanyo203.html
3353,聖闘士星矢 冥王復活,S,SANYO,A-SLOT,SANYO S聖闘士星矢 冥王復活 中古パチスロ実機 [8ch対応],45100,有貨,https://www.a-slot.com/SHOP/sanyo203.html
3354,聖闘士星矢 女神聖戦,,SANYO,ホームスロット,SANYO パチスロ聖闘士星矢－女神聖戦－ 中古パチスロ実機,36400,售完,https://home-slot.net/SHOP/s-sanyo23.html
3354,聖闘士星矢 女神聖戦,,SANYO,A-SLOT,SANYO パチスロ聖闘士星矢－女神聖戦－ 中古パチスロ実機 [8ch対応],46400,售完,https://www.a-slot.com/SHOP/sanyo23.html
3355,聖闘士星矢 海皇覚醒,,SANYO,ホームスロット,SANYO パチスロ聖闘士星矢 海皇覚醒 中古パチスロ実機,54100,售完,https://home-slot.net/SHOP/s-sanyo28.html
3355,聖闘士星矢 海皇覚醒,,SANYO,A-SLOT,SANYO パチスロ聖闘士星矢 海皇覚醒 中古パチスロ実機 [8ch対応],64100,有貨,https://www.a-slot.com/SHOP/sanyo28.html
3365,輪廻のラグランジェ,,Sammy,ホームスロット,サミー パチスロ輪廻のラグランジェ 中古パチスロ実機,168800,售完,https://home-slot.net/SHOP/s-sammy103.html
3365,輪廻のラグランジェ,,Sammy,A-SLOT,サミー パチスロ輪廻のラグランジェ 中古パチスロ実機 [4ch対応],178800,有貨,https://www.a-slot.com/SHOP/sammy103.html
3366,銀座 うる星やつら3,,,ホームスロット,銀座 うる星やつら3 中古パチスロ実機,93600,售完,https://home-slot.net/SHOP/s-ginza30.html
3366,銀座 うる星やつら3,,,A-SLOT,銀座 うる星やつら3 中古パチスロ実機 [4ch対応],103600,售完,https://www.a-slot.com/SHOP/ginza30.html
3367,銀座 ゴールデンカムイ,スマスロ,,ホームスロット,銀座 スマスロ ゴールデンカムイ 中古パチスロ実機 [スマスロ] [8ch対応],68500,售完,https://home-slot.net/SHOP/s-ginza210.html
3367,銀座 ゴールデンカムイ,スマスロ,,A-SLOT,【お取り寄せ商品】銀座 スマスロ ゴールデンカムイ 中古パチスロ実機 [スマスロ][8ch対応][まるごと配送限定],78500,有貨,https://www.a-slot.com/SHOP/s-ginza210.html
3368,銀座 リングにかけろ,,,ホームスロット,銀座 リングにかけろ 中古パチスロ実機,57900,售完,https://home-slot.net/SHOP/s-ginza2.html
3368,銀座 リングにかけろ,,,A-SLOT,銀座 リングにかけろ 中古パチスロ実機 [4ch対応],67900,售完,https://www.a-slot.com/SHOP/ginza2.html
3371,頭文字D 啓介パネル,,Sammy,ホームスロット,サミー パチスロ頭文字D 啓介パネル 中古パチスロ実機 [8ch対応],38100,有貨,https://home-slot.net/SHOP/s-sammy211_keisuke.html
3371,頭文字D 啓介パネル,,Sammy,A-SLOT,サミー パチスロ頭文字D 啓介パネル 中古パチスロ実機 [8ch対応][まるごと配送限定],48100,有貨,https://www.a-slot.com/SHOP/sammy211_keisuke.html
3377,A SLOT 偽物語,,Sammy,ホームスロット,サミー A-SLOT 偽物語 中古パチスロ実機,68500,售完,https://home-slot.net/SHOP/s-sammy124.html
3377,A SLOT 偽物語,,Sammy,A-SLOT,サミー A-SLOT 偽物語 中古パチスロ実機 [4ch対応],78500,售完,https://www.a-slot.com/SHOP/sammy124.html
3395,IGT ザ ターミネーター,4号機,,A-SLOT,【4号機】IGT ターミネーター 中古パチスロ実機 [4ch対応],53820,售完,https://www.a-slot.com/SHOP/igt18.html
3395,IGT ザ ターミネーター,4号機,,A-SLOT,【4号機】IGT ザ・ターミネーター 中古パチスロ実機 [4ch対応],55000,售完,https://www.a-slot.com/SHOP/igt_the_terminator.html
3396,IGT トリコロールα,,,A-SLOT,【4号機】IGT トリコロールα 中古パチスロ実機 [4ch対応],35820,售完,https://www.a-slot.com/SHOP/igt200.html
3396,IGT トリコロールα,,,ホームスロット,IGT トリコロールα 中古パチスロ実機,43967,售完,https://home-slot.net/SHOP/s-igt200.html
3397,IGT 夢幻の如く,,,ホームスロット,IGT 夢幻の如く 中古パチスロ実機,45300,售完,https://home-slot.net/SHOP/s-igt11.html
3397,IGT 夢幻の如く,,,A-SLOT,IGT 夢幻の如く 中古パチスロ実機 [4ch対応],55300,售完,https://www.a-slot.com/SHOP/igt11.html
3400,JPS ドルマッチ,,,A-SLOT,JPS ドルマッチ 中古パチスロ実機 [8ch対応],23367,售完,https://www.a-slot.com/SHOP/jps21.html
3400,JPS ドルマッチ,,,ホームスロット,JPS ドルマッチ 中古パチスロ実機,38508,售完,https://home-slot.net/SHOP/s-jps21.html
3401,KPE スパイガール,,,ホームスロット,KPE スパイガール 中古パチスロ実機,35100,售完,https://home-slot.net/SHOP/s-kpe15.html
3401,KPE スパイガール,,,A-SLOT,KPE スパイガール 中古パチスロ実機 [4ch対応],45100,售完,https://www.a-slot.com/SHOP/kpe15.html
3403,KPE 激闘!西遊記,,,ホームスロット,KPE 激闘！西遊記 中古パチスロ実機,54100,售完,https://home-slot.net/SHOP/s-kpe45.html
3403,KPE 激闘!西遊記,,,A-SLOT,KPE 激闘！西遊記 中古パチスロ実機 [8ch対応],64100,售完,https://www.a-slot.com/SHOP/kpe45.html
3404,KPE 魂斗羅3D,,,ホームスロット,KPE 魂斗羅3D 中古パチスロ実機,35100,售完,https://home-slot.net/SHOP/s-kpe43.html
3404,KPE 魂斗羅3D,,,A-SLOT,KPE 魂斗羅3D 中古パチスロ実機 [4ch対応],45100,售完,https://www.a-slot.com/SHOP/kpe43.html
3405,NET なでしこ侍,,,ホームスロット,NET なでしこ侍 中古パチスロ実機,41500,售完,https://home-slot.net/SHOP/s-net37.html
3405,NET なでしこ侍,,,A-SLOT,NET なでしこ侍 中古パチスロ実機 [4ch対応],51500,售完,https://www.a-slot.com/SHOP/net37.html
3409,NET チバリヨ2,スマスロ,,ホームスロット,NET チバリヨ2 中古パチスロ実機 [スマスロ],35100,有貨,https://home-slot.net/SHOP/s-net220.html
3409,NET チバリヨ2,スマスロ,,A-SLOT,NET チバリヨ2 中古パチスロ実機 [スマスロ][8ch対応],45100,有貨,https://www.a-slot.com/SHOP/s-net220.html
3410,NET ドラキュラ,,,ホームスロット,NET ドラキュラ 中古パチスロ実機,68500,售完,https://home-slot.net/SHOP/s-net20.html
3410,NET ドラキュラ,,,A-SLOT,NET ドラキュラ 中古パチスロ実機 [4ch対応],78500,售完,https://www.a-slot.com/SHOP/net20.html
3412,NET 茉莉花の剣,,,ホームスロット,NET パチスロ 茉莉花の剣 中古パチスロ実機,19800,售完,https://home-slot.net/SHOP/s-net16.html
3412,NET 茉莉花の剣,,,A-SLOT,NET パチスロ 茉莉花の剣 中古パチスロ実機 [4ch対応],45100,售完,https://www.a-slot.com/SHOP/net16.html
3414,S BIG島唄30,,オリンピア,ホームスロット,オリンピアエステート S BIG島唄30 中古パチスロ実機,35100,售完,https://home-slot.net/SHOP/s-olympia222.html
3414,S BIG島唄30,,オリンピア,A-SLOT,【お取り寄せ商品】オリンピアエステート S BIG島唄30 中古パチスロ実機,45100,有貨,https://www.a-slot.com/SHOP/s-olympia222.html
3415,SLOTえとたま,,メーシー,ホームスロット,メーシー SLOTえとたま 中古パチスロ実機 [8ch対応],45300,有貨,https://home-slot.net/SHOP/s-mizuho-macy211.html
3415,SLOTえとたま,,メーシー,A-SLOT,メーシー SLOTえとたま 中古パチスロ実機 [8ch対応][まるごと配送限定],55300,有貨,https://www.a-slot.com/SHOP/s-mizuho-macy211.html
3416,SLOTギャラガ,,メーシー,ホームスロット,メーシー SLOTギャラガ 中古パチスロ実機,35100,有貨,https://home-slot.net/SHOP/s-mizuho-macy203.html
3416,SLOTギャラガ,,メーシー,A-SLOT,メーシー SLOTギャラガ 中古パチスロ実機 [8ch対応],45100,有貨,https://www.a-slot.com/SHOP/mizuho-macy203.html
3417,TRIVY クローズ,,,A-SLOT,TRIVY クローズ 中古パチスロ実機 [4ch対応],22174,售完,https://www.a-slot.com/SHOP/trivy4.html
3417,TRIVY クローズ,,,ホームスロット,TRIVY クローズ 中古パチスロ実機,35209,售完,https://home-slot.net/SHOP/s-trivy4.html
3419,おとめ妖怪ざくろ,,北電子,ホームスロット,北電子 パチスロ おとめ妖怪ざくろ 中古パチスロ実機,37700,有貨,https://home-slot.net/SHOP/s-kitadenshi72.html
3419,おとめ妖怪ざくろ,,北電子,A-SLOT,北電子 パチスロ おとめ妖怪ざくろ 中古パチスロ実機 [4ch対応],47700,有貨,https://www.a-slot.com/SHOP/kitadensi72.html
3420,からくりサーカス2,スマスロ,SANKYO,ホームスロット,SANKYO Lパチスロ からくりサーカス2 中古パチスロ実機 [スマスロ][まるごと配送限定],450200,有貨,https://home-slot.net/SHOP/s-sankyo235.html
3420,からくりサーカス2,スマスロ,SANKYO,A-SLOT,SANKYO Lパチスロ からくりサーカス2 中古パチスロ実機 [スマスロ][まるごと配送限定],523600,有貨,https://www.a-slot.com/SHOP/s-sankyo235.html
3423,ぱちスロ ギャグダー,,京楽,ホームスロット,京楽 ぱちスロ ギャグダー 中古パチスロ実機 [まるごと配送限定],54100,有貨,https://home-slot.net/SHOP/s-kyoraku204.html
3423,ぱちスロ ギャグダー,,京楽,A-SLOT,京楽 ぱちスロ ギャグダー 中古パチスロ実機[まるごと配送限定],64100,有貨,https://www.a-slot.com/SHOP/kyoraku204.html
3424,ぱちスロ水戸黄門,,京楽,ホームスロット,京楽 ぱちスロ水戸黄門 中古パチスロ実機,78700,售完,https://home-slot.net/SHOP/s-kyoraku7.html
3424,ぱちスロ水戸黄門,,京楽,A-SLOT,京楽 ぱちスロ水戸黄門 中古パチスロ実機 [8ch対応],88700,售完,https://www.a-slot.com/SHOP/kyoraku7.html
3425,みうのおしゃべり,,岡崎産業,ホームスロット,岡崎産業 みうのおしゃべりパチスロ 中古パチスロ実機,54100,有貨,https://home-slot.net/SHOP/s-okazaki200.html
3425,みうのおしゃべり,,岡崎産業,A-SLOT,岡崎産業 みうのおしゃべりパチスロ 中古パチスロ実機 [4ch対応],64100,有貨,https://www.a-slot.com/SHOP/okazaki200.html
3426,みどりのマキバオー,,平和,A-SLOT,平和 みどりのマキバオー 中古パチスロ実機 [4ch対応],39867,售完,https://www.a-slot.com/SHOP/heiwa55.html
3426,みどりのマキバオー,,平和,ホームスロット,平和 みどりのマキバオー 中古パチスロ実機,68500,售完,https://home-slot.net/SHOP/s-heiwa55.html
3427,みんなのジャグラー,,北電子,ホームスロット,北電子 みんなのジャグラー 中古パチスロ実機,41500,售完,https://home-slot.net/SHOP/s-kitadenshi58.html
3427,みんなのジャグラー,,北電子,A-SLOT,北電子 みんなのジャグラー 中古パチスロ実機 [4ch対応],51500,售完,https://www.a-slot.com/SHOP/kitadenshi58.html
3429,やじきた道中記乙,,ミズホ,ホームスロット,ミズホ やじきた道中記乙 中古パチスロ実機,68500,售完,https://home-slot.net/SHOP/s-mizuho-macy43.html
3429,やじきた道中記乙,,ミズホ,A-SLOT,メーシー やじきた道中記乙 中古パチスロ実機 [8ch対応],78500,售完,https://www.a-slot.com/SHOP/mizuho-macy43.html
3431,アカギ~永続の闘牌~,,藤商事,ホームスロット,藤商事 アカギ～永続の闘牌～ 中古パチスロ実機,35209,售完,https://home-slot.net/SHOP/s-fuji3.html
3431,アカギ~永続の闘牌~,,藤商事,A-SLOT,藤商事 アカギ～永続の闘牌～ 中古パチスロ実機 [4ch対応],37483,售完,https://www.a-slot.com/SHOP/fuji3.html
3433,アクロス B MAX,,,ホームスロット,アクロス B-MAX 中古パチスロ実機,35100,售完,https://home-slot.net/SHOP/s-across2.html
3433,アクロス B MAX,,,A-SLOT,アクロス B-MAX 中古パチスロ実機 [8ch対応],45100,售完,https://www.a-slot.com/SHOP/across2.html
3436,アムテックス 花伝,,,ホームスロット,アムテックス パチスロ花伝 中古パチスロ実機,35100,售完,https://home-slot.net/SHOP/s-amt205.html
3436,アムテックス 花伝,,,A-SLOT,アムテックス パチスロ花伝 中古パチスロ実機 [4ch対応],45100,售完,https://www.a-slot.com/SHOP/amt205.html
3439,エマ イミソーレ2R,,,ホームスロット,エマ イミソーレ2R 中古パチスロ実機 [4ch対応],68500,售完,https://home-slot.net/SHOP/s-ema5.html
3439,エマ イミソーレ2R,,,A-SLOT,エマ イミソーレ2R 中古パチスロ実機 [4ch対応],78500,售完,https://www.a-slot.com/SHOP/ema5.html
3440,オーイズミ 009 1,,,A-SLOT,オーイズミ 009-1 中古パチスロ実機 [4ch対応],22267,售完,https://www.a-slot.com/SHOP/oizumi9.html
3440,オーイズミ 009 1,,,ホームスロット,オーイズミ 009-1 中古パチスロ実機,33467,售完,https://home-slot.net/SHOP/s-oizumi9.html
3443,カイジ バニーパネル,,ロデオ,A-SLOT,【4号機】ロデオ カイジ バニーパネル 中古パチスロ実機 [4ch対応],51500,售完,https://www.a-slot.com/SHOP/rodeo7_1.html
3443,カイジ バニーパネル,,ロデオ,ホームスロット,ロデオ カイジ バニーパネル 中古パチスロ実機,57150,售完,https://home-slot.net/SHOP/s-rodeo7_1.html
3444,カウボーイビバップ,,オリンピア,ホームスロット,オリンピア パチスロ カウボーイビバップ 枠色不問 中古パチスロ実機,35100,售完,https://home-slot.net/SHOP/s-heiwa111.html
3444,カウボーイビバップ,,オリンピア,A-SLOT,オリンピア パチスロ カウボーイビバップ 枠色不問 中古パチスロ実機 [4ch対応],45100,售完,https://www.a-slot.com/SHOP/heiwa111.html
3446,キャプテンパルサー,,山佐,ホームスロット,山佐 キャプテンパルサー 中古パチスロ実機,198700,售完,https://home-slot.net/SHOP/s-yamasa92.html
3446,キャプテンパルサー,,山佐,A-SLOT,【お取り寄せ商品】山佐 キャプテンパルサー 中古パチスロ実機 [4ch対応],208700,有貨,https://www.a-slot.com/SHOP/yamasa92.html
3447,キングハイビ 30,,パイオニア,ホームスロット,パイオニア キングハイビ－30 中古パチスロ実機,68500,售完,https://home-slot.net/SHOP/s-pioneer14.html
3447,キングハイビ 30,,パイオニア,A-SLOT,パイオニア キングハイビ－30 中古パチスロ実機 [8ch対応],78500,售完,https://www.a-slot.com/SHOP/pioneer14.html
3449,クランキークレスト,,ミズホ,ホームスロット,ミズホ クランキークレスト 中古パチスロ実機 [8ch対応],46500,有貨,https://home-slot.net/SHOP/s-mizuho-macy220.html
3449,クランキークレスト,,ミズホ,A-SLOT,ミズホ クランキークレスト 中古パチスロ実機 [8ch対応][まるごと配送限定],56500,有貨,https://www.a-slot.com/SHOP/s-mizuho-macy220.html
3450,コンチネンタル5,,メーシー,ホームスロット,メーシー コンチネンタル5 中古パチスロ実機,32276,售完,https://home-slot.net/SHOP/s-mizuho-macy29.html
3450,コンチネンタル5,,メーシー,A-SLOT,メーシー コンチネンタル5 中古パチスロ実機 [8ch対応],44820,售完,https://www.a-slot.com/SHOP/mizuho-macy29.html
3451,ゴーゴージャグラーKK,,北電子,ホームスロット,北電子 ゴーゴージャグラーKK 中古パチスロ実機,35100,售完,https://home-slot.net/SHOP/s-kitadenshi70.html
3451,ゴーゴージャグラーKK,,北電子,A-SLOT,北電子 ゴーゴージャグラーKK 中古パチスロ実機 [4ch対応],45100,售完,https://www.a-slot.com/SHOP/kitadenshi70.html
3453,サイバードラゴン2,,山佐,ホームスロット,山佐 サイバードラゴン2 中古パチスロ実機,54100,售完,https://home-slot.net/SHOP/s-yamasa74.html
3453,サイバードラゴン2,,山佐,A-SLOT,山佐 サイバードラゴン2 中古パチスロ実機 [4ch対応],64100,售完,https://www.a-slot.com/SHOP/yamasa74.html
3454,サボハニ いざ!番長,スマスロ,,ホームスロット,サボハニ いざ！番長 中古パチスロ実機 [スマスロ],35100,有貨,https://home-slot.net/SHOP/s-daito221.html
3454,サボハニ いざ!番長,スマスロ,,A-SLOT,サボハニ いざ！番長 中古パチスロ実機 [スマスロ] [8ch対応],45100,有貨,https://www.a-slot.com/SHOP/s-daito221.html
3458,シャドウハーツII,,ミズホ,ホームスロット,ミズホ シャドウハーツII 中古パチスロ実機,35100,售完,https://home-slot.net/SHOP/s-mizuho-macy13.html
3458,シャドウハーツII,,ミズホ,A-SLOT,ミズホ シャドウハーツII 中古パチスロ実機 [4ch対応],45100,售完,https://www.a-slot.com/SHOP/mizuho-macy13.html
3460,スターハナハナ 30,,パイオニア,ホームスロット,パイオニア スターハナハナ-30 中古パチスロ実機 [4ch対応],98500,有貨,https://home-slot.net/SHOP/s-pioneer226.html
3460,スターハナハナ 30,,パイオニア,A-SLOT,パイオニア スターハナハナ-30 中古パチスロ実機 [4ch対応],108500,有貨,https://www.a-slot.com/SHOP/s-pioneer226.html
3461,スーパーハナハナ‐30,,パイオニア,ホームスロット,パイオニア スーパーハナハナ‐30 中古パチスロ実機,41500,售完,https://home-slot.net/SHOP/s-pioneer209.html
3461,スーパーハナハナ‐30,,パイオニア,A-SLOT,パイオニア スーパーハナハナ‐30 中古パチスロ実機,51500,售完,https://www.a-slot.com/SHOP/pioneer209.html
3462,スーパーバニーガール 黒 Y,,オリンピア,ホームスロット,オリンピア スーパーバニーガール（黒） 中古パチスロ実機,64542,售完,https://home-slot.net/SHOP/s-heiwa26.html
3462,スーパーバニーガール 黒 Y,,オリンピア,A-SLOT,オリンピア スーパーバニーガール（黒） 中古パチスロ実機 [4ch対応]Y,142200,售完,https://www.a-slot.com/SHOP/heiwa26.html
3463,スーパービンゴSP3,,ベルコ,A-SLOT,ベルコ スーパービンゴSP3 中古パチスロ実機 [4ch対応],25566,售完,https://www.a-slot.com/SHOP/bellco3.html
3463,スーパービンゴSP3,,ベルコ,ホームスロット,ベルコ スーパービンゴSP3 中古パチスロ実機,36309,售完,https://home-slot.net/SHOP/s-bellco3.html
3464,スーパービンゴリゾート,,ベルコ,ホームスロット,ベルコ スーパービンゴリゾート 中古パチスロ実機,35100,售完,https://home-slot.net/SHOP/s-bellco14.html
3464,スーパービンゴリゾート,,ベルコ,A-SLOT,ベルコ スーパービンゴリゾート 中古パチスロ実機 [4ch対応],45100,售完,https://www.a-slot.com/SHOP/bellco14.html
3465,スーパービンゴリバース,,ベルコ,ホームスロット,ベルコ スーパービンゴリバース 中古パチスロ実機,37700,售完,https://home-slot.net/SHOP/s-bellco202.html
3465,スーパービンゴリバース,,ベルコ,A-SLOT,ベルコ スーパービンゴリバース 中古パチスロ実機 [4ch対応],47700,售完,https://www.a-slot.com/SHOP/bellco202.html
3466,ゾンビランドサガ,スマスロ,大都技研,ホームスロット,大都技研 スロット ゾンビランドサガ 中古パチスロ実機 [スマスロ] [8ch対応],59100,有貨,https://home-slot.net/SHOP/s-daito216.html
3466,ゾンビランドサガ,スマスロ,大都技研,A-SLOT,大都技研 スロット ゾンビランドサガ 中古パチスロ実機 [スマスロ] [8ch対応],69100,有貨,https://www.a-slot.com/SHOP/s-daito216.html
3468,タイムレスキューS,,山佐,ホームスロット,山佐 タイムレスキューS 中古パチスロ実機,68500,售完,https://home-slot.net/SHOP/s-yamasa49.html
3468,タイムレスキューS,,山佐,A-SLOT,山佐 タイムレスキューS 中古パチスロ実機 [4ch対応],78500,售完,https://www.a-slot.com/SHOP/yamasa49.html
3469,タイヨー 一騎当千A,,,ホームスロット,タイヨー 一騎当千A 中古パチスロ実機,54100,售完,https://home-slot.net/SHOP/s-taiyo_elec4.html
3469,タイヨー 一騎当千A,,,A-SLOT,タイヨー 一騎当千A 中古パチスロ実機 [4ch対応],64100,售完,https://www.a-slot.com/SHOP/taiyo_elec4.html
3471,チャレンジマンA,,岡崎産業,A-SLOT,岡崎産業 チャレンジマンA 中古パチスロ実機 [4ch対応],58567,售完,https://www.a-slot.com/SHOP/okazaki4.html
3471,チャレンジマンA,,岡崎産業,ホームスロット,岡崎産業 チャレンジマンA 中古パチスロ実機,71600,售完,https://home-slot.net/SHOP/s-okazaki4.html
3473,テンパイラッシュ,,パイオニア,ホームスロット,パイオニア テンパイラッシュ 中古パチスロ実機,47800,售完,https://home-slot.net/SHOP/s-pioneer26.html
3473,テンパイラッシュ,,パイオニア,A-SLOT,パイオニア テンパイラッシュ 中古パチスロ実機 [8ch対応],57800,售完,https://www.a-slot.com/SHOP/pioneer26.html
3474,ディスクアップ2,,Sammy,ホームスロット,サミー パチスロディスクアップ2 中古パチスロ実機 [8ch対応],59100,有貨,https://home-slot.net/SHOP/s-sammy217.html
3474,ディスクアップ2,,Sammy,A-SLOT,サミー パチスロディスクアップ2 中古パチスロ実機 [8ch対応][まるごと配送限定],69100,有貨,https://www.a-slot.com/SHOP/sammy217.html
3477,トップをねらえ2!,,平和,ホームスロット,平和 パチスロ トップをねらえ2! 中古パチスロ実機,78700,售完,https://home-slot.net/SHOP/s-heiwa52.html
3477,トップをねらえ2!,,平和,A-SLOT,平和 パチスロ トップをねらえ2! 中古パチスロ実機 [4ch対応],88700,售完,https://www.a-slot.com/SHOP/heiwa52.html
3479,ニューゲッターマウス,,エレコ,ホームスロット,エレコ ニューゲッターマウス 中古パチスロ実機 [8ch対応],35100,有貨,https://home-slot.net/SHOP/s-eleco204.html
3479,ニューゲッターマウス,,エレコ,A-SLOT,エレコ ニューゲッターマウス 中古パチスロ実機 [8ch対応][まるごと配送限定],45100,有貨,https://www.a-slot.com/SHOP/s-eleco204.html
3480,ニュースモモチャン,,ニューギン,ホームスロット,ニューギン パチスロ ニュースモモチャン 中古パチスロ実機,35100,有貨,https://home-slot.net/SHOP/s-newgin35.html
3480,ニュースモモチャン,,ニューギン,A-SLOT,ニューギン パチスロ ニュースモモチャン 中古パチスロ実機 [4ch対応],45100,有貨,https://www.a-slot.com/SHOP/newgin35.html
3481,ニューハナハナ30,,パイオニア,A-SLOT,パイオニア ニューハナハナ30 中古パチスロ実機 [4ch対応],23549,售完,https://www.a-slot.com/SHOP/pioneer3.html
3481,ニューハナハナ30,,パイオニア,ホームスロット,パイオニア ニューハナハナ30 中古パチスロ実機,37909,售完,https://home-slot.net/SHOP/s-pioneer3.html
3482,ハイハイシオサイ,,パイオニア,ホームスロット,パイオニア ハイハイシオサイ 中古パチスロ実機,38900,售完,https://home-slot.net/SHOP/s-pioneer204.html
3482,ハイハイシオサイ,,パイオニア,A-SLOT,パイオニア ハイハイシオサイ 中古パチスロ実機 [4ch対応],48900,售完,https://www.a-slot.com/SHOP/pioneer204.html
3483,ハイビリターン 30,,パイオニア,ホームスロット,パイオニア ハイビリターン-30 中古パチスロ実機 [4ch対応],143400,有貨,https://home-slot.net/SHOP/s-pioneer229.html
3483,ハイビリターン 30,,パイオニア,A-SLOT,パイオニア ハイビリターン-30 中古パチスロ実機 [4ch対応],153400,有貨,https://www.a-slot.com/SHOP/s-pioneer229.html
3486,バーサスリヴァイズ,,エレコ,ホームスロット,エレコ バーサスリヴァイズ 中古パチスロ実機 [8ch対応],47800,有貨,https://home-slot.net/SHOP/s-eleco203.html
3486,バーサスリヴァイズ,,エレコ,A-SLOT,エレコ バーサスリヴァイズ 中古パチスロ実機 [8ch対応][まるごと配送限定],57800,有貨,https://www.a-slot.com/SHOP/eleco203.html
3487,バーストエンジェル,,山佐,ホームスロット,山佐 パチスロ バーストエンジェル 中古パチスロ実機,54100,售完,https://home-slot.net/SHOP/s-yamasa100.html
3487,バーストエンジェル,,山佐,A-SLOT,山佐 パチスロ バーストエンジェル 中古パチスロ実機 [4ch対応],64100,售完,https://www.a-slot.com/SHOP/yamasa100.html
3488,ビーキッズクラブR,,オリンピア,ホームスロット,オリンピア ビーキッズクラブR 中古パチスロ実機,45300,售完,https://home-slot.net/SHOP/s-heiwa65.html
3488,ビーキッズクラブR,,オリンピア,A-SLOT,オリンピア ビーキッズクラブR 中古パチスロ実機 [4ch対応],55300,售完,https://www.a-slot.com/SHOP/heiwa65.html
3492,ピンクパンサーSP,,山佐,ホームスロット,山佐 パチスロ ピンクパンサーSP 中古パチスロ実機 [4ch対応],35100,售完,https://home-slot.net/SHOP/s-yamasa225.html
3492,ピンクパンサーSP,,山佐,A-SLOT,【お取り寄せ商品】山佐 パチスロ ピンクパンサーSP 中古パチスロ実機 [4ch対応],45100,有貨,https://www.a-slot.com/SHOP/s-yamasa225.html
3494,ファンキージャグラー,,北電子,ホームスロット,北電子 ファンキージャグラー 中古パチスロ実機,47800,售完,https://home-slot.net/SHOP/s-kitadenshi78.html
3494,ファンキージャグラー,,北電子,A-SLOT,北電子 ファンキージャグラー 中古パチスロ実機 [4ch対応],57800,售完,https://www.a-slot.com/SHOP/kitadensi78.html
3498,プレミアムビンゴ,,ベルコ,ホームスロット,ベルコ プレミアムビンゴ 中古パチスロ実機,38100,售完,https://home-slot.net/SHOP/s-bellco12.html
3498,プレミアムビンゴ,,ベルコ,A-SLOT,ベルコ プレミアムビンゴ 中古パチスロ実機 [4ch対応],48100,售完,https://www.a-slot.com/SHOP/bellco12.html
3499,ボンバーパワフル3,,SANKYO,ホームスロット,SANKYO パチスロ ボンバーパワフル3 中古パチスロ実機,35100,有貨,https://home-slot.net/SHOP/s-sankyo210.html
3499,ボンバーパワフル3,,SANKYO,A-SLOT,SANKYO パチスロ ボンバーパワフル3 中古パチスロ実機 [4ch対応],45100,有貨,https://www.a-slot.com/SHOP/s-sankyo210.html
3501,マイフラワー2 30,,北電子,ホームスロット,北電子 マイフラワー2-30 中古パチスロ実機,40100,有貨,https://home-slot.net/SHOP/s-kitadenshi211.html
3501,マイフラワー2 30,,北電子,A-SLOT,北電子 マイフラワー2-30 中古パチスロ実機 [4ch対応],50100,有貨,https://www.a-slot.com/SHOP/s-kitadenshi211.html
3502,マタドールII 30,,北電子,ホームスロット,北電子 マタドールII－30 中古パチスロ実機,41500,售完,https://home-slot.net/SHOP/s-kitadenshi79.html
3502,マタドールII 30,,北電子,A-SLOT,北電子 マタドールII－30 中古パチスロ実機 [4ch対応],51500,售完,https://www.a-slot.com/SHOP/kitadensi79.html
3507,ヤーマ ビッグアップ,,,ホームスロット,ヤーマ ビッグアップ 中古パチスロ実機,35100,售完,https://home-slot.net/SHOP/s-yam7.html
3507,ヤーマ ビッグアップ,,,A-SLOT,ヤーマ ビッグアップ 中古パチスロ実機 [4ch対応],45100,售完,https://www.a-slot.com/SHOP/yam7.html
3509,ラクラクビスカス,,パイオニア,ホームスロット,パイオニア ラクラクビスカス 中古パチスロ実機,74900,售完,https://home-slot.net/SHOP/s-pioneer21.html
3509,ラクラクビスカス,,パイオニア,A-SLOT,パイオニア ラクラクビスカス 中古パチスロ実機 [4ch対応],84900,售完,https://www.a-slot.com/SHOP/pioneer21.html
3510,ラブリージャグラーA,,北電子,ホームスロット,北電子 ラブリージャグラーA 中古パチスロ実機,54100,售完,https://home-slot.net/SHOP/s-kitadenshi16.html
3510,ラブリージャグラーA,,北電子,A-SLOT,北電子 ラブリージャグラーA 中古パチスロ実機 [4ch対応],64100,售完,https://www.a-slot.com/SHOP/kitadenshi16.html
3514,リング 恐襲ノ連鎖,S,藤商事,ホームスロット,JFJ Sリング 恐襲ノ連鎖 中古パチスロ実機,41500,售完,https://home-slot.net/SHOP/s-jfj200.html
3514,リング 恐襲ノ連鎖,S,藤商事,A-SLOT,【お取り寄せ商品】JFJ Sリング 恐襲ノ連鎖 中古パチスロ実機 [4ch対応],51500,有貨,https://www.a-slot.com/SHOP/jfj200.html
3515,リング 運命の秒刻,,藤商事,ホームスロット,藤商事 パチスロ リング 運命の秒刻 中古パチスロ実機,38900,售完,https://home-slot.net/SHOP/s-fuji204.html
3515,リング 運命の秒刻,,藤商事,A-SLOT,【お取り寄せ商品】藤商事 パチスロ リング 運命の秒刻 中古パチスロ実機 [4ch対応],48900,有貨,https://www.a-slot.com/SHOP/fuji204.html
3517,ロストアイランド,,Sammy,ホームスロット,サミー パチスロ ロストアイランド 中古パチスロ実機,168800,售完,https://home-slot.net/SHOP/s-sammy106.html
3517,ロストアイランド,,Sammy,A-SLOT,サミー パチスロ ロストアイランド 中古パチスロ実機 [4ch対応],178800,售完,https://www.a-slot.com/SHOP/sammy106.html
3518,不二子TYPE A+,,オリンピア,ホームスロット,オリンピア 不二子TYPE A+ 中古パチスロ実機,41500,售完,https://home-slot.net/SHOP/s-heiwa146.html
3518,不二子TYPE A+,,オリンピア,A-SLOT,オリンピア 不二子TYPE A+ 中古パチスロ実機 [8ch対応],51500,售完,https://www.a-slot.com/SHOP/heiwa146.html
3520,俺の空~蒼き正義魂~,,ロデオ,ホームスロット,ロデオ 俺の空～蒼き正義魂～ 中古パチスロ実機,54100,售完,https://home-slot.net/SHOP/s-rodeo29.html
3520,俺の空~蒼き正義魂~,,ロデオ,A-SLOT,【お取り寄せ商品】ロデオ 俺の空～蒼き正義魂～ 中古パチスロ実機 [4ch対応],64100,有貨,https://www.a-slot.com/SHOP/rodeo29.html
3521,傷物語 始マリノ刻,,ロデオ,ホームスロット,ロデオ パチスロ傷物語 -始マリノ刻- 中古パチスロ実機 [8ch対応],35100,有貨,https://home-slot.net/SHOP/s-rodeo205.html
3521,傷物語 始マリノ刻,,ロデオ,A-SLOT,ロデオ パチスロ傷物語 -始マリノ刻- 中古パチスロ実機 [8ch対応][まるごと配送限定],45100,有貨,https://www.a-slot.com/SHOP/s-rodeo205.html
3523,出番だ!葉月ちゃん,,エレコ,ホームスロット,エレコ 出番だ!葉月ちゃん 中古パチスロ実機,47800,售完,https://home-slot.net/SHOP/s-eleco30.html
3523,出番だ!葉月ちゃん,,エレコ,A-SLOT,エレコ 出番だ!葉月ちゃん 中古パチスロ実機 [8ch対応],57800,售完,https://www.a-slot.com/SHOP/eleco30.html
3530,巨人の星 猛虎花形,,スパイキー,ホームスロット,スパイキー 巨人の星 猛虎花形 中古パチスロ実機,89800,售完,https://home-slot.net/SHOP/s-spyki_8.html
3530,巨人の星 猛虎花形,,スパイキー,A-SLOT,スパイキー 巨人の星 猛虎花形 中古パチスロ実機 [4ch対応],99800,售完,https://www.a-slot.com/SHOP/spyki_8.html
3532,戦国コレクション,,高砂,ホームスロット,高砂 戦国コレクション 中古パチスロ実機,37700,售完,https://home-slot.net/SHOP/s-takasago9.html
3532,戦国コレクション,,高砂,A-SLOT,【お取り寄せ商品】高砂 戦国コレクション 中古パチスロ実機 [4ch対応],47700,有貨,https://www.a-slot.com/SHOP/takasago9.html
3533,戦律のストラタス,,高砂,ホームスロット,高砂 戦律のストラタス 中古パチスロ実機,83500,售完,https://home-slot.net/SHOP/s-takasago11.html
3533,戦律のストラタス,,高砂,A-SLOT,高砂 戦律のストラタス 中古パチスロ実機 [8ch対応],93500,售完,https://www.a-slot.com/SHOP/takasago11.html
3535,攻殻機動隊S.A.C.,,Sammy,ホームスロット,サミー パチスロ攻殻機動隊S.A.C. 中古パチスロ実機,89800,售完,https://home-slot.net/SHOP/s-sammy88.html
3535,攻殻機動隊S.A.C.,,Sammy,A-SLOT,サミー パチスロ攻殻機動隊S.A.C. 中古パチスロ実機 [4ch対応],99800,售完,https://www.a-slot.com/SHOP/sammy88.html
3536,東京リベンジャーズ,スマスロ,Sammy,ホームスロット,サミー スマスロ 東京リベンジャーズ 中古パチスロ実機 [スマスロ][8ch対応][まるごと配送限定],167400,有貨,https://home-slot.net/SHOP/s-sammy230.html
3536,東京リベンジャーズ,スマスロ,Sammy,A-SLOT,サミー スマスロ 東京リベンジャーズ 中古パチスロ実機 [スマスロ][8ch対応][まるごと配送限定],177400,有貨,https://www.a-slot.com/SHOP/s-sammy230.html
3537,梅花月 2ch対応,4号機,山佐,A-SLOT,【4号機】山佐 梅花月 中古パチスロ実機 [2ch対応],41883,售完,https://www.a-slot.com/SHOP/yamasa87.html
3537,梅花月 2ch対応,4号機,山佐,A-SLOT,【4号機】山佐 パチスロ花月 中古パチスロ実機 [2ch対応],69800,售完,https://www.a-slot.com/SHOP/yamasa118.html
3539,楽シーサーR ピンク Y,,SANKYO,ホームスロット,SANKYO 楽シーサーR （ピンク） 中古パチスロ実機,37700,售完,https://home-slot.net/SHOP/s-sankyo5.html
3539,楽シーサーR ピンク Y,,SANKYO,A-SLOT,SANKYO 楽シーサーR （ピンク） 中古パチスロ実機 [4ch対応]Y,47700,售完,https://www.a-slot.com/SHOP/sankyo5.html
3541,機甲戦記ドラグナー,,Sammy,ホームスロット,サミー パチスロ機甲戦記ドラグナー 中古パチスロ実機,35100,售完,https://home-slot.net/SHOP/s-sammy115.html
3541,機甲戦記ドラグナー,,Sammy,A-SLOT,サミー パチスロ機甲戦記ドラグナー 中古パチスロ実機 [4ch対応],45100,售完,https://www.a-slot.com/SHOP/sammy115.html
3542,沖ドキ!BLACK,,ミズホ,ホームスロット,ミズホ 沖ドキ！BLACK 中古パチスロ実機 [8ch対応][まるごと配送限定],762000,有貨,https://home-slot.net/SHOP/s-mizuho-macy222.html
3542,沖ドキ!BLACK,,ミズホ,A-SLOT,ミズホ 沖ドキ！BLACK 中古パチスロ実機 [8ch対応][まるごと配送限定],772000,有貨,https://www.a-slot.com/SHOP/s-mizuho-macy222.html
3543,涼宮ハルヒの憂鬱,,SANKYO,ホームスロット,SANKYO パチスロ 涼宮ハルヒの憂鬱 中古パチスロ実機,47800,售完,https://home-slot.net/SHOP/s-sankyo93.html
3543,涼宮ハルヒの憂鬱,,SANKYO,A-SLOT,SANKYO パチスロ 涼宮ハルヒの憂鬱 中古パチスロ実機 [4ch対応],57800,售完,https://www.a-slot.com/SHOP/sankyo93.html
3546,無双OROCHI,,山佐,ホームスロット,山佐 パチスロ無双ＯＲＯＣＨＩ 中古パチスロ実機,54100,售完,https://home-slot.net/SHOP/s-yamasa116.html
3546,無双OROCHI,,山佐,A-SLOT,山佐 パチスロ無双OROCHI 中古パチスロ実機 [4ch対応],64100,售完,https://www.a-slot.com/SHOP/yamasa116.html
3547,猛獣王 王者の咆哮,,Sammy,ホームスロット,サミー パチスロ猛獣王 王者の咆哮 中古パチスロ実機,35100,有貨,https://home-slot.net/SHOP/s-sammy205.html
3547,猛獣王 王者の咆哮,,Sammy,A-SLOT,サミー パチスロ猛獣王 王者の咆哮 中古パチスロ実機 [4ch対応],45100,有貨,https://www.a-slot.com/SHOP/sammy205.html
3550,秘宝伝 ~伝説への道~,,大都技研,ホームスロット,大都技研 秘宝伝 ～伝説への道～ 中古パチスロ実機,47800,售完,https://home-slot.net/SHOP/s-daitogiken54.html
3550,秘宝伝 ~伝説への道~,,大都技研,A-SLOT,【お取り寄せ商品】大都技研 秘宝伝 ～伝説への道～ 中古パチスロ実機 [8ch対応],57800,有貨,https://www.a-slot.com/SHOP/daitogiken54.html
3551,笑ゥせぇるすまん,,SANYO,ホームスロット,SANYO パチスロ笑ゥせぇるすまん 中古パチスロ実機,74900,售完,https://home-slot.net/SHOP/s-sanyo7.html
3551,笑ゥせぇるすまん,,SANYO,A-SLOT,SANYO パチスロ笑ゥせぇるすまん 中古パチスロ実機 [4ch対応],84900,售完,https://www.a-slot.com/SHOP/sanyo7.html
3552,紅き魂は桜の如く,,ベルコ,ホームスロット,ベルコ 紅き魂は桜の如く 中古パチスロ実機,41500,售完,https://home-slot.net/SHOP/s-bellco18.html
3552,紅き魂は桜の如く,,ベルコ,A-SLOT,ベルコ 紅き魂は桜の如く 中古パチスロ実機 [8ch対応],51500,售完,https://www.a-slot.com/SHOP/bellco18.html
3553,緋弾のアリアII,,藤商事,ホームスロット,JFJ パチスロ 緋弾のアリアII 中古パチスロ実機,40100,有貨,https://home-slot.net/SHOP/s-jfj201.html
3553,緋弾のアリアII,,藤商事,A-SLOT,JFJ パチスロ 緋弾のアリアII 中古パチスロ実機 [4ch対応],50100,售完,https://www.a-slot.com/SHOP/s-jfj201.html
3554,緑ドンVIVA2,,エレコ,ホームスロット,エレコ 緑ドンVIVA2 中古パチスロ実機,104800,售完,https://home-slot.net/SHOP/s-eleco64.html
3554,緑ドンVIVA2,,エレコ,A-SLOT,【お取り寄せ商品】エレコ 緑ドンVIVA2 中古パチスロ実機 [8ch対応],114800,有貨,https://www.a-slot.com/SHOP/eleco64.html
3555,緑ドン ビリーパネル,,エレコ,ホームスロット,エレコ 緑ドン ビリーパネル 中古パチスロ実機,47800,售完,https://home-slot.net/SHOP/s-eleco25.html
3555,緑ドン ビリーパネル,,エレコ,A-SLOT,エレコ 緑ドン ビリーパネル 中古パチスロ実機 [8ch対応],57800,售完,https://www.a-slot.com/SHOP/eleco25.html
3556,花の慶次~傾奇一転,スマパチ,ニューギン,ホームスロット,ニューギン P花の慶次～傾奇一転 中古パチンコ実機 [枠名：RE:BOOST] [4ch対応],107300,售完,https://home-slot.net/SHOP/p-newgin290.html
3556,花の慶次~傾奇一転,スマパチ,ニューギン,ホームスロット,ニューギン e花の慶次～傾奇一転 中古パチンコ実機 [スマパチ] [枠名：RE:BOOST スマパチ] [4ch対応],136000,有貨,https://home-slot.net/SHOP/p-newgin289.html
3562,豪炎高校應援團 檄,,山佐,ホームスロット,山佐 豪炎高校應援團 檄 中古パチスロ実機,98500,售完,https://home-slot.net/SHOP/s-yamasa217.html
3562,豪炎高校應援團 檄,,山佐,A-SLOT,山佐 豪炎高校應援團 檄 中古パチスロ実機,108500,售完,https://www.a-slot.com/SHOP/yamasa217.html
3563,輪るピングドラム,,北電子,ホームスロット,北電子 パチスロ 輪るピングドラム 中古パチスロ実機,35100,售完,https://home-slot.net/SHOP/s-kitadenshi81.html
3563,輪るピングドラム,,北電子,A-SLOT,北電子 パチスロ 輪るピングドラム 中古パチスロ実機 [4ch対応],45100,售完,https://www.a-slot.com/SHOP/kitadensi81.html
3564,鉄のラインバレル,,スパイキー,ホームスロット,スパイキー 鉄のラインバレル 中古パチスロ実機,89800,售完,https://home-slot.net/SHOP/s-spyki_5.html
3564,鉄のラインバレル,,スパイキー,A-SLOT,スパイキー 鉄のラインバレル 中古パチスロ実機 [4ch対応],99800,有貨,https://www.a-slot.com/SHOP/spyki_5.html
3565,鉄拳デビルVer.,,山佐,ホームスロット,山佐 パチスロ鉄拳デビルVer. 中古パチスロ実機,89800,售完,https://home-slot.net/SHOP/s-yamasa76.html
3565,鉄拳デビルVer.,,山佐,A-SLOT,【お取り寄せ商品】山佐 パチスロ鉄拳デビルVer. 中古パチスロ実機 [4ch対応],99800,有貨,https://www.a-slot.com/SHOP/yamasa76.html
3573,鬼武者3 時空天翔,,Sammy,ホームスロット,サミー パチスロ鬼武者3 時空天翔 中古パチスロ実機,37700,售完,https://home-slot.net/SHOP/s-sammy116.html
3573,鬼武者3 時空天翔,,Sammy,A-SLOT,サミー パチスロ鬼武者3 時空天翔 中古パチスロ実機 [4ch対応],47700,售完,https://www.a-slot.com/SHOP/sammy116.html
3574,鬼浜爆走紅蓮隊 愛,,ベルコ,ホームスロット,ベルコ 鬼浜爆走紅蓮隊 愛 中古パチスロ実機,35100,售完,https://home-slot.net/SHOP/s-bellco15.html
3574,鬼浜爆走紅蓮隊 愛,,ベルコ,A-SLOT,ベルコ 鬼浜爆走紅蓮隊 愛 中古パチスロ実機 [4ch対応],45100,售完,https://www.a-slot.com/SHOP/bellco15.html
3576,2号機 アラジン,,Sammy,A-SLOT,【2号機】サミー アラジン 中古パチスロ実機,90192,售完,https://www.a-slot.com/SHOP/sammy26.html
3576,2号機 アラジン,,Sammy,ホームスロット,【2号機】サミー アラジン 中古パチスロ実機,103225,售完,https://home-slot.net/SHOP/s-sammy26.html
3577,CCエンジェル,,メーシー,ホームスロット,メーシー CCエンジェル 中古パチスロ実機 [8ch対応],41500,售完,https://home-slot.net/SHOP/s-mizuho-macy209.html
3577,CCエンジェル,,メーシー,A-SLOT,【お取り寄せ商品】メーシー CCエンジェル 中古パチスロ実機 [8ch対応][まるごと配送限定],51500,售完,https://www.a-slot.com/SHOP/mizuho-macy209.html
3586,DAXEL 剣豪,,,A-SLOT,DAXEL 剣豪 中古パチスロ実機 [4ch対応],22174,售完,https://www.a-slot.com/SHOP/daxel1.html
3586,DAXEL 剣豪,,,ホームスロット,DAXEL 剣豪 中古パチスロ実機,35209,售完,https://home-slot.net/SHOP/s-daxel1.html
3589,KPE スロドル,,,ホームスロット,KPE スロドル 中古パチスロ実機,35100,有貨,https://home-slot.net/SHOP/s-kpe211.html
3589,KPE スロドル,,,A-SLOT,KPE スロドル 中古パチスロ実機,45100,有貨,https://www.a-slot.com/SHOP/s-kpe211.html
3590,KPE 雀龍桜花,,,ホームスロット,KPE 雀龍桜花 中古パチスロ実機,35100,售完,https://home-slot.net/SHOP/s-kpe29.html
3590,KPE 雀龍桜花,,,A-SLOT,KPE 雀龍桜花 中古パチスロ実機 [4ch対応],45100,售完,https://www.a-slot.com/SHOP/kpe29.html
3591,L黄門ちゃま天,スマスロ,オリンピア,ホームスロット,オリンピア パチスロL黄門ちゃま天 中古パチスロ実機 [スマスロ] [8ch対応],59100,有貨,https://home-slot.net/SHOP/s-olympia228.html
3591,L黄門ちゃま天,スマスロ,オリンピア,A-SLOT,オリンピア パチスロL黄門ちゃま天 中古パチスロ実機 [スマスロ] [8ch対応],69100,有貨,https://www.a-slot.com/SHOP/s-olympia228.html
3594,NET スゴスロ,,,ホームスロット,NET スゴスロ 中古パチスロ実機,35100,售完,https://home-slot.net/SHOP/s-net38.html
3594,NET スゴスロ,,,A-SLOT,NET スゴスロ 中古パチスロ実機 [4ch対応],45100,售完,https://www.a-slot.com/SHOP/net38.html
3596,NET 十字架2,,,ホームスロット,NET 十字架2 中古パチスロ実機,44000,售完,https://home-slot.net/SHOP/s-net32.html
3596,NET 十字架2,,,A-SLOT,NET 十字架2 中古パチスロ実機 [4ch対応],54000,售完,https://www.a-slot.com/SHOP/net32.html
3597,NET 十字架3,,,ホームスロット,NET 十字架3 中古パチスロ実機,35100,售完,https://home-slot.net/SHOP/s-net47.html
3597,NET 十字架3,,,A-SLOT,NET 十字架3 中古パチスロ実機 [4ch対応],45100,售完,https://www.a-slot.com/SHOP/net47.html
3598,NET 十字架4,,,ホームスロット,NET 十字架4 中古パチスロ実機,71100,售完,https://home-slot.net/SHOP/s-net200.html
3598,NET 十字架4,,,A-SLOT,NET 十字架4 中古パチスロ実機 [4ch対応],81100,售完,https://www.a-slot.com/SHOP/net200.html
3599,NET 十字架5,,,ホームスロット,NET 十字架5 中古パチスロ実機 [8ch対応][まるごと配送限定],41500,有貨,https://home-slot.net/SHOP/s-net210.html
3599,NET 十字架5,,,A-SLOT,NET 十字架5 中古パチスロ実機 [8ch対応][まるごと配送限定],51500,有貨,https://www.a-slot.com/SHOP/s-net210.html
3600,NET 賞金首2,,,ホームスロット,NET 賞金首２ 中古パチスロ実機,41500,有貨,https://home-slot.net/SHOP/s-net53.html
3600,NET 賞金首2,,,A-SLOT,NET 賞金首２ 中古パチスロ実機 [4ch対応],51500,售完,https://www.a-slot.com/SHOP/net53.html
3602,SLOTマッピー,,メーシー,ホームスロット,メーシー SLOTマッピー 中古パチスロ実機 [8ch対応],54100,售完,https://home-slot.net/SHOP/s-mizuho-macy210.html
3602,SLOTマッピー,,メーシー,A-SLOT,【お取り寄せ商品】メーシー SLOTマッピー 中古パチスロ実機 [8ch対応][まるごと配送限定],64100,有貨,https://www.a-slot.com/SHOP/s-mizuho-macy210.html
3603,SLOT魁!!男塾,,ミズホ,ホームスロット,ミズホ SLOT魁!!男塾 中古パチスロ実機,45300,有貨,https://home-slot.net/SHOP/s-mizuho-macy66.html
3603,SLOT魁!!男塾,,ミズホ,A-SLOT,ミズホ SLOT魁!!男塾 中古パチスロ実機 [8ch対応],55300,有貨,https://www.a-slot.com/SHOP/mizuho-macy66.html
3604,うる星やつら2,,Sammy,ホームスロット,サミー パチスロうる星やつら2 中古パチスロ実機,54100,售完,https://home-slot.net/SHOP/s-sammy39.html
3604,うる星やつら2,,Sammy,A-SLOT,サミー パチスロうる星やつら2 中古パチスロ実機 [4ch対応],64100,售完,https://www.a-slot.com/SHOP/sammy39.html
3607,からくりサーカス,スマスロ,SANKYO,ホームスロット,SANKYO パチスロ からくりサーカス 中古パチスロ実機 [スマスロ],52800,有貨,https://home-slot.net/SHOP/s-sankyo218.html
3607,からくりサーカス,スマスロ,SANKYO,A-SLOT,SANKYO パチスロ からくりサーカス 中古パチスロ実機 [スマスロ] [4ch対応],62800,有貨,https://www.a-slot.com/SHOP/s-sankyo218.html
3610,みんなで楽シーサー,,SANKYO,ホームスロット,SANKYO パチスロ みんなで楽シーサー 中古パチスロ実機,35100,售完,https://home-slot.net/SHOP/s-sankyo94.html
3610,みんなで楽シーサー,,SANKYO,A-SLOT,SANKYO パチスロ みんなで楽シーサー 中古パチスロ実機 [4ch対応],45100,售完,https://www.a-slot.com/SHOP/sankyo94.html
3612,アイ電子 鬼神7,,,ホームスロット,アイ電子 鬼神7 中古パチスロ実機,35100,售完,https://home-slot.net/SHOP/s-aidensi1.html
3612,アイ電子 鬼神7,,,A-SLOT,アイ電子 鬼神7 中古パチスロ実機 [4ch対応],45100,售完,https://www.a-slot.com/SHOP/aidensi1.html
3613,アクロス バーサス,,,ホームスロット,アクロス バーサス 中古パチスロ実機,35100,售完,https://home-slot.net/SHOP/s-across13.html
3613,アクロス バーサス,,,A-SLOT,アクロス バーサス 中古パチスロ実機 [8ch対応],45100,售完,https://www.a-slot.com/SHOP/across13.html
3614,アクロス 沖ドキ!,,,ホームスロット,アクロス 沖ドキ！ 中古パチスロ実機,54100,售完,https://home-slot.net/SHOP/s-across4.html
3614,アクロス 沖ドキ!,,,A-SLOT,アクロス 沖ドキ！ 中古パチスロ実機 [8ch対応],64100,有貨,https://www.a-slot.com/SHOP/across4.html
3615,アタックNo.1,,SANYO,A-SLOT,SANYO パチスロアタックNo.1 中古パチスロ実機 [4ch対応],40500,售完,https://www.a-slot.com/SHOP/sanyo3.html
3615,アタックNo.1,,SANYO,ホームスロット,SANYO パチスロアタックNo.1 中古パチスロ実機,40983,售完,https://home-slot.net/SHOP/s-sanyo3.html
3616,アニマル ドッチ,スマスロ,北電子,ホームスロット,北電子 アニマルスロットドッチ 中古パチスロ実機 [スマスロ] [8ch対応],218700,有貨,https://home-slot.net/SHOP/s-kitadenshi222.html
3616,アニマル ドッチ,スマスロ,北電子,A-SLOT,北電子 アニマルスロットドッチ 中古パチスロ実機 [スマスロ] [8ch対応],228700,有貨,https://www.a-slot.com/SHOP/s-kitadenshi222.html
3619,ウィッチマスター,,山佐,ホームスロット,山佐 パチスロ ウィッチマスター 中古パチスロ実機,104800,售完,https://home-slot.net/SHOP/s-yamasa128.html
3619,ウィッチマスター,,山佐,A-SLOT,【お取り寄せ商品】山佐 パチスロ ウィッチマスター 中古パチスロ実機 [4ch対応],114800,有貨,https://www.a-slot.com/SHOP/yamasa128.html
3622,オアシスデイズ,,パイオニア,ホームスロット,パイオニア オアシスデイズ 中古パチスロ実機,72300,售完,https://home-slot.net/SHOP/s-pioneer40.html
3622,オアシスデイズ,,パイオニア,A-SLOT,パイオニア オアシスデイズ 中古パチスロ実機 [4ch対応],82300,售完,https://www.a-slot.com/SHOP/pioneer40.html
3623,オーイズミ 喰霊 零,,,ホームスロット,オーイズミ パチスロ喰霊－零－ 中古パチスロ実機,83500,售完,https://home-slot.net/SHOP/s-oizumi15.html
3623,オーイズミ 喰霊 零,,,A-SLOT,【お取り寄せ商品】オーイズミ パチスロ喰霊－零－ 中古パチスロ実機 [4ch対応],93500,有貨,https://www.a-slot.com/SHOP/oizumi15.html
3627,ギラギラ爺サマー,,,ホームスロット,ギラギラ爺サマー 中古パチスロ実機,68500,售完,https://home-slot.net/SHOP/s-daitogiken29.html
3627,ギラギラ爺サマー,,,A-SLOT,大都技研 ギラギラ爺サマー 中古パチスロ実機 [4ch対応],78500,售完,https://www.a-slot.com/SHOP/daitogiken29.html
3629,クロスバレット,,ニューギン,ホームスロット,ニューギン クロスバレット 中古パチスロ実機,68500,售完,https://home-slot.net/SHOP/s-newgin13.html
3629,クロスバレット,,ニューギン,A-SLOT,ニューギン クロスバレット 中古パチスロ実機 [4ch対応],78500,售完,https://www.a-slot.com/SHOP/newgin13.html
3630,グラップラー刃牙,,七匠,ホームスロット,七匠 パチスロ グラップラー刃牙 中古パチスロ実機,37700,售完,https://home-slot.net/SHOP/s-nanashow6.html
3630,グラップラー刃牙,,七匠,A-SLOT,七匠 パチスロ グラップラー刃牙 中古パチスロ実機 [4ch対応],47700,售完,https://www.a-slot.com/SHOP/nanashow6.html
3631,ゴーゴージャグラー2,,北電子,ホームスロット,北電子 ゴーゴージャグラー2 中古パチスロ実機,54100,售完,https://home-slot.net/SHOP/s-kitadenshi202.html
3631,ゴーゴージャグラー2,,北電子,A-SLOT,北電子 ゴーゴージャグラー2 中古パチスロ実機 [4ch対応],64100,售完,https://www.a-slot.com/SHOP/kitadensi202.html
3632,ゴーゴージャグラー3,,北電子,ホームスロット,北電子 ゴーゴージャグラー3 中古パチスロ実機,68500,售完,https://home-slot.net/SHOP/s-kitadenshi212.html
3632,ゴーゴージャグラー3,,北電子,A-SLOT,【お取り寄せ商品】北電子 ゴーゴージャグラー3 中古パチスロ実機,78500,有貨,https://www.a-slot.com/SHOP/s-kitadenshi212.html
3636,サイボーグ009,,SANYO,ホームスロット,SANYO パチスロ サイボーグ009 中古パチスロ実機,89800,售完,https://home-slot.net/SHOP/s-sanyo18.html
3636,サイボーグ009,,SANYO,A-SLOT,SANYO パチスロ サイボーグ009 中古パチスロ実機 [4ch対応],99800,售完,https://www.a-slot.com/SHOP/sanyo18.html
3637,サイレントヒル,,高砂,ホームスロット,高砂 サイレントヒル 中古パチスロ実機,41500,售完,https://home-slot.net/SHOP/s-takasago15.html
3637,サイレントヒル,,高砂,A-SLOT,高砂 サイレントヒル 中古パチスロ実機 [4ch対応],51500,售完,https://www.a-slot.com/SHOP/takasago15.html
3638,サボハニ 吉宗3,,,ホームスロット,サボハニ 吉宗3 中古パチスロ実機,41500,售完,https://home-slot.net/SHOP/s-sabohani201.html
3638,サボハニ 吉宗3,,,A-SLOT,【お取り寄せ商品】サボハニ 吉宗3 中古パチスロ実機 [8ch対応],51500,有貨,https://www.a-slot.com/SHOP/sabohani201.html
3643,シャーマンキング,スマスロ,エレコ,ホームスロット,エレコ スマスロ シャーマンキング 中古パチスロ実機 [スマスロ][8ch対応][まるごと配送限定],41500,有貨,https://home-slot.net/SHOP/s-eleco209.html
3643,シャーマンキング,スマスロ,エレコ,A-SLOT,エレコ スマスロ シャーマンキング 中古パチスロ実機 [スマスロ][8ch対応][まるごと配送限定],51500,有貨,https://www.a-slot.com/SHOP/s-eleco209.html
3647,ジャグラーガールズ,,北電子,ホームスロット,北電子 ジャグラーガールズ 中古パチスロ実機,54100,售完,https://home-slot.net/SHOP/s-kitadenshi55.html
3647,ジャグラーガールズ,,北電子,A-SLOT,北電子 ジャグラーガールズ 中古パチスロ実機 [4ch対応],64100,售完,https://www.a-slot.com/SHOP/kitadenshi55.html
3649,ジャグラーガール 赤,,北電子,A-SLOT,【4号機】 北電子 ジャグラーガール（赤） 中古パチスロ実機 [4ch対応],26758,售完,https://www.a-slot.com/SHOP/kitadenshi2.html
3649,ジャグラーガール 赤,,北電子,ホームスロット,北電子 ジャグラーガール（赤） 中古パチスロ実機,28742,售完,https://home-slot.net/SHOP/s-kitadenshi2.html
3650,ジャッカスチーム,,大都技研,ホームスロット,大都技研 ジャッカスチーム 中古パチスロ実機,68500,售完,https://home-slot.net/SHOP/s-daitogiken53.html
3650,ジャッカスチーム,,大都技研,A-SLOT,【お取り寄せ商品】大都技研 ジャッカスチーム 中古パチスロ実機 [4ch対応],78500,有貨,https://www.a-slot.com/SHOP/daitogiken53.html
3653,スーパービンゴネオ,スマスロ,ベルコ,ホームスロット,ベルコ Lスーパービンゴネオ 中古パチスロ実機 [スマスロ] [8ch対応],113500,有貨,https://home-slot.net/SHOP/s-bellco213.html
3653,スーパービンゴネオ,スマスロ,ベルコ,A-SLOT,ベルコ Lスーパービンゴネオ 中古パチスロ実機 [スマスロ] [8ch対応],123500,有貨,https://www.a-slot.com/SHOP/s-bellco213.html
3655,スーパーリオエース2,スマスロ,山佐,ホームスロット,山佐 スマスロスーパーリオエース2 中古パチスロ実機 [スマスロ] [4ch対応],108500,有貨,https://home-slot.net/SHOP/s-yamasa250.html
3655,スーパーリオエース2,スマスロ,山佐,A-SLOT,山佐 スマスロスーパーリオエース2 中古パチスロ実機 [スマスロ] [4ch対応],118500,有貨,https://www.a-slot.com/SHOP/s-yamasa250.html
3657,スモモチャンV,,ニューギン,ホームスロット,ニューギン スモモチャンV 中古パチスロ実機,68500,售完,https://home-slot.net/SHOP/s-newgi3.html
3657,スモモチャンV,,ニューギン,A-SLOT,ニューギン スモモチャンV 中古パチスロ実機 [4ch対応],78500,售完,https://www.a-slot.com/SHOP/newgi3.html
3658,センゴク回胴記,,ニューギン,ホームスロット,ニューギン センゴク回胴記 中古パチスロ実機,54100,售完,https://home-slot.net/SHOP/s-newgin10.html
3658,センゴク回胴記,,ニューギン,A-SLOT,ニューギン センゴク回胴記 中古パチスロ実機 [4ch対応],64100,售完,https://www.a-slot.com/SHOP/newgin10.html
3659,ソウルキャリバー,,山佐,ホームスロット,山佐 パチスロ ソウルキャリバー 中古パチスロ実機,35100,售完,https://home-slot.net/SHOP/s-yamasa129.html
3659,ソウルキャリバー,,山佐,A-SLOT,【お取り寄せ商品】山佐 パチスロ ソウルキャリバー 中古パチスロ実機 [4ch対応],45100,有貨,https://www.a-slot.com/SHOP/yamasa129.html
3660,タイムクロス2,,山佐,ホームスロット,山佐 タイムクロス2 中古パチスロ実機,68500,售完,https://home-slot.net/SHOP/s-yamasa132.html
3660,タイムクロス2,,山佐,A-SLOT,【お取り寄せ商品】山佐 タイムクロス2 中古パチスロ実機 [4ch対応],78500,有貨,https://www.a-slot.com/SHOP/yamasa132.html
3662,ダンガンロンパ,,ニューギン,ホームスロット,ニューギン パチスロ ダンガンロンパ 中古パチスロ実機,47800,售完,https://home-slot.net/SHOP/s-newgin200.html
3662,ダンガンロンパ,,ニューギン,A-SLOT,ニューギン パチスロ ダンガンロンパ 中古パチスロ実機 [4ch対応],57800,售完,https://www.a-slot.com/SHOP/newgin200.html
3668,トロピカーナ 25,,エレコ,ホームスロット,エレコ トロピカーナ－25 中古パチスロ実機,35100,售完,https://home-slot.net/SHOP/s-eleco53.html
3668,トロピカーナ 25,,エレコ,A-SLOT,エレコ トロピカーナ－25 中古パチスロ実機 [8ch対応],45100,售完,https://www.a-slot.com/SHOP/eleco53.html
3669,トロピカーナ 30,,エレコ,ホームスロット,エレコ トロピカーナ－30 中古パチスロ実機,41500,售完,https://home-slot.net/SHOP/s-eleco54.html
3669,トロピカーナ 30,,エレコ,A-SLOT,エレコ トロピカーナ－30 中古パチスロ実機 [8ch対応],51500,售完,https://www.a-slot.com/SHOP/eleco54.html
3670,ドキドキマンゴー,,パイオニア,ホームスロット,パイオニア ドキドキマンゴー 中古パチスロ実機,68500,售完,https://home-slot.net/SHOP/s-pioneer42.html
3670,ドキドキマンゴー,,パイオニア,A-SLOT,パイオニア ドキドキマンゴー 中古パチスロ実機 [4ch対応],78500,售完,https://www.a-slot.com/SHOP/pioneer42.html
3671,ニューパルサーBT,スマスロ,山佐,ホームスロット,山佐 スマスロニューパルサーBT 中古パチスロ実機 [スマスロ] [4ch対応],35100,有貨,https://home-slot.net/SHOP/s-yamasa246.html
3671,ニューパルサーBT,スマスロ,山佐,A-SLOT,山佐 スマスロニューパルサーBT 中古パチスロ実機 [スマスロ] [4ch対応],45100,有貨,https://www.a-slot.com/SHOP/s-yamasa246.html
3672,ニューパルサーSP,,山佐,ホームスロット,山佐 ニューパルサーSP 中古パチスロ実機,91100,售完,https://home-slot.net/SHOP/s-yamasa79.html
3672,ニューパルサーSP,,山佐,A-SLOT,山佐 ニューパルサーSP 中古パチスロ実機 [4ch対応],101100,售完,https://www.a-slot.com/SHOP/yamasa79.html
3673,ニューパルサーV2,,山佐,ホームスロット,山佐 ニューパルサーV2 中古パチスロ実機,35100,售完,https://home-slot.net/SHOP/s-yamasa59.html
3673,ニューパルサーV2,,山佐,A-SLOT,山佐 ニューパルサーV2 中古パチスロ実機 [4ch対応],45100,售完,https://www.a-slot.com/SHOP/yamasa59.html
3674,ネオプラネット,スマスロ,山佐,ホームスロット,山佐 スマスロネオプラネット 中古パチスロ実機 [スマスロ] [4ch対応],35100,有貨,https://home-slot.net/SHOP/s-yamasa247.html
3674,ネオプラネット,スマスロ,山佐,A-SLOT,山佐 スマスロネオプラネット 中古パチスロ実機 [スマスロ] [4ch対応],45100,有貨,https://www.a-slot.com/SHOP/s-yamasa247.html
3677,バイオハザード6,,エンターライズ,ホームスロット,エンターライズ パチスロ バイオハザード6 中古パチスロ実機,83500,售完,https://home-slot.net/SHOP/s-enta11.html
3677,バイオハザード6,,エンターライズ,A-SLOT,【お取り寄せ商品】エンターライズ パチスロ バイオハザード6 中古パチスロ実機 [4ch対応],93500,有貨,https://www.a-slot.com/SHOP/enta11.html
3681,パイレーツワールド,,大都技研,ホームスロット,大都技研 パイレーツワールド 中古パチスロ実機,68500,售完,https://home-slot.net/SHOP/s-daitogiken39.html
3681,パイレーツワールド,,大都技研,A-SLOT,大都技研 パイレーツワールド 中古パチスロ実機 [4ch対応],78500,售完,https://www.a-slot.com/SHOP/daitogiken39.html
3682,ビスティ GTO,,,ホームスロット,ビスティ GTO 中古パチスロ実機,28742,售完,https://home-slot.net/SHOP/s-sankyo8.html
3682,ビスティ GTO,,,A-SLOT,ビスティ GTO 中古パチスロ実機 [4ch対応],44820,售完,https://www.a-slot.com/SHOP/sankyo8.html
3684,ビッグシオ 30,,パイオニア,ホームスロット,パイオニア ビッグシオ-30 中古パチスロ実機,41500,售完,https://home-slot.net/SHOP/pioneer205.html
3684,ビッグシオ 30,,パイオニア,A-SLOT,パイオニア ビッグシオ-30 中古パチスロ実機,51500,售完,https://www.a-slot.com/SHOP/pioneer205.html
3688,プロゴルファー猿,,スパイキー,ホームスロット,スパイキー プロゴルファー猿 中古パチスロ実機,68500,售完,https://home-slot.net/SHOP/s-spyki_3.html
3688,プロゴルファー猿,,スパイキー,A-SLOT,スパイキー プロゴルファー猿 中古パチスロ実機 [4ch対応],78500,售完,https://www.a-slot.com/SHOP/spyki_3.html
3690,ポパイブリッド,,Sammy,ホームスロット,サミー パチスロ ポパイブリッド 中古パチスロ実機,35209,售完,https://home-slot.net/SHOP/s-sammy47.html
3690,ポパイブリッド,,Sammy,A-SLOT,サミー パチスロ ポパイブリッド 中古パチスロ実機 [4ch対応],57800,售完,https://www.a-slot.com/SHOP/sammy47.html
3691,マイフラワー30,,北電子,ホームスロット,北電子 マイフラワー30 中古パチスロ実機,35100,售完,https://home-slot.net/SHOP/s-kitadenshi203.html
3691,マイフラワー30,,北電子,A-SLOT,【お取り寄せ商品】北電子 マイフラワー30 中古パチスロ実機 [4ch対応],45100,有貨,https://www.a-slot.com/SHOP/kitadensi203.html
3692,マタドールIII,スマスロ,北電子,ホームスロット,北電子 マタドールIII 中古パチスロ実機 [スマスロ] [4ch対応],35100,有貨,https://home-slot.net/SHOP/s-kitadenshi219.html
3692,マタドールIII,スマスロ,北電子,A-SLOT,北電子 マタドールIII 中古パチスロ実機 [スマスロ] [4ch対応],45100,有貨,https://www.a-slot.com/SHOP/s-kitadenshi219.html
3696,ミスタージャグラー,,北電子,ホームスロット,北電子 ミスタージャグラー 中古パチスロ実機,1147200,有貨,https://home-slot.net/SHOP/s-kitadenshi217.html
3696,ミスタージャグラー,,北電子,A-SLOT,北電子 ミスタージャグラー 中古パチスロ実機,1157200,有貨,https://www.a-slot.com/SHOP/s-kitadenshi217.html
3699,モンスターハンター,,ロデオ,ホームスロット,ロデオ モンスターハンター 中古パチスロ実機,67800,有貨,https://home-slot.net/SHOP/s-rodeo41.html
3699,モンスターハンター,,ロデオ,A-SLOT,ロデオ モンスターハンター 中古パチスロ実機 [4ch対応],77800,有貨,https://www.a-slot.com/SHOP/rodeo41.html
3700,ヨルムンガンド,スマスロ,山佐,ホームスロット,山佐 スマスロヨルムンガンド 中古パチスロ実機 [スマスロ] [4ch対応],46500,有貨,https://home-slot.net/SHOP/s-yamasa249.html
3700,ヨルムンガンド,スマスロ,山佐,A-SLOT,山佐 スマスロヨルムンガンド 中古パチスロ実機 [スマスロ] [4ch対応],56500,有貨,https://www.a-slot.com/SHOP/s-yamasa249.html
3701,ラグナロクサーガ,,メーシー,ホームスロット,メーシー ラグナロクサーガ 中古パチスロ実機 [8ch対応],46500,售完,https://home-slot.net/SHOP/s-mizuho-macy62.html
3701,ラグナロクサーガ,,メーシー,A-SLOT,メーシー ラグナロクサーガ 中古パチスロ実機 [8ch対応][まるごと配送限定],56500,售完,https://www.a-slot.com/SHOP/mizuho-macy62.html
3702,ラブ嬢2プラス,,オリンピア,ホームスロット,オリンピア パチスロラブ嬢2プラス 中古パチスロ実機,35100,有貨,https://home-slot.net/SHOP/s-heiwa213.html
3702,ラブ嬢2プラス,,オリンピア,A-SLOT,オリンピア パチスロラブ嬢2プラス 中古パチスロ実機,45100,有貨,https://www.a-slot.com/SHOP/heiwa213.html
3703,リング 終焉ノ刻,,藤商事,ホームスロット,藤商事 パチスロ リング 終焉ノ刻 中古パチスロ実機,47800,售完,https://home-slot.net/SHOP/s-fuji19.html
3703,リング 終焉ノ刻,,藤商事,A-SLOT,【お取り寄せ商品】藤商事 パチスロ リング 終焉ノ刻 中古パチスロ実機 [4ch対応],57800,有貨,https://www.a-slot.com/SHOP/fuji19.html
3704,ワンバーワン 30,,ベルコ,ホームスロット,ベルコ ワンバーワン-30 中古パチスロ実機,47800,售完,https://home-slot.net/SHOP/s-bellco16.html
3704,ワンバーワン 30,,ベルコ,A-SLOT,ベルコ ワンバーワン-30 中古パチスロ実機 [4ch対応],57800,售完,https://www.a-slot.com/SHOP/bellco16.html
3706,乙女魂~光と無月~,,高砂,ホームスロット,高砂 乙女魂～光と無月～ 中古パチスロ実機,47800,售完,https://home-slot.net/SHOP/s-takasago13.html
3706,乙女魂~光と無月~,,高砂,A-SLOT,高砂 乙女魂～光と無月～ 中古パチスロ実機 [8ch対応],57800,售完,https://www.a-slot.com/SHOP/takasago13.html
3708,仮面ライダー電王,スマスロ,京楽,ホームスロット,京楽 L 仮面ライダー電王 中古パチスロ実機 [スマスロ][8ch対応][まるごと配送限定],46500,有貨,https://home-slot.net/SHOP/s-kyoraku211.html
3708,仮面ライダー電王,スマスロ,京楽,A-SLOT,京楽 L 仮面ライダー電王 中古パチスロ実機 [スマスロ][8ch対応][まるごと配送限定],56500,有貨,https://www.a-slot.com/SHOP/s-kyoraku211.html
3713,夢夢ワールドDX,,SANKYO,ホームスロット,SANKYO 夢夢ワールドDX 中古パチスロ実機,28742,售完,https://home-slot.net/SHOP/s-sankyo13.html
3713,夢夢ワールドDX,,SANKYO,A-SLOT,【4号機】SANKYO 夢夢ワールドDX 中古パチスロ実機 [4ch対応],54000,售完,https://www.a-slot.com/SHOP/sankyo13.html
3715,忍魂 パネル不問,,大都技研,ホームスロット,大都技研 忍魂 パネル不問 中古パチスロ実機,57900,售完,https://home-slot.net/SHOP/s-daitogiken30.html
3715,忍魂 パネル不問,,大都技研,A-SLOT,大都技研 忍魂 パネル不問 中古パチスロ実機 [4ch対応],69800,售完,https://www.a-slot.com/SHOP/daitogiken30.html
3717,忍魂弐~烈火ノ章~,,大都技研,ホームスロット,大都技研 忍魂弐～烈火ノ章～ 中古パチスロ実機,47800,有貨,https://home-slot.net/SHOP/s-daitogiken46.html
3717,忍魂弐~烈火ノ章~,,大都技研,A-SLOT,大都技研 忍魂弐～烈火ノ章～ 中古パチスロ実機 [4ch対応],57800,有貨,https://www.a-slot.com/SHOP/daitogiken46.html
3718,忍魂 月光Ver,,大都技研,ホームスロット,大都技研 忍魂 月光Ver 中古パチスロ実機,28742,售完,https://home-slot.net/SHOP/s-daitogiken26.html
3718,忍魂 月光Ver,,大都技研,A-SLOT,大都技研 忍魂 月光Ver 中古パチスロ実機 [4ch対応],79800,售完,https://www.a-slot.com/SHOP/daitogiken26.html
3719,戦国無双~猛将伝~,,山佐,ホームスロット,山佐 パチスロ戦国無双～猛将伝～ 中古パチスロ実機,41500,售完,https://home-slot.net/SHOP/s-yamasa58.html
3719,戦国無双~猛将伝~,,山佐,A-SLOT,山佐 パチスロ戦国無双～猛将伝～ 中古パチスロ実機 [4ch対応],51500,售完,https://www.a-slot.com/SHOP/yamasa58.html
3720,押し順ケロルン,,山佐,ホームスロット,山佐 押し順ケロルン 中古パチスロ実機,35100,售完,https://home-slot.net/SHOP/s-yamasa105.html
3720,押し順ケロルン,,山佐,A-SLOT,山佐 押し順ケロルン 中古パチスロ実機 [4ch対応],45100,售完,https://www.a-slot.com/SHOP/yamasa105.html
3721,新 吉宗 姫パネル,,大都技研,ホームスロット,大都技研 新・吉宗 姫パネル 中古パチスロ実機,28742,售完,https://home-slot.net/SHOP/s-daitogiken19.html
3721,新 吉宗 姫パネル,,大都技研,A-SLOT,大都技研 新・吉宗 姫パネル 中古パチスロ実機 [4ch対応],44820,售完,https://www.a-slot.com/SHOP/daitogiken19.html
3722,新 吉宗 殿パネル,,大都技研,ホームスロット,大都技研 新・吉宗 殿パネル 中古パチスロ実機,35100,售完,https://home-slot.net/SHOP/s-daitogiken8.html
3722,新 吉宗 殿パネル,,大都技研,A-SLOT,大都技研 新・吉宗 殿パネル 中古パチスロ実機 [4ch対応],89000,售完,https://www.a-slot.com/SHOP/daitogiken8.html
3725,月面兎兵器ミーナ,,スパイキー,ホームスロット,スパイキー 月面兎兵器ミーナ 中古パチスロ実機,93600,售完,https://home-slot.net/SHOP/s-sonota_3.html
3725,月面兎兵器ミーナ,,スパイキー,A-SLOT,スパイキー 月面兎兵器ミーナ 中古パチスロ実機 [4ch対応],103600,售完,https://www.a-slot.com/SHOP/sonota_3.html
3728,沖ドキ!GOLD,,ミズホ,ホームスロット,ミズホ 沖ドキ！GOLD 中古パチスロ実機 [8ch対応],54100,有貨,https://home-slot.net/SHOP/s-mizuho-macy216.html
3728,沖ドキ!GOLD,,ミズホ,A-SLOT,ミズホ 沖ドキ！GOLD 中古パチスロ実機 [8ch対応][まるごと配送限定],64100,有貨,https://www.a-slot.com/SHOP/s-mizuho-macy216.html
3729,炎炎ノ消防隊2,スマスロ,SANKYO,ホームスロット,SANKYO Lパチスロ 炎炎ノ消防隊2 中古パチスロ実機 [スマスロ] [4ch対応],383200,有貨,https://home-slot.net/SHOP/s-sankyo234.html
3729,炎炎ノ消防隊2,スマスロ,SANKYO,A-SLOT,SANKYO Lパチスロ 炎炎ノ消防隊2 中古パチスロ実機 [スマスロ] [4ch対応],393200,有貨,https://www.a-slot.com/SHOP/s-sankyo234.html
3730,燃えよ!功夫大戦,,山佐,ホームスロット,山佐 燃えよ!功夫大戦 中古パチスロ実機,68500,售完,https://home-slot.net/SHOP/s-yamasa62.html
3730,燃えよ!功夫大戦,,山佐,A-SLOT,山佐 燃えよ!功夫大戦 中古パチスロ実機 [4ch対応],78500,售完,https://www.a-slot.com/SHOP/yamasa62.html
3733,獣王 王者の帰還,,Sammy,ホームスロット,サミー パチスロ獣王 王者の帰還 中古パチスロ実機,93600,售完,https://home-slot.net/SHOP/s-sammy100.html
3733,獣王 王者の帰還,,Sammy,A-SLOT,サミー パチスロ獣王 王者の帰還 中古パチスロ実機 [4ch対応],103600,售完,https://www.a-slot.com/SHOP/sammy100.html
3734,獣王 王者の覚醒,,Sammy,ホームスロット,サミー パチスロ獣王 王者の覚醒 中古パチスロ実機,36400,售完,https://home-slot.net/SHOP/s-sammy131.html
3734,獣王 王者の覚醒,,Sammy,A-SLOT,サミー パチスロ獣王 王者の覚醒 中古パチスロ実機 [4ch対応],46400,有貨,https://www.a-slot.com/SHOP/sammy131.html
3735,花人 はなんちゅ,,スパイキー,ホームスロット,スパイキー パチスロ 花人-はなんちゅ- 中古パチスロ実機,54100,售完,https://home-slot.net/SHOP/s-spyki_201.html
3735,花人 はなんちゅ,,スパイキー,A-SLOT,【お取り寄せ商品】スパイキー パチスロ 花人-はなんちゅ- 中古パチスロ実機 [4ch対応],64100,有貨,https://www.a-slot.com/SHOP/spyki_201.html
3738,蒼穹のファフナー,,SANKYO,ホームスロット,SANKYO パチスロ 蒼穹のファフナー 中古パチスロ実機,47800,售完,https://home-slot.net/SHOP/s-sankyo79.html
3738,蒼穹のファフナー,,SANKYO,A-SLOT,SANKYO パチスロ 蒼穹のファフナー 中古パチスロ実機 [4ch対応],57800,售完,https://www.a-slot.com/SHOP/sankyo79.html
3741,貞子vs伽椰子,,藤商事,ホームスロット,藤商事 パチスロ 貞子vs伽椰子 中古パチスロ実機,41500,售完,https://home-slot.net/SHOP/s-fuji26.html
3741,貞子vs伽椰子,,藤商事,A-SLOT,藤商事 パチスロ 貞子vs伽椰子 中古パチスロ実機 [4ch対応],51500,售完,https://www.a-slot.com/SHOP/fuji26.html
3742,銀座 蒼天の拳4,,,ホームスロット,銀座 パチスロ蒼天の拳4 中古パチスロ実機 [8ch対応],37700,售完,https://home-slot.net/SHOP/s-ginza208.html
3742,銀座 蒼天の拳4,,,A-SLOT,【お取り寄せ商品】銀座 パチスロ蒼天の拳4 中古パチスロ実機 [8ch対応][まるごと配送限定],47700,有貨,https://www.a-slot.com/SHOP/s-ginza208.html
3743,銀河鉄道999,,山佐,ホームスロット,山佐 パチスロ銀河鉄道999 中古パチスロ実機,68500,售完,https://home-slot.net/SHOP/s-yamasa75.html
3743,銀河鉄道999,,山佐,A-SLOT,【お取り寄せ商品】山佐 パチスロ銀河鉄道999 中古パチスロ実機 [4ch対応],78500,有貨,https://www.a-slot.com/SHOP/yamasa75.html
3744,闘え!サラリーマン,,ロデオ,ホームスロット,ロデオ パチスロ闘え！サラリーマン 中古パチスロ実機,54100,售完,https://home-slot.net/SHOP/s-rodeo54.html
3744,闘え!サラリーマン,,ロデオ,A-SLOT,ロデオ パチスロ闘え！サラリーマン 中古パチスロ実機 [8ch対応],64100,售完,https://www.a-slot.com/SHOP/rodeo54.html
3746,青ドン 花火の極,,エレコ,ホームスロット,エレコ 青ドン 花火の極 中古パチスロ実機,69800,售完,https://home-slot.net/SHOP/s-mizuho-macy18.html
3746,青ドン 花火の極,,エレコ,A-SLOT,エレコ 青ドン 花火の極 中古パチスロ実機 [8ch対応],79800,售完,https://www.a-slot.com/SHOP/mizuho-macy18.html
3747,頭文字D 2nd,スマスロ,Sammy,ホームスロット,サミー スマスロ頭文字D 2nd 中古パチスロ実機 [スマスロ][8ch対応][まるごと配送限定],47800,有貨,https://home-slot.net/SHOP/s-sammy228.html
3747,頭文字D 2nd,スマスロ,Sammy,A-SLOT,サミー スマスロ頭文字D 2nd 中古パチスロ実機 [スマスロ][8ch対応][まるごと配送限定],57800,有貨,https://www.a-slot.com/SHOP/s-sammy228.html
3751,黄門ちゃま喝2,S,平和,ホームスロット,平和 S黄門ちゃま喝2 中古パチスロ実機 [8ch対応],35100,有貨,https://home-slot.net/SHOP/s-heiwa221.html
3751,黄門ちゃま喝2,S,平和,A-SLOT,平和 S黄門ちゃま喝2 中古パチスロ実機 [8ch対応],45100,有貨,https://www.a-slot.com/SHOP/s-heiwa221.html
3757,HIT128,,岡崎産業,ホームスロット,岡崎産業 HIT128 中古パチスロ実機,35100,售完,https://home-slot.net/SHOP/s-okazaki201.html
3757,HIT128,,岡崎産業,A-SLOT,岡崎産業 HIT128中古パチスロ実機,45100,售完,https://www.a-slot.com/SHOP/okazaki201.html
3759,JPS 大花満,,,ホームスロット,JPS 大花満 中古パチスロ実機,37700,有貨,https://home-slot.net/SHOP/s-jps215.html
3759,JPS 大花満,,,A-SLOT,JPS 大花満 中古パチスロ実機,47700,有貨,https://www.a-slot.com/SHOP/s-jps215.html
3760,KPE 喧嘩祭,,,ホームスロット,KPE 喧嘩祭 中古パチスロ実機,47800,售完,https://home-slot.net/SHOP/s-kpe46.html
3760,KPE 喧嘩祭,,,A-SLOT,KPE 喧嘩祭 中古パチスロ実機 [8ch対応],57800,售完,https://www.a-slot.com/SHOP/kpe46.html
3762,NET 闇芝居,,,ホームスロット,NET パチスロ 闇芝居 中古パチスロ実機,37700,售完,https://home-slot.net/SHOP/s-net201.html
3762,NET 闇芝居,,,A-SLOT,【お取り寄せ商品】NET パチスロ 闇芝居 中古パチスロ実機 [4ch対応],47700,有貨,https://www.a-slot.com/SHOP/net201.html
3764,SLOT牙狼,,エレコ,ホームスロット,エレコ SLOT牙狼 中古パチスロ実機,45300,售完,https://home-slot.net/SHOP/s-eleco56.html
3764,SLOT牙狼,,エレコ,A-SLOT,エレコ SLOT牙狼 中古パチスロ実機 [8ch対応],55300,售完,https://www.a-slot.com/SHOP/eleco56.html
3769,アカメが斬る!,,七匠,ホームスロット,七匠 アカメが斬る！ 中古パチスロ実機,41500,有貨,https://home-slot.net/SHOP/s-nanashow204.html
3769,アカメが斬る!,,七匠,A-SLOT,七匠 アカメが斬る！ 中古パチスロ実機 [4ch対応],51500,有貨,https://www.a-slot.com/SHOP/nanashow204.html
3770,アクアビーナス,,平和,ホームスロット,平和 アクアビーナス 中古パチスロ実機,98500,售完,https://home-slot.net/SHOP/s-heiwa41.html
3770,アクアビーナス,,平和,A-SLOT,平和 アクアビーナス 中古パチスロ実機 [4ch対応],108500,售完,https://www.a-slot.com/SHOP/heiwa41.html
3772,アスラズ ラース,,エンターライズ,ホームスロット,エンターライズ アスラズ ラース 中古パチスロ実機,37700,售完,https://home-slot.net/SHOP/s-enta12.html
3772,アスラズ ラース,,エンターライズ,A-SLOT,エンターライズ アスラズラース 中古パチスロ実機 [4ch対応],47700,售完,https://www.a-slot.com/SHOP/enta12.html
3773,ウイングマン,,オリンピア,ホームスロット,オリンピア ウイングマン 中古パチスロ実機,32549,售完,https://home-slot.net/SHOP/s-heiwa71.html
3773,ウイングマン,,オリンピア,A-SLOT,オリンピア ウイングマン 中古パチスロ実機 [4ch対応],79800,售完,https://www.a-slot.com/SHOP/heiwa71.html
3774,エースをねらえ!,,オリンピア,ホームスロット,オリンピア エースをねらえ! 中古パチスロ実機,47800,售完,https://home-slot.net/SHOP/s-heiwa44.html
3774,エースをねらえ!,,オリンピア,A-SLOT,オリンピア エースをねらえ! 中古パチスロ実機 [4ch対応],57800,售完,https://www.a-slot.com/SHOP/heiwa44.html
3775,エフ 犬夜叉2,スマスロ,,ホームスロット,エフ Ｌ犬夜叉2 中古パチスロ実機 [スマスロ][4ch対応][まるごと配送限定],35100,有貨,https://home-slot.net/SHOP/s-f203.html
3775,エフ 犬夜叉2,スマスロ,,A-SLOT,エフ L犬夜叉2 中古パチスロ実機 [スマスロ][4ch対応][まるごと配送限定],45100,有貨,https://www.a-slot.com/SHOP/s-f203.html
3776,オーイズミ QP,,,ホームスロット,オーイズミ パチスロQP 中古パチスロ実機,37700,售完,https://home-slot.net/SHOP/s-oizumi17.html
3776,オーイズミ QP,,,A-SLOT,オーイズミ パチスロQP 中古パチスロ実機 [4ch対応],47700,售完,https://www.a-slot.com/SHOP/oizumi17.html
3780,キュロゴス2,,山佐,ホームスロット,山佐 キュロゴス2 中古パチスロ実機,41500,售完,https://home-slot.net/SHOP/s-yamasa83.html
3780,キュロゴス2,,山佐,A-SLOT,山佐 キュロゴス2 中古パチスロ実機 [4ch対応],51500,售完,https://www.a-slot.com/SHOP/yamasa83.html
3781,キングガッパ,,エレコ,A-SLOT,エレコ キングガッパ 中古パチスロ実機 [4ch対応],22174,售完,https://www.a-slot.com/SHOP/eleco57.html
3781,キングガッパ,,エレコ,ホームスロット,エレコ キングガッパ 中古パチスロ実機,28742,售完,https://home-slot.net/SHOP/s-eleco57.html
3782,キングパルサー,スマスロ,山佐,ホームスロット,山佐 スマスロキングパルサー 中古パチスロ実機 [スマスロ],35100,有貨,https://home-slot.net/SHOP/s-yamasa235.html
3782,キングパルサー,スマスロ,山佐,A-SLOT,山佐 スマスロキングパルサー 中古パチスロ実機 [スマスロ] [4ch対応],45100,有貨,https://www.a-slot.com/SHOP/s-yamasa235.html
3783,キンバリー 30,,パイオニア,ホームスロット,パイオニア キンバリー－30 中古パチスロ実機,35100,售完,https://home-slot.net/SHOP/s-pioneer20.html
3783,キンバリー 30,,パイオニア,A-SLOT,パイオニア キンバリー－30 中古パチスロ実機 [8ch対応],45100,售完,https://www.a-slot.com/SHOP/pioneer20.html
3784,ゴッドイーター2,,山佐,ホームスロット,山佐 パチスロ ゴッドイーター2 中古パチスロ実機,35100,售完,https://home-slot.net/SHOP/s-yamasa138.html
3784,ゴッドイーター2,,山佐,A-SLOT,【お取り寄せ商品】山佐 パチスロ ゴッドイーター2 中古パチスロ実機 [4ch対応],45100,有貨,https://www.a-slot.com/SHOP/yamasa138.html
3785,サボハニ 吉宗,スマスロ,,ホームスロット,サボハニ 吉宗 中古パチスロ実機 [スマスロ],40100,有貨,https://home-slot.net/SHOP/s-daito220.html
3785,サボハニ 吉宗,スマスロ,,A-SLOT,サボハニ 吉宗 中古パチスロ実機 [スマスロ] [8ch対応],50100,有貨,https://www.a-slot.com/SHOP/s-daito220.html
3786,シティーハンター,,オリンピア,ホームスロット,オリンピア シティーハンター 枠色不問 中古パチスロ実機,54100,售完,https://home-slot.net/SHOP/s-heiwa104.html
3786,シティーハンター,,オリンピア,A-SLOT,オリンピア シティーハンター 枠色不問 中古パチスロ実機 [4ch対応],64100,售完,https://www.a-slot.com/SHOP/heiwa104.html
3787,スター REVO,,,ホームスロット,スター REVO 中古パチスロ実機,35100,售完,https://home-slot.net/SHOP/s-star1.html
3787,スター REVO,,,A-SLOT,スター REVO 中古パチスロ実機 [4ch対応],45100,售完,https://www.a-slot.com/SHOP/star1.html
3788,スタードライバー,,山佐,ホームスロット,山佐 パチスロ スタードライバー 中古パチスロ実機,143400,售完,https://home-slot.net/SHOP/s-yamasa96.html
3788,スタードライバー,,山佐,A-SLOT,山佐 パチスロ スタードライバー 中古パチスロ実機 [4ch対応],153400,售完,https://www.a-slot.com/SHOP/yamasa96.html
3789,スーパーオアシス,,パイオニア,ホームスロット,パイオニア スーパーオアシス 中古パチスロ実機,35100,售完,https://home-slot.net/SHOP/s-pioneer35.html
3789,スーパーオアシス,,パイオニア,A-SLOT,パイオニア スーパーオアシス 中古パチスロ実機 [8ch対応],45100,售完,https://www.a-slot.com/SHOP/pioneer35.html
3790,スーパーシオ 30,,パイオニア,ホームスロット,パイオニア スーパーシオ－30 中古パチスロ実機,35100,售完,https://home-slot.net/SHOP/s-pioneer19.html
3790,スーパーシオ 30,,パイオニア,A-SLOT,パイオニア スーパーシオ－30 中古パチスロ実機 [8ch対応],45100,售完,https://www.a-slot.com/SHOP/pioneer19.html
3791,スーパーハナハナ,,パイオニア,ホームスロット,パイオニア スーパーハナハナ 中古パチスロ実機,35100,售完,https://home-slot.net/SHOP/s-pioneer210.html
3791,スーパーハナハナ,,パイオニア,A-SLOT,【お取り寄せ商品】パイオニア スーパーハナハナ 中古パチスロ実機,45100,有貨,https://www.a-slot.com/SHOP/pioneer210.html
3793,スーパーリノXX,,山佐,ホームスロット,山佐 スーパーリノXX 中古パチスロ実機,35100,有貨,https://home-slot.net/SHOP/s-yamasa203.html
3793,スーパーリノXX,,山佐,A-SLOT,山佐 スーパーリノXX 中古パチスロ実機 [4ch対応],45100,有貨,https://www.a-slot.com/SHOP/yamasa203.html
3795,ゼーガペイン2,,山佐,ホームスロット,山佐 パチスロ ゼーガペイン2 中古パチスロ実機,41500,有貨,https://home-slot.net/SHOP/s-yamasa224.html
3795,ゼーガペイン2,,山佐,A-SLOT,山佐 パチスロ ゼーガペイン2 中古パチスロ実機 [4ch対応],51500,有貨,https://www.a-slot.com/SHOP/s-yamasa224.html
3796,タイガーマスク,,SANKYO,ホームスロット,SANKYO パチスロ タイガーマスク 中古パチスロ実機,68500,售完,https://home-slot.net/SHOP/s-sankyo73.html
3796,タイガーマスク,,SANKYO,A-SLOT,SANKYO パチスロ タイガーマスク 中古パチスロ実機 [4ch対応],78500,售完,https://www.a-slot.com/SHOP/sankyo73.html
3797,デコトラの鷲,,大都技研,ホームスロット,大都技研 デコトラの鷲 中古パチスロ実機,68500,售完,https://home-slot.net/SHOP/s-daitogiken23.html
3797,デコトラの鷲,,大都技研,A-SLOT,大都技研 デコトラの鷲 中古パチスロ実機 [4ch対応],78500,售完,https://www.a-slot.com/SHOP/daitogiken23.html
3798,ドルアーガの塔,スマスロ,ミズホ,ホームスロット,ミズホ スマスロ ドルアーガの塔 中古パチスロ実機 [スマスロ][8ch対応][まるごと配送限定],40100,有貨,https://home-slot.net/SHOP/s-mizuho-macy227.html
3798,ドルアーガの塔,スマスロ,ミズホ,A-SLOT,ミズホ スマスロ ドルアーガの塔 中古パチスロ実機 [スマスロ][8ch対応][まるごと配送限定],50100,有貨,https://www.a-slot.com/SHOP/s-mizuho-macy227.html
3799,ドンちゃん祭,,エレコ,ホームスロット,エレコ ドンちゃん祭 中古パチスロ実機,83700,售完,https://home-slot.net/SHOP/s-eleco50.html
3799,ドンちゃん祭,,エレコ,A-SLOT,【お取り寄せ商品】エレコ ドンちゃん祭 中古パチスロ実機 [4ch対応],93700,有貨,https://www.a-slot.com/SHOP/eleco50.html
3802,ニューパルサー3,,山佐,ホームスロット,山佐 ニューパルサー3 中古パチスロ実機,35100,售完,https://home-slot.net/SHOP/s-yamasa66.html
3802,ニューパルサー3,,山佐,A-SLOT,山佐 ニューパルサー3 中古パチスロ実機 [4ch対応],45100,售完,https://www.a-slot.com/SHOP/yamasa66.html
3803,ニューパルサーV,,山佐,ホームスロット,山佐 ニューパルサーV 中古パチスロ実機,68500,售完,https://home-slot.net/SHOP/s-yamasa35.html
3803,ニューパルサーV,,山佐,A-SLOT,山佐 ニューパルサーV 中古パチスロ実機 [4ch対応],78500,售完,https://www.a-slot.com/SHOP/yamasa35.html
3804,ハイハイ 30,,パイオニア,ホームスロット,パイオニア ハイハイ－30 中古パチスロ実機,368000,售完,https://home-slot.net/SHOP/s-pioneer15.html
3804,ハイハイ 30,,パイオニア,A-SLOT,パイオニア ハイハイ－30 中古パチスロ実機 [8ch対応],378000,售完,https://www.a-slot.com/SHOP/pioneer15.html
3805,バイオハザード,,山佐,ホームスロット,山佐 バイオハザード 中古パチスロ実機,128500,售完,https://home-slot.net/SHOP/s-yamasa16.html
3805,バイオハザード,,山佐,A-SLOT,山佐 バイオハザード 中古パチスロ実機 [4ch対応],138500,有貨,https://www.a-slot.com/SHOP/yamasa16.html
3806,バガナックルー,,大都技研,ホームスロット,大都技研 バガナックルー 中古パチスロ実機,37700,售完,https://home-slot.net/SHOP/s-daitogiken56.html
3806,バガナックルー,,大都技研,A-SLOT,【お取り寄せ商品】大都技研 バガナックルー 中古パチスロ実機 [8ch対応],47700,有貨,https://www.a-slot.com/SHOP/daitogiken56.html
3808,バルタン星人,,七匠,ホームスロット,七匠 パチスロ バルタン星人 中古パチスロ実機,40100,售完,https://home-slot.net/SHOP/s-nanashow4.html
3808,バルタン星人,,七匠,A-SLOT,【お取り寄せ商品】七匠 パチスロ バルタン星人 中古パチスロ実機 [4ch対応],50100,有貨,https://www.a-slot.com/SHOP/nanashow4.html
3816,ブロス バベル,スマスロ,ユニバーサル,ホームスロット,ユニバーサルブロス スマスロ バベル 中古パチスロ実機 [スマスロ][8ch対応][まるごと配送限定],35100,有貨,https://home-slot.net/SHOP/s-univerasal205.html
3816,ブロス バベル,スマスロ,ユニバーサル,A-SLOT,ユニバーサルブロス スマスロ バベル 中古パチスロ実機 [スマスロ][8ch対応][まるごと配送限定],45100,有貨,https://www.a-slot.com/SHOP/s-univerasal205.html
3817,プチマーメイド,,北電子,ホームスロット,北電子 プチマーメイド 中古パチスロ実機,35100,有貨,https://home-slot.net/SHOP/s-kitadenshi77.html
3817,プチマーメイド,,北電子,A-SLOT,北電子 プチマーメイド 中古パチスロ実機 [4ch対応],45100,有貨,https://www.a-slot.com/SHOP/kitadensi77.html
3819,ボーダー 咲桜弁慶,,,ホームスロット,ボーダー 咲桜弁慶 中古パチスロ実機,68500,售完,https://home-slot.net/SHOP/s-border201.html
3819,ボーダー 咲桜弁慶,,,A-SLOT,ボーダー 咲桜弁慶 中古パチスロ実機 [4ch対応],78500,售完,https://www.a-slot.com/SHOP/border201.html
3820,ボーダー 雷雷弁慶,,,ホームスロット,ボーダー 雷雷弁慶 中古パチスロ実機,50300,售完,https://home-slot.net/SHOP/s-border200.html
3820,ボーダー 雷雷弁慶,,,A-SLOT,ボーダー 雷雷弁慶 中古パチスロ実機 [4ch対応],60300,售完,https://www.a-slot.com/SHOP/border200.html
3821,ボーダー 鬼若弁慶,,,ホームスロット,ボーダー 鬼若弁慶 中古パチスロ実機,68500,有貨,https://home-slot.net/SHOP/s-border1.html
3821,ボーダー 鬼若弁慶,,,A-SLOT,ボーダー 鬼若弁慶 中古パチスロ実機 [4ch対応],78500,有貨,https://www.a-slot.com/SHOP/border1.html
3823,マシマシ 30,,パイオニア,ホームスロット,パイオニア マシマシ-30 中古パチスロ実機,41500,售完,https://home-slot.net/SHOP/s-pioneer200.html
3823,マシマシ 30,,パイオニア,A-SLOT,パイオニア マシマシ-30 中古パチスロ実機 [4ch対応],51500,售完,https://www.a-slot.com/SHOP/pioneer200.html
3824,マタドール 30,,北電子,ホームスロット,北電子 マタドール-30 中古パチスロ実機,68500,售完,https://home-slot.net/SHOP/s-kitadenshi65.html
3824,マタドール 30,,北電子,A-SLOT,北電子 マタドール-30 中古パチスロ実機 [4ch対応],78500,售完,https://www.a-slot.com/SHOP/kitadenshi65.html
3826,ヤーマ シリウス,,,ホームスロット,ヤーマ シリウス 中古パチスロ実機,35100,有貨,https://home-slot.net/SHOP/s-yama201.html
3826,ヤーマ シリウス,,,A-SLOT,ヤーマ シリウス 中古パチスロ実機,45100,有貨,https://www.a-slot.com/SHOP/s-yama201.html
3827,ヤーマ デジスロ,,,ホームスロット,ヤーマ デジスロ 中古パチスロ実機,54100,售完,https://home-slot.net/SHOP/s-yama200.html
3827,ヤーマ デジスロ,,,A-SLOT,【お取り寄せ商品】ヤーマ デジスロ 中古パチスロ実機,64100,有貨,https://www.a-slot.com/SHOP/yama200.html
3828,ヤーマ トラッド,,,ホームスロット,ヤーマ トラッド 中古パチスロ実機,35100,售完,https://home-slot.net/SHOP/s-yam5.html
3828,ヤーマ トラッド,,,A-SLOT,ヤーマ トラッド 中古パチスロ実機 [4ch対応],45100,售完,https://www.a-slot.com/SHOP/yam5.html
3833,ヴィーナスゾーン,,パイオニア,ホームスロット,パイオニア ヴィーナスゾーン 中古パチスロ実機,35100,售完,https://home-slot.net/SHOP/s-pioneer217.html
3833,ヴィーナスゾーン,,パイオニア,A-SLOT,パイオニア ヴィーナスゾーン 中古パチスロ実機,45100,售完,https://www.a-slot.com/SHOP/s-pioneer217.html
3835,主役は銭形2,,オリンピア,ホームスロット,オリンピア 主役は銭形2 中古パチスロ実機,68500,售完,https://home-slot.net/SHOP/s-heiwa105.html
3835,主役は銭形2,,オリンピア,A-SLOT,【お取り寄せ商品】オリンピア 主役は銭形2 枠色不問 中古パチスロ実機 [4ch対応],78500,有貨,https://www.a-slot.com/SHOP/heiwa105.html
3836,主役は銭形3,,平和,ホームスロット,平和 主役は銭形3 中古パチスロ実機 [8ch対応],35100,有貨,https://home-slot.net/SHOP/s-heiwa218.html
3836,主役は銭形3,,平和,A-SLOT,平和 主役は銭形3 中古パチスロ実機 [8ch対応],45100,有貨,https://www.a-slot.com/SHOP/heiwa218.html
3837,主役は銭形4,スマスロ,オリンピア,ホームスロット,オリンピア L主役は銭形4 中古パチスロ実機 [スマスロ] [8ch対応],54100,有貨,https://home-slot.net/SHOP/s-olympia224.html
3837,主役は銭形4,スマスロ,オリンピア,A-SLOT,オリンピア L主役は銭形4 中古パチスロ実機 [スマスロ] [8ch対応],64100,有貨,https://www.a-slot.com/SHOP/s-olympia224.html
3838,主役は銭形5,スマスロ,オリンピア,ホームスロット,オリンピア L主役は銭形5 中古パチスロ実機 [スマスロ] [8ch対応],46500,有貨,https://home-slot.net/SHOP/s-olympia238.html
3838,主役は銭形5,スマスロ,オリンピア,A-SLOT,オリンピア L主役は銭形5 中古パチスロ実機 [スマスロ] [8ch対応],56500,有貨,https://www.a-slot.com/SHOP/s-olympia238.html
3839,兎 野性の闘牌,,ニューギン,ホームスロット,ニューギン 兎－野性の闘牌－ 中古パチスロ実機,72300,售完,https://home-slot.net/SHOP/s-newgin16.html
3839,兎 野性の闘牌,,ニューギン,A-SLOT,ニューギン 兎－野性の闘牌－ 中古パチスロ実機 [4ch対応],82300,售完,https://www.a-slot.com/SHOP/newgin16.html
3840,北斗の拳 天昇,,Sammy,ホームスロット,サミー パチスロ北斗の拳 天昇 中古パチスロ実機 [8ch対応],35100,有貨,https://home-slot.net/SHOP/s-sammy207.html
3840,北斗の拳 天昇,,Sammy,A-SLOT,サミー パチスロ北斗の拳 天昇 中古パチスロ実機 [8ch対応][まるごと配送限定],45100,有貨,https://www.a-slot.com/SHOP/sammy207.html
3841,北斗の拳 宿命,,Sammy,ホームスロット,サミー パチスロ北斗の拳 宿命 中古パチスロ実機 [8ch対応],35100,有貨,https://home-slot.net/SHOP/s-sammy212.html
3841,北斗の拳 宿命,,Sammy,A-SLOT,サミー パチスロ北斗の拳 宿命 中古パチスロ実機 [8ch対応][まるごと配送限定],45100,有貨,https://www.a-slot.com/SHOP/sammy212.html
3842,北斗の拳 強敵,,Sammy,ホームスロット,サミー パチスロ北斗の拳 強敵 中古パチスロ実機,68500,有貨,https://home-slot.net/SHOP/s-sammy113.html
3842,北斗の拳 強敵,,Sammy,A-SLOT,サミー パチスロ北斗の拳 強敵 中古パチスロ実機 [4ch対応],78500,有貨,https://www.a-slot.com/SHOP/sammy113.html
3847,呪怨 再誕AT,S,藤商事,ホームスロット,藤商事 S呪怨 再誕AT 中古パチスロ実機,41500,有貨,https://home-slot.net/SHOP/s-fuji201.html
3847,呪怨 再誕AT,S,藤商事,A-SLOT,藤商事 S呪怨 再誕AT 中古パチスロ実機 [4ch対応],51500,有貨,https://www.a-slot.com/SHOP/fuji201.html
3848,哲也 天運地力,,大一,ホームスロット,大一 パチスロ 哲也 －天運地力－ 中古パチスロ実機,37700,售完,https://home-slot.net/SHOP/s-daiichi200.html
3848,哲也 天運地力,,大一,A-SLOT,【お取り寄せ商品】大一 パチスロ 哲也 －天運地力－ 中古パチスロ実機 [4ch対応],47700,有貨,https://www.a-slot.com/SHOP/daiichi200.html
3849,地獄少女 宵伽,,藤商事,ホームスロット,藤商事 パチスロ地獄少女 宵伽 中古パチスロ実機,74900,售完,https://home-slot.net/SHOP/s-fuji21.html
3849,地獄少女 宵伽,,藤商事,A-SLOT,藤商事 パチスロ地獄少女 宵伽 中古パチスロ実機 [4ch対応],84900,售完,https://www.a-slot.com/SHOP/fuji21.html
3850,天地を喰らう,,ロデオ,ホームスロット,ロデオ 天地を喰らう 中古パチスロ実機,68500,售完,https://home-slot.net/SHOP/s-rodeo21.html
3850,天地を喰らう,,ロデオ,A-SLOT,ロデオ 天地を喰らう 中古パチスロ実機 [4ch対応],78500,售完,https://www.a-slot.com/SHOP/rodeo21.html
3853,楽シーサーR ブルー,,SANKYO,A-SLOT,SANKYO 楽シーサーR （ブルー） 中古パチスロ実機 [4ch対応],22174,售完,https://www.a-slot.com/SHOP/sankyo11.html
3853,楽シーサーR ブルー,,SANKYO,ホームスロット,SANKYO 楽シーサーR （ブルー） 中古パチスロ実機,35209,售完,https://home-slot.net/SHOP/s-sankyo11.html
3855,牙狼 守りし者,,Sammy,ホームスロット,サミー パチスロ牙狼－守りし者－ 中古パチスロ実機,35100,有貨,https://home-slot.net/SHOP/s-sammy128.html
3855,牙狼 守りし者,,Sammy,A-SLOT,サミー パチスロ牙狼－守りし者－ 中古パチスロ実機 [4ch対応],45100,有貨,https://www.a-slot.com/SHOP/sammy128.html
3860,緋弾のアリア,,藤商事,ホームスロット,藤商事 パチスロ緋弾のアリア 中古パチスロ実機,54100,售完,https://home-slot.net/SHOP/s-fuji16.html
3860,緋弾のアリア,,藤商事,A-SLOT,【お取り寄せ商品】藤商事 パチスロ緋弾のアリア 中古パチスロ実機 [4ch対応],64100,有貨,https://www.a-slot.com/SHOP/fuji16.html
3862,蒼天の拳 朋友,,Sammy,ホームスロット,サミー パチスロ蒼天の拳 朋友 中古パチスロ実機 [8ch対応],35100,售完,https://home-slot.net/SHOP/s-sammy204.html
3862,蒼天の拳 朋友,,Sammy,A-SLOT,【お取り寄せ商品】サミー パチスロ蒼天の拳 朋友 中古パチスロ実機 [8ch対応][まるごと配送限定],45100,有貨,https://www.a-slot.com/SHOP/sammy204.html
3863,西陣 春夏秋冬,,,ホームスロット,西陣 春夏秋冬 中古パチスロ実機,37700,售完,https://home-slot.net/SHOP/s-nisijin1.html
3863,西陣 春夏秋冬,,,A-SLOT,西陣 春夏秋冬 中古パチスロ実機 [4ch対応],47700,售完,https://www.a-slot.com/SHOP/nisijin1.html
3866,超AT 美ら沖,,七匠,ホームスロット,七匠 超AT 美ら沖 中古パチスロ実機,47800,售完,https://home-slot.net/SHOP/s-nanashow202.html
3866,超AT 美ら沖,,七匠,A-SLOT,【お取り寄せ商品】七匠 超AT 美ら沖 中古パチスロ実機 [4ch対応],57800,有貨,https://www.a-slot.com/SHOP/nanashow202.html
3867,遠山の金さん,,大一,ホームスロット,大一 パチスロ遠山の金さん 中古パチスロ実機,168800,售完,https://home-slot.net/SHOP/s-daiichi4.html
3867,遠山の金さん,,大一,A-SLOT,大一 パチスロ遠山の金さん 中古パチスロ実機 [4ch対応],178800,售完,https://www.a-slot.com/SHOP/daiichi4.html
3868,銀河英雄伝説,,ミズホ,ホームスロット,ミズホ 銀河英雄伝説 中古パチスロ実機,162400,售完,https://home-slot.net/SHOP/s-mizuho-macy19.html
3868,銀河英雄伝説,,ミズホ,A-SLOT,ミズホ 銀河英雄伝説 中古パチスロ実機 [4ch対応],172400,售完,https://www.a-slot.com/SHOP/mizuho-macy19.html
3869,黄門ちゃまV,,オリンピア,ホームスロット,オリンピア パチスロ黄門ちゃまV 中古パチスロ実機,35100,有貨,https://home-slot.net/SHOP/s-heiwa200.html
3869,黄門ちゃまV,,オリンピア,A-SLOT,オリンピア パチスロ黄門ちゃまV 中古パチスロ実機 [8ch対応],45100,有貨,https://www.a-slot.com/SHOP/heiwa200.html
3870,黄門ちゃま喝,,オリンピア,ホームスロット,オリンピア パチスロ黄門ちゃま喝 中古パチスロ実機,37700,有貨,https://home-slot.net/SHOP/s-heiwa112.html
3870,黄門ちゃま喝,,オリンピア,A-SLOT,オリンピア パチスロ黄門ちゃま喝 枠色不問 中古パチスロ実機 [4ch対応],47700,有貨,https://www.a-slot.com/SHOP/heiwa112.html
3873,G SPIN,,ユニバーサル,ホームスロット,ユニバーサル G-SPIN 中古パチスロ実機,35100,售完,https://home-slot.net/SHOP/s-universal-1.html
3873,G SPIN,,ユニバーサル,A-SLOT,ユニバーサル G-SPIN 中古パチスロ実機 [4ch対応],45100,售完,https://www.a-slot.com/SHOP/universal-1.html
3874,NET 花笠,スマスロ,,ホームスロット,NET 花笠 中古パチスロ実機 [スマスロ][8ch対応],109800,有貨,https://home-slot.net/SHOP/s-net223.html
3874,NET 花笠,スマスロ,,A-SLOT,NET 花笠 中古パチスロ実機 [スマスロ][8ch対応],119800,有貨,https://www.a-slot.com/SHOP/s-net223.html
3876,ちゃぶ 返し,,ベルコ,ホームスロット,ベルコ ちゃぶ台返し 中古パチスロ実機,54100,售完,https://home-slot.net/SHOP/s-bellco200.html
3876,ちゃぶ 返し,,ベルコ,A-SLOT,【お取り寄せ商品】ベルコ ちゃぶ台返し 中古パチスロ実機 [4ch対応],64100,有貨,https://www.a-slot.com/SHOP/bellco200.html
3877,ゆるせぽね,,ミズホ,ホームスロット,ミズホ ゆるせぽね 中古パチスロ実機,47800,售完,https://home-slot.net/SHOP/s-mizuho-macy68.html
3877,ゆるせぽね,,ミズホ,A-SLOT,ミズホ ゆるせぽね 中古パチスロ実機 [8ch対応],57800,有貨,https://www.a-slot.com/SHOP/mizuho-macy68.html
3878,らんま1 2,,SANKYO,ホームスロット,三共 パチスロ らんま1/2 中古パチスロ実機,93600,售完,https://home-slot.net/SHOP/s-sankyo67.html
3878,らんま1 2,,SANKYO,A-SLOT,三共 パチスロ らんま1/2 中古パチスロ実機 [4ch対応],103600,售完,https://www.a-slot.com/SHOP/sankyo67.html
3881,イースI&II,,ロデオ,ホームスロット,ロデオ パチスロ イースＩ＆ＩＩ 中古パチスロ実機,36400,售完,https://home-slot.net/SHOP/s-rodeo55.html
3881,イースI&II,,ロデオ,A-SLOT,ロデオ パチスロ イースＩ＆ＩＩ 中古パチスロ実機 [4ch対応],46400,售完,https://www.a-slot.com/SHOP/rodeo55.html
3882,オズ OZ 1,,,ホームスロット,オズ OZ-1 中古パチスロ実機,98500,售完,https://home-slot.net/SHOP/s-oz200.html
3882,オズ OZ 1,,,A-SLOT,【お取り寄せ商品】オズ OZ-1 中古パチスロ実機,108500,有貨,https://www.a-slot.com/SHOP/s-oz200.html
3884,キン肉マン,,山佐,ホームスロット,山佐 パチスロキン肉マン 中古パチスロ実機,98500,售完,https://home-slot.net/SHOP/s-yamasa17.html
3884,キン肉マン,,山佐,A-SLOT,山佐 パチスロキン肉マン 中古パチスロ実機 [4ch対応],108500,售完,https://www.a-slot.com/SHOP/yamasa17.html
3886,クジラッキー,,SANYO,ホームスロット,SANYO パチスロクジラッキー 中古パチスロ実機,35100,售完,https://home-slot.net/SHOP/s-sanyo24.html
3886,クジラッキー,,SANYO,A-SLOT,【お取り寄せ商品】SANYO パチスロクジラッキー 中古パチスロ実機 [4ch対応],45100,有貨,https://www.a-slot.com/SHOP/sanyo24.html
3888,ケロット3,,山佐,ホームスロット,山佐 パチスロ ケロット3 中古パチスロ実機,41500,售完,https://home-slot.net/SHOP/s-yamasa98.html
3888,ケロット3,,山佐,A-SLOT,【お取り寄せ商品】山佐 パチスロ ケロット3 中古パチスロ実機 [4ch対応],51500,有貨,https://www.a-slot.com/SHOP/yamasa98.html
3889,ケロロ軍曹,,大都技研,ホームスロット,大都技研 ケロロ軍曹 中古パチスロ実機,89800,售完,https://home-slot.net/SHOP/s-daitogiken63.html
3889,ケロロ軍曹,,大都技研,A-SLOT,大都技研 ケロロ軍曹 中古パチスロ実機 [8ch対応],99800,售完,https://www.a-slot.com/SHOP/daitogiken63.html
3890,コルモ シーシー,,,A-SLOT,コルモ シーシー 中古パチスロ実機 [4ch対応],37483,售完,https://www.a-slot.com/SHOP/colmo1.html
3890,コルモ シーシー,,,ホームスロット,コルモ シーシー 中古パチスロ実機,50516,售完,https://home-slot.net/SHOP/s-colmo1.html
3891,ゴッドイーター,,山佐,ホームスロット,山佐 パチスロ ゴッドイーター 中古パチスロ実機,47800,售完,https://home-slot.net/SHOP/s-yamasa104.html
3891,ゴッドイーター,,山佐,A-SLOT,山佐 パチスロ ゴッドイーター 中古パチスロ実機 [4ch対応],57800,售完,https://www.a-slot.com/SHOP/yamasa104.html
3893,ゴールド獣王,,Sammy,ホームスロット,サミー ゴールド獣王 中古パチスロ実機,37909,售完,https://home-slot.net/SHOP/s-sammy50.html
3893,ゴールド獣王,,Sammy,A-SLOT,【4号機】サミー ゴールド獣王 中古パチスロ実機 [4ch対応],95000,售完,https://www.a-slot.com/SHOP/sammy50.html
3894,サイバーブルー,,SANYO,ホームスロット,SANYO パチスロサイバーブルー 中古パチスロ実機,35100,售完,https://home-slot.net/SHOP/s-sanyo19.html
3894,サイバーブルー,,SANYO,A-SLOT,SANYO パチスロサイバーブルー 中古パチスロ実機 [4ch対応],45100,售完,https://www.a-slot.com/SHOP/sanyo19.html
3897,シェイク2,,大都技研,ホームスロット,大都技研 シェイク2 中古パチスロ実機,98500,售完,https://home-slot.net/SHOP/s-daitogiken15.html
3897,シェイク2,,大都技研,A-SLOT,大都技研 シェイク2 中古パチスロ実機 [4ch対応],108500,售完,https://www.a-slot.com/SHOP/daitogiken15.html
3898,シオサー30,,パイオニア,ホームスロット,パイオニア シオサー30 中古パチスロ実機,68500,售完,https://home-slot.net/SHOP/s-pioneer4.html
3898,シオサー30,,パイオニア,A-SLOT,パイオニア シオサー30 中古パチスロ実機 [8ch対応],78500,售完,https://www.a-slot.com/SHOP/pioneer4.html
3899,スーパーセブン,,パイオニア,A-SLOT,パイオニア スーパーセブン 中古パチスロ実機 [8ch対応],22174,售完,https://www.a-slot.com/SHOP/pioneer13.html
3899,スーパーセブン,,パイオニア,ホームスロット,パイオニア スーパーセブン 中古パチスロ実機,35209,售完,https://home-slot.net/SHOP/s-pioneer13.html
3901,スーパー海物語,,SANYO,ホームスロット,SANYO パチスロ スーパー海物語 中古パチスロ実機,68500,售完,https://home-slot.net/SHOP/s-sanyo2.html
3901,スーパー海物語,,SANYO,A-SLOT,SANYO パチスロ スーパー海物語 中古パチスロ実機 [4ch対応],78500,售完,https://www.a-slot.com/SHOP/sanyo2.html
3902,ゼーガペイン,,山佐,ホームスロット,山佐 パチスロゼーガペイン 中古パチスロ実機,143400,售完,https://home-slot.net/SHOP/s-yamasa93.html
3902,ゼーガペイン,,山佐,A-SLOT,山佐 パチスロゼーガペイン 中古パチスロ実機 [4ch対応],153400,有貨,https://www.a-slot.com/SHOP/yamasa93.html
3903,タイムパーク,,山佐,ホームスロット,山佐 タイムパーク 中古パチスロ実機,35209,售完,https://home-slot.net/SHOP/s-yamasa25.html
3903,タイムパーク,,山佐,A-SLOT,【4号機】山佐 タイムパーク 中古パチスロ実機 [4ch対応],41500,售完,https://www.a-slot.com/SHOP/yamasa25.html
3906,トロピカーナ,スマスロ,ミズホ,ホームスロット,ミズホ スマスロ トロピカーナ 中古パチスロ実機 [スマスロ][8ch対応][まるごと配送限定],35100,售完,https://home-slot.net/SHOP/s-mizuho-macy223.html
3906,トロピカーナ,スマスロ,ミズホ,A-SLOT,ミズホ スマスロ トロピカーナ 中古パチスロ実機 [スマスロ][8ch対応][まるごと配送限定],45100,售完,https://www.a-slot.com/SHOP/s-mizuho-macy223.html
3907,ドラゴノーツ,,オリンピア,ホームスロット,オリンピア ドラゴノーツ 中古パチスロ実機,68500,售完,https://home-slot.net/SHOP/s-heiwa62.html
3907,ドラゴノーツ,,オリンピア,A-SLOT,オリンピア ドラゴノーツ 中古パチスロ実機 [4ch対応],78500,售完,https://www.a-slot.com/SHOP/heiwa62.html
3908,ドリフターズ,,Sammy,ホームスロット,サミー パチスロドリフターズ 中古パチスロ実機 [8ch対応],40100,有貨,https://home-slot.net/SHOP/s-sammy219.html
3908,ドリフターズ,,Sammy,A-SLOT,サミー パチスロドリフターズ 中古パチスロ実機 [8ch対応][まるごと配送限定],50100,有貨,https://www.a-slot.com/SHOP/s-sammy219.html
3909,ネクスト 零,,山佐,ホームスロット,山佐ネクスト パチスロ零 中古パチスロ実機 [4ch対応],47800,售完,https://home-slot.net/SHOP/s-yamasa219.html
3909,ネクスト 零,,山佐,A-SLOT,山佐ネクスト パチスロ零 中古パチスロ実機 [4ch対応],57800,售完,https://www.a-slot.com/SHOP/yamasa219.html
3910,ハイパーリノ,,山佐,ホームスロット,山佐 ハイパーリノ 中古パチスロ実機,285100,售完,https://home-slot.net/SHOP/s-yamasa133.html
3910,ハイパーリノ,,山佐,A-SLOT,山佐 ハイパーリノ 中古パチスロ実機 [4ch対応],295100,售完,https://www.a-slot.com/SHOP/yamasa133.html
3912,バットマン,,エレコ,ホームスロット,エレコ スロット バットマン 中古パチスロ実機,68500,有貨,https://home-slot.net/SHOP/s-eleco65.html
3912,バットマン,,エレコ,A-SLOT,エレコ スロット バットマン 中古パチスロ実機 [8ch対応],78500,有貨,https://www.a-slot.com/SHOP/eleco65.html
3916,ヘルシング,,北電子,ホームスロット,北電子 パチスロ ヘルシング 中古パチスロ実機,47800,售完,https://home-slot.net/SHOP/s-kitadenshi66.html
3916,ヘルシング,,北電子,A-SLOT,北電子 パチスロ ヘルシング 中古パチスロ実機 [4ch対応],57800,售完,https://www.a-slot.com/SHOP/kitadenshi66.html
3917,ベヨネッタ,,Sammy,ホームスロット,サミー パチスロ ベヨネッタ 中古パチスロ実機,98500,售完,https://home-slot.net/SHOP/s-sammy114.html
3917,ベヨネッタ,,Sammy,A-SLOT,サミー パチスロ ベヨネッタ 中古パチスロ実機 [4ch対応],108500,售完,https://www.a-slot.com/SHOP/sammy114.html
3918,ベルセルク,,七匠,ホームスロット,七匠 パチスロ ベルセルク 中古パチスロ実機,74900,售完,https://home-slot.net/SHOP/s-nanashow1.html
3918,ベルセルク,,七匠,A-SLOT,七匠 パチスロ ベルセルク 中古パチスロ実機 [4ch対応],84900,有貨,https://www.a-slot.com/SHOP/nanashow1.html
3919,ペルソナ5,,ロデオ,ホームスロット,ロデオ パチスロペルソナ5 中古パチスロ実機 [8ch対応],59200,有貨,https://home-slot.net/SHOP/s-rodeo202.html
3919,ペルソナ5,,ロデオ,A-SLOT,ロデオ パチスロペルソナ5 中古パチスロ実機 [8ch対応][まるごと配送限定],69200,有貨,https://www.a-slot.com/SHOP/s-rodeo202.html
3920,マハロ 30,,北電子,ホームスロット,北電子 マハロ－30 中古パチスロ実機,47800,售完,https://home-slot.net/SHOP/s-kitadenshi47.html
3920,マハロ 30,,北電子,A-SLOT,北電子 マハロ－30 中古パチスロ実機 [4ch対応],57800,售完,https://www.a-slot.com/SHOP/kitadenshi47.html
3921,ヤッターマン,,SANYO,ホームスロット,SANYO パチスロヤッターマン 中古パチスロ実機,54100,售完,https://home-slot.net/SHOP/s-sanyo25.html
3921,ヤッターマン,,SANYO,A-SLOT,SANYO パチスロヤッターマン 中古パチスロ実機 [8ch対応],64100,售完,https://www.a-slot.com/SHOP/sanyo25.html
3923,ラーゼフォン,,ロデオ,ホームスロット,ロデオ ラーゼフォン 中古パチスロ実機,47800,售完,https://home-slot.net/SHOP/s-rodeo39.html
3923,ラーゼフォン,,ロデオ,A-SLOT,ロデオ ラーゼフォン 中古パチスロ実機 [4ch対応],57800,售完,https://www.a-slot.com/SHOP/rodeo39.html
3924,リノヘブン,スマスロ,山佐,ホームスロット,山佐 スマスロリノヘブン 中古パチスロ実機 [スマスロ] [4ch対応],40100,有貨,https://home-slot.net/SHOP/s-yamasa229.html
3924,リノヘブン,スマスロ,山佐,A-SLOT,山佐 スマスロリノヘブン 中古パチスロ実機 [スマスロ] [4ch対応],50100,有貨,https://www.a-slot.com/SHOP/s-yamasa229.html
3925,ルパン三世,S,オリンピア,ホームスロット,オリンピア Sルパン三世 中古パチスロ実機 [8ch対応],41500,售完,https://home-slot.net/SHOP/s-heiwa219.html
3925,ルパン三世,S,オリンピア,A-SLOT,オリンピア Sルパン三世 中古パチスロ実機 [8ch対応],51500,售完,https://www.a-slot.com/SHOP/s-heiwa219.html
3927,ワンバーワン,,ベルコ,ホームスロット,ベルコ ワンバーワン 中古パチスロ実機,35100,售完,https://home-slot.net/SHOP/s-bellco17.html
3927,ワンバーワン,,ベルコ,A-SLOT,ベルコ ワンバーワン 中古パチスロ実機 [4ch対応],45100,售完,https://www.a-slot.com/SHOP/bellco17.html
3931,大海物語4,,SANYO,ホームスロット,SANYO パチスロ大海物語4 中古パチスロ実機,35100,售完,https://home-slot.net/SHOP/s-sanyo30.html
3931,大海物語4,,SANYO,A-SLOT,SANYO パチスロ大海物語4 中古パチスロ実機 [8ch対応],45100,有貨,https://www.a-slot.com/SHOP/sanyo30.html
3932,大神~回胴編~,,エンターライズ,ホームスロット,エンターライズ 大神～回胴編～ 中古パチスロ実機,235000,售完,https://home-slot.net/SHOP/s-enta200.html
3932,大神~回胴編~,,エンターライズ,A-SLOT,エンターライズ 大神～回胴編～ 中古パチスロ実機 [4ch対応],245000,售完,https://www.a-slot.com/SHOP/enta200.html
3933,天下布武2,,山佐,ホームスロット,山佐 天下布武2 中古パチスロ実機,47800,售完,https://home-slot.net/SHOP/s-yamasa65.html
3933,天下布武2,,山佐,A-SLOT,山佐 天下布武2 中古パチスロ実機 [4ch対応],57800,售完,https://www.a-slot.com/SHOP/yamasa65.html
3934,天下布武3,,山佐,ホームスロット,山佐 天下布武3 中古パチスロ実機,35100,有貨,https://home-slot.net/SHOP/s-yamasa127.html
3934,天下布武3,,山佐,A-SLOT,山佐 天下布武3 中古パチスロ実機 [4ch対応],45100,有貨,https://www.a-slot.com/SHOP/yamasa127.html
3936,忍魂~暁ノ章~,,大都技研,ホームスロット,大都技研 忍魂～暁ノ章～ 中古パチスロ実機,35100,售完,https://home-slot.net/SHOP/s-daitogiken62.html
3936,忍魂~暁ノ章~,,大都技研,A-SLOT,大都技研 忍魂～暁ノ章～ 中古パチスロ実機 [8ch対応],45100,有貨,https://www.a-slot.com/SHOP/daitogiken62.html
3938,戦国無双2,,山佐,ホームスロット,山佐 パチスロ戦国無双2 中古パチスロ実機,54100,售完,https://home-slot.net/SHOP/s-yamasa91.html
3938,戦国無双2,,山佐,A-SLOT,山佐 パチスロ戦国無双2 中古パチスロ実機 [4ch対応],64100,售完,https://www.a-slot.com/SHOP/yamasa91.html
3941,押忍!番長A,,大都技研,ホームスロット,大都技研 押忍！番長A 中古パチスロ実機,74900,售完,https://home-slot.net/SHOP/s-daitogiken68.html
3941,押忍!番長A,,大都技研,A-SLOT,【お取り寄せ商品】大都技研 押忍！番長A 中古パチスロ実機 [8ch対応],84900,有貨,https://www.a-slot.com/SHOP/daitogiken68.html
3944,攻殻機動隊,スマスロ,Sammy,ホームスロット,サミー スマスロ 攻殻機動隊 中古パチスロ実機 [スマスロ][8ch対応][まるごと配送限定],576900,有貨,https://home-slot.net/SHOP/s-sammy231.html
3944,攻殻機動隊,スマスロ,Sammy,A-SLOT,サミー スマスロ 攻殻機動隊 中古パチスロ実機 [スマスロ][8ch対応][まるごと配送限定],586900,有貨,https://www.a-slot.com/SHOP/s-sammy231.html
3945,新鬼武者2,,エンターライズ,ホームスロット,エンターライズ パチスロ 新鬼武者2 中古パチスロ実機 [8ch対応],35100,有貨,https://home-slot.net/SHOP/s-enta208.html
3945,新鬼武者2,,エンターライズ,A-SLOT,エンターライズ パチスロ 新鬼武者2 中古パチスロ実機 [8ch対応][まるごと配送限定],45100,有貨,https://www.a-slot.com/SHOP/s-enta208.html
3948,桃太郎電鉄,,Sammy,ホームスロット,サミー パチスロ桃太郎電鉄 中古パチスロ実機,113500,售完,https://home-slot.net/SHOP/s-sammy40.html
3948,桃太郎電鉄,,Sammy,A-SLOT,サミー パチスロ桃太郎電鉄 中古パチスロ実機 [4ch対応],123500,售完,https://www.a-slot.com/SHOP/sammy40.html
3949,楽シーサー30Φ,,SANKYO,ホームスロット,SANKYO パチスロ 楽シーサー30Φ 中古パチスロ実機,35100,售完,https://home-slot.net/SHOP/s-sankyo132.html
3949,楽シーサー30Φ,,SANKYO,A-SLOT,SANKYO パチスロ 楽シーサー30Φ 中古パチスロ実機 [4ch対応],45100,售完,https://www.a-slot.com/SHOP/sankyo132.html
3951,湘南爆走族,,大一,A-SLOT,大一 パチスロ湘南爆走族 中古パチスロ実機 [4ch対応],22174,售完,https://www.a-slot.com/SHOP/daiichi1.html
3951,湘南爆走族,,大一,ホームスロット,大一 パチスロ湘南爆走族 中古パチスロ実機,35209,售完,https://home-slot.net/SHOP/s-daiichi1.html
3952,湘南純愛組!,,ニューギン,ホームスロット,ニューギン パチスロ 湘南純愛組！ 中古パチスロ実機,54100,售完,https://home-slot.net/SHOP/s-newgin27.html
3952,湘南純愛組!,,ニューギン,A-SLOT,ニューギン パチスロ 湘南純愛組！ 中古パチスロ実機 [4ch対応],64100,售完,https://www.a-slot.com/SHOP/newgin27.html
3954,真 一騎当千,スマスロ,大一,ホームスロット,大一 L 真・一騎当千 中古パチスロ実機 [スマスロ][8ch対応][まるごと配送限定],46500,有貨,https://home-slot.net/SHOP/s-daiichi202.html
3954,真 一騎当千,スマスロ,大一,A-SLOT,大一 L 真・一騎当千 中古パチスロ実機 [スマスロ][8ch対応][まるごと配送限定],56500,有貨,https://www.a-slot.com/SHOP/s-daiichi202.html
3956,真 三國無双,,オリンピア,A-SLOT,オリンピア 真・三國無双 中古パチスロ実機 [4ch対応],38399,售完,https://www.a-slot.com/SHOP/heiwa119.html
3956,真 三國無双,,オリンピア,ホームスロット,オリンピア パチスロ真・三國無双 中古パチスロ実機,83500,售完,https://home-slot.net/SHOP/s-heiwa58.html
3958,真天下布武,,山佐,ホームスロット,山佐 真天下布武 中古パチスロ実機 [4ch対応],40100,有貨,https://home-slot.net/SHOP/s-yamasa231.html
3958,真天下布武,,山佐,A-SLOT,山佐 真天下布武 中古パチスロ実機 [4ch対応],50100,有貨,https://www.a-slot.com/SHOP/s-yamasa231.html
3959,真田純勇士,,ニューギン,ホームスロット,ニューギン 真田純勇士 中古パチスロ実機,89800,售完,https://home-slot.net/SHOP/s-newgi6.html
3959,真田純勇士,,ニューギン,A-SLOT,ニューギン 真田純勇士 中古パチスロ実機 [4ch対応],99800,售完,https://www.a-slot.com/SHOP/newgi6.html
3961,絶対衝激3,,スパイキー,ホームスロット,スパイキー 絶対衝激3 中古パチスロ実機,51600,售完,https://home-slot.net/SHOP/s-spyki_206.html
3961,絶対衝激3,,スパイキー,A-SLOT,スパイキー 絶対衝激3 中古パチスロ実機 [4ch対応],61600,有貨,https://www.a-slot.com/SHOP/spyki_206.html
3962,聖闘士星矢,,SANYO,ホームスロット,SANYO パチスロ聖闘士星矢 中古パチスロ実機,57800,售完,https://home-slot.net/SHOP/s-sanyo9.html
3962,聖闘士星矢,,SANYO,A-SLOT,【お取り寄せ商品】SANYO パチスロ聖闘士星矢 中古パチスロ実機 [4ch対応],67800,有貨,https://www.a-slot.com/SHOP/sanyo9.html
3963,舞 HiME,,岡崎産業,ホームスロット,岡崎産業 舞－HiME 中古パチスロ実機,39792,售完,https://home-slot.net/SHOP/s-okaaki1.html
3963,舞 HiME,,岡崎産業,A-SLOT,岡崎産業 舞－HiME 中古パチスロ実機 [4ch対応],53000,售完,https://www.a-slot.com/SHOP/okaaki1.html
3967,西陣 春一番,,,ホームスロット,西陣 パチスロ春一番 中古パチスロ実機,41500,售完,https://home-slot.net/SHOP/s-nisijin200.html
3967,西陣 春一番,,,A-SLOT,西陣 パチスロ春一番 中古パチスロ実機,51500,售完,https://www.a-slot.com/SHOP/nisijin200.html
3969,鉄拳2nd,,山佐,ホームスロット,山佐 パチスロ鉄拳2nd 中古パチスロ実機,77200,售完,https://home-slot.net/SHOP/s-yamasa72.html
3969,鉄拳2nd,,山佐,A-SLOT,【お取り寄せ商品】山佐 パチスロ鉄拳2nd 中古パチスロ実機 [4ch対応],87200,有貨,https://www.a-slot.com/SHOP/yamasa72.html
3970,鉄拳3rd,,山佐,ホームスロット,山佐 パチスロ鉄拳3rd 中古パチスロ実機,68500,售完,https://home-slot.net/SHOP/s-yamasa99.html
3970,鉄拳3rd,,山佐,A-SLOT,山佐 パチスロ鉄拳3rd 中古パチスロ実機 [4ch対応],78500,售完,https://www.a-slot.com/SHOP/yamasa99.html
3971,銀座 ガメラ,,,ホームスロット,銀座 パチスロガメラ 中古パチスロ実機,41500,有貨,https://home-slot.net/SHOP/s-ginza207.html
3971,銀座 ガメラ,,,A-SLOT,銀座 パチスロガメラ 中古パチスロ実機,51500,有貨,https://www.a-slot.com/SHOP/ginza207.html
3972,銀座 化物語,スマスロ,,ホームスロット,銀座 スマスロ 化物語 中古パチスロ実機 [スマスロ][8ch対応][まるごと配送限定],233700,有貨,https://home-slot.net/SHOP/s-ginza213.html
3972,銀座 化物語,スマスロ,,A-SLOT,銀座 スマスロ 化物語 中古パチスロ実機 [スマスロ][8ch対応][まるごと配送限定],243700,有貨,https://www.a-slot.com/SHOP/s-ginza213.html
3973,青の祓魔師,,オリンピア,ホームスロット,オリンピア パチスロ青の祓魔師 中古パチスロ実機,37700,售完,https://home-slot.net/SHOP/s-heiwa214.html
3973,青の祓魔師,,オリンピア,A-SLOT,【お取り寄せ商品】オリンピア パチスロ青の祓魔師 中古パチスロ実機,47700,有貨,https://www.a-slot.com/SHOP/heiwa214.html
3974,麻雀物語4,,オリンピア,ホームスロット,オリンピア パチスロ麻雀物語4 中古パチスロ実機 [8ch対応],35100,有貨,https://home-slot.net/SHOP/s-heiwa216.html
3974,麻雀物語4,,オリンピア,A-SLOT,オリンピア パチスロ麻雀物語4 中古パチスロ実機 [8ch対応],45100,有貨,https://www.a-slot.com/SHOP/heiwa216.html
3977,HEY!鏡,,大都技研,ホームスロット,大都技研 HEY!鏡 中古パチスロ実機,41500,有貨,https://home-slot.net/SHOP/s-daitogiken201.html
3977,HEY!鏡,,大都技研,A-SLOT,大都技研 HEY!鏡 中古パチスロ実機 [8ch対応],51500,有貨,https://www.a-slot.com/SHOP/daitogiken201.html
3978,まつりば!,,大都技研,ホームスロット,大都技研 まつりば！ 中古パチスロ実機,41500,售完,https://home-slot.net/SHOP/s-daitogiken55.html
3978,まつりば!,,大都技研,A-SLOT,【お取り寄せ商品】大都技研 まつりば！ 中古パチスロ実機 [8ch対応],51500,有貨,https://www.a-slot.com/SHOP/daitogiken55.html
3979,アレジン,,藤商事,ホームスロット,藤商事 パチスロアレジン 中古パチスロ実機,41500,售完,https://home-slot.net/SHOP/s-fuji12.html
3979,アレジン,,藤商事,A-SLOT,藤商事 パチスロアレジン 中古パチスロ実機 [4ch対応],51500,售完,https://www.a-slot.com/SHOP/fuji12.html
3981,カイジ2,,ロデオ,ホームスロット,ロデオ カイジ2 中古パチスロ実機,54100,售完,https://home-slot.net/SHOP/s-rodeo20.html
3981,カイジ2,,ロデオ,A-SLOT,【お取り寄せ商品】ロデオ カイジ2 中古パチスロ実機 [4ch対応],64100,有貨,https://www.a-slot.com/SHOP/rodeo20.html
3983,ガン×ソード,,高砂,ホームスロット,高砂 ガン×ソード 中古パチスロ実機,68500,售完,https://home-slot.net/SHOP/s-takasago12.html
3983,ガン×ソード,,高砂,A-SLOT,高砂 ガン×ソード 中古パチスロ実機 [8ch対応],78500,售完,https://www.a-slot.com/SHOP/takasago12.html
3984,ケロット,,山佐,ホームスロット,山佐 パチスロ「ケロット」 中古パチスロ実機,35100,售完,https://home-slot.net/SHOP/s-yamasa55.html
3984,ケロット,,山佐,A-SLOT,山佐 パチスロ「ケロット」 中古パチスロ実機 [4ch対応],45100,售完,https://www.a-slot.com/SHOP/yamasa55.html
3985,サイサイ,,北電子,A-SLOT,北電子 サイサイ 中古パチスロ実機 [4ch対応],58567,售完,https://www.a-slot.com/SHOP/kitadenshi53.html
3985,サイサイ,,北電子,ホームスロット,北電子 サイサイ 中古パチスロ実機,71600,售完,https://home-slot.net/SHOP/s-kitadenshi53.html
3989,ナイツ2,,山佐,ホームスロット,山佐 ナイツ2 中古パチスロ実機,74900,售完,https://home-slot.net/SHOP/s-yamasa125.html
3989,ナイツ2,,山佐,A-SLOT,山佐 ナイツ2 中古パチスロ実機 [4ch対応],84900,售完,https://www.a-slot.com/SHOP/yamasa125.html
3991,バンドリ!,スマスロ,オリンピア,ホームスロット,オリンピア Lバンドリ！ 中古パチスロ実機 [スマスロ] [8ch対応],41500,有貨,https://home-slot.net/SHOP/s-olympia231.html
3991,バンドリ!,スマスロ,オリンピア,A-SLOT,オリンピア Lバンドリ！ 中古パチスロ実機 [スマスロ] [8ch対応],51500,有貨,https://www.a-slot.com/SHOP/s-olympia231.html
3995,ピンポン,,SANYO,ホームスロット,三洋 パチスロ ピンポン 中古パチスロ実機,74900,售完,https://home-slot.net/SHOP/s-sanyo4.html
3995,ピンポン,,SANYO,A-SLOT,【お取り寄せ商品】三洋 パチスロ ピンポン 中古パチスロ実機 [4ch対応],84900,有貨,https://www.a-slot.com/SHOP/sanyo4.html
3997,マシマシ,,パイオニア,ホームスロット,パイオニア マシマシ 中古パチスロ実機,35100,售完,https://home-slot.net/SHOP/s-pioneer201.html
3997,マシマシ,,パイオニア,A-SLOT,パイオニア マシマシ 中古パチスロ実機 [4ch対応],45100,售完,https://www.a-slot.com/SHOP/pioneer201.html
3998,ミラクル,,エレコ,ホームスロット,エレコ ミラクル 中古パチスロ実機,41500,售完,https://home-slot.net/SHOP/s-eleco70.html
3998,ミラクル,,エレコ,A-SLOT,エレコ ミラクル 中古パチスロ実機 [8ch対応],51500,售完,https://www.a-slot.com/SHOP/eleco70.html
3999,ラブ嬢2,,オリンピア,ホームスロット,オリンピア パチスロ ラブ嬢2 中古パチスロ実機,92200,有貨,https://home-slot.net/SHOP/s-heiwa206.html
3999,ラブ嬢2,,オリンピア,A-SLOT,オリンピア パチスロ ラブ嬢2 中古パチスロ実機 [8ch対応],102200,有貨,https://www.a-slot.com/SHOP/heiwa206.html
4001,ローティス,スマスロ,北電子,ホームスロット,北電子 ローティス 中古パチスロ実機 [スマスロ] [4ch対応],40100,有貨,https://home-slot.net/SHOP/s-kitadenshi223.html
4001,ローティス,スマスロ,北電子,A-SLOT,北電子 ローティス 中古パチスロ実機 [スマスロ] [4ch対応],50100,有貨,https://www.a-slot.com/SHOP/s-kitadenshi223.html
4002,不二子2,,平和,ホームスロット,平和 不二子2 中古パチスロ実機,33841,售完,https://home-slot.net/SHOP/s-heiwa80.html
4002,不二子2,,平和,A-SLOT,【4号機】平和 不二子2 中古パチスロ実機 [4ch対応],75000,有貨,https://www.a-slot.com/SHOP/heiwa80.html
4003,修羅の刻,,SANKYO,ホームスロット,SANKYO パチスロ 修羅の刻 中古パチスロ実機,57900,售完,https://home-slot.net/SHOP/s-sankyo80.html
4003,修羅の刻,,SANKYO,A-SLOT,SANKYO パチスロ 修羅の刻 中古パチスロ実機 [4ch対応],67900,售完,https://www.a-slot.com/SHOP/sankyo80.html
4005,南国物語,,オリンピア,ホームスロット,オリンピア 南国物語 中古パチスロ実機,35100,售完,https://home-slot.net/SHOP/s-heiwa128.html
4005,南国物語,,オリンピア,A-SLOT,オリンピア 南国物語 中古パチスロ実機 [8ch対応],45100,售完,https://www.a-slot.com/SHOP/heiwa128.html
4006,南国育ち,スマスロ,オリンピア,ホームスロット,オリンピアエステート L南国育ち 中古パチスロ実機 [スマスロ] [8ch対応],40100,有貨,https://home-slot.net/SHOP/s-olympia226.html
4006,南国育ち,スマスロ,オリンピア,A-SLOT,オリンピアエステート L南国育ち 中古パチスロ実機 [スマスロ] [8ch対応],50100,有貨,https://www.a-slot.com/SHOP/s-olympia226.html
4007,吉宗 A3,,大都技研,ホームスロット,大都技研 吉宗 A3 中古パチスロ実機,98500,售完,https://home-slot.net/SHOP/s-daitogiken49.html
4007,吉宗 A3,,大都技研,A-SLOT,大都技研 吉宗 A3 中古パチスロ実機 [4ch対応],108500,售完,https://www.a-slot.com/SHOP/daitogiken49.html
4011,地獄少女,,藤商事,ホームスロット,藤商事 パチスロ地獄少女 中古パチスロ実機,47800,售完,https://home-slot.net/SHOP/s-fuji14.html
4011,地獄少女,,藤商事,A-SLOT,藤商事 パチスロ地獄少女 中古パチスロ実機 [4ch対応],57800,有貨,https://www.a-slot.com/SHOP/fuji14.html
4013,島唄30,,オリンピア,ホームスロット,オリンピア NEW島唄30 中古パチスロ実機,35727,售完,https://home-slot.net/SHOP/s-heiwa9.html
4013,島唄30,,オリンピア,A-SLOT,【4号機】オリンピア NEW島唄30 中古パチスロ実機 [4ch対応],135000,售完,https://www.a-slot.com/SHOP/heiwa9.html
4014,幼女戦記,,Sammy,ホームスロット,サミー パチスロ幼女戦記 中古パチスロ実機 [8ch対応],68500,有貨,https://home-slot.net/SHOP/s-sammy223.html
4014,幼女戦記,,Sammy,A-SLOT,サミー パチスロ幼女戦記 中古パチスロ実機 [8ch対応][まるごと配送限定],78500,有貨,https://www.a-slot.com/SHOP/s-sammy223.html
4015,怒濤の剣,,ミズホ,ホームスロット,ミズホ 怒濤の剣 中古パチスロ実機,54100,售完,https://home-slot.net/SHOP/s-mizuho-macy16.html
4015,怒濤の剣,,ミズホ,A-SLOT,ミズホ 怒濤の剣 中古パチスロ実機 [4ch対応],64100,售完,https://www.a-slot.com/SHOP/mizuho-macy16.html
4016,戦国†恋姫,,藤商事,ホームスロット,藤商事 パチスロ 戦国†恋姫 中古パチスロ実機 [4ch対応],123500,售完,https://home-slot.net/SHOP/s-fuji207.html
4016,戦国†恋姫,,藤商事,A-SLOT,【お取り寄せ商品】藤商事 パチスロ 戦国†恋姫 中古パチスロ実機 [4ch対応],133500,售完,https://www.a-slot.com/SHOP/s-fuji207.html
4018,捕物帳 斬,,ベルコ,A-SLOT,ベルコ 捕物帳・斬 中古パチスロ実機 [4ch対応],32442,售完,https://www.a-slot.com/SHOP/bellco4.html
4018,捕物帳 斬,,ベルコ,ホームスロット,ベルコ 捕物帳・斬 中古パチスロ実機,45475,售完,https://home-slot.net/SHOP/s-bellco4.html
4019,政宗 戦極,,大都技研,ホームスロット,大都技研 政宗 戦極 中古パチスロ実機,47800,售完,https://home-slot.net/SHOP/s-daito209.html
4019,政宗 戦極,,大都技研,A-SLOT,【お取り寄せ商品】大都技研 政宗 戦極 中古パチスロ実機 [8ch対応],57800,有貨,https://www.a-slot.com/SHOP/s-daito209.html
4020,新ハナビ,,エレコ,ホームスロット,エレコ 新ハナビ 中古パチスロ実機 [8ch対応],41500,有貨,https://home-slot.net/SHOP/s-eleco201.html
4020,新ハナビ,,エレコ,A-SLOT,エレコ 新ハナビ 中古パチスロ実機 [8ch対応][まるごと配送限定],51500,有貨,https://www.a-slot.com/SHOP/eleco201.html
4021,東京喰種,スマスロ,スパイキー,ホームスロット,スパイキー L 東京喰種 中古パチスロ実機 [スマスロ][4ch対応][まるごと配送限定],830400,有貨,https://home-slot.net/SHOP/s-spyki209.html
4021,東京喰種,スマスロ,スパイキー,A-SLOT,スパイキー L 東京喰種 中古パチスロ実機 [スマスロ][4ch対応][まるごと配送限定],840400,有貨,https://www.a-slot.com/SHOP/s-spyki209.html
4022,楽園追放,,Sammy,ホームスロット,サミー パチスロ楽園追放 中古パチスロ実機 [4ch対応],41500,售完,https://home-slot.net/SHOP/s-sammy214.html
4022,楽園追放,,Sammy,A-SLOT,【お取り寄せ商品】サミー パチスロ楽園追放 中古パチスロ実機 [4ch対応],51500,有貨,https://www.a-slot.com/SHOP/sammy214.html
4025,真俺の空,,スパイキー,ホームスロット,スパイキー パチスロ 真俺の空 中古パチスロ実機,47800,有貨,https://home-slot.net/SHOP/s-spyki_208.html
4025,真俺の空,,スパイキー,A-SLOT,スパイキー パチスロ 真俺の空 中古パチスロ実機,57800,有貨,https://www.a-slot.com/SHOP/s-spyki_208.html
4026,真打 吉宗,スマスロ,大都技研,ホームスロット,大都技研 真打 吉宗 中古パチスロ実機 [スマスロ] [8ch対応],931800,有貨,https://home-slot.net/SHOP/s-daito225.html
4026,真打 吉宗,スマスロ,大都技研,A-SLOT,大都技研 真打 吉宗 中古パチスロ実機 [スマスロ] [8ch対応],941800,有貨,https://www.a-slot.com/SHOP/s-daito225.html
4027,範馬刃牙,スマスロ,オリンピア,ホームスロット,オリンピア L範馬刃牙 中古パチスロ実機 [スマスロ] [8ch対応],46500,有貨,https://home-slot.net/SHOP/s-olympia239.html
4027,範馬刃牙,スマスロ,オリンピア,A-SLOT,オリンピア L範馬刃牙 中古パチスロ実機 [スマスロ] [8ch対応],56500,有貨,https://www.a-slot.com/SHOP/s-olympia239.html
4028,美ラメキ!,,藤商事,ホームスロット,藤商事 パチスロ 美ラメキ！ 中古パチスロ実機,35100,售完,https://home-slot.net/SHOP/s-fuji200.html
4028,美ラメキ!,,藤商事,A-SLOT,藤商事 パチスロ 美ラメキ！ 中古パチスロ実機 [4ch対応],45100,售完,https://www.a-slot.com/SHOP/fuji200.html
4029,花火絶景,,ミズホ,ホームスロット,ミズホ 花火絶景 中古パチスロ実機 [8ch対応],40100,有貨,https://home-slot.net/SHOP/s-mizuho-macy214.html
4029,花火絶景,,ミズホ,A-SLOT,ミズホ 花火絶景 中古パチスロ実機 [8ch対応][まるごと配送限定],50100,有貨,https://www.a-slot.com/SHOP/s-mizuho-macy214.html
4030,覇王伝 零,,SANKYO,ホームスロット,SANKYO パチスロ覇王伝 零 中古パチスロ実機,159900,售完,https://home-slot.net/SHOP/s-sankyo61.html
4030,覇王伝 零,,SANKYO,A-SLOT,SANKYO パチスロ覇王伝 零 中古パチスロ実機 [4ch対応],169900,售完,https://www.a-slot.com/SHOP/sankyo61.html
4031,貞子3D,,ニューギン,ホームスロット,ニューギン パチスロ 貞子3D 中古パチスロ実機,68500,售完,https://home-slot.net/SHOP/s-newgin34.html
4031,貞子3D,,ニューギン,A-SLOT,【お取り寄せ商品】ニューギン パチスロ 貞子3D 中古パチスロ実機 [4ch対応],78500,有貨,https://www.a-slot.com/SHOP/newgin34.html
4032,赤ドン雅,,エレコ,ホームスロット,エレコ 赤ドン雅 中古パチスロ実機,54100,售完,https://home-slot.net/SHOP/s-eleco44.html
4032,赤ドン雅,,エレコ,A-SLOT,エレコ 赤ドン雅 中古パチスロ実機 [8ch対応],64100,售完,https://www.a-slot.com/SHOP/eleco44.html
4033,逆転裁判,,エンターライズ,ホームスロット,エンターライズ パチスロ逆転裁判 中古パチスロ実機,35100,售完,https://home-slot.net/SHOP/s-enta16.html
4033,逆転裁判,,エンターライズ,A-SLOT,エンターライズ パチスロ逆転裁判 中古パチスロ実機 [4ch対応],45100,有貨,https://www.a-slot.com/SHOP/enta16.html
4034,頭文字D,,Sammy,ホームスロット,サミー パチスロ頭文字D 中古パチスロ実機 [8ch対応],35100,有貨,https://home-slot.net/SHOP/s-sammy211.html
4034,頭文字D,,Sammy,A-SLOT,サミー パチスロ頭文字D 中古パチスロ実機 [8ch対応][まるごと配送限定],45100,有貨,https://www.a-slot.com/SHOP/sammy211.html
4039,カイジ,,ロデオ,ホームスロット,ロデオ カイジ 中古パチスロ実機,51750,售完,https://home-slot.net/SHOP/s-rodeo7.html
4039,カイジ,,ロデオ,A-SLOT,【4号機】ロデオ カイジ 中古パチスロ実機 [4ch対応],55100,售完,https://www.a-slot.com/SHOP/rodeo7.html
4040,ゴジラ,スマスロ,ニューギン,ホームスロット,ニューギン Lゴジラ 中古パチスロ実機 [スマスロ],40100,有貨,https://home-slot.net/SHOP/s-newgin204.html
4040,ゴジラ,スマスロ,ニューギン,A-SLOT,ニューギン Lゴジラ 中古パチスロ実機 [スマスロ],50100,有貨,https://www.a-slot.com/SHOP/s-newgin204.html
4044,ラブ嬢,,オリンピア,ホームスロット,オリンピア パチスロラブ嬢 中古パチスロ実機,83500,售完,https://home-slot.net/SHOP/s-heiwa101.html
4044,ラブ嬢,,オリンピア,A-SLOT,オリンピア パチスロラブ嬢 枠色不問 中古パチスロ実機 [4ch対応],93500,售完,https://www.a-slot.com/SHOP/heiwa101.html
4046,俺の空,,ロデオ,ホームスロット,ロデオ 俺の空 中古パチスロ実機,28742,售完,https://home-slot.net/SHOP/s-rodeo8.html
4046,俺の空,,ロデオ,ホームスロット,ロデオ 俺の空 中古パチスロ実機,28742,售完,https://home-slot.net/SHOP/s-rodeo1.html
4047,偽物語,,Sammy,ホームスロット,サミー パチスロ偽物語 中古パチスロ実機,83500,售完,https://home-slot.net/SHOP/s-sammy117.html
4047,偽物語,,Sammy,A-SLOT,サミー パチスロ偽物語 中古パチスロ実機 [4ch対応],93500,有貨,https://www.a-slot.com/SHOP/sammy117.html
4049,化物語,,Sammy,ホームスロット,サミー パチスロ化物語 中古パチスロ実機,73500,售完,https://home-slot.net/SHOP/s-sammy97.html
4049,化物語,,Sammy,A-SLOT,サミー パチスロ化物語 中古パチスロ実機 [4ch対応],83500,有貨,https://www.a-slot.com/SHOP/sammy97.html
4050,吉宗~極~,,大都技研,ホームスロット,大都技研 吉宗～極～ 中古パチスロ実機,143400,售完,https://home-slot.net/SHOP/s-daitogiken52.html
4050,吉宗~極~,,大都技研,A-SLOT,大都技研 吉宗～極～ 中古パチスロ実機 [4ch対応],153400,有貨,https://www.a-slot.com/SHOP/daitogiken52.html
4051,女番長,,高砂,ホームスロット,高砂 女番長 中古パチスロ実機,29300,售完,https://home-slot.net/SHOP/s-takasago3.html
4051,女番長,,高砂,A-SLOT,高砂 女番長 中古パチスロ実機 [4ch対応],59800,售完,https://www.a-slot.com/SHOP/takasago3.html
4052,島唄R,,オリンピア,ホームスロット,オリンピア 島唄R 中古パチスロ実機,68500,售完,https://home-slot.net/SHOP/s-heiwa39.html
4052,島唄R,,オリンピア,A-SLOT,オリンピア 島唄R 中古パチスロ実機 [4ch対応],78500,售完,https://www.a-slot.com/SHOP/heiwa39.html
4053,戦国嵐,,SANYO,ホームスロット,SANYO パチスロ戦国嵐 中古パチスロ実機,68500,售完,https://home-slot.net/SHOP/s-sanyo14.html
4053,戦国嵐,,SANYO,A-SLOT,SANYO パチスロ戦国嵐 中古パチスロ実機 [4ch対応],78500,售完,https://www.a-slot.com/SHOP/sanyo14.html
4054,押忍!操,,大都技研,ホームスロット,大都技研 押忍!操 中古パチスロ実機,47800,售完,https://home-slot.net/SHOP/s-daitogiken28.html
4054,押忍!操,,大都技研,A-SLOT,大都技研 押忍!操 中古パチスロ実機 [4ch対応],57800,售完,https://www.a-slot.com/SHOP/daitogiken28.html
4055,政宗2,,大都技研,ホームスロット,大都技研 政宗2 中古パチスロ実機,68500,有貨,https://home-slot.net/SHOP/s-daitogiken65.html
4055,政宗2,,大都技研,A-SLOT,大都技研 政宗2 中古パチスロ実機 [8ch対応],78500,有貨,https://www.a-slot.com/SHOP/daitogiken65.html
4056,政宗3,,大都技研,ホームスロット,大都技研 政宗3 中古パチスロ実機,41500,有貨,https://home-slot.net/SHOP/s-daitogiken208.html
4056,政宗3,,大都技研,A-SLOT,大都技研 政宗3 中古パチスロ実機 [8ch対応],51500,有貨,https://www.a-slot.com/SHOP/daitogiken208.html
4057,月華 雅,,エンターライズ,ホームスロット,エンターライズ パチスロ 月華 雅 中古パチスロ実機,35100,售完,https://home-slot.net/SHOP/s-enta207.html
4057,月華 雅,,エンターライズ,A-SLOT,エンターライズ パチスロ 月華 雅 中古パチスロ実機,45100,售完,https://www.a-slot.com/SHOP/s-enta207.html
4058,爺サマー,,大都技研,ホームスロット,大都技研 爺サマー 中古パチスロ実機,98500,售完,https://home-slot.net/SHOP/s-daitogiken21.html
4058,爺サマー,,大都技研,A-SLOT,大都技研 爺サマー 中古パチスロ実機 [4ch対応],108500,售完,https://www.a-slot.com/SHOP/daitogiken21.html
4059,犬夜叉,,ロデオ,ホームスロット,ロデオ パチスロ犬夜叉 中古パチスロ実機,35100,售完,https://home-slot.net/SHOP/s-rodeo53.html
4059,犬夜叉,,ロデオ,A-SLOT,ロデオ パチスロ犬夜叉 中古パチスロ実機 [4ch対応],45100,有貨,https://www.a-slot.com/SHOP/rodeo53.html
4061,緑ドン,,エレコ,ホームスロット,エレコ 緑ドン 中古パチスロ実機,47800,售完,https://home-slot.net/SHOP/s-eleco18.html
4061,緑ドン,,エレコ,A-SLOT,エレコ 緑ドン 中古パチスロ実機 [8ch対応],57800,售完,https://www.a-slot.com/SHOP/eleco18.html
4062,蝶々乱舞,,オリンピア,ホームスロット,オリンピア 蝶々乱舞 中古パチスロ実機,68500,售完,https://home-slot.net/SHOP/s-heiwa67.html
4062,蝶々乱舞,,オリンピア,A-SLOT,オリンピア 蝶々乱舞 中古パチスロ実機 [4ch対応],78500,售完,https://www.a-slot.com/SHOP/heiwa67.html
4063,討鬼伝,,七匠,ホームスロット,七匠 パチスロ 討鬼伝 中古パチスロ実機,68500,售完,https://home-slot.net/SHOP/s-nanashow7.html
4063,討鬼伝,,七匠,A-SLOT,七匠 パチスロ 討鬼伝 中古パチスロ実機 [4ch対応],78500,售完,https://www.a-slot.com/SHOP/nanashow7.html
4064,赤ドン,,ミズホ,ホームスロット,ミズホ 赤ドン 中古パチスロ実機,47800,售完,https://home-slot.net/SHOP/s-mizuho-macy1.html
4064,赤ドン,,ミズホ,A-SLOT,ミズホ 赤ドン 中古パチスロ実機 [4ch対応],57800,售完,https://www.a-slot.com/SHOP/mizuho-macy1.html
4065,鉄拳4,,山佐,ホームスロット,山佐 パチスロ鉄拳4 中古パチスロ実機,35100,有貨,https://home-slot.net/SHOP/s-yamasa207.html
4065,鉄拳4,,山佐,A-SLOT,山佐 パチスロ鉄拳4 中古パチスロ実機 [4ch対応],45100,有貨,https://www.a-slot.com/SHOP/yamasa207.html
4066,鉄拳5,,山佐,ホームスロット,山佐 パチスロ鉄拳5 中古パチスロ実機,37700,售完,https://home-slot.net/SHOP/s-yamasa226.html
4066,鉄拳5,,山佐,A-SLOT,山佐 パチスロ鉄拳5 中古パチスロ実機,47700,售完,https://www.a-slot.com/SHOP/s-yamasa226.html
4067,鉄拳6,スマスロ,山佐,ホームスロット,山佐 スマスロ鉄拳6 中古パチスロ実機 [スマスロ],40100,有貨,https://home-slot.net/SHOP/s-yamasa248.html
4067,鉄拳6,スマスロ,山佐,A-SLOT,山佐 スマスロ鉄拳6 中古パチスロ実機 [スマスロ],50100,有貨,https://www.a-slot.com/SHOP/s-yamasa248.html
4070,青ドン,,ミズホ,ホームスロット,ミズホ 青ドン 中古パチスロ実機,47800,售完,https://home-slot.net/SHOP/s-mizuho-macy2.html
4070,青ドン,,ミズホ,A-SLOT,ミズホ 青ドン 中古パチスロ実機 [4ch対応],57800,售完,https://www.a-slot.com/SHOP/mizuho-macy2.html
4072,鬼の城,,メーシー,ホームスロット,メーシー 鬼の城 中古パチスロ実機,83500,售完,https://home-slot.net/SHOP/s-mizuho-macy34.html
4072,鬼の城,,メーシー,A-SLOT,メーシー 鬼の城 中古パチスロ実機 [8ch対応],93500,售完,https://www.a-slot.com/SHOP/mizuho-macy34.html
4074,鮪伝説,,大都技研,A-SLOT,大都技研 鮪伝説 中古パチスロ実機 [4ch対応],30974,售完,https://www.a-slot.com/SHOP/daitogiken27.html
4074,鮪伝説,,大都技研,ホームスロット,大都技研 鮪伝説 中古パチスロ実機,43549,售完,https://home-slot.net/SHOP/s-daitogiken27.html
4076,まめ,,ベルコ,ホームスロット,ベルコ まめ 中古パチスロ実機,35100,售完,https://home-slot.net/SHOP/s-bellco19.html
4076,まめ,,ベルコ,A-SLOT,ベルコ まめ 中古パチスロ実機 [4ch対応],45100,售完,https://www.a-slot.com/SHOP/bellco19.html
4077,リノ,,山佐,ホームスロット,山佐 パチスロ リノ 中古パチスロ実機,45100,售完,https://home-slot.net/SHOP/s-yamasa119.html
4077,リノ,,山佐,A-SLOT,山佐 パチスロ リノ 中古パチスロ実機 [4ch対応],55100,售完,https://www.a-slot.com/SHOP/yamasa119.html
4078,亜人,,オリンピア,ホームスロット,オリンピア パチスロ 亜人 中古パチスロ実機,74900,售完,https://home-slot.net/SHOP/s-heiwa143.html
4078,亜人,,オリンピア,A-SLOT,オリンピア パチスロ 亜人 中古パチスロ実機 [8ch対応],84900,售完,https://www.a-slot.com/SHOP/heiwa143.html
4079,凄忍,,ユニバーサル,ホームスロット,ユニバーサル 凄忍 中古パチスロ実機,35100,售完,https://home-slot.net/SHOP/s-univerasal1.html
4079,凄忍,,ユニバーサル,A-SLOT,ユニバーサル 凄忍 中古パチスロ実機 [4ch対応],45100,售完,https://www.a-slot.com/SHOP/univerasal1.html
4080,呪怨,,藤商事,ホームスロット,藤商事 パチスロ呪怨 中古パチスロ実機,46500,有貨,https://home-slot.net/SHOP/s-fuji18.html
4080,呪怨,,藤商事,A-SLOT,藤商事 パチスロ呪怨 中古パチスロ実機 [4ch対応],56500,有貨,https://www.a-slot.com/SHOP/fuji18.html
4081,天誅,,ニューギン,A-SLOT,ニューギン 天誅 中古パチスロ実機 [4ch対応],22174,售完,https://www.a-slot.com/SHOP/newgi4.html
4081,天誅,,ニューギン,ホームスロット,ニューギン 天誅 中古パチスロ実機,35209,售完,https://home-slot.net/SHOP/s-newgi4.html
4083,島娘,スマスロ,オリンピア,ホームスロット,オリンピア L島娘 中古パチスロ実機 [スマスロ] [8ch対応],55800,售完,https://home-slot.net/SHOP/s-olympia234.html
4083,島娘,スマスロ,オリンピア,A-SLOT,【お取り寄せ商品】オリンピア L島娘 中古パチスロ実機 [スマスロ] [8ch対応],65800,有貨,https://www.a-slot.com/SHOP/s-olympia234.html
4084,島漢,,オリンピア,ホームスロット,オリンピア 島漢 中古パチスロ実機,35100,售完,https://home-slot.net/SHOP/s-heiwa203.html
4084,島漢,,オリンピア,A-SLOT,オリンピア 島漢 中古パチスロ実機 [8ch対応],45100,售完,https://www.a-slot.com/SHOP/heiwa203.html
4085,政宗,,大都技研,ホームスロット,大都技研 政宗 中古パチスロ実機,54100,售完,https://home-slot.net/SHOP/s-daitogiken36.html
4085,政宗,,大都技研,A-SLOT,【お取り寄せ商品】大都技研 政宗 中古パチスロ実機 [4ch対応],64100,有貨,https://www.a-slot.com/SHOP/daitogiken36.html
4086,泡盛,,エレコ,ホームスロット,エレコ 泡盛 中古パチスロ実機 [8ch対応],98500,售完,https://home-slot.net/SHOP/s-eleco202.html
4086,泡盛,,エレコ,A-SLOT,エレコ 泡盛 中古パチスロ実機 [8ch対応][まるごと配送限定],108500,售完,https://www.a-slot.com/SHOP/eleco202.html
4089,華祭,,パイオニア,ホームスロット,パイオニア 華祭 中古パチスロ実機,35100,售完,https://home-slot.net/SHOP/s-pioneer207.html
4089,華祭,,パイオニア,A-SLOT,パイオニア 華祭 中古パチスロ実機,45100,售完,https://www.a-slot.com/SHOP/pioneer207.html
4090,豊漁,,北電子,ホームスロット,北電子 豊漁 中古パチスロ実機,68500,售完,https://home-slot.net/SHOP/s-kitadensi23.html
4090,豊漁,,北電子,A-SLOT,北電子 豊漁 中古パチスロ実機 [4ch対応],78500,售完,https://www.a-slot.com/SHOP/kitadensi23.html
4092,青鬼,,オリンピア,ホームスロット,オリンピア パチスロ 青鬼 中古パチスロ実機,35100,有貨,https://home-slot.net/SHOP/s-heiwa209.html
4092,青鬼,,オリンピア,A-SLOT,オリンピア パチスロ 青鬼 中古パチスロ実機 [8ch対応],45100,有貨,https://www.a-slot.com/SHOP/heiwa209.html
1,デー太郎ランプHawk ホーク モジュール+液晶のハイブリッド呼び出しランプ!差枚数 スランプグラフ機能搭載,,,A-SLOT,【中古】デー太郎ランプHawk(ホーク)【モジュール+液晶のハイブリッド呼び出しランプ！差枚数・スランプグラフ機能搭載】,25000,售完,https://www.a-slot.com/SHOP/dataro_hawk.html
2,背板のツメ折れ不問 エレクスランプ EL SL 差枚数 フルカラー液晶 特大マルチカラー7セグ 美光レンズ,,,A-SLOT,【背板のツメ折れ不問】【中古】エレクスランプ EL-SL 【差枚数・フルカラー液晶・特大マルチカラー7セグ・美光レンズ】,19800,有貨,https://www.a-slot.com/SHOP/elecs_el-sl.html
3,アイムジャグラーEX AnniversaryEdition プレミアムホワイトパネル,,北電子,ホームスロット,北電子 アイムジャグラーEX AnniversaryEdition プレミアムホワイトパネル 中古パチスロ実機,49800,售完,https://home-slot.net/SHOP/s-kitadenshi82_premium.html
4,デー太郎ランプNOTE 10.1インチワイド液晶 タッチパネル 差枚数 スランプグラフ機能,,,A-SLOT,【中古】デー太郎ランプNOTE【10.1インチワイド液晶・タッチパネル・差枚数・スランプグラフ機能】,59800,售完,https://www.a-slot.com/SHOP/dataro_note_used.html
5,オーイズミ 想定科学 シュタインズゲート Steins;Gate 廻転世界のインダクタンス,,,ホームスロット,オーイズミ 想定科学パチスロ シュタインズゲート[Steins;Gate] 廻転世界のインダクタンス 中古パチスロ実機,54100,有貨,https://home-slot.net/SHOP/s-oizumi24.html
6,ハイライツ エンタテインメント シスタークエスト~時の魔術師と悠久の姉妹~ ステラパネル,,,ホームスロット,ハイライツ・エンタテインメント シスタークエスト～時の魔術師と悠久の姉妹～ ステラパネル 中古パチスロ実機,56100,售完,https://home-slot.net/SHOP/s-highligahts3.html
7,SLOT 魔法少女まどか☆マギカ まどマギ アルティメットまどか&リボンほむらver.,,メーシー,ホームスロット,メーシー SLOT 魔法少女まどか☆マギカ [まどマギ] アルティメットまどか＆リボンほむらver. 中古パチスロ実機,119800,有貨,https://home-slot.net/SHOP/s-mizuho-macy45.html
8,タイヨーエレック CRシンデレラボーイ2MTX~シンデレラコードを奪還せよ~乱馬Ver.,,,ホームスロット,タイヨーエレック CRシンデレラボーイ2MTX～シンデレラコードを奪還せよ～乱馬Ver. 中古パチンコ実機,52600,售完,https://home-slot.net/SHOP/p-taiy21.html
9,ファイナルサマーセール リール窓にキズあり KPE マジカルハロウィン6 No.28911,,,A-SLOT,【ファイナルサマーセール】【リール窓にキズあり】KPE マジカルハロウィン6 中古パチスロ実機 No.28911,45100,有貨,https://www.a-slot.com/SHOP/kpe63_28911.html
10,ゲームセンター ゲーセンの集客 収益アップに最適! アイムジャグラーEX C おみくじVer,,,A-SLOT,【ゲームセンター・ゲーセンの集客・収益アップに最適！】アイムジャグラーEX-C おみくじVer,299800,有貨,https://www.a-slot.com/SHOP/amuse_juggler.html
12,用 エレクスランプ EL SL 差枚数 フルカラー液晶 特大マルチカラー7セグ 美光レンズ,,,ホームスロット,【中古】【パチスロ用】エレクスランプ EL-SL 【差枚数・フルカラー液晶・特大マルチカラー7セグ・美光レンズ】,19800,售完,https://home-slot.net/SHOP/elecs_el-sl.html
14,エレクスランプ EL VL フルカラーLCD インパクトボタン 美氷レンズ ぷくセグ,,,A-SLOT,【新品】エレクスランプ EL-VL 【フルカラーLCD・インパクトボタン・美氷レンズ・ぷくセグ】,34900,售完,https://www.a-slot.com/SHOP/elecs_el-vl_title.html
15,ファイナルサマーセール KPE マジカルハロウィン2 メインパネル No.62730,,,A-SLOT,【ファイナルサマーセール】KPE マジカルハロウィン2 メインパネル 中古パチスロ実機 [4ch対応]No.62730,64100,有貨,https://www.a-slot.com/SHOP/kpe14_z.html
16,ファイナルサマーセール KPE マジカルハロウィンJC バニーパネル No.64421,,,A-SLOT,【ファイナルサマーセール】KPE マジカルハロウィンJC バニーパネル 中古パチスロ実機 [8ch対応]No.64421,78500,有貨,https://www.a-slot.com/SHOP/kpe6_z.html
17,CRAルパン三世~I'm a super hero~不二子におまかせ 99.9ver.,,平和,ホームスロット,平和 CRAルパン三世~I'm a super hero~不二子におまかせ 99.9ver. 中古パチンコ実機,101000,售完,https://home-slot.net/SHOP/p-heiwa140.html
18,ビスティ 新世紀エヴァンゲリオン~まごころを 君に~2 アスカパネル 2ch対応,,,A-SLOT,ビスティ 新世紀エヴァンゲリオン～まごころを、君に～2[アスカパネル] 中古パチスロ実機[2ch対応],52100,售完,https://www.a-slot.com/SHOP/sankyo129.html
19,ビスティ 新世紀エヴァンゲリオン~まごころを 君に~2 カヲルパネル 2ch対応,,,A-SLOT,ビスティ 新世紀エヴァンゲリオン～まごころを、君に～2[カヲルパネル] 中古パチスロ実機[2ch対応],51100,售完,https://www.a-slot.com/SHOP/sankyo130.html
20,ビスティ 新世紀エヴァンゲリオン~まごころを 君に~2 メインパネル 2ch対応,,,A-SLOT,ビスティ 新世紀エヴァンゲリオン～まごころを、君に～2[メインパネル] 中古パチスロ実機[2ch対応],50100,有貨,https://www.a-slot.com/SHOP/sankyo128.html
21,ファイナルサマーセール ビスティ エヴァンゲリヲン 勝利への願い No.62772,,,A-SLOT,【ファイナルサマーセール】ビスティ エヴァンゲリヲン・勝利への願い 中古パチスロ実機 [4ch対応] No.62772,57800,有貨,https://www.a-slot.com/SHOP/sankyo125_z.html
22,マクロスフロンティア はじまりの歌 銀河に響け! マクロス30周年記念パネル,,SANKYO,ホームスロット,SANKYO パチスロマクロスフロンティア はじまりの歌、銀河に響け! マクロス30周年記念パネル 中古パチスロ実機,84100,售完,https://home-slot.net/SHOP/s-sankyo69.html
23,CR FEVER KODA KUMI~LEGEND LIVE Sweet ver.,,SANKYO,ホームスロット,SANKYO CR FEVER KODA KUMI~LEGEND LIVE-Sweet ver. 中古パチンコ実機,65300,售完,https://home-slot.net/SHOP/p-sankyo106.html
24,CRルパン三世~I'm a super hero~不二子におまかせ 178ver.,,平和,ホームスロット,平和 CRルパン三世~I'm a super hero~不二子におまかせ 178ver. 中古パチンコ実機,86000,售完,https://home-slot.net/SHOP/p-heiwa151.html
25,CR中森明菜 歌姫伝説~あつ菜EDITION~Super Sweet Ver.,,大一,ホームスロット,大一 ＣＲ中森明菜・歌姫伝説～あつ菜ＥＤＩＴＩＯＮ～Ｓｕｐｅｒ Ｓｗｅｅｔ Ｖｅｒ． 中古パチンコ実機,52600,售完,https://home-slot.net/SHOP/p-daiichi70.html
26,ビスティ CRエヴァンゲリヲン ~いま 目覚めの時~ Premium Model,,,ホームスロット,ビスティ CRエヴァンゲリヲン ～いま、目覚めの時～ Premium Model 中古パチンコ実機,52600,售完,https://home-slot.net/SHOP/p-bisty209.html
27,ビスティ 新世紀エヴァンゲリオン まごころを 君に アスカVer. 2ch対応,,,A-SLOT,ビスティ 新世紀エヴァンゲリオン まごころを、君に アスカVer. 中古パチスロ実機 [2ch対応],57800,售完,https://www.a-slot.com/SHOP/sankyo6.html
28,ファイナルサマーセール アクロス ハナビ マットブラックver. No.64393,,,A-SLOT,【ファイナルサマーセール】アクロス ハナビ マットブラックver. 中古パチスロ実機 [8ch対応]No.64393,78500,有貨,https://www.a-slot.com/SHOP/across10_z.html
29,ファイナルサマーセール ガオガオフェスティバルS 2ch対応 No.55445,,SANKYO,A-SLOT,【ファイナルサマーセール】SANKYO ガオガオフェスティバルＳ 中古パチスロ実機 [2ch対応]No.55445,51500,有貨,https://www.a-slot.com/SHOP/sankyo16_z.html
31,高尾 P DD北斗の拳2 ついでに愛をとりもどせ!! ケンシロウ99トキVer.,,,ホームスロット,高尾 P DD北斗の拳2 ついでに愛をとりもどせ!! ケンシロウ99トキVer. 中古パチンコ実機,52600,售完,https://home-slot.net/SHOP/p-takao240.html
33,P JAWS再臨 SHARK PANIC AGAIN 1 116~1 95ver.,,平和,ホームスロット,平和 P JAWS再臨-SHARK PANIC AGAIN- 1／116～1／95ver. 中古パチンコ実機,52600,有貨,https://home-slot.net/SHOP/p-heiwa208.html
34,SLOT劇場版 魔法少女まどか☆マギカ 前編 始まりの物語 後編 永遠の物語,,ミズホ,ホームスロット,ミズホ SLOT劇場版 魔法少女まどか☆マギカ[前編]始まりの物語／[後編]永遠の物語 中古パチスロ実機 [8ch対応],35100,有貨,https://home-slot.net/SHOP/s-mizuho-macy207.html
36,ハイライツ エンタテインメント シスタークエスト~時の魔術師と悠久の姉妹~,,,ホームスロット,ハイライツ・エンタテインメント シスタークエスト～時の魔術師と悠久の姉妹～ 中古パチスロ実機,54100,售完,https://home-slot.net/SHOP/s-highligahts1.html
37,ビスティ CRエヴァンゲリヲン 2018年モデルGOLD Impact,,,ホームスロット,ビスティ CRエヴァンゲリヲン 2018年モデルGOLD Impact 中古パチンコ実機 [枠名：咆哮] [4ch対応],70300,售完,https://home-slot.net/SHOP/p-bisty63.html
38,ビスティ CRエヴァンゲリヲン ~いま 目覚めの時~ Start Impact,,,ホームスロット,ビスティ CRエヴァンゲリヲン ～いま、目覚めの時～ Start Impact 中古パチンコ実機,52600,售完,https://home-slot.net/SHOP/p-bisty208.html
39,ビスティ 新世紀エヴァンゲリオン まごころを 君に レイVer. 2ch対応,,,A-SLOT,ビスティ 新世紀エヴァンゲリオン まごころを、君に レイVer. 中古パチスロ実機 [2ch対応],55300,售完,https://www.a-slot.com/SHOP/sankyo3.html
40,ファイナルサマーセール NET 世界で叩け!モグモグ風林火山 No.50452,,,A-SLOT,【ファイナルサマーセール】NET 世界で叩け!モグモグ風林火山 中古パチスロ実機 [4ch対応]No.50452,146700,有貨,https://www.a-slot.com/SHOP/net28_z.html
41,ファイナルサマーセール アミューズメント 戦国コレクション4 No.60600,,KONAMI,A-SLOT,【ファイナルサマーセール】コナミアミューズメント 戦国コレクション4 中古パチスロ実機 No.60600,64100,有貨,https://www.a-slot.com/SHOP/konami206_z.html
42,ファイナルサマーセール ビスティ エヴァンゲリヲン~決意の刻~ No.59326,,,A-SLOT,【ファイナルサマーセール】ビスティ エヴァンゲリヲン～決意の刻～ 中古パチスロ実機 [4ch対応]No.59326,55300,有貨,https://www.a-slot.com/SHOP/sankyo75_z.html
43,ファイナルサマーセール ボーダー 言い訳はさせないわよ!by壇蜜 No.59610,,,A-SLOT,【ファイナルサマーセール】ボーダー パチスロ言い訳はさせないわよ！by壇蜜 中古パチスロ実機 No.59610,45100,有貨,https://www.a-slot.com/SHOP/border202_z.html
44,ファイナルサマーセール 塗装剥がれあり これはゾンビですか? No.22266,,北電子,A-SLOT,【ファイナルサマーセール】【塗装剥がれあり】北電子 パチスロこれはゾンビですか？ 中古パチスロ実機 No.22266,45100,有貨,https://www.a-slot.com/SHOP/kitadensi87_22266.html
45,ファイナルサマーセール 液晶にドット抜けあり 哲也 天運地力 No.38831,,大一,A-SLOT,【ファイナルサマーセール】【液晶にドット抜けあり】大一 パチスロ 哲也 －天運地力－ 中古パチスロ実機 No.38831,47700,有貨,https://www.a-slot.com/SHOP/daiichi200_38831.html
46,ファイナルサマーセール 烈火の炎 Flame of Recca No.10187,,ニューギン,A-SLOT,【ファイナルサマーセール】ニューギン パチスロ烈火の炎 Flame of Recca 中古パチスロ実機 No.10187,47700,有貨,https://www.a-slot.com/SHOP/newgin37_10187.html
48,豊丸 この素晴らしい世界に祝福を!199LT このラッキートリガーに祝福を!,P,,ホームスロット,豊丸 Pこの素晴らしい世界に祝福を！199LT『このラッキートリガーに祝福を！』 中古パチンコ実機 [枠名：Ｔ１６Ｓ],59000,有貨,https://home-slot.net/SHOP/p-toyomaru244.html
49,金メッキのハゲ 汚れ不問 アリストクラート マッハGOGOGO 2ch対応,4号機,,A-SLOT,【金メッキのハゲ・汚れ不問】【4号機】アリストクラート マッハGOGOGO 中古パチスロ実機 [2ch対応],49800,售完,https://www.a-slot.com/SHOP/rodeo13.html
50,高尾 P DD北斗の拳2ついでに愛をとりもどせ!! ケンシロウ319Ver.,,,ホームスロット,高尾 P DD北斗の拳2ついでに愛をとりもどせ!! ケンシロウ319Ver. 枠色不問 中古パチンコ実機,52600,售完,https://home-slot.net/SHOP/p-takao228.html
51,CRA熱響!乙女フェスティバル ファン大感謝祭LIVE 99.9ver.,,平和,ホームスロット,平和 CRA熱響！乙女フェスティバル ファン大感謝祭LIVE 99.9ver. 中古パチンコ実機,86000,售完,https://home-slot.net/SHOP/p-heiwa142.html
52,CRA石川さゆり~甘いのがお好きでしょ~夫婦善哉Ver~XS‐S 甘デジ,,大一,ホームスロット,大一 CRA石川さゆり～甘いのがお好きでしょ～夫婦善哉Ver~XS‐S （甘デジ） 中古パチンコ実機,38981,售完,https://home-slot.net/SHOP/p-daiichi27.html
53,CRフィーバー機動戦士ガンダム LAST SHOOTING 1 99タイプ,,SANKYO,ホームスロット,SANKYO CRフィーバー機動戦士ガンダム-LAST SHOOTING-1/99タイプ 中古パチンコ実機,92400,售完,https://home-slot.net/SHOP/p-sankyo130.html
55,エレクスランプ EL V1 差枚数 インパクトボタン 美氷レンズ ぷくセグ,,,A-SLOT,【中古】エレクスランプ EL-V1 【差枚数・インパクトボタン・美氷レンズ・ぷくセグ】,19900,售完,https://www.a-slot.com/SHOP/elecs_el-v1.html
57,ダンジョンに出会いを求めるのは間違っているだろうか2 ダンまち2,,北電子,A-SLOT,北電子 パチスロ ダンジョンに出会いを求めるのは間違っているだろうか2 ［ダンまち2］中古パチスロ実機 [8ch対応],62800,有貨,https://www.a-slot.com/SHOP/s-kitadenshi216.html
58,ビスティ エヴァンゲリヲン 真実の翼 初号機カラー ムラサキ色 2ch対応,,,A-SLOT,ビスティ エヴァンゲリヲン・真実の翼 初号機カラー（ムラサキ色） 中古パチスロ実機 [2ch対応],64100,售完,https://www.a-slot.com/SHOP/sankyo46.html
59,ビスティ エヴァンゲリヲン 真実の翼 零号機カラー オレンジ色 2ch対応,,,A-SLOT,ビスティ エヴァンゲリヲン・真実の翼 零号機カラー（オレンジ色） 中古パチスロ実機 [2ch対応],64100,售完,https://www.a-slot.com/SHOP/sankyo37.html
60,ビスティ 新世紀エヴァンゲリオン~シト 新生~PREMIUM MODEL,,,ホームスロット,ビスティ 新世紀エヴァンゲリオン～シト、新生～PREMIUM MODEL 中古パチンコ実機,59000,有貨,https://home-slot.net/SHOP/p-bisty212.html
61,ビスティ 新世紀エヴァンゲリオン~魂の軌跡~ ワインレッド No 2845,,,ホームスロット,"ビスティ 新世紀エヴァンゲリオン～魂の軌跡～ （ワインレッド） 中古パチスロ実機 No,2845",93600,售完,https://home-slot.net/SHOP/s-sankyo29.html
62,ファイナルサマーセール アミューズメント 麻雀格闘倶楽部 真 No.39198,,KONAMI,A-SLOT,【ファイナルサマーセール】コナミアミューズメント 麻雀格闘倶楽部 真 中古パチスロ実機 No.39198,45100,有貨,https://www.a-slot.com/SHOP/konami208_z.html
63,ファイナルサマーセール トリビー 怪盗天使ツインエンジェル No.57680,,,A-SLOT,【ファイナルサマーセール】トリビー 怪盗天使ツインエンジェル 中古パチスロ実機 [4ch対応]No.57680,78500,有貨,https://www.a-slot.com/SHOP/trivy1_z.html
64,西陣 CR交響詩篇エウレカセブン~真の約束の地~アネモネver.GLZ,,,ホームスロット,西陣 CR交響詩篇エウレカセブン～真の約束の地～アネモネver.GLZ 中古パチンコ実機,92400,售完,https://home-slot.net/SHOP/p-nishijinn82.html
65,高尾 P DD北斗の拳2 ついでに愛をとりもどせ!! ラオウ99アミVer.,,,ホームスロット,高尾 P DD北斗の拳2 ついでに愛をとりもどせ!! ラオウ99アミVer. 枠色不問 中古パチンコ実機,106000,售完,https://home-slot.net/SHOP/p-takao239.html
66,CRA燃える闘魂アントニオ猪木~格闘技世界一決定戦~99.9ver.,,平和,ホームスロット,平和 CRA燃える闘魂アントニオ猪木～格闘技世界一決定戦～99.9ver. 中古パチンコ実機,92400,售完,https://home-slot.net/SHOP/p-heiwa132.html
67,CRフィーバーマクロスフロンティア3 Light Middle ver.,,SANKYO,ホームスロット,SANKYO CRフィーバーマクロスフロンティア3 Light Middle ver. 中古パチンコ実機,52600,售完,https://home-slot.net/SHOP/p-sankyo218.html
68,CR忍者ハットリくん~からくり屋敷に来たでござる!の巻~NS 甘デジ,,大一,ホームスロット,大一 CR忍者ハットリくん～からくり屋敷に来たでござる!の巻～NS （甘デジ） 中古パチンコ実機,41935,有貨,https://home-slot.net/SHOP/p-daiichi26.html
70,SanThree CRヤッターマン~われら天才ドロンボー~ 99バージョン,,,ホームスロット,SanThree CRヤッターマン～われら天才ドロンボー～ 99バージョン 枠色不問 中古パチンコ実機,71600,售完,https://home-slot.net/SHOP/p-santhree32.html
71,SanThree P GO!GO!マリン超連撃BATTLE 2ch対応,,,ホームスロット,SanThree P GO!GO!マリン超連撃BATTLE 中古パチンコ実機 [枠名：クロスブレイド] [2ch対応],60200,有貨,https://home-slot.net/SHOP/p-santhree216.html
73,タイヨーエレック CRA機動新撰組 萌えよ剣 疾風怒濤編STX 甘デジ,,,ホームスロット,タイヨーエレック CRA機動新撰組 萌えよ剣 疾風怒濤編STX（甘デジ） 中古パチンコ実機,95000,售完,https://home-slot.net/SHOP/p-taiyo15.html
76,ビスティ CRエヴァンゲリヲン8 Premium Battle 白枠,,,ホームスロット,ビスティ CRエヴァンゲリヲン8 Premium Battle 白枠 中古パチンコ実機,59000,售完,https://home-slot.net/SHOP/p-bisty43.html
77,ビスティ CRエヴァンゲリヲン~始まりの福音~Light ver.II,,,ホームスロット,ビスティ CRエヴァンゲリヲン～始まりの福音～Light ver.II 中古パチンコ実機,86000,售完,https://home-slot.net/SHOP/p-bisty17.html
79,ビスティ 新世紀エヴァンゲリオン~魂の軌跡~ ワインレッド 2ch対応,,,A-SLOT,ビスティ 新世紀エヴァンゲリオン～魂の軌跡～ （ワインレッド） 中古パチスロ実機 [2ch対応],103600,售完,https://www.a-slot.com/SHOP/sankyo29.html
80,ファイナルサマーセール オーイズミ ストライクウィッチーズ No.65445,,,A-SLOT,【ファイナルサマーセール】オーイズミ パチスロ ストライクウィッチーズ 中古パチスロ実機 [4ch対応]No.65445,57800,有貨,https://www.a-slot.com/SHOP/oizumi23_z.html
81,ファイナルサマーセール ハナハナホウオウ~天翔~ 紫パネル No.64988,,パイオニア,A-SLOT,【ファイナルサマーセール】パイオニア ハナハナホウオウ～天翔～ 紫パネル 中古パチスロ実機 No.64988,64100,有貨,https://www.a-slot.com/SHOP/s-pioneer216_z.html
82,ファイナルサマーセール ブロス アナザーハナビ弥生ちゃん No.64331,,ユニバーサル,A-SLOT,【ファイナルサマーセール】ユニバーサルブロス アナザーハナビ弥生ちゃん 中古パチスロ実機 [8ch対応]No.64331,108500,有貨,https://www.a-slot.com/SHOP/univerasal201_z.html
83,メッキハゲ 横穴あり 2号機 尚球社 チャレンジマンAZ No.5591,,岡崎産業,A-SLOT,【メッキハゲ・横穴あり】【2号機】岡崎産業(尚球社) チャレンジマンAZ 中古パチスロ実機 No.5591,110000,有貨,https://www.a-slot.com/SHOP/okazaki_challengemanaz_kasugai.html
84,単品 用 ボックスユニット SST 01 多機能 外付けタイプの ユニット,スマスロ,,A-SLOT,【単品販売用】スマスロボックスユニット(SST-01) 多機能/外付けタイプのスマスロユニット,24800,有貨,https://www.a-slot.com/SHOP/ss-unit-box-sst.html
85,豊丸 この素晴らしい世界に祝福を!ラッキートリガー129緊急クエスト,P,,ホームスロット,豊丸 Pこの素晴らしい世界に祝福を！ラッキートリガー129緊急クエスト 中古パチンコ実機 [枠名：Ｔ１６Ｓ],142300,售完,https://home-slot.net/SHOP/p-toyomaru250.html
86,高尾 P DD北斗の拳2ついでに愛をとりもどせ!! ラオウ199Ver.,,,ホームスロット,高尾 P DD北斗の拳2ついでに愛をとりもどせ!! ラオウ199Ver. 中古パチンコ実機,52600,有貨,https://home-slot.net/SHOP/p-takao233.html
87,ANEMONE 交響詩篇エウレカセブン HI EVOLUTION,,Sammy,ホームスロット,サミー パチスロANEMONE 交響詩篇エウレカセブン HI-EVOLUTION 中古パチスロ実機 [8ch対応],35100,有貨,https://home-slot.net/SHOP/s-sammy216.html
88,CR T.M.Revolution125ver. tmレボリューション,,大一,ホームスロット,大一 CR T.M.Revolution125ver. tmレボリューション 中古パチンコ実機,59000,售完,https://home-slot.net/SHOP/p-daiichi76.html
89,CR燃える闘魂アントニオ猪木~格闘技世界一決定戦~ 399ver.,,平和,ホームスロット,平和 CR燃える闘魂アントニオ猪木～格闘技世界一決定戦～ 399ver． 中古パチンコ実機,330200,售完,https://home-slot.net/SHOP/p-heiwa128.html
90,SanThree PA清流物語4 ウキウキ79ver. 2ch対応,,,ホームスロット,SanThree PA清流物語4 ウキウキ79ver. 中古パチンコ実機 [枠名：クロスブレイド] [2ch対応],694300,有貨,https://home-slot.net/SHOP/p-santhree224.html
91,SanThree 清流物語4 ヌシを求めて4000匹 2ch対応,P,,ホームスロット,SanThree P清流物語4 ヌシを求めて4000匹 中古パチンコ実機 [枠名：クロスブレイド] [2ch対応],330200,有貨,https://home-slot.net/SHOP/p-santhree223.html
92,シンドバッドアドベンチャーは榎本加奈子でどうですか 2ch対応,4号機,エレコ,A-SLOT,【4号機】エレコ シンドバッドアドベンチャーは榎本加奈子でどうですか 中古パチスロ実機 [2ch対応],79530,售完,https://www.a-slot.com/SHOP/eleco5.html
95,ビスティ モードぱちんこ コードギアス反逆のルルーシュ~お気楽バージョン~,,,ホームスロット,ビスティ モードぱちんこ コードギアス反逆のルルーシュ～お気楽バージョン～ 中古パチンコ実機,59000,售完,https://home-slot.net/SHOP/p-bisty210.html
96,ビスティ 新世紀エヴァンゲリオン~まごころを 君に~2 アスカパネル,,,ホームスロット,ビスティ 新世紀エヴァンゲリオン～まごころを、君に～2[アスカパネル] 中古パチスロ実機,42100,售完,https://home-slot.net/SHOP/s-sankyo129.html
97,ビスティ 新世紀エヴァンゲリオン~まごころを 君に~2 カヲルパネル,,,ホームスロット,ビスティ 新世紀エヴァンゲリオン～まごころを、君に～2[カヲルパネル] 中古パチスロ実機,41100,售完,https://home-slot.net/SHOP/s-sankyo130.html
98,ビスティ 新世紀エヴァンゲリオン~まごころを 君に~2 メインパネル,,,ホームスロット,ビスティ 新世紀エヴァンゲリオン～まごころを、君に～2[メインパネル] 中古パチスロ実機,40100,有貨,https://home-slot.net/SHOP/s-sankyo128.html
99,ビスティ 新世紀エヴァンゲリオン~魂の軌跡~ パネル不問 2ch対応,,,A-SLOT,【お取り寄せ商品】ビスティ 新世紀エヴァンゲリオン～魂の軌跡～ （パネル不問） 中古パチスロ実機 [2ch対応],77500,有貨,https://www.a-slot.com/SHOP/sankyo28_1.html
100,ファイナルサマーセール KPE マジカルハロウィン3 No.39252,,,A-SLOT,【ファイナルサマーセール】KPE マジカルハロウィン3 中古パチスロ実機 [4ch対応] No.39252,51500,有貨,https://www.a-slot.com/SHOP/kpe26_z.html
101,ファイナルサマーセール KPE マジカルハロウィン6 No.59658,,,A-SLOT,【ファイナルサマーセール】KPE マジカルハロウィン6 中古パチスロ実機 No.59658,45100,有貨,https://www.a-slot.com/SHOP/kpe63_z.html
102,ファイナルサマーセール SLOTファミリースタジアム No.61465,,メーシー,A-SLOT,【ファイナルサマーセール】メーシー SLOTファミリースタジアム 中古パチスロ実機 [8ch対応] No.61465,45100,有貨,https://www.a-slot.com/SHOP/mizuho-macy200_z.html
103,ファイナルサマーセール キングハナハナ 30 紫パネル No.59879,,パイオニア,A-SLOT,【ファイナルサマーセール】パイオニア キングハナハナ-30 紫パネル 中古パチスロ実機 [8ch対応] No.59879,74100,有貨,https://www.a-slot.com/SHOP/pioneer27_z.html
104,ファイナルサマーセール サムライチャンプルー 流転輪廻 No.59481,,ニューギン,A-SLOT,【ファイナルサマーセール】ニューギン サムライチャンプルー 流転輪廻 中古パチスロ実機 [4ch対応]No.59481,47700,有貨,https://www.a-slot.com/SHOP/newgin29_z.html
105,ファイナルサマーセール サラリーマン金太郎 出世回胴編 No.63979,,ロデオ,A-SLOT,【ファイナルサマーセール】ロデオ サラリーマン金太郎 出世回胴編 中古パチスロ実機 [4ch対応] No.63979,47700,有貨,https://www.a-slot.com/SHOP/rodeo48_z.html
106,ファイナルサマーセール サンセイR&D 巨人の星~情熱編~ No.21600,,,A-SLOT,【ファイナルサマーセール】サンセイR&D パチスロ巨人の星～情熱編～ 中古パチスロ実機 [8ch対応] No.21600,45100,有貨,https://www.a-slot.com/SHOP/s_sansei200_21600.html
107,ファイナルサマーセール スペシャルハナハナII 30 No.59544,,パイオニア,A-SLOT,【ファイナルサマーセール】パイオニア スペシャルハナハナII－30 中古パチスロ実機 [8ch対応]No.59544,64100,有貨,https://www.a-slot.com/SHOP/pioneer23_z.html
108,ファイナルサマーセール パオン ディーピー てぃだどんどん No.61008,スマスロ,,A-SLOT,【ファイナルサマーセール】パオン・ディーピー てぃだどんどん 中古パチスロ実機 [スマスロ]No.61008,78500,有貨,https://www.a-slot.com/SHOP/s-daito219_z.html
109,ファイナルサマーセール ビスティ 機動戦士Zガンダム No.64090,,,A-SLOT,【ファイナルサマーセール】ビスティ パチスロ 機動戦士Ｚガンダム 中古パチスロ実機 [4ch対応] No.64090,47700,有貨,https://www.a-slot.com/SHOP/sankyo126_z.html
111,西陣 CRモモキュンソード~星と黄金の太刀~LIGHT MIDDLE,,,ホームスロット,西陣 ＣＲモモキュンソード～星と黄金の太刀～ＬＩＧＨＴ ＭＩＤＤＬＥ 中古パチンコ実機,52600,售完,https://home-slot.net/SHOP/p-nishijinn54.html
113,CR T.M.Revolution52ver. tmレボリューション,,大一,ホームスロット,大一 CR T.M.Revolution52ver. tmレボリューション 中古パチンコ実機,186300,售完,https://home-slot.net/SHOP/p-daiichi75.html
116,SanThree CR勇者王ガオガイガー149バージョンSWB,,,ホームスロット,SanThree CR勇者王ガオガイガー149バージョンSWB 中古パチンコ実機,36231,售完,https://home-slot.net/SHOP/p-santhree5.html
121,デジハネP交響詩篇エウレカセブン ANEMONE 99ver.,,Sammy,ホームスロット,サミー デジハネP交響詩篇エウレカセブン ANEMONE 99ver. 中古パチンコ実機 [枠名：真焔] [4ch対応],57600,有貨,https://home-slot.net/SHOP/p-sammy244.html
124,ビスティ CRエヴァンゲリヲン10 PREMIUM MODEL,,,ホームスロット,ビスティ CRエヴァンゲリヲン10 PREMIUM MODEL 枠色不問 中古パチンコ実機,92400,售完,https://home-slot.net/SHOP/p-bisty55.html
125,ビスティ CRエヴァンゲリヲン8 Extreme Battle,,,ホームスロット,ビスティ CRエヴァンゲリヲン8 Extreme Battle 中古パチンコ実機,92400,售完,https://home-slot.net/SHOP/p-bisty44.html
126,ビスティ CR浜崎あゆみ物語 Sweet Version 甘デジ,,,ホームスロット,ビスティ CR浜崎あゆみ物語 Sweet Version 甘デジ 中古パチンコ実機,122300,售完,https://home-slot.net/SHOP/p-bisty32.html
127,ビスティ 新世紀エヴァンゲリオン まごころを 君に アスカVer.,,,ホームスロット,ビスティ 新世紀エヴァンゲリオン まごころを、君に アスカVer. 中古パチスロ実機,47800,售完,https://home-slot.net/SHOP/s-sankyo6.html
128,ファイナルサマーセール KPE 戦国コレクション3 No.23917,,,A-SLOT,【ファイナルサマーセール】KPE 戦国コレクション3 中古パチスロ実機 [8ch対応] No.23917,45100,有貨,https://www.a-slot.com/SHOP/kpe61_23917.html
129,ファイナルサマーセール KPE 戦国コレクション5 No.64007,,,A-SLOT,【ファイナルサマーセール】KPE 戦国コレクション5 中古パチスロ実機 No.64007,51500,有貨,https://www.a-slot.com/SHOP/s-kpe210_z.html
130,ファイナルサマーセール KPE 防空少女ラブキューレ No.38648,,,A-SLOT,【ファイナルサマーセール】KPE 防空少女ラブキューレ 中古パチスロ実機 [8ch対応] No.38648,64100,售完,https://www.a-slot.com/SHOP/kpe58_z.html
131,ファイナルサマーセール NET もっと!チバリヨ 25 No.58249,,,A-SLOT,【ファイナルサマーセール】NET もっと！チバリヨ-25 中古パチスロ実機 No.58249,45100,有貨,https://www.a-slot.com/SHOP/s-net214_z.html
132,ファイナルサマーセール アクロス 沖ドキ!バケーション No.35005,,,A-SLOT,【ファイナルサマーセール】アクロス 沖ドキ！バケーション 中古パチスロ実機 [8ch対応]No.35005,57800,有貨,https://www.a-slot.com/SHOP/across201_z.html
133,ファイナルサマーセール アムテックス 南国娘2 30 No.59774,,,A-SLOT,【ファイナルサマーセール】アムテックス 南国娘2-30 中古パチスロ実機 [4ch対応]No.59774,51500,有貨,https://www.a-slot.com/SHOP/amt204_z.html
134,ファイナルサマーセール オレンジ ゴブリンスレイヤー No.63274,スマスロ,,A-SLOT,【ファイナルサマーセール】オレンジ Lゴブリンスレイヤー 中古パチスロ実機 [スマスロ] [4ch対応]No.63274,45100,有貨,https://www.a-slot.com/SHOP/s-orange200_z.html
135,ファイナルサマーセール スカイガールズ~よろしく!ゼロ~ No.10578,,高砂,A-SLOT,【ファイナルサマーセール】高砂 スカイガールズ～よろしく!ゼロ～ 中古パチスロ実機 [8ch対応]No.10578,69200,有貨,https://www.a-slot.com/SHOP/kpe42_z.html
136,ファイナルサマーセール タイヨーエレック BLOOD+ No.41327,,,A-SLOT,【ファイナルサマーセール】タイヨーエレック パチスロ BLOOD+ 中古パチスロ実機 [4ch対応]No.41327,47700,有貨,https://www.a-slot.com/SHOP/taiyo_elec7_z.html
137,ファイナルサマーセール バルテック ナナイロサンゴ No.60017,S,,A-SLOT,【ファイナルサマーセール】バルテック Sナナイロサンゴ 中古パチスロ実機 No.60017,55000,有貨,https://www.a-slot.com/SHOP/s-baltec205_z.html
138,ファイナルサマーセール ブロス コンチネンタルゼロ No.59500,,ユニバーサル,A-SLOT,【ファイナルサマーセール】ユニバーサルブロス コンチネンタルゼロ 中古パチスロ実機 [8ch対応]No.59500,45100,有貨,https://www.a-slot.com/SHOP/univerasal17_z.html
139,ファイナルサマーセール 交響詩篇エウレカセブン2 No.65444,,Sammy,A-SLOT,【ファイナルサマーセール】サミー パチスロ交響詩篇エウレカセブン2 中古パチスロ実機 [8ch対応]No.65444,93500,售完,https://www.a-slot.com/SHOP/sammy101_z.html
140,ファイナルサマーセール 爆釣 バクチョウ 2ch対応 No.63061,4号機,メーシー,A-SLOT,【ファイナルサマーセール】【4号機】メーシー 爆釣（バクチョウ） 中古パチスロ実機 [2ch対応]No.63061,85000,有貨,https://www.a-slot.com/SHOP/mizuho-macy6_63061.html
141,北斗の拳2 ネクストゾーン将 ユリア南斗五車星パネル 2ch対応,,Sammy,A-SLOT,サミー パチスロ 北斗の拳2 ネクストゾーン将 ユリア南斗五車星パネル 中古パチスロ実機 [2ch対応],67900,售完,https://www.a-slot.com/SHOP/sammy28.html
142,奥村 PACHINKO うる星やつら ForeverLove Y,,,ホームスロット,奥村 PACHINKO うる星やつら ForeverLove Y 中古パチンコ実機 [枠名：星波] [4ch対応],34704,售完,https://home-slot.net/SHOP/p-okumura15.html
143,設定7基板スタンダード付き バジリスク 甲賀忍法帖 メインパネル,,ミズホ,ホームスロット,【設定7基板スタンダード付き】ミズホ バジリスク 甲賀忍法帖 メインパネル 中古パチスロ実機,61883,售完,https://home-slot.net/SHOP/s-mizuho-macy35.html
144,豊丸 PA SUPER電役ナナシーSPECIAL66 Ver2.0,,,ホームスロット,豊丸 PA SUPER電役ナナシーSPECIAL66 Ver2.0 中古パチンコ実機,71600,售完,https://home-slot.net/SHOP/p-toyomaru236.html
145,豊丸 PAこの素晴らしい世界に祝福を! このゆる甘99に祝福を!,,,ホームスロット,豊丸 PAこの素晴らしい世界に祝福を！『このゆる甘99に祝福を！』 中古パチンコ実機 [枠名：Ｔ１６Ｓ],127300,有貨,https://home-slot.net/SHOP/p-toyomaru245.html
147,豊丸 超甘LT この素晴らしい世界に祝福を! 最終クエスト1 49,P,,ホームスロット,豊丸 P【超甘LT】この素晴らしい世界に祝福を！ 最終クエスト1/49 中古パチンコ実機 [枠名：Ｔ１６ＳＸ],293800,有貨,https://home-slot.net/SHOP/p-toyomaru255.html
148,3号機 コンチネンタルII 白パネル 2ch対応 No.5986,,ユニバーサル,A-SLOT,【3号機】ユニバーサル コンチネンタルII 白パネル 中古パチスロ実機 [2ch対応][まるごと配送限定]No.5986,118000,有貨,https://www.a-slot.com/SHOP/universal_continental2_white_kasugai.html
149,CRA JAWS~it's a SHARK PANIC~99.9ver.,,平和,ホームスロット,平和 CRA JAWS~it's a SHARK PANIC~99.9ver. 中古パチンコ実機,86000,售完,https://home-slot.net/SHOP/p-heiwa143.html
150,CRAプレミアム海物語~ぼのぼのが遊びに来たよ!~ 2ch対応,,SANYO,ホームスロット,SANYO CRAプレミアム海物語～ぼのぼのが遊びに来たよ!～ 中古パチンコ実機 [枠名：クジラッキー] [2ch対応],116000,售完,https://home-slot.net/SHOP/p-sanyo43.html
151,CRアナザーゴッドハーデス アドベント ペルセポネ199ver.,,メーシー,ホームスロット,メーシー CRアナザーゴッドハーデス アドベント ペルセポネ199ver. 中古パチンコ実機,116000,售完,https://home-slot.net/SHOP/p-macy10.html
152,CRデッドオアアライブエクストリーム129VERSION,,大一,ホームスロット,大一 CRデッドオアアライブエクストリーム129VERSION 中古パチンコ実機,52600,售完,https://home-slot.net/SHOP/p-daiichi202.html
153,CRデッドオアアライブエクストリーム259VERSION,,大一,ホームスロット,大一 CRデッドオアアライブエクストリーム259VERSION 中古パチンコ実機,52600,售完,https://home-slot.net/SHOP/p-daiichi201.html
154,CRフィーバー倖田來未III~Love Romance~Y 甘デジ,,SANKYO,ホームスロット,SANKYO CRフィーバー倖田來未III～Love Romance～Y 甘デジ 枠色不問 中古パチンコ実機,70400,售完,https://home-slot.net/SHOP/p-sankyo76.html
155,CR黄門ちゃま超寿~そこのけ もののけ 悪くじけ!~99.9ver.,,平和,ホームスロット,平和 CR黄門ちゃま超寿～そこのけ もののけ 悪くじけ！～99.9ver. 中古パチンコ実機,52600,售完,https://home-slot.net/SHOP/p-heiwa130.html
157,EXCITE CRデビルマン覚醒 バイオレンス251ver.,,,ホームスロット,EXCITE CRデビルマン覚醒 バイオレンス251ver. 中古パチンコ実機 [枠名：ルシファー] [4ch対応],86000,售完,https://home-slot.net/SHOP/p-excite16.html
158,PA大海物語4スペシャル Withアグネス ラム 2ch対応,,SANYO,ホームスロット,SANYO PA大海物語4スペシャル Withアグネス・ラム 中古パチンコ実機 [枠名：マリンシェル] [2ch対応],57600,售完,https://home-slot.net/SHOP/p-sanyo224.html
159,SanThree CRアタックNo.1 feat.はるな愛&照英,,,ホームスロット,SanThree CRアタックNo.1 feat.はるな愛＆照英 中古パチンコ実機,52600,售完,https://home-slot.net/SHOP/p-santhree15.html
161,めぞん一刻2 ~あなたに会えて 本当によかった~ やる気満々パネル,,オリンピア,A-SLOT,オリンピア めぞん一刻2 ～あなたに会えて、本当によかった～ やる気満々パネル 中古パチスロ実機 [4ch対応],92500,售完,https://www.a-slot.com/SHOP/heiwa51.html
164,アデリオン バイオハザード7 レジデント イービル エヴリンパネル,,,ホームスロット,アデリオン パチスロ バイオハザード7 レジデント イービル[エヴリンパネル] 中古パチスロ実機 [8ch対応],45100,有貨,https://home-slot.net/SHOP/s-adelion202.html
167,スーパーストリートファイターIV CR EDITION 299ver.,,平和,ホームスロット,平和 スーパーストリートファイターIV CR EDITION 299ver. 中古パチンコ実機,145900,售完,https://home-slot.net/SHOP/p-heiwa113.html
168,スーパーストリートファイターIV CR EDITION 390ver.,,平和,ホームスロット,平和 スーパーストリートファイターIV CR EDITION 390ver. 中古パチンコ実機,186300,售完,https://home-slot.net/SHOP/p-heiwa112.html
170,タイヨーエレック デジハネCRブラックラグーン2 2400AX,,,ホームスロット,タイヨーエレック デジハネＣＲブラックラグーン２－２４００ＡＸ 中古パチンコ実機,107300,售完,https://home-slot.net/SHOP/p-taiyo44.html
171,デビルマンII 悪魔復活 オヌシ遅刻するゾver. ミキver,,エレコ,ホームスロット,エレコ デビルマンII－悪魔復活－ オヌシ遅刻するゾver.【ミキver】 中古パチスロ実機,47800,售完,https://home-slot.net/SHOP/s-eleco34.html
172,ハードボイルド~グリフォンの幻影~ プレミアムパネル 2ch対応,,Sammy,A-SLOT,サミー パチスロハードボイルド～グリフォンの幻影～ プレミアムパネル 中古パチスロ実機 [2ch対応],129800,售完,https://www.a-slot.com/SHOP/sammy29.html
173,ビスティ CRエヴァンゲリヲン10 SPEED IMPACT,,,ホームスロット,ビスティ CRエヴァンゲリヲン10 SPEED IMPACT 中古パチンコ実機,52600,售完,https://home-slot.net/SHOP/p-bisty57.html
174,ビスティ CRエヴァンゲリヲン7 Light Ver.ピンク枠,,,ホームスロット,ビスティ CRエヴァンゲリヲン7 Light Ver.ピンク枠 中古パチンコ実機,86000,售完,https://home-slot.net/SHOP/p-bisty36.html
175,ビスティ CRエヴァンゲリヲン9 8号機プレミアム甘ver.,,,ホームスロット,ビスティ ＣＲエヴァンゲリヲン9 8号機プレミアム甘ver. 中古パチンコ実機,62800,售完,https://home-slot.net/SHOP/p-bisty47.html
176,ビスティ EVANGELION エヴァンゲリオン 2ch対応,,,A-SLOT,ビスティ EVANGELION （エヴァンゲリオン） 中古パチスロ実機 [2ch対応],47700,有貨,https://www.a-slot.com/SHOP/sankyo68.html
177,ビスティ PA新世紀エヴァンゲリオン 決戦 プレミアムモデル,,,ホームスロット,ビスティ PA新世紀エヴァンゲリオン 決戦 プレミアムモデル 枠色不問 中古パチンコ実機,57600,有貨,https://home-slot.net/SHOP/p-bisty215_zzz.html
178,ビスティ 新世紀エヴァンゲリオン まごころを 君に レイVer.,,,ホームスロット,ビスティ 新世紀エヴァンゲリオン まごころを、君に レイVer. 中古パチスロ実機,45300,售完,https://home-slot.net/SHOP/s-sankyo3.html
179,ビスティ 機動戦士ガンダム 覚醒 chained battle,,,ホームスロット,ビスティ パチスロ 機動戦士ガンダム 覚醒-chained battle- 中古パチスロ実機,71500,售完,https://home-slot.net/SHOP/s-sankyo124.html
180,ファイナルサマーセール NET ドリスタせかんど No.62971,,,A-SLOT,【ファイナルサマーセール】NET ドリスタせかんど 中古パチスロ実機 [4ch対応]No.62971,45100,有貨,https://www.a-slot.com/SHOP/net52_z.html
181,ファイナルサマーセール エフ リングにかけろ1 V No.57595,スマスロ,,A-SLOT,【ファイナルサマーセール】エフ L リングにかけろ1 V 中古パチスロ実機 [スマスロ] [4ch対応]No.57595,50100,有貨,https://www.a-slot.com/SHOP/s-f202_z.html
182,ファイナルサマーセール シークレットハイビスカス No.26840,,パイオニア,A-SLOT,【ファイナルサマーセール】パイオニア シークレットハイビスカス 中古パチスロ実機 [4ch対応] No.26840,45100,有貨,https://www.a-slot.com/SHOP/pioneer47_28719.html
183,ファイナルサマーセール ジェイビー マクロスデルタ No.61252,,,A-SLOT,【ファイナルサマーセール】ジェイビー パチスロ マクロスデルタ 中古パチスロ実機 [4ch対応] No.61252,64100,有貨,https://www.a-slot.com/SHOP/s-sankyo213_z.html
184,ファイナルサマーセール デュエルドラゴンプラス No.59507,,ミズホ,A-SLOT,【ファイナルサマーセール】ミズホ デュエルドラゴンプラス 中古パチスロ実機 [8ch対応]No.59507,57800,有貨,https://www.a-slot.com/SHOP/mizuho-macy201_z.html
185,ファイナルサマーセール ミリオンゴッド~神々の系譜~ No.59491,,ミズホ,A-SLOT,【ファイナルサマーセール】ミズホ ミリオンゴッド～神々の系譜～ 中古パチスロ実機 [4ch対応]No.59491,108500,有貨,https://www.a-slot.com/SHOP/mizuho-macy26_z.html
186,ファイナルサマーセール 魔法少女リリカルなのは No.63254,,SANYO,A-SLOT,【ファイナルサマーセール】SANYO パチスロ魔法少女リリカルなのは 中古パチスロ実機 [4ch対応]No.63254,78500,有貨,https://www.a-slot.com/SHOP/sanyo22_z.html
187,マルホン ~回るヘソワイド~ ファンキードクター 7200ループver.,P,,ホームスロット,マルホン ～回るヘソワイド～ Pファンキードクター 7200ループver. 中古パチンコ実機 [枠名：R5-MODEL],121000,售完,https://home-slot.net/SHOP/p-maruhon222.html
188,交響詩篇エウレカセブン3 HI EVOLUTION ZERO,,Sammy,ホームスロット,サミー パチスロ交響詩篇エウレカセブン3 HI-EVOLUTION ZERO 中古パチスロ実機 [8ch対応],35100,有貨,https://home-slot.net/SHOP/s-sammy208.html
189,卓上アイムジャグラーEX 5倍BET機能搭載でインカムUP,,,A-SLOT,卓上アイムジャグラーEX 5倍BET機能搭載でインカムUP,385000,售完,https://www.a-slot.com/SHOP/taku_juggler.html
191,用 デー太郎ランプ11 スランプグラフ機能 GIGA SEG搭載,,,ホームスロット,【中古】【パチンコ用】デー太郎ランプ11【スランプグラフ機能・GIGA-SEG搭載】,23000,售完,https://home-slot.net/SHOP/p-dataro_11.html
192,西陣 ちょいパチさくらももこ劇場 ミラくるずきんちゃん39,,,ホームスロット,西陣 ちょいパチさくらももこ劇場 ミラくるずきんちゃん39 中古パチンコ実機,52600,售完,https://home-slot.net/SHOP/p-nishijinn103.html
193,高尾 ぱちんこCR一騎当千サバイバルソルジャー319Ver.,,,ホームスロット,高尾 ぱちんこCR一騎当千サバイバルソルジャー319Ver. 中古パチンコ実機,52600,售完,https://home-slot.net/SHOP/p-takao112.html
194,CRAもっと!レレレにおまかせ!もういっかい! 分割配送不可,,大一,ホームスロット,大一 CRAもっと!レレレにおまかせ!もういっかい! 中古パチンコ実機 [分割配送不可],55200,售完,https://home-slot.net/SHOP/p-daiichi55.html
195,CRAフィーバー創聖のアクエリオンLight Ver. 甘デジ,,SANKYO,ホームスロット,SANKYO CRAフィーバー創聖のアクエリオンLight Ver.（甘デジ） 中古パチンコ実機,41935,售完,https://home-slot.net/SHOP/p-sankyo31.html
196,CR JAWS~it's a SHARK PANIC~319ver.,,平和,ホームスロット,平和 CR JAWS~it's a SHARK PANIC~319ver. 中古パチンコ実機,71600,售完,https://home-slot.net/SHOP/p-heiwa141.html
197,CR JAWS~it's a SHARK PANIC~399ver.,,平和,ホームスロット,平和 CR JAWS~it's a SHARK PANIC~399ver. 中古パチンコ実機,186300,售完,https://home-slot.net/SHOP/p-heiwa138.html
198,CRアラジンTURBO 闇の魔神と暗黒のピラミッドHT,,Sammy,ホームスロット,サミー CRアラジンTURBO 闇の魔神と暗黒のピラミッドHT 中古パチンコ実機 [枠名：転生] [4ch対応],154800,售完,https://home-slot.net/SHOP/p-sammy62.html
199,CRルパン三世~消されたルパン~394ver. 7H9AZ1,,平和,ホームスロット,平和 CRルパン三世～消されたルパン～394ver. 7H9AZ1 枠色不問 中古パチンコ実機,116000,售完,https://home-slot.net/SHOP/p-heiwa106.html
207,サンセイ CR牙狼魔戒ノ花~BEAST OF GOLD Ver.~,,,ホームスロット,サンセイ CR牙狼魔戒ノ花～BEAST OF GOLD Ver.～ 中古パチンコ実機 [枠名：金狼] [4ch対応],145900,有貨,https://home-slot.net/SHOP/p-SANSEI95.html
208,ジェイビー かぐや様は告らせたい 藤原千花&伊井野ミコパネル,スマスロ,,ホームスロット,ジェイビー パチスロ かぐや様は告らせたい [藤原千花&伊井野ミコパネル] 中古パチスロ実機 [スマスロ],68500,售完,https://home-slot.net/SHOP/s-sankyo231.html
209,スーパーストリートファイターIV CR EDITION 99ver.,,平和,ホームスロット,平和 スーパーストリートファイターIV CR EDITION 99ver. 枠色不問 中古パチンコ実機,92400,售完,https://home-slot.net/SHOP/p-heiwa117.html
210,タイヨーエレック CRAギャラクシーエンジェル ATX 甘デジ,,,ホームスロット,タイヨーエレック CRAギャラクシーエンジェル ATX（甘デジ） 中古パチンコ実機,116000,售完,https://home-slot.net/SHOP/p-taiyo3.html
213,タイヨーエレック デジハネCR龍が如く見参!天照祗園編 女心,,,ホームスロット,タイヨーエレック デジハネCR龍が如く見参！天照祗園編 女心 中古パチンコ実機,92400,售完,https://home-slot.net/SHOP/p-taiyo46.html
214,ダンジョンに出会いを求めるのは間違っているだろうか2,,北電子,ホームスロット,北電子 パチスロ ダンジョンに出会いを求めるのは間違っているだろうか2 中古パチスロ実機,52800,有貨,https://home-slot.net/SHOP/s-kitadenshi216.html
215,ビスティ CR ayumi hamasaki 2 浜崎あゆみ2,,,ホームスロット,ビスティ CR ａｙｕｍｉ ｈａｍａｓａｋｉ 2 （浜崎あゆみ2） 中古パチンコ実機,52600,售完,https://home-slot.net/SHOP/p-bisty45.html
216,ビスティ CR新世紀エヴァンゲリオン~最後のシ者~SFWS,,,ホームスロット,ビスティ CR新世紀エヴァンゲリオン～最後のシ者～SFWS 枠色不問 中古パチンコ実機,131000,售完,https://home-slot.net/SHOP/p-bisty7.html
217,ビスティ エヴァンゲリヲン 真実の翼 パネル不問 2ch対応,,,A-SLOT,ビスティ エヴァンゲリヲン・真実の翼 【パネル不問】 中古パチスロ実機 [2ch対応],64100,售完,https://www.a-slot.com/SHOP/sankyo36.html
218,ビスティ エヴァンゲリヲン 真実の翼 零号機カラー オレンジ色,,,ホームスロット,ビスティ エヴァンゲリヲン・真実の翼 零号機カラー（オレンジ色） 中古パチスロ実機,54100,售完,https://home-slot.net/SHOP/s-sankyo37.html
219,ビスティ 新世紀エヴァンゲリオン アスカVer 2ch対応,,,A-SLOT,ビスティ 新世紀エヴァンゲリオン （アスカVer） 中古パチスロ実機 [2ch対応],64100,售完,https://www.a-slot.com/SHOP/sankyo4.html
220,ファイナルサマーセール HEY!鏡 ガールズパネル No.40421,,大都技研,A-SLOT,【ファイナルサマーセール】大都技研 HEY!鏡 ガールズパネル 中古パチスロ実機 [8ch対応] No.40421,53500,有貨,https://www.a-slot.com/SHOP/daitogiken201_girls_z.html
221,ファイナルサマーセール JPS S2027DB No.39406,,,A-SLOT,【ファイナルサマーセール】JPS S2027DB 中古パチスロ実機 [8ch対応] No.39406,64100,有貨,https://www.a-slot.com/SHOP/s-jps214_z.html
222,ファイナルサマーセール LBトリプルクラウン No.63955,スマスロ,岡崎産業,A-SLOT,【ファイナルサマーセール】岡崎産業 LBトリプルクラウン 中古パチスロ実機 [スマスロ] [8ch対応]No.63955,51500,有貨,https://www.a-slot.com/SHOP/s-okazaki202_z.html
223,ファイナルサマーセール アクエリオンEVOL No.59612,,SANKYO,A-SLOT,【ファイナルサマーセール】SANKYO パチスロ アクエリオンEVOL 中古パチスロ実機 [4ch対応]No.59612,45100,有貨,https://www.a-slot.com/SHOP/sankyo96_z.html
224,ファイナルサマーセール アクロス ゲッターマウス No.16376,,,A-SLOT,【ファイナルサマーセール】アクロス ゲッターマウス 中古パチスロ実機 [8ch対応]No.16376,45100,有貨,https://www.a-slot.com/SHOP/across12_z.html
225,ファイナルサマーセール ゴールドXR 2ch対応 No.62634,4号機,ミズホ,A-SLOT,【ファイナルサマーセール】【4号機】ミズホ ゴールドXR 中古パチスロ実機 [2ch対応]No.62634,108500,有貨,https://www.a-slot.com/SHOP/mizuho-macy45_z.html
226,ファイナルサマーセール ニューパルサーデラックス No.35908,,山佐,A-SLOT,【ファイナルサマーセール】山佐 ニューパルサーデラックス 中古パチスロ実機 [4ch対応] No.35908,57800,有貨,https://www.a-slot.com/SHOP/yamasa103_z.html
227,ファイナルサマーセール ブロス ミリオンゴッド 神々の凱旋 No.z,,ユニバーサル,A-SLOT,【ファイナルサマーセール】ユニバーサルブロス ミリオンゴッド-神々の凱旋- 中古パチスロ実機 [8ch対応] No.z,89500,有貨,https://www.a-slot.com/SHOP/univerasal8_z.html
228,ファイナルサマーセール 押忍!サラリーマン番長2 No.36283,,大都技研,A-SLOT,【ファイナルサマーセール】大都技研 押忍！サラリーマン番長2 中古パチスロ実機 No.36283,45100,有貨,https://www.a-slot.com/SHOP/daitogiken207_z.html
229,奥村 PACHINKO CR宇宙をかける少女STW 甘デジ,,,ホームスロット,奥村 PACHINKO CR宇宙をかける少女STW 甘デジ 中古パチンコ実機 [枠名：星波] [4ch対応],59000,售完,https://home-slot.net/SHOP/p-okumura20.html
230,奥村 PACHINKO CR闘牌伝説アカギ2狂気の沙汰編,,,ホームスロット,奥村 PACHINKO CR闘牌伝説アカギ2狂気の沙汰編 中古パチンコ実機 [枠名：星波] [4ch対応],53954,售完,https://home-slot.net/SHOP/p-okumura29.html
231,奥村 ぱちんこCR遊砲RUSH L1 1 119type 紫枠,,,ホームスロット,奥村 ぱちんこCR遊砲RUSH L1 1/119type 紫枠 中古パチンコ実機 [枠名：星波] [4ch対応],37250,售完,https://home-slot.net/SHOP/p-okumura42.html
232,用 デー太郎ランプ10 タッチパネル スランプグラフ機能搭載,,,ホームスロット,【中古】【パチンコ用】デー太郎ランプ10【タッチパネル・スランプグラフ機能搭載】,19900,有貨,https://home-slot.net/SHOP/p-option146.html
235,豊丸 CRバーストエンジェルインフィニティ199MYST,,,ホームスロット,豊丸 CRバーストエンジェルインフィニティ199MYST 中古パチンコ実機,216200,售完,https://home-slot.net/SHOP/p-toyomaru18.html
236,豊丸 PAコマコマ倶楽部with坂本冬美 89STver.,,,ホームスロット,豊丸 PAコマコマ倶楽部with坂本冬美 89STver. 中古パチンコ実機 [枠名：Ｔ１６Ｓ],630900,有貨,https://home-slot.net/SHOP/p-toyomaru253.html
237,豊丸 超甘LT 豊丸のとある にしみけん参戦 感度UP1 39,P,,ホームスロット,豊丸 P【超甘LT】豊丸のとあるパチンコにしみけん参戦 感度UP1／39 中古パチンコ実機 [枠名：Ｔ１６ＳＸ],257500,有貨,https://home-slot.net/SHOP/p-toyomaru254.html
239,CRドキッ!丸ごと水着 女だらけの水泳大会99.9ver.,,平和,ホームスロット,平和 ＣＲドキッ！丸ごと水着 女だらけの水泳大会99.9ver. 枠色不問 中古パチンコ実機,52600,售完,https://home-slot.net/SHOP/p-heiwa121.html
241,CRフィーバー倖田來未III~Love Romance~魂7,,SANKYO,ホームスロット,SANKYO CRフィーバー倖田來未III～Love Romance～魂7 中古パチンコ実機,88888,售完,https://home-slot.net/SHOP/p-sankyo74.html
242,CRフィーバー機動戦士ガンダム LAST SHOOTING,,SANKYO,ホームスロット,SANKYO CRフィーバー機動戦士ガンダム-LAST SHOOTING- 中古パチンコ実機,76600,售完,https://home-slot.net/SHOP/p-sankyo122.html
243,CRルパン三世~I'm a super hero~394ver.,,平和,ホームスロット,平和 CRルパン三世～I'm a super hero~394ver. 中古パチンコ実機,160900,售完,https://home-slot.net/SHOP/p-heiwa136.html
244,CRルパン三世~消されたルパン~299ver. 7M9AZ,,平和,ホームスロット,平和 CRルパン三世～消されたルパン～299ver. 7M9AZ 枠色不問 中古パチンコ実機,71600,售完,https://home-slot.net/SHOP/p-heiwa107.html
245,CR黄門ちゃま 超寿 日本漫遊2700km 199ver.,,平和,ホームスロット,平和 ＣＲ黄門ちゃま 超寿 日本漫遊2700ｋｍ 199ｖｅｒ． 中古パチンコ実機,57700,售完,https://home-slot.net/SHOP/p-heiwa125.html
246,CR黄門ちゃま 超寿 日本漫遊2700km 299ver.,,平和,ホームスロット,平和 ＣＲ黄門ちゃま 超寿 日本漫遊2700ｋｍ 299ｖｅｒ． 中古パチンコ実機,71600,售完,https://home-slot.net/SHOP/p-heiwa126.html
247,DAXEL ささみさん@がんばらないすろっと 鎖々美パネル,,,A-SLOT,DAXEL ささみさん＠がんばらないすろっと 鎖々美パネル 中古パチスロ実機 [4ch対応],30884,售完,https://www.a-slot.com/SHOP/daxel10_1852.html
248,EXCITE CRコブラ~新たなる出発 たびだち ~L2 TE,,,ホームスロット,EXCITE CRコブラ～新たなる出発（たびだち）～L2－TE 中古パチンコ実機 [枠名：EXモデル] [4ch対応],241300,售完,https://home-slot.net/SHOP/p-excite3.html
249,KPE マジカルハロウィンJC ハッピーハロウィンパネル,,,A-SLOT,KPE マジカルハロウィンJC （ハッピーハロウィンパネル） 中古パチスロ実機 [8ch対応],79800,售完,https://www.a-slot.com/SHOP/kpe7.html
250,PA究極神判 Sweet Judgement 99ver.,,七匠,ホームスロット,七匠 PA究極神判 Sweet Judgement 99ver. 中古パチンコ実機,65300,售完,https://home-slot.net/SHOP/p-nanashow200.html
251,SanThree P GO!GO!マリン 3000 2ch対応,,,ホームスロット,SanThree P GO!GO!マリン 3000 中古パチンコ実機 [枠名：クロスブレイド] [2ch対応],59000,有貨,https://home-slot.net/SHOP/p-santhree219.html
254,ぱちんこCR桃太郎電鉄ひらけ!キングボンビジョンの巻,,Sammy,ホームスロット,サミー ぱちんこCR桃太郎電鉄ひらけ!キングボンビジョンの巻 中古パチンコ実機 [枠名：聖（クロス）] [4ch対応],36231,售完,https://home-slot.net/SHOP/p-sammy48.html
258,タイヨーエレック ToHeart2 トゥーハート2 パネル不問,,,A-SLOT,タイヨーエレック ToHeart2 （トゥーハート2） パネル不問 中古パチスロ実機 [4ch対応],99800,有貨,https://www.a-slot.com/SHOP/taiyo_elec15_1.html
260,ハードボイルド~グリフォンの幻影~ メインパネル 2ch対応,,Sammy,A-SLOT,サミー パチスロハードボイルド～グリフォンの幻影～ メインパネル 中古パチスロ実機 [2ch対応],129800,售完,https://www.a-slot.com/SHOP/sammy23.html
261,ビスティ CRエヴァンゲリヲン7 Smile Model,,,ホームスロット,ビスティ CRエヴァンゲリヲン7 Smile Model 枠色不問 中古パチンコ実機,71600,售完,https://home-slot.net/SHOP/p-bisty39.html
262,ビスティ CRエヴァンゲリヲン9 改2号機ミドルver.,,,ホームスロット,ビスティ ＣＲエヴァンゲリヲン9 改２号機ミドルver. 中古パチンコ実機,65300,售完,https://home-slot.net/SHOP/p-bisty48.html
263,ビスティ CRエヴァンゲリヲン9 暴走ループ199ver.,,,ホームスロット,ビスティ CRエヴァンゲリヲン9 暴走ループ199ver. 中古パチンコ実機,92400,售完,https://home-slot.net/SHOP/p-bisty53.html
264,ビスティ CRエヴァンゲリヲン9 零号機暴走ループver.,,,ホームスロット,ビスティ CRエヴァンゲリヲン9 零号機暴走ループver. 中古パチンコ実機,71600,售完,https://home-slot.net/SHOP/p-bisty49.html
265,ビスティ CR浜崎あゆみ物語 Light Version,,,ホームスロット,ビスティ CR浜崎あゆみ物語 Light Version 中古パチンコ実機,42648,售完,https://home-slot.net/SHOP/p-bisty33.html
266,ビスティ エヴァンゲリヲン 真実の翼 激レア!! の2号機カラー,,,ホームスロット,ビスティ エヴァンゲリヲン・真実の翼 【激レア!!限定の2号機カラー】 中古パチスロ実機,50059,售完,https://home-slot.net/SHOP/s-sankyo49.html
267,ビスティ モードぱちんこ どらむ☆エヴァンゲリヲン GOLD,,,ホームスロット,ビスティ モードぱちんこ どらむ☆エヴァンゲリヲン GOLD 枠色不問 中古パチンコ実機 [枠名：咆哮] [4ch対応],52600,售完,https://home-slot.net/SHOP/p-bisty201.html
268,ファイナルサマーセール ぱちスロ 必殺仕事人 No.59493,,京楽,A-SLOT,【ファイナルサマーセール】京楽 ぱちスロ 必殺仕事人 中古パチスロ実機 [4ch対応] No.59493,56500,有貨,https://www.a-slot.com/SHOP/kyoraku4_z.html
269,ファイナルサマーセール サイレントメビウス No.15183,,岡崎産業,A-SLOT,【ファイナルサマーセール】岡崎産業 サイレントメビウス 中古パチスロ実機 [4ch対応]No.15183,78500,有貨,https://www.a-slot.com/SHOP/okazaki9_z.html
270,ファイナルサマーセール サボハニ いざ!番長 No.ps0821,スマスロ,,A-SLOT,【ファイナルサマーセール】サボハニ いざ！番長 中古パチスロ実機 [スマスロ] [8ch対応]No.ps0821,45100,有貨,https://www.a-slot.com/SHOP/s-daito221_z.html
271,ファイナルサマーセール サンダーV 2ch対応 No.58184,4号機,メーシー,A-SLOT,【ファイナルサマーセール】【4号機】メーシー サンダーV 中古パチスロ実機 [2ch対応]No.58184,79800,有貨,https://www.a-slot.com/SHOP/mizuho-macy3_z.html
272,ファイナルサマーセール スーパーハナハナ2 30 No.36518,,パイオニア,A-SLOT,【ファイナルサマーセール】パイオニア スーパーハナハナ2-30 中古パチスロ実機 No.36518,51500,有貨,https://www.a-slot.com/SHOP/s-pioneer215_z.html
273,ファイナルサマーセール チェインクロニクル No.35023,,Sammy,A-SLOT,【ファイナルサマーセール】サミー パチスロ チェインクロニクル 中古パチスロ実機 [4ch対応]No.35023,45100,有貨,https://www.a-slot.com/SHOP/sammy202_z.html
274,ファイナルサマーセール ネクスト スターパルサー No.36851,,山佐,A-SLOT,【ファイナルサマーセール】山佐ネクスト スターパルサー 中古パチスロ実機 [4ch対応]No.36851,45100,有貨,https://www.a-slot.com/SHOP/yamasa221_z.html
275,ファイナルサマーセール マイジャグラーIII No.57390,,北電子,A-SLOT,【ファイナルサマーセール】北電子 マイジャグラーIII 中古パチスロ実機 [4ch対応] No.57390,57800,有貨,https://www.a-slot.com/SHOP/kitadensi74_z.html
276,ファイナルサマーセール ロイヤルマハロ 30 No.59609,,北電子,A-SLOT,【ファイナルサマーセール】北電子 ロイヤルマハロ-30 中古パチスロ実機 [4ch対応]No.59609,45100,有貨,https://www.a-slot.com/SHOP/kitadensi85_z.html
277,ファイナルサマーセール 初代 北斗の拳 ユリア No.37789,4号機,Sammy,A-SLOT,【ファイナルサマーセール】【4号機】サミー 初代 北斗の拳(ユリア) 中古パチスロ実機 [4ch対応]No.37789,135000,有貨,https://www.a-slot.com/SHOP/sammy11_z.html
278,ファイナルサマーセール 笑ゥせぇるすまん4 No.37668,S,SANYO,A-SLOT,【ファイナルサマーセール】SANYO S笑ゥせぇるすまん4 中古パチスロ実機 No.37668,45100,有貨,https://www.a-slot.com/SHOP/s-sanyo204_z.html
279,ファイナルサマーセール 聖闘士星矢 冥王復活 No.62138,S,SANYO,A-SLOT,【ファイナルサマーセール】SANYO S聖闘士星矢 冥王復活 中古パチスロ実機 No.62138,45100,有貨,https://www.a-slot.com/SHOP/sanyo203_z.html
280,ファイナルサマーセール 聖闘士星矢 女神聖戦 No.64819,,SANYO,A-SLOT,【ファイナルサマーセール】SANYO パチスロ聖闘士星矢－女神聖戦－ 中古パチスロ実機 [8ch対応]No.64819,46400,有貨,https://www.a-slot.com/SHOP/sanyo23_z.html
281,ファイナルサマーセール 聖闘士星矢 海皇覚醒 No.65151,,SANYO,A-SLOT,【ファイナルサマーセール】SANYO パチスロ聖闘士星矢 海皇覚醒 中古パチスロ実機 [8ch対応] No.65151,64100,有貨,https://www.a-slot.com/SHOP/sanyo28_z.html
282,ファイナルサマーセール 輪廻のラグランジェ No.63321,,Sammy,A-SLOT,【ファイナルサマーセール】サミー パチスロ輪廻のラグランジェ 中古パチスロ実機 [4ch対応]No.63321,178800,有貨,https://www.a-slot.com/SHOP/sammy103_z.html
283,奥村 ぱちんこCRサイコメトラーEIJI 299type,,,ホームスロット,奥村 ぱちんこCRサイコメトラーEIJI 299type 中古パチンコ実機 [枠名：星波] [4ch対応],65300,售完,https://home-slot.net/SHOP/p-okumura47.html
284,西陣 CRAさくらももこ劇場 ミラくるずきんちゃんGL,,,ホームスロット,西陣 CRAさくらももこ劇場 ミラくるずきんちゃんGL 中古パチンコ実機,64000,售完,https://home-slot.net/SHOP/p-nishijinn98.html
286,豊丸 CRバーストエンジェルインフィニティ399XST,,,ホームスロット,豊丸 CRバーストエンジェルインフィニティ399XST 中古パチンコ実機,770300,售完,https://home-slot.net/SHOP/p-toyomaru17.html
287,豊丸 CRバーストエンジェルインフィニティ99V 甘デジ,,,ホームスロット,豊丸 CRバーストエンジェルインフィニティ99V 甘デジ 中古パチンコ実機,186300,售完,https://home-slot.net/SHOP/p-toyomaru19.html
288,豊丸 PA豊丸ととある企業の最新作2 SOD 99ver.,,,ホームスロット,豊丸 PA豊丸ととある企業の最新作2 SOD 99ver. 中古パチンコ実機 [枠名：Ｔ１６Ｓ],91000,有貨,https://home-slot.net/SHOP/p-toyomaru241.html
289,豊丸 少女☆歌劇 レヴュースタァライト ラッキートリガー4500,P,,ホームスロット,豊丸 P少女☆歌劇 レヴュースタァライト ラッキートリガー4500 中古パチンコ実機 [枠名：Ｔ１６Ｓ],184900,有貨,https://home-slot.net/SHOP/p-toyomaru251.html
290,高尾 CRおしおきピラミッ伝with丸高愛美in沖縄,,,ホームスロット,高尾 ＣＲおしおきピラミッ伝ｗｉｔｈ丸高愛美ｉｎ沖縄 中古パチンコ実機,52600,售完,https://home-slot.net/SHOP/p-takao65.html
291,高尾 CR弾球黙示録カイジ HIGH&LOW 319Ver.,,,ホームスロット,高尾 パチンコCR弾球黙示録カイジ HIGH&LOW 319Ver. 中古パチンコ実機,52600,售完,https://home-slot.net/SHOP/p-takao200.html
292,高尾 CR銭形平次withでんぱ組.inc199ver.,,,ホームスロット,高尾 CR銭形平次withでんぱ組．inc199ver. 中古パチンコ実機,399400,售完,https://home-slot.net/SHOP/p-takao105.html
293,高尾 Cの衝撃!! 弾球黙示録カイジ5 電撃チャージ和也Ver.,P,,ホームスロット,高尾 Cの衝撃!! P弾球黙示録カイジ5 電撃チャージ和也Ver. 枠色不問 中古パチンコ実機,59000,售完,https://home-slot.net/SHOP/p-takao241.html
294,CRAデラックス海物語withT ARA 2ch対応,,SANYO,ホームスロット,SANYO CRAデラックス海物語withT－ARA 枠色不問 中古パチンコ実機 [枠名：クジラッキー] [2ch対応],89800,售完,https://home-slot.net/SHOP/p-sanyo64.html
295,CRAハクション大魔王 出ましたアクビちゃんVer.,,七匠,ホームスロット,七匠 CRAハクション大魔王 出ましたアクビちゃんVer. 中古パチンコ実機,92400,有貨,https://home-slot.net/SHOP/p-nanashow03.html
296,CR ENTER THE MATRIX NL マトリックス,,大一,ホームスロット,大一 CR ENTER THE MATRIX NL （マトリックス） 中古パチンコ実機,38539,售完,https://home-slot.net/SHOP/p-daiichi34.html
297,CRひぐらしのなく頃に頂~MAXver.~ 分割配送不可,,大一,ホームスロット,大一 CRひぐらしのなく頃に頂～MAXver.～ 中古パチンコ実機 [分割配送不可],256300,售完,https://home-slot.net/SHOP/p-daiichi52.html
298,CRひぐらしのなく頃に頂?ライトver? 分割配送不可,,大一,ホームスロット,大一 CRひぐらしのなく頃に頂?ライトver? 中古パチンコ実機 [分割配送不可],101000,售完,https://home-slot.net/SHOP/p-daiichi53.html
299,CRスーパー海物語IN沖縄 桜ライト MSPS 2ch対応,,SANYO,ホームスロット,SANYO CRスーパー海物語IN沖縄 桜ライト MSPS 中古パチンコ実機 [枠名：ゴールドウェーブ] [2ch対応],44481,售完,https://home-slot.net/SHOP/p-sanyo25.html
300,CRラブ嬢~ご延長の方はいかがなさいますか?~L4AU,,平和,ホームスロット,平和 CRラブ嬢～ご延長の方はいかがなさいますか?～L4AU 中古パチンコ実機 [枠名：ルピナスX] [4ch対応],37963,售完,https://home-slot.net/SHOP/p-heiwa64.html
301,CRラブ嬢~ご延長の方はいかがなさいますか?~M9AY,,平和,ホームスロット,平和 CRラブ嬢～ご延長の方はいかがなさいますか?～M9AY 中古パチンコ実機 [枠名：ルピナスX] [4ch対応],48148,售完,https://home-slot.net/SHOP/p-heiwa65.html
302,CRルパン三世~Lupin The End~319ver.,,平和,ホームスロット,平和 CRルパン三世～Lupin The End～319ver. 中古パチンコ実機,70300,售完,https://home-slot.net/SHOP/p-heiwa150.html
303,CR中森明菜 歌姫伝説 ~情熱Edition~ LIGHT,,大一,ホームスロット,大一 CR中森明菜 歌姫伝説 ～情熱Edition～ LIGHT 中古パチンコ実機,86000,售完,https://home-slot.net/SHOP/p-daiichi63.html
305,CR暴走 大工の源さん外伝 京都もいただき編 マックス,,SANYO,ホームスロット,SANYO CR暴走 大工の源さん外伝－京都もいただき編－マックス 中古パチンコ実機 [枠名：イルミオ] [4ch対応],86000,售完,https://home-slot.net/SHOP/p-sanyo97.html
306,CR暴走 大工の源さん外伝 京都もいただき編 強ミドル,,SANYO,ホームスロット,SANYO CR暴走 大工の源さん外伝－京都もいただき編－強ミドル 中古パチンコ実機 [枠名：イルミオ] [4ch対応],52600,售完,https://home-slot.net/SHOP/p-sanyo98.html
307,CR熱響!乙女フェスティバル ファン大感謝祭LIVE,,平和,ホームスロット,平和 CR熱響！乙女フェスティバル ファン大感謝祭LIVE 中古パチンコ実機,86000,售完,https://home-slot.net/SHOP/p-heiwa139.html
312,EXCITE CRコブラ~新たなる出発 たびだち ~N KE,,,ホームスロット,EXCITE CRコブラ～新たなる出発（たびだち）～N－KE 中古パチンコ実機 [枠名：EXモデル] [4ch対応],52700,售完,https://home-slot.net/SHOP/p-excite2.html
313,EXCITE CRセンゴク 史上最も失敗し挽回した男,,,ホームスロット,EXCITE CRセンゴク－史上最も失敗し挽回した男－ 中古パチンコ実機 [枠名：ルシファー] [4ch対応],86000,售完,https://home-slot.net/SHOP/p-excite15.html
314,EXCITE CR信長の野望 天下創世 弐ノ陣 L4 KE,,,ホームスロット,EXCITE CR信長の野望 天下創世 弐ノ陣 L4-KE 中古パチンコ実機 [枠名：EXモデル] [4ch対応],65300,售完,https://home-slot.net/SHOP/p-excite6.html
316,KPE マジカルハロウィンJC スペシャルスターパネル,,,A-SLOT,KPE マジカルハロウィンJC （スペシャルスターパネル） 中古パチスロ実機 [8ch対応],79800,售完,https://www.a-slot.com/SHOP/kpe_jc_specialstar.html
317,KPE マジカルハロウィンJC ミラクルパーティーパネル,,,A-SLOT,KPE マジカルハロウィンJC （ミラクルパーティーパネル） 中古パチスロ実機 [8ch対応],79800,售完,https://www.a-slot.com/SHOP/kpe_jc.html
319,PAスーパー海物語IN沖縄6 Withえなこ 2ch対応,,SANYO,ホームスロット,SANYO PAスーパー海物語IN沖縄6 Withえなこ 中古パチンコ実機 [枠名：ラッキーシェル] [2ch対応],724600,有貨,https://home-slot.net/SHOP/p-sanyo264.html
320,PA海物語 極JAPAN Withナギナミ 2ch対応,,SANYO,ホームスロット,SANYO PA海物語 極JAPAN Withナギナミ 中古パチンコ実機 [枠名：クリスタルシェル] [2ch対応],438400,有貨,https://home-slot.net/SHOP/p-sanyo262.html
321,PA異世界魔王と召喚少女の奴隷魔術 敏感99Ver.,,ニューギン,ホームスロット,ニューギン PA異世界魔王と召喚少女の奴隷魔術 敏感99Ver. 中古パチンコ実機 [枠名：黒船] [4ch対応],221200,售完,https://home-slot.net/SHOP/p-newgin304.html
322,SanThree CRAドラム海物語229バージョン,,,ホームスロット,SanThree CRAドラム海物語229バージョン 中古パチンコ実機,75400,售完,https://home-slot.net/SHOP/p-santhree30.html
323,SanThree CRボウリング革命P★LARGUE,,,ホームスロット,SanThree CRボウリング革命P★LARGUE 中古パチンコ実機,65300,售完,https://home-slot.net/SHOP/p-santhree200.html
324,SanThree CRヤッターマン~われら天才ドロンボー~,,,ホームスロット,SanThree CRヤッターマン～われら天才ドロンボー～ 中古パチンコ実機,92400,售完,https://home-slot.net/SHOP/p-santhree28.html
325,SanThree CR戦国無双 強ミドル259ver,,,ホームスロット,SanThree CR戦国無双 強ミドル259ver 枠色不問 中古パチンコ実機,86000,售完,https://home-slot.net/SHOP/p-santhree17.html
326,SanThree わんニャンアドベンチャー 2ch対応,P,,ホームスロット,SanThree Pわんニャンアドベンチャー 中古パチンコ実機 [枠名：クロスブレイド] [2ch対応],52600,有貨,https://home-slot.net/SHOP/p-santhree218.html
330,アナザーゴッドハーデス 奪われたZEUSver. 8c対応,,ミズホ,A-SLOT,ミズホ アナザーゴッドハーデス-奪われたZEUSver.- 中古パチスロ実機 [8c対応],57800,有貨,https://www.a-slot.com/SHOP/mizuho-macy41.html
331,アミューズメント ぱちんこ戦国コレクションBLACK,,KONAMI,ホームスロット,コナミアミューズメント ぱちんこ戦国コレクションBLACK 中古パチンコ実機 [枠名：プラチナティアラ] [4ch対応],59000,有貨,https://home-slot.net/SHOP/p-konami209.html
333,エース電研 CRプチハネ恋姫夢想 乙女 入り乱れるのこと!,,,ホームスロット,エース電研 CRプチハネ恋姫夢想 乙女、入り乱れるのこと! 中古パチンコ実機 [枠名：フレイムフレーム] [4ch対応],52600,售完,https://home-slot.net/SHOP/p-ace53.html
334,コードギアス 反逆のルルーシュ3 C.C.&Kallen ver.,,ロデオ,ホームスロット,ロデオ パチスロ コードギアス 反逆のルルーシュ3 C.C.&Kallen ver. 中古パチスロ実機 [8ch対応],35100,有貨,https://home-slot.net/SHOP/s-rodeo203.html
335,サンセイ CR ANOTHER牙狼~炎の刻印~99ver.,,,ホームスロット,サンセイ CR ANOTHER牙狼～炎の刻印～99ver. 中古パチンコ実機 [枠名：金狼] [4ch対応],71600,售完,https://home-slot.net/SHOP/p-SANSEI99.html
336,サンセイ CR笑ゥせぇるすまん ドーンといきまSHOW,,,ホームスロット,サンセイ CR笑ゥせぇるすまん ドーンといきまSHOW 中古パチンコ実機 [枠名：ライジングサンセイ] [4ch対応],86000,售完,https://home-slot.net/SHOP/p-SANSEI204.html
337,サンセイ P10カウントチャージ絶狼 神撃135Ver.,,,ホームスロット,サンセイ P10カウントチャージ絶狼 神撃135Ver. 中古パチンコ実機 [枠名：ライジングサンセイ] [4ch対応],77600,售完,https://home-slot.net/SHOP/p-sansei245.html
338,サンセイ 巨人の星~栄光の軌跡~連戦連勝version,P,,ホームスロット,サンセイ P巨人の星～栄光の軌跡～連戦連勝version 中古パチンコ実機 [枠名：ライジングサンセイ] [4ch対応],132100,有貨,https://home-slot.net/SHOP/p-SANSEI213.html
339,サンセイ 牙狼月虹ノ旅人絆 GIGA GHOST Ver.,P,,ホームスロット,サンセイ P牙狼月虹ノ旅人絆 GIGA GHOST Ver. 中古パチンコ実機 [枠名：金翔] [4ch対応],63600,有貨,https://home-slot.net/SHOP/p-SANSEI236.html
340,ジェイビー かぐや様は告らせたい 白銀御行&石上優パネル,スマスロ,,ホームスロット,ジェイビー パチスロ かぐや様は告らせたい [白銀御行&石上優パネル] 中古パチスロ実機 [スマスロ] [4ch対応],68500,售完,https://home-slot.net/SHOP/s-sankyo233.html
342,タイヨーエレック CRフルメタル パニック!TSR FRX,,,ホームスロット,タイヨーエレック CRフルメタル・パニック!TSR FRX 中古パチンコ実機,47741,售完,https://home-slot.net/SHOP/p-taiyo23.html
343,タイヨーエレック デジハネCRブラックラグーン2ASX,,,ホームスロット,タイヨーエレック デジハネＣＲブラックラグーン２ＡＳＸ 中古パチンコ実機,59000,售完,https://home-slot.net/SHOP/p-taiyo45.html
345,タイヨー ハローサンタアルティメットマシンガンバージョン,,,A-SLOT,タイヨー ハローサンタアルティメットマシンガンバージョン 中古パチスロ実機 [4ch対応],45100,售完,https://www.a-slot.com/SHOP/taiyo15.html
348,デジハネPあの日見た花の名前を僕達はまだ知らない。,,Sammy,ホームスロット,サミー デジハネPあの日見た花の名前を僕達はまだ知らない。 中古パチンコ実機 [枠名：銀座闘神] [4ch対応],65300,售完,https://home-slot.net/SHOP/p-sammy219.html
349,パオン ディーピー HEY!エリートサラリーマン鏡 ガールズパネル,スマスロ,,ホームスロット,パオン・ディーピー HEY!エリートサラリーマン鏡 [ガールズパネル] 中古パチスロ実機 [スマスロ] [8ch対応],50300,售完,https://home-slot.net/SHOP/s-paon205.html
350,パオン ディーピー HEY!エリートサラリーマン鏡 メインパネル,スマスロ,,ホームスロット,パオン・ディーピー HEY!エリートサラリーマン鏡 [メインパネル] 中古パチスロ実機 [スマスロ] [8ch対応],45300,售完,https://home-slot.net/SHOP/s-paon203.html
351,ビスティ CRエヴァンゲリヲン11S~いま 目覚めの時~,,,ホームスロット,ビスティ CRエヴァンゲリヲン11S～いま、目覚めの時～ 中古パチンコ実機,111100,售完,https://home-slot.net/SHOP/p-bisty59.html
352,ビスティ CRコードギアス 反逆のルルーシュ~エンペラーロード~,,,ホームスロット,ビスティ CRコードギアス 反逆のルルーシュ～エンペラーロード～ 中古パチンコ実機,71600,售完,https://home-slot.net/SHOP/p-bisty62.html
354,ビスティ 新世紀エヴァンゲリオン~約束の時~ 2ch対応,,,A-SLOT,ビスティ 新世紀エヴァンゲリオン～約束の時～ 中古パチスロ実機 [2ch対応],64100,售完,https://www.a-slot.com/SHOP/toriyose7.html
355,ファイナルサマーセール SLOTギャラガ No.35481,,メーシー,A-SLOT,【ファイナルサマーセール】メーシー SLOTギャラガ 中古パチスロ実機 [8ch対応]No.35481,45100,有貨,https://www.a-slot.com/SHOP/mizuho-macy203_z.html
356,ファイナルサマーセール おとめ妖怪ざくろ No.55220,,北電子,A-SLOT,【ファイナルサマーセール】北電子 パチスロ おとめ妖怪ざくろ 中古パチスロ実機 [4ch対応] No.55220,47700,有貨,https://www.a-slot.com/SHOP/kitadensi72_z.html
357,ファイナルサマーセール ぱちスロ ギャグダー No.40221,,京楽,A-SLOT,【ファイナルサマーセール】京楽 ぱちスロ ギャグダー 中古パチスロ実機 [まるごと配送限定]No.40221,64100,有貨,https://www.a-slot.com/SHOP/kyoraku204_z.html
358,ファイナルサマーセール みうのおしゃべり No.59773,,岡崎産業,A-SLOT,【ファイナルサマーセール】岡崎産業 みうのおしゃべりパチスロ 中古パチスロ実機 [4ch対応]No.59773,64100,有貨,https://www.a-slot.com/SHOP/okazaki200_z.html
359,ファイナルサマーセール 俺の空 2ch対応 No.63020,4号機,ロデオ,A-SLOT,【ファイナルサマーセール】【4号機】ロデオ 俺の空 中古パチスロ実機 [2ch対応]No.63020,99800,有貨,https://www.a-slot.com/SHOP/rodeo1_z.html
360,ファイナルサマーセール 俺の空~蒼き正義魂~ No.50952,,ロデオ,A-SLOT,【ファイナルサマーセール】ロデオ 俺の空～蒼き正義魂～ 中古パチスロ実機 [4ch対応]No.50952,64100,有貨,https://www.a-slot.com/SHOP/rodeo29_z.html
361,ファイナルサマーセール 猛獣王 王者の咆哮 No.25954,,Sammy,A-SLOT,【ファイナルサマーセール】サミー パチスロ猛獣王 王者の咆哮 中古パチスロ実機 [4ch対応]No.25954,45100,有貨,https://www.a-slot.com/SHOP/sammy205_25954.html
362,ファイナルサマーセール 鉄のラインバレル No.62961,,スパイキー,A-SLOT,【ファイナルサマーセール】スパイキー 鉄のラインバレル 中古パチスロ実機 [4ch対応]No.62961,99800,有貨,https://www.a-slot.com/SHOP/spyki_5_z.html
363,ファイナルサマーセール 銀座 シティーハンター No.64567,,,A-SLOT,【ファイナルサマーセール】銀座 パチスロ シティーハンター 中古パチスロ実機 [4ch対応]No.64567,57800,有貨,https://www.a-slot.com/SHOP/ginza28_z.html
364,フィーバー バイオハザード リベレーションズ LIGHT VER.,P,SANKYO,ホームスロット,SANKYO Pフィーバー バイオハザード リベレーションズ LIGHT VER. 枠色不問 中古パチンコ実機,59000,有貨,https://home-slot.net/SHOP/p-sankyo219.html
365,マルホン CR戦国KIZUNA第三陣 暁の鬼A 甘デジ,,,ホームスロット,マルホン CR戦国KIZUNA第三陣 暁の鬼A 甘デジ 中古パチンコ実機,52600,售完,https://home-slot.net/SHOP/p-maruhon30.html
366,学園黙示録 HIGH SCHOOL OF THE DEAD,,スパイキー,ホームスロット,スパイキー 学園黙示録 HIGH SCHOOL OF THE DEAD 中古パチスロ実機,76100,售完,https://home-slot.net/SHOP/s-spyki_6.html
368,豊丸 CR豊丸とソフトオンデマンドの最新作169L,,,ホームスロット,豊丸 CR豊丸とソフトオンデマンドの最新作169L 中古パチンコ実機,71600,售完,https://home-slot.net/SHOP/p-toyomaru72.html
369,豊丸 CR豊丸とソフトオンデマンドの最新作319M,,,ホームスロット,豊丸 CR豊丸とソフトオンデマンドの最新作319M 枠色不問 中古パチンコ実機,52600,售完,https://home-slot.net/SHOP/p-toyomaru73.html
370,豊丸 Pyes!高須クリニック青天 はじまりは4500,,,ホームスロット,豊丸 Pyes！高須クリニック青天 はじまりは4500 中古パチンコ実機[枠名：Ｔ１６] [4ch対応],70300,售完,https://home-slot.net/SHOP/p-toyomaru238.html
371,豊丸 ちょいパチ SUPER電役ナナシーDXII G39,P,,ホームスロット,豊丸 Pちょいパチ SUPER電役ナナシーDXII G39 中古パチンコ実機,52600,售完,https://home-slot.net/SHOP/p-toyomaru205.html
372,豊丸 華牌RRwith清水あいり 150de遊タイム,P,,ホームスロット,豊丸 P華牌RRwith清水あいり 150de遊タイム 中古パチンコ実機,55200,售完,https://home-slot.net/SHOP/p-toyomaru232.html
373,銀座 頭文字D Non Stop 3000Edition,P,,ホームスロット,銀座 P頭文字D Non-Stop 3000Edition 中古パチンコ実機 [枠名：銀座真焔] [4ch対応],57600,有貨,https://home-slot.net/SHOP/p-ginza215.html
374,高尾 CRAグレムリンSTV クリスマスモデル 甘デジ,,,ホームスロット,高尾 CRAグレムリンSTV（クリスマスモデル）（甘デジ） 中古パチンコ実機,51713,售完,https://home-slot.net/SHOP/p-takao8.html
375,高尾 CR銭形平次withでんぱ組.inc99ver.,,,ホームスロット,高尾 CR銭形平次withでんぱ組．inc99ver. 中古パチンコ実機,52600,售完,https://home-slot.net/SHOP/p-takao104.html
376,高尾 ぱちんこCRおしおきくのいち忍法帖 28Ver.,,,ホームスロット,高尾 ぱちんこCRおしおきくのいち忍法帖 28Ver. 中古パチンコ実機,52600,售完,https://home-slot.net/SHOP/p-takao205.html
377,高尾 クイーンズブレイド美闘士カーニバル ナナエルVer.,P,,ホームスロット,高尾 Pクイーンズブレイド美闘士カーニバル ナナエルVer. 中古パチンコ実機,52600,有貨,https://home-slot.net/SHOP/p-takao206.html
378,3号機 NET 日活興業 スペーススペクター ピンクパネル,,,A-SLOT,【3号機】NET(日活興業) スペーススペクター ピンクパネル 中古パチスロ実機,222500,售完,https://www.a-slot.com/SHOP/net_spacespecter_kasugai.html
379,3号機 NET 日活興業 スペースバトル ホワイトパネル,,,A-SLOT,【3号機】NET(日活興業) スペースバトル ホワイトパネル 中古パチスロ実機,98300,售完,https://www.a-slot.com/SHOP/net_spacebattle_kasugai.html
381,3号機 コンチネンタルII 2ch対応 No.6384,,ユニバーサル,A-SLOT,【3号機】ユニバーサル コンチネンタルII 中古パチスロ実機 [2ch対応][まるごと配送限定]No.6384,99500,有貨,https://www.a-slot.com/SHOP/universal_continental2.html
382,CRAはねものUFOwithピンク レディー 甘デジ,,大一,ホームスロット,大一 CRAはねものUFOwithピンク・レディー（甘デジ） 中古パチンコ実機,49015,售完,https://home-slot.net/SHOP/p-daiichi13.html
383,CRAサイボーグ009~未知なる加速へ~N TC 甘デジ,,ニューギン,ホームスロット,ニューギン CRAサイボーグ009～未知なる加速へ～N－TC（甘デジ） 中古パチンコ実機,51713,售完,https://home-slot.net/SHOP/p-newgin40.html
384,CRA麻雀物語2~めざせ!雀ドル決定戦!~99.9ver.,,平和,ホームスロット,平和 CRA麻雀物語２～めざせ！雀ドル決定戦！～99.9ver. 中古パチンコ実機,86000,售完,https://home-slot.net/SHOP/p-heiwa135.html
385,CR JAWS再臨 SHARK PANIC AGAIN,,平和,ホームスロット,平和 CR JAWS再臨-SHARK PANIC AGAIN- 中古パチンコ実機,59000,售完,https://home-slot.net/SHOP/p-heiwa169.html
386,CRストライクウィッチーズ229ver. 2ch対応,,SANYO,ホームスロット,SANYO CRストライクウィッチーズ229ver. 中古パチンコ実機 [枠名：Ｇ－ＤＲＩＶＥ] [2ch対応],86000,有貨,https://home-slot.net/SHOP/p-sanyo202.html
387,CRストライクウィッチーズ319ver. 2ch対応,,SANYO,ホームスロット,SANYO CRストライクウィッチーズ319ver. 中古パチンコ実機 [枠名：Ｇ－ＤＲＩＶＥ] [2ch対応],86000,售完,https://home-slot.net/SHOP/p-sanyo203.html
388,CRフィーバーマクロスフロンティア お前達が俺の翼だ!,,SANKYO,ホームスロット,SANKYO CRフィーバーマクロスフロンティア お前達が俺の翼だ! 枠色不問 4ch対応] 中古パチンコ実機,107300,售完,https://home-slot.net/SHOP/p-sankyo59.html
389,CRフィーバーマクロスフロンティア 私たちの歌を聴けー!,,SANKYO,ホームスロット,SANKYO CRフィーバーマクロスフロンティア 私たちの歌を聴けー! 枠色不問 中古パチンコ実機,39287,售完,https://home-slot.net/SHOP/p-sankyo77.html
390,CRフィーバー宇宙戦艦ヤマト復活篇 立ち上がれヤマト,,SANKYO,ホームスロット,SANKYO CRフィーバー宇宙戦艦ヤマト復活篇 立ち上がれヤマト 中古パチンコ実機,183700,售完,https://home-slot.net/SHOP/p-sankyo66.html
392,CRルパン三世~Lupin The End~99ver.,,平和,ホームスロット,平和 CRルパン三世~Lupin The End~99ver. 中古パチンコ実機,52600,售完,https://home-slot.net/SHOP/p-heiwa156.html
393,CR大工の源さん~炎のいただき!編~XLB 2ch対応,,SANYO,ホームスロット,SANYO CR大工の源さん～炎のいただき!編～XLB 中古パチンコ実機 [枠名：ペガサスウィング] [2ch対応],216200,售完,https://home-slot.net/SHOP/p-sanyo54.html
394,CR大工の源さん~炎のいただき!編~YMA 2ch対応,,SANYO,ホームスロット,SANYO CR大工の源さん～炎のいただき!編～YMA 中古パチンコ実機 [枠名：ペガサスウィング] [2ch対応],62800,售完,https://home-slot.net/SHOP/p-sanyo53.html
395,CR氷川きよし2 ~今度はきよしとふれあいましょう~,,大一,ホームスロット,大一 CR氷川きよし2 ～今度はきよしとふれあいましょう～ 中古パチンコ実機,101000,售完,https://home-slot.net/SHOP/p-daiichi61.html
396,CR黄門ちゃま~神盛JUDGMENT~99.9ver.,,平和,ホームスロット,平和 CR黄門ちゃま～神盛JUDGMENT～99.9ver. 中古パチンコ実機,86000,售完,https://home-slot.net/SHOP/p-heiwa203.html
398,EXCITE CRAテイルズ オブ デスティニーN KE,,,ホームスロット,EXCITE CRAテイルズ オブ デスティニーN-KE 中古パチンコ実機 [枠名：ルシファー] [4ch対応],52600,售完,https://home-slot.net/SHOP/p-excite20.html
399,EXCITE CRテイルズ オブ デスティニーM3 KE,,,ホームスロット,EXCITE CRテイルズ オブ デスティニーM3-KE 中古パチンコ実機 [枠名：ルシファー] [4ch対応],89800,售完,https://home-slot.net/SHOP/p-excite19.html
402,PA大海物語5ブラックLT99ver. 2ch対応,,SANYO,ホームスロット,SANYO PA大海物語5ブラックLT99ver. 中古パチンコ実機 [枠名：クリスタルシェル] [2ch対応],661300,有貨,https://home-slot.net/SHOP/p-sanyo256.html
403,SanThree CRAドラム海物語99バージョン,,,ホームスロット,SanThree CRAドラム海物語99バージョン 中古パチンコ実機,52600,售完,https://home-slot.net/SHOP/p-santhree29.html
404,SanThree CRA風魔の小次郎159ver.,,,ホームスロット,SanThree CRA風魔の小次郎159ver. 中古パチンコ実機,86000,售完,https://home-slot.net/SHOP/p-santhree24.html
405,SanThree PAドラム海物語IN JAPAN,,,ホームスロット,SanThree PAドラム海物語IN JAPAN 枠色不問 中古パチンコ実機,52600,有貨,https://home-slot.net/SHOP/p-santhree209.html
406,SanThree ドラム海物語IN沖縄 桜バージョン,P,,ホームスロット,SanThree Pドラム海物語IN沖縄 桜バージョン 枠色不問 中古パチンコ実機,96200,售完,https://home-slot.net/SHOP/p-santhree205.html
408,ぱちんこCRバーチャファイターレボリューションFNV,,Sammy,ホームスロット,サミー ぱちんこCRバーチャファイターレボリューションFNV 中古パチンコ実機 [枠名：聖（クロス）] [4ch対応],46213,售完,https://home-slot.net/SHOP/p-sammy51.html
409,ぱちんこCR北斗の拳剛掌 HVJA ラオウバージョン,,Sammy,ホームスロット,サミー ぱちんこCR北斗の拳剛掌 HVJA ラオウバージョン 中古パチンコ実機 [枠名：聖（クロス）] [4ch対応],271300,售完,https://home-slot.net/SHOP/p-sammy25.html
410,ぱちんこ宇宙戦艦ヤマト2199 反撃 219Ver.,,Sammy,ホームスロット,サミー ぱちんこ宇宙戦艦ヤマト2199 -反撃- 219Ver. 中古パチンコ実機 [枠名：闘神] [4ch対応],59000,有貨,https://home-slot.net/SHOP/p-sammy205.html
411,ぱちんこ宇宙戦艦ヤマト2199 波動 199Ver.,,Sammy,ホームスロット,サミー ぱちんこ宇宙戦艦ヤマト2199 -波動- 199Ver. 中古パチンコ実機 [枠名：闘神] [4ch対応],52600,售完,https://home-slot.net/SHOP/p-sammy204.html
412,アビリット CRデンジャラッシュ7 WHITE SL,,,ホームスロット,アビリット CRデンジャラッシュ7 WHITE SL 中古パチンコ実機 [枠名：ハイパーフラッシュ],44074,售完,https://home-slot.net/SHOP/p-abilit2.html
413,アミューズメント ぱちんこG1優駿倶楽部 遊タイム付,,KONAMI,ホームスロット,コナミアミューズメント ぱちんこG1優駿倶楽部 遊タイム付 中古パチンコ実機 [枠名：プラチナティアラ] [4ch対応],52600,售完,https://home-slot.net/SHOP/p-konami206.html
414,アミューズメント ぱちんこ戦国コレクション天魔99,,KONAMI,ホームスロット,コナミアミューズメント ぱちんこ戦国コレクション天魔99 中古パチンコ実機 [枠名：プラチナティアラ] [4ch対応],70300,售完,https://home-slot.net/SHOP/p-konami211.html
415,アミューズメント 戦国コレクション4 オーシャンパネル,,KONAMI,A-SLOT,【お取り寄せ商品】コナミアミューズメント 戦国コレクション4 オーシャンパネル 中古パチスロ実機 [4ch対応],67100,有貨,https://www.a-slot.com/SHOP/konami206_ocean.html
417,アントニオ猪木という名の 機 アルティメットver.,4号機,平和,A-SLOT,【4号機】平和 アントニオ猪木という名のパチスロ機 アルティメットver. 中古パチスロ実機 [4ch対応],155000,售完,https://www.a-slot.com/SHOP/heiwa7_ultimate.html
420,オーイズミ ひぐらしのなく頃に祭2 詩音&沙都子パネル,,,ホームスロット,オーイズミ パチスロひぐらしのなく頃に祭2 詩音＆沙都子パネル 中古パチスロ実機 [8ch対応][まるごと配送限定],91800,售完,https://home-slot.net/SHOP/s-oizumi208.html
422,サンセイ CR牙狼外伝 桃幻の笛XX Y2 2ch対応,,,ホームスロット,サンセイ CR牙狼外伝 桃幻の笛XX・Y2 枠色不問 中古パチンコ実機 [枠名：SOUL METAL] [2ch対応],131000,售完,https://home-slot.net/SHOP/p-SANSEI65.html
423,サンセイ PA設定付牙狼GOLDSTORM翔RH,,,ホームスロット,サンセイ PA設定付牙狼GOLDSTORM翔RH 枠色不問 中古パチンコ実機 [枠名：金翔] [4ch対応],92000,有貨,https://home-slot.net/SHOP/p-SANSEI206.html
424,サンセイ 芦毛伝説CRAオグリキャップ PH 甘デジ,,,ホームスロット,サンセイ 芦毛伝説CRAオグリキャップ PH（甘デジ） 中古パチンコ実機 [枠名：D-CYCLONE] [4ch対応],43777,售完,https://home-slot.net/SHOP/p-SANSEI14.html
425,スリム両替機 架 のみ カラーは選べるブラック&ホワイト,,,A-SLOT,【新品】スリム両替機 架台のみ カラーは選べるブラック&ホワイト,38500,有貨,https://www.a-slot.com/SHOP/slim-exchange-kadai.html
427,タイヨーエレック CRA兎 野性の闘牌 デジハネタイプ,,,ホームスロット,タイヨーエレック CRA兎－野性の闘牌－デジハネタイプ 中古パチンコ実機,52600,售完,https://home-slot.net/SHOP/p-taiyo37.html
428,タイヨーエレック CRビッグドリーム~神撃259ver.,,,ホームスロット,タイヨーエレック CRビッグドリーム～神撃259ver. 中古パチンコ実機,86000,售完,https://home-slot.net/SHOP/p-taiyo50.html
429,タイヨーエレック CRビッグドリーム~神撃399ver.,,,ホームスロット,タイヨーエレック CRビッグドリーム～神撃399ver. 中古パチンコ実機,372241,售完,https://home-slot.net/SHOP/p-taiyo51.html
430,タイヨーエレック CRブラックラグーン2 2400FZ,,,ホームスロット,タイヨーエレック CRブラックラグーン2-2400FZ 枠色不問 中古パチンコ実機,152300,售完,https://home-slot.net/SHOP/p-taiyo41.html
432,デジハネCR宮廷女官チャングムの誓いSV 甘デジ,,Sammy,ホームスロット,サミー デジハネCR宮廷女官チャングムの誓いSV（甘デジ） 中古パチンコ実機 [枠名：焔（ホムラ）] [4ch対応],52600,售完,https://home-slot.net/SHOP/p-sammy14.html
433,デジハネPA真 北斗無双 第2章 連撃Edition,,Sammy,ホームスロット,サミー デジハネPA真・北斗無双 第2章 連撃Edition 枠色不問 中古パチンコ実機 [枠名：闘神] [4ch対応],56400,有貨,https://home-slot.net/SHOP/p-sammy229.html
434,デジハネP聖戦士ダンバイン2 ZEROSONIC,,Sammy,ホームスロット,サミー デジハネP聖戦士ダンバイン2 ZEROSONIC 中古パチンコ実機 [枠名：真焔] [4ch対応],57600,有貨,https://home-slot.net/SHOP/p-sammy242.html
439,ファイナルサマーセール IGT ザ ターミネーター No.9334,4号機,,A-SLOT,【ファイナルサマーセール】【4号機】IGT ザ・ターミネーター 中古パチスロ実機 [4ch対応]No.9334,55000,有貨,https://www.a-slot.com/SHOP/igt_the_terminator_z.html
440,ファイナルサマーセール NET 十字架4 No.59292,,,A-SLOT,【ファイナルサマーセール】NET 十字架4 中古パチスロ実機 [4ch対応]No.59292,81100,有貨,https://www.a-slot.com/SHOP/net200_z.html
441,ファイナルサマーセール クロスバレット No.59334,,ニューギン,A-SLOT,【ファイナルサマーセール】ニューギン クロスバレット 中古パチスロ実機 [4ch対応]No.59334,78500,有貨,https://www.a-slot.com/SHOP/newgin13_z.html
442,ファイナルサマーセール レバー下不問 ラブ嬢 No.8148,,オリンピア,A-SLOT,【ファイナルサマーセール】【レバー下不問】オリンピア パチスロラブ嬢 中古パチスロ実機 [4ch対応] No.8148,93500,有貨,https://www.a-slot.com/SHOP/heiwa101_z.html
443,ファイナルサマーセール 忍魂弐~烈火ノ章~ No.65506,,大都技研,A-SLOT,【ファイナルサマーセール】大都技研 忍魂弐～烈火ノ章～ 中古パチスロ実機 [4ch対応]No.65506,57800,有貨,https://www.a-slot.com/SHOP/daitogiken46_z.html
444,ファイナルサマーセール 獣王 王者の帰還 No.64328,,Sammy,A-SLOT,【ファイナルサマーセール】サミー パチスロ獣王 王者の帰還 中古パチスロ実機 [4ch対応]No.64328,103600,有貨,https://www.a-slot.com/SHOP/sammy100_z.html
445,ファイナルサマーセール 黄門ちゃま喝2 No.40899,S,平和,A-SLOT,【ファイナルサマーセール】平和 S黄門ちゃま喝2 中古パチスロ実機 [8ch対応]No.40899,45100,有貨,https://www.a-slot.com/SHOP/s-heiwa221_z.html
446,マクロスフロンティア2 Bonus Live Ver.,,SANKYO,ホームスロット,SANKYO パチスロ マクロスフロンティア2 Bonus Live Ver. 中古パチスロ実機,68500,售完,https://home-slot.net/SHOP/s-sankyo88.html
449,奥村 ぱちんこCRアミーゴ DE そーる39type X1,,,ホームスロット,奥村 ぱちんこCRアミーゴ DE そーる39type X1 中古パチンコ実機 [枠名：クリスタルエッジ] [4ch対応],52600,售完,https://home-slot.net/SHOP/p-okumura62.html
450,奥村 ぱちんこCRアミーゴ DE そーる39type X2,,,ホームスロット,奥村 ぱちんこCRアミーゴ DE そーる39type X2 中古パチンコ実機 [枠名：クリスタルエッジ] [4ch対応],52600,售完,https://home-slot.net/SHOP/p-okumura63.html
451,奥村 ぱちんこCRアミーゴ DE そーる99type w1,,,ホームスロット,奥村 ぱちんこCRアミーゴ DE そーる99type w1 中古パチンコ実機 [枠名：クリスタルエッジ] [4ch対応],52600,售完,https://home-slot.net/SHOP/p-okumura64.html
452,奥村 ぱちんこCRアミーゴ DE そーる99type w2,,,ホームスロット,奥村 ぱちんこCRアミーゴ DE そーる99type w2 中古パチンコ実機 [枠名：クリスタルエッジ] [4ch対応],101621,售完,https://home-slot.net/SHOP/p-okumura65.html
453,奥村 ぱちんこ CR三姫繚乱 ~麗しき闘い~ 99type,,,ホームスロット,奥村 ぱちんこ CR三姫繚乱 ～麗しき闘い～ 99type 中古パチンコ実機 [枠名：クリスタルエッジ] [4ch対応],52600,售完,https://home-slot.net/SHOP/p-okumura55.html
454,奥村 ぱちんこCR遊砲RUSH W1 1 49type,,,ホームスロット,奥村 ぱちんこCR遊砲RUSH W1 1/49type 枠色不問 中古パチンコ実機 [枠名：星波] [4ch対応],89800,售完,https://home-slot.net/SHOP/p-okumura50.html
455,清龍ゲームジャパン トリプルクラウンZERO1 30,,,A-SLOT,清龍ゲームジャパン トリプルクラウンZERO1-30 中古パチスロ実機,80000,售完,https://www.a-slot.com/SHOP/seiryu201_triplecrownzero01-30.html
456,激安!9 800円以下 アリストクラート ゲットザランカー,,,ホームスロット,"【激安!9,800円以下】アリストクラート ゲットザランカー 中古パチスロ実機",28742,售完,https://home-slot.net/SHOP/s-aristocrat19.html
458,豊丸 CRA SUPER電役ナナシーDXII 77NV,,,ホームスロット,豊丸 CRA SUPER電役ナナシーDXII 77NV 中古パチンコ実機,65300,售完,https://home-slot.net/SHOP/p-toyomaru85.html
459,豊丸 CR豊丸とソフトオンデマンドの最新作99V,,,ホームスロット,豊丸 CR豊丸とソフトオンデマンドの最新作99V 中古パチンコ実機,52600,售完,https://home-slot.net/SHOP/p-toyomaru74.html
460,豊丸 PA SUPER電役ナナシーSPECIAL66,,,ホームスロット,豊丸 PA SUPER電役ナナシーSPECIAL66 中古パチンコ実機,55200,有貨,https://home-slot.net/SHOP/p-toyomaru219.html
461,豊丸 コマコマ倶楽部with坂本冬美199ver.,P,,ホームスロット,豊丸 Pコマコマ倶楽部with坂本冬美199ver. 中古パチンコ実機,52600,售完,https://home-slot.net/SHOP/p-toyomaru229.html
462,通信エラー不問 マクロスフロンティア2 クランパネル,,SANKYO,A-SLOT,【通信エラー不問】SANKYO パチスロ マクロスフロンティア2 クランパネル 中古パチスロ実機 [4ch対応],111000,售完,https://www.a-slot.com/SHOP/sankyo77.html
463,高尾 安心ぱちんこキレパンダinリゾート 79Ver.,P,,ホームスロット,高尾 P安心ぱちんこキレパンダinリゾート 79Ver. 枠色不問 中古パチンコ実機,59000,售完,https://home-slot.net/SHOP/p-takao225.html
464,高尾 弾球黙示録カイジ HIGH&LOW ざわっ ver.,P,,ホームスロット,高尾 P弾球黙示録カイジ HIGH&LOW ざわっ・・・ver. 中古パチンコ実機,71600,售完,https://home-slot.net/SHOP/p-takao202.html
465,高尾 白魔女学園 オワリトハジマリ~赤き騎士団Ver.~,P,,ホームスロット,高尾 P白魔女学園 オワリトハジマリ～赤き騎士団Ver.～ 中古パチンコ実機,44000,售完,https://home-slot.net/SHOP/p-takao208.html
466,高尾 銭形平次3 DENKOUSEKKA 平次Ver.,P,,ホームスロット,高尾 P銭形平次3 DENKOUSEKKA 平次Ver. 枠色不問 中古パチンコ実機,52600,有貨,https://home-slot.net/SHOP/p-takao246.html
467,1. NET 日活興業 パルサーXX 青パネル 2ch対応,5号機,,A-SLOT,【1.5号機】NET(日活興業) パルサーXX （青パネル） 中古パチスロ実機 [2ch対応],78733,售完,https://www.a-slot.com/SHOP/net39.html
468,3号機 アークテクニコ クレイジーバブルス 2ch対応,,,A-SLOT,【3号機】アークテクニコ クレイジーバブルス 中古パチスロ実機 [2ch対応],69300,售完,https://www.a-slot.com/SHOP/arktechnico_crazybubbles_kasugai.html
469,3号機 コンチネンタル3 グリーンパネル 2ch対応,,メーシー,A-SLOT,【3号機】メーシー コンチネンタル3 グリーンパネル 中古パチスロ実機 [2ch対応][まるごと配送限定],99500,售完,https://www.a-slot.com/SHOP/macy_continental3_green_kasugai.html
470,CRAモンスターキャッスルTKS60Z2 甘デジ,,竹屋,ホームスロット,竹屋 CRAモンスターキャッスルTKS60Z2 甘デジ 中古パチンコ実機 [枠名：NS] [4ch対応],57926,售完,https://home-slot.net/SHOP/p-takeya7.html
471,CRA加山雄三~海とエレキと若大将~SAM 甘デジ,,SANYO,ホームスロット,SANYO CRA加山雄三～海とエレキと若大将～SAM （甘デジ） 中古パチンコ実機,41935,售完,https://home-slot.net/SHOP/p-sanyo9.html
472,CRちょいパチアクエリオンEVOL 39ver.,,SANKYO,ホームスロット,SANKYO CRちょいパチアクエリオンEVOL 39ver. 枠色不問 中古パチンコ実機,92400,售完,https://home-slot.net/SHOP/p-sankyo127.html
474,CRシュタインズ ゲート 未来ガジェット319号機,,ニューギン,ホームスロット,ニューギン CRシュタインズ・ゲート 未来ガジェット319号機 中古パチンコ実機 [枠名：ReLf] [4ch対応],86000,售完,https://home-slot.net/SHOP/p-newgin200.html
475,CRフィーバーアクエリオンEVOL Type245,,SANKYO,ホームスロット,SANKYO CRフィーバーアクエリオンEVOL Type245 中古パチンコ実機,52600,售完,https://home-slot.net/SHOP/p-sankyo117.html
476,CRフィーバーアクエリオンEVOL Type319,,SANKYO,ホームスロット,SANKYO CRフィーバーアクエリオンEVOL Type319 中古パチンコ実機,86000,售完,https://home-slot.net/SHOP/p-sankyo118.html
478,CRヤッターマン 天才ドロンボー只今参上!H9AZ1,,平和,ホームスロット,平和 CRヤッターマン 天才ドロンボー只今参上!H9AZ1 中古パチンコ実機 [枠名：ルピナスハート] [4ch対応],399400,售完,https://home-slot.net/SHOP/p-heiwa77.html
479,CR不二子~Lupin The End~199ver.,,平和,ホームスロット,平和 CR不二子～Lupin The End～199ver. 中古パチンコ実機,71600,售完,https://home-slot.net/SHOP/p-sanyo207.html
480,CR不二子~Lupin The End~99.9ver.,,平和,ホームスロット,平和 CR不二子～Lupin The End～99.9ver. 中古パチンコ実機,71600,售完,https://home-slot.net/SHOP/p-heiwa201.html
481,CR中森明菜 歌姫伝説 ~情熱Edition~ MAX,,大一,ホームスロット,大一 CR中森明菜 歌姫伝説 ～情熱Edition～ MAX 中古パチンコ実機,86000,售完,https://home-slot.net/SHOP/p-daiichi62.html
482,CR吉宗3 越後屋らんどOPENの巻99ver.,,大都技研,ホームスロット,大都技研 CR吉宗3 越後屋らんどOPENの巻99ver. 中古パチンコ実機,89800,售完,https://home-slot.net/SHOP/p-daito16.html
484,CR氷川きよし~きよしの前に座りましょう~ NM F,,大一,ホームスロット,大一 CR氷川きよし～きよしの前に座りましょう～ NM-F 中古パチンコ実機,111100,售完,https://home-slot.net/SHOP/p-daiichi24.html
485,CR男はつらいよ~寅次郎人情篇~MTC 2ch対応,,SANYO,ホームスロット,SANYO CR男はつらいよ～寅次郎人情篇～MTC 中古パチンコ実機 [枠名：ペガサスウィング] [2ch対応],52600,售完,https://home-slot.net/SHOP/p-sanyo36.html
486,CR麻雀物語~麗しのテンパイ乙女~M9AZ 白金枠,,平和,ホームスロット,平和 CR麻雀物語～麗しのテンパイ乙女～M9AZ 白金枠 中古パチンコ実機 [枠名：ルピナスハート] [4ch対応],86000,售完,https://home-slot.net/SHOP/p-heiwa84.html
489,EXCITE CR APPLESEED M4 VE1,,,ホームスロット,EXCITE CR APPLESEED M4-VE1 中古パチンコ実機 [枠名：ルシファー] [4ch対応],65300,售完,https://home-slot.net/SHOP/p-excite14.html
490,EXCITE CR APPLESEED MR4 VE,,,ホームスロット,EXCITE CR APPLESEED MR4-VE 中古パチンコ実機 [枠名：ルシファー] [4ch対応],71600,售完,https://home-slot.net/SHOP/p-excite13.html
491,FAIRY TAIL フェアリーテイル エルザパネル,,藤商事,A-SLOT,藤商事 パチスロ FAIRY TAIL フェアリーテイル [エルザパネル] 中古パチスロ実機 [4ch対応],103500,售完,https://www.a-slot.com/SHOP/fuji24.html
492,FAIRY TAIL フェアリーテイル ルーシィパネル,,藤商事,A-SLOT,藤商事 パチスロ FAIRY TAIL フェアリーテイル [ルーシィパネル] 中古パチスロ実機 [4ch対応],98500,售完,https://www.a-slot.com/SHOP/fuji23.html
493,KPE G1優駿倶楽部 アルティメットまこパネル,,,A-SLOT,KPE G1優駿倶楽部 [アルティメットまこパネル] 中古パチスロ実機 [8ch対応],65100,售完,https://www.a-slot.com/SHOP/s-kpe206.html
495,PA大海物語5 Withアグネス ラム 2ch対応,,SANYO,ホームスロット,SANYO PA大海物語5 Withアグネス・ラム 中古パチンコ実機 [枠名：クリスタルシェル] [2ch対応],183700,售完,https://home-slot.net/SHOP/p-sanyo245.html
496,P Re ゼロから始める異世界生活 鬼がかりver.,,大都技研,ホームスロット,大都技研 P Re：ゼロから始める異世界生活 鬼がかりver. 枠色不問 中古パチンコ実機,62600,有貨,https://home-slot.net/SHOP/p-daito207.html
500,SanThree CRAヤッターマン99バージョン,,,ホームスロット,SanThree CRAヤッターマン99バージョン 中古パチンコ実機,92400,售完,https://home-slot.net/SHOP/p-santhree25.html
501,SanThree CRA風魔の小次郎77ver.,,,ホームスロット,SanThree CRA風魔の小次郎77ver. 中古パチンコ実機,92400,售完,https://home-slot.net/SHOP/p-santhree23.html
502,SanThree CR戦国無双 くのいちバージョン,,,ホームスロット,SanThree CR戦国無双 くのいちバージョン 枠色不問 中古パチンコ実機,86000,售完,https://home-slot.net/SHOP/p-santhree19.html
503,SanThree ドラム花火の源さん 2ch対応,P,,ホームスロット,SanThree Pドラム花火の源さん 枠色不問 中古パチンコ実機 [枠名：クロスブレイド] [2ch対応],62800,有貨,https://home-slot.net/SHOP/p-santhree220.html
504,SHAKEIII SIDE A シェイク3サイドA,,大都技研,A-SLOT,大都技研 SHAKEIII SIDE-A [シェイク3サイドA] 中古パチスロ実機 [8ch対応],82300,售完,https://www.a-slot.com/SHOP/daitogiken64.html
506,TRIVY 怪盗天使ツインエンジェル 怪盗パネル,,,ホームスロット,TRIVY 怪盗天使ツインエンジェル （怪盗パネル） 中古パチスロ実機,68500,售完,https://home-slot.net/SHOP/s-trivy2.html
507,ぱちんこCRリングにかけろ1‐黄金の日本Jr.編‐,,Sammy,ホームスロット,サミー ぱちんこCRリングにかけろ1‐黄金の日本Jr.編‐ 中古パチンコ実機 [枠名：聖（クロス）] [4ch対応],37963,售完,https://home-slot.net/SHOP/p-sammy38.html
509,アナターのオット!?はーです NO MORE DOGパネル,,ミズホ,A-SLOT,ミズホ アナターのオット！？はーです [NO MORE DOGパネル] 中古パチスロ実機,48100,售完,https://www.a-slot.com/SHOP/mizuho-macy206_dog.html
511,アピールプレート 設定4以上 Let's Enjoy 店 A,,,A-SLOT,中古アピールプレート【設定4以上 Let's Enjoy】 中古スロット販売店　A,72000,售完,https://www.a-slot.com/SHOP/plate_settei4_enjoy.html
512,アピールプレート 設定5以上 Let's Enjoy 店 A,,,A-SLOT,中古アピールプレート【設定5以上 Let's Enjoy】 中古スロット販売店　A,72000,售完,https://www.a-slot.com/SHOP/plate_settei5_enjoy.html
515,アムテックス 戦国乙女5 1 219~1 184ver.,P,,ホームスロット,アムテックス P戦国乙女5 1／219～1／184ver. 中古パチンコ実機 [枠名：アムテックス王者] [8ch対応],57600,售完,https://home-slot.net/SHOP/p-amutex206.html
516,エース電研 CRAベルサイユのばら 薔薇の運命ST,,,ホームスロット,エース電研 CRAベルサイユのばら 薔薇の運命ST 中古パチンコ実機 [枠名：フレイムフレーム] [4ch対応],38676,售完,https://home-slot.net/SHOP/p-ace33.html
517,エース電研 CRさくらももこ劇場 スーパー0くんFRZ,,,ホームスロット,エース電研 CRさくらももこ劇場 スーパー0くんFRZ 中古パチンコ実機 [枠名：フレイムフレーム] [4ch対応],52600,售完,https://home-slot.net/SHOP/p-ace43.html
518,エース電研 CRベルサイユのばら 薔薇の運命BLW,,,ホームスロット,エース電研 CRベルサイユのばら 薔薇の運命BLW 中古パチンコ実機 [枠名：フレイムフレーム] [4ch対応],71879,售完,https://home-slot.net/SHOP/p-ace32.html
519,エース電研 CRベルサイユのばら 薔薇の運命PRX,,,ホームスロット,エース電研 CRベルサイユのばら 薔薇の運命PRX 中古パチンコ実機 [枠名：フレイムフレーム] [4ch対応],52600,售完,https://home-slot.net/SHOP/p-ace39.html
522,サンセイ CR ANOTHER牙狼~炎の刻印~XX X,,,ホームスロット,サンセイ CR ANOTHER牙狼～炎の刻印～XX-X 中古パチンコ実機 [枠名：金狼] [4ch対応],86000,售完,https://home-slot.net/SHOP/p-SANSEI94.html
523,サンセイ CR GI DREAM ~三冠馬への道~K ZZ,,,ホームスロット,サンセイ CR GI DREAM ～三冠馬への道～K－ ZZ 中古パチンコ実機 [枠名：ガーネット] [4ch対応],127388,售完,https://home-slot.net/SHOP/p-SANSEI61.html
525,サンセイ P GOD EATER ブラッドの覚醒 MP,,,ホームスロット,サンセイ P GOD EATER-ブラッドの覚醒-MP 中古パチンコ実機 [枠名：ライジングサンセイ] [4ch対応],52600,售完,https://home-slot.net/SHOP/p-SANSEI207.html
526,スターオーシャン4 SWEET PREMIUM ver.,P,メーシー,ホームスロット,メーシー Pスターオーシャン4 SWEET PREMIUM ver. 中古パチンコ実機,57600,售完,https://home-slot.net/SHOP/p-macy203.html
527,スーパー海物語IN 沖縄5 桜ver.199 2ch対応,P,SANYO,ホームスロット,SANYO Pスーパー海物語IN 沖縄5 桜ver.199 中古パチンコ実機 [枠名：クリスタルシェル] [2ch対応],91000,售完,https://home-slot.net/SHOP/p-sanyo232.html
529,タイヨーエレック CRどっキュンリゾート ハワイへん,,,ホームスロット,タイヨーエレック ＣＲどっキュンリゾート ハワイへん 中古パチンコ実機,52600,售完,https://home-slot.net/SHOP/p-taiyo43.html
530,タイヨーエレック CRサムライチャンプルー2MTZ,,,ホームスロット,タイヨーエレック CRサムライチャンプルー2MTZ 中古パチンコ実機,167200,售完,https://home-slot.net/SHOP/p-taiyo25.html
531,タイヨーエレック CRサムライチャンプルー3LSX,,,ホームスロット,タイヨーエレック CRサムライチャンプルー3LSX 中古パチンコ実機,52600,售完,https://home-slot.net/SHOP/p-taiyo39.html
532,タイヨーエレック CRビッグドリーム~神撃99ver.,,,ホームスロット,タイヨーエレック CRビッグドリーム～神撃99ver. 中古パチンコ実機,168537,售完,https://home-slot.net/SHOP/p-taiyo56.html
534,タイヨーエレック CR龍が如く見参!天照祗園編 漢心,,,ホームスロット,タイヨーエレック CR龍が如く見参！天照祗園編 漢心 中古パチンコ実機,398112,售完,https://home-slot.net/SHOP/p-taiyo47.html
536,ダイナミックサンダーV ビッグサンダーver.パネル,,エレコ,ホームスロット,エレコ ダイナミックサンダーV ビッグサンダーver.パネル 中古パチスロ実機,28742,售完,https://home-slot.net/SHOP/s-eleco43.html
538,ハードボイルド~グリフォンの幻影~プレミアムパネル,,Sammy,ホームスロット,サミー パチスロハードボイルド～グリフォンの幻影～プレミアムパネル 中古パチスロ実機,119800,售完,https://home-slot.net/SHOP/s-sammy29.html
539,ビスティ CRエヴァンゲリヲン 2018年モデル,,,ホームスロット,ビスティ CRエヴァンゲリヲン 2018年モデル 中古パチンコ実機 [枠名：咆哮] [4ch対応],70300,售完,https://home-slot.net/SHOP/p-bisty61.html
540,ビスティ EVANGELION エヴァンゲリオン,,,ホームスロット,ビスティ EVANGELION （エヴァンゲリオン） 中古パチスロ実機,37700,有貨,https://home-slot.net/SHOP/s-sankyo68.html
541,ビスティ エヴァンゲリヲン13 エクストラモデル,,,ホームスロット,ビスティ エヴァンゲリヲン13 エクストラモデル 枠色不問 中古パチンコ実機,52600,有貨,https://home-slot.net/SHOP/p-bisty206.html
542,ビスティ エヴァンゲリヲン13 プレミアムモデル,,,ホームスロット,ビスティ エヴァンゲリヲン13 プレミアムモデル 中古パチンコ実機,65300,售完,https://home-slot.net/SHOP/p-bisty207.html
543,ビスティ エヴァンゲリヲン~生命の鼓動~ 2ch対応,,,A-SLOT,ビスティ エヴァンゲリヲン～生命の鼓動～ 中古パチスロ実機 [2ch対応],99800,有貨,https://www.a-slot.com/SHOP/sankyo52.html
544,ビスティ 宇宙戦艦ヤマト2202 ONLY ONE,P,,ホームスロット,ビスティ P宇宙戦艦ヤマト2202-ONLY ONE- 中古パチンコ実機 [枠名：NEO STELLA] [4ch対応],52600,售完,https://home-slot.net/SHOP/p-bisty223.html
545,ファイナルサマーセール スーパーリオエース No.62774,,山佐,A-SLOT,【ファイナルサマーセール】山佐 スーパーリオエース 中古パチスロ実機 [4ch対応]No.62774,52700,有貨,https://www.a-slot.com/SHOP/s-yamasa227_z.html
546,ファイナルサマーセール スーパーリノXX No.27395,,山佐,A-SLOT,【ファイナルサマーセール】山佐 スーパーリノXX 中古パチスロ実機 [4ch対応] No.27395,45100,有貨,https://www.a-slot.com/SHOP/yamasa203_z.html
547,ファイナルサマーセール 牙狼 守りし者 No.63181,,Sammy,A-SLOT,【ファイナルサマーセール】サミー パチスロ牙狼－守りし者－ 中古パチスロ実機 [4ch対応] No.63181,45100,有貨,https://www.a-slot.com/SHOP/sammy128_z.html
548,ファイナルサマーセール 黄門ちゃまV No.59597,,オリンピア,A-SLOT,【ファイナルサマーセール】オリンピア パチスロ黄門ちゃまV 中古パチスロ実機 [8ch対応] No.59597,45100,有貨,https://www.a-slot.com/SHOP/heiwa200_z.html
549,フィーバーマクロスフロンティア3 Light ver.,P,SANKYO,ホームスロット,SANKYO Pフィーバーマクロスフロンティア3 Light ver. 枠色不問 中古パチンコ実機,52600,有貨,https://home-slot.net/SHOP/p-sankyo224.html
550,マジックモンスター3 ぶっちぎり!魔界グランプリ 1,,オリンピア,A-SLOT,オリンピア マジックモンスター3 ぶっちぎり！魔界グランプリ 1枠色不問 中古パチスロ実機 [4ch対応],56500,有貨,https://www.a-slot.com/SHOP/heiwa106.html
554,マルホン ~廻るヘソワイド~ ホワイトシャカRUSH,P,,ホームスロット,マルホン ～廻るヘソワイド～ PホワイトシャカRUSH 中古パチンコ実機 [枠名：R5-MODEL],288800,有貨,https://home-slot.net/SHOP/p-maruhon224.html
555,北斗の拳2 ネクストゾーン将 初期パネル 2ch対応,,Sammy,A-SLOT,サミー パチスロ 北斗の拳2 ネクストゾーン将 初期パネル 中古パチスロ実機 [2ch対応],67900,售完,https://www.a-slot.com/SHOP/sammy27.html
556,固定 ラウンドキャスター付き 安定 移動ラクラク 店 A,,,A-SLOT,スロット固定台ラウンドキャスター付き【安定】【移動ラクラク】 中古スロット販売店　A,64800,有貨,https://www.a-slot.com/SHOP/slot_round_caster.html
558,祭の達人~ウィンちゃんの夏祭り~ キャラ集合Ver.,4号機,山佐,A-SLOT,【4号機】 山佐 祭の達人～ウィンちゃんの夏祭り～ キャラ集合Ver. 中古パチスロ実機 [4ch対応],51169,售完,https://www.a-slot.com/SHOP/yamasa38.html
561,西陣 CR交響詩篇エウレカセブンspec2 ZC,,,ホームスロット,西陣 CR交響詩篇エウレカセブンspec2 ZC 枠色不問 中古パチンコ実機,186300,售完,https://home-slot.net/SHOP/p-nishijinn40.html
562,西陣 CR春夏秋冬 with さくらももこ劇場GL,,,ホームスロット,西陣 CR春夏秋冬 with さくらももこ劇場GL 中古パチンコ実機,152300,售完,https://home-slot.net/SHOP/p-nishijinn131.html
563,豊丸 CRA SUPER電役ドラゴン伝説77VN,,,ホームスロット,豊丸 CRA SUPER電役ドラゴン伝説77VN 枠色不問 中古パチンコ実機,52600,售完,https://home-slot.net/SHOP/p-toyomaru75.html
564,豊丸 CRAセクシーフォールセカンドシーズン99VM,,,ホームスロット,豊丸 CRAセクシーフォールセカンドシーズン99VM 中古パチンコ実機,86000,售完,https://home-slot.net/SHOP/p-toyomaru66.html
565,豊丸 CRAピカイチ@インターナショナル49VV新,,,ホームスロット,豊丸 CRAピカイチ＠インターナショナル49VV新 中古パチンコ実機,52600,售完,https://home-slot.net/SHOP/p-toyomaru45.html
566,豊丸 ちょいパチSUPER電役ドラゴン伝説39,,,ホームスロット,豊丸 ちょいパチSUPER電役ドラゴン伝説39 中古パチンコ実機,286400,售完,https://home-slot.net/SHOP/p-toyomaru801.html
567,銀座 デジハネPA火曜サスペンス劇場 最後の推理,,,ホームスロット,銀座 デジハネPA火曜サスペンス劇場 最後の推理 中古パチンコ実機 [枠名：真焔 火サス３ＧＳＡ] [4ch対応],57600,售完,https://home-slot.net/SHOP/p-ginza209.html
568,高尾 CRオートレース~スピードスター★森 且行!~189Ver.,,,ホームスロット,高尾 パチンコCRオートレース～スピードスター★森 且行！～189Ver. 中古パチンコ実機,65300,售完,https://home-slot.net/SHOP/p-takao111.html
569,高尾 CR弾球黙示録カイジ 運否天賦 HDR 甘デジ,,,ホームスロット,高尾 CR弾球黙示録カイジ 運否天賦 HDR （甘デジ） 中古パチンコ実機,41682,售完,https://home-slot.net/SHOP/p-takao13.html
570,高尾 P ROKUROKU 2400ちょい恐Ver.,,,ホームスロット,高尾 P ROKUROKU 2400ちょい恐Ver. 枠色不問 中古パチンコ実機,65300,售完,https://home-slot.net/SHOP/p-takao224.html
571,高尾 あっぱれ!夏物語 ドカン!!と一発7000Ver.,P,,ホームスロット,高尾 Pあっぱれ!夏物語 ドカン!!と一発7000Ver. 枠色不問 中古パチンコ実機,52600,售完,https://home-slot.net/SHOP/p-takao245.html
572,高尾 リアル鬼ごっこ2 全力疾走チャージ王様Ver.,P,,ホームスロット,高尾 Pリアル鬼ごっこ2 全力疾走チャージ王様Ver．枠色不問 中古パチンコ実機,52600,售完,https://home-slot.net/SHOP/p-takao244.html
573,A gon エイゴン CRA gon天空の王求物語,,,ホームスロット,A-gon エイゴン ＣＲＡ－ｇｏｎ天空の王求物語 中古パチンコ実機 [枠名：A-ｇon EVOL] [4ch対応],52600,售完,https://home-slot.net/SHOP/p-Agon3.html
574,CRAフィーバー覇王伝 零 その甘さが命取り 甘デジ,,SANKYO,ホームスロット,SANKYO CRAフィーバー覇王伝 零 その甘さが命取り 甘デジ 中古パチンコ実機,40204,售完,https://home-slot.net/SHOP/p-sankyo70.html
575,CRA大海物語3withアグネス ラムSAP,,SANYO,ホームスロット,SANYO CRA大海物語3withアグネス・ラムSAP 中古パチンコ実機 [枠名：イルミオ] [4ch対応],86000,售完,https://home-slot.net/SHOP/p-sanyo92.html
576,CRA天才バカモン~V!V!バカボット!~99ver.,,大一,ホームスロット,大一 CRA天才バカモン~V!V!バカボット!~99ver. 中古パチンコ実機,67800,售完,https://home-slot.net/SHOP/p-daiichi93.html
577,CR T.M.Revolution MAXスペック,,大一,ホームスロット,大一 CR T.M.Revolution MAXスペック 中古パチンコ実機,179900,售完,https://home-slot.net/SHOP/p-daiichi67.html
578,CR TVアニメーション 弱虫ペダル221ver.,,平和,ホームスロット,平和 CR TVアニメーション 弱虫ペダル２２１ver. 中古パチンコ実機,65300,售完,https://home-slot.net/SHOP/p-heiwa155.html
579,CRちょい得ピンク レディー2011 SWEET,,大一,ホームスロット,大一 CRちょい得ピンク・レディー2011 SWEET 中古パチンコ実機,59963,售完,https://home-slot.net/SHOP/p-daiichi40.html
580,CRぱちんこ仮面ライダーMAX edition,,京楽,ホームスロット,京楽 CRぱちんこ仮面ライダーMAX edition 枠色不問 中古パチンコ実機 [枠名：新スタジアム] [4ch対応],186300,售完,https://home-slot.net/SHOP/p-kyoraku19.html
581,CRびっくりぱちんこ銭形平次withチームZ,,京楽,ホームスロット,京楽 CRびっくりぱちんこ銭形平次withチームZ 枠色不問 中古パチンコ実機 [枠名：新スタジアム] [4ch対応],75400,售完,https://home-slot.net/SHOP/p-kyoraku43.html
582,CRスーパーマンリターンズ?正義のヒーロー? 分割配送不可,,大一,ホームスロット,大一 CRスーパーマンリターンズ?正義のヒーロー? 中古パチンコ実機 [分割配送不可],261100,售完,https://home-slot.net/SHOP/p-daiichi50.html
583,CRスーパー海物語IN JAPAN 319バージョン,,SANYO,ホームスロット,SANYO CRスーパー海物語IN JAPAN 319バージョン 中古パチンコ実機 [枠名：イルミオ] [4ch対応],86000,售完,https://home-slot.net/SHOP/p-sanyo105.html
588,CRフィーバータイガーマスク 虎よ闘え!カウント80,,SANKYO,ホームスロット,SANKYO CRフィーバータイガーマスク 虎よ闘え!カウント80 枠色不問 中古パチンコ実機,41935,售完,https://home-slot.net/SHOP/p-sankyo39.html
589,CRモンキー パンチ~漫画活動大写真~129ver.,,大一,ホームスロット,大一 CRモンキー・パンチ～漫画活動大写真～129ver. 中古パチンコ実機,52600,售完,https://home-slot.net/SHOP/p-daiichi85.html
590,CRモンキー パンチ~漫画活動大写真~199ver.,,大一,ホームスロット,大一 CRモンキー・パンチ～漫画活動大写真～199ver. 中古パチンコ実機,52600,售完,https://home-slot.net/SHOP/p-daiichi83.html
591,CRモンキー パンチ~漫画活動大写真~399ver.,,大一,ホームスロット,大一 CRモンキー・パンチ～漫画活動大写真～399ver. 中古パチンコ実機,92400,售完,https://home-slot.net/SHOP/p-daiichi82.html
592,CR南国育ちinHAWAII 99.9バージョン,,平和,ホームスロット,平和 CR南国育ちinHAWAII 99.9バージョン 中古パチンコ実機 [枠名：ルピナスハート] [4ch対応],111100,售完,https://home-slot.net/SHOP/p-heiwa95.html
593,CR天才バカボン~V!V!バカボット!~199ver.,,大一,ホームスロット,大一 CR天才バカボン～V！V！バカボット！～199ver. 中古パチンコ実機,92400,售完,https://home-slot.net/SHOP/p-daiichi89.html
594,CR天才バカボン~V!V!バカボット!~219ver.,,大一,ホームスロット,大一 CR天才バカボン～V！V！バカボット！～219ver. 中古パチンコ実機,55200,售完,https://home-slot.net/SHOP/p-daiichi88.html
595,CR天才バカボン~V!V!バカボット!~319ver.,,大一,ホームスロット,大一 CR天才バカボン～V！V！バカボット！～319ver. 中古パチンコ実機,59000,售完,https://home-slot.net/SHOP/p-daiichi90.html
596,CR石川さゆりNL S~あなたのために歌います~,,大一,ホームスロット,大一 CR石川さゆりNL－S～あなたのために歌います～ 中古パチンコ実機,59000,售完,https://home-slot.net/SHOP/p-daiichi4.html
597,CR聖闘士星矢99バージョン 甘デジ 2ch対応,,SANYO,ホームスロット,SANYO CR聖闘士星矢99バージョン 枠色不問 甘デジ 中古パチンコ実機 [枠名：ペガサスウィング] [2ch対応],55200,售完,https://home-slot.net/SHOP/p-sanyo48.html
598,CR麻雀物語~麗しのテンパイ乙女~9AW 甘デジ,,平和,ホームスロット,平和 CR麻雀物語～麗しのテンパイ乙女～9AW 甘デジ 中古パチンコ実機 [枠名：ルピナスハート] [4ch対応],92400,售完,https://home-slot.net/SHOP/p-heiwa85.html
600,FAIRY TAIL フェアリーテイル パネル不問,,藤商事,A-SLOT,藤商事 パチスロ FAIRY TAIL フェアリーテイル [パネル不問] 中古パチスロ実機 [4ch対応],98500,售完,https://www.a-slot.com/SHOP/fuji22_zzz.html
602,NET RIO2 リオ2 クルージング ヴァナディース,,,A-SLOT,【お取り寄せ商品】NET RIO2（リオ2） クルージング・ヴァナディース 中古パチスロ実機 [4ch対応],78500,有貨,https://www.a-slot.com/SHOP/net9.html
603,PAフィーバートータル イクリプスLIGHTver.,,SANKYO,ホームスロット,SANKYO PAフィーバートータル・イクリプスLIGHTver. 枠色不問 中古パチンコ実機,52600,售完,https://home-slot.net/SHOP/p-sankyo235.html
604,SanThree CRおそ松くん99バージョン,,,ホームスロット,SanThree CRおそ松くん99バージョン 中古パチンコ実機,52600,售完,https://home-slot.net/SHOP/p-santhree11.html
605,SanThree CRドラム海物語BLACK,,,ホームスロット,SanThree CRドラム海物語BLACK 枠色不問 中古パチンコ実機,52600,售完,https://home-slot.net/SHOP/p-santhree33.html
607,SanThree CRヤッターマンMAX ver.,,,ホームスロット,SanThree CRヤッターマンMAX ver. 枠色不問 中古パチンコ実機,75400,售完,https://home-slot.net/SHOP/p-santhree21.html
609,SanThree CR戦国無双 マックスタイプ,,,ホームスロット,SanThree CR戦国無双 マックスタイプ 枠色不問 中古パチンコ実機,152300,售完,https://home-slot.net/SHOP/p-santhree16.html
610,SanThree CR真 三國無双 猛将伝YLA,,,ホームスロット,SanThree CR真・三國無双 猛将伝YLA 中古パチンコ実機,59000,售完,https://home-slot.net/SHOP/p-santhree12.html
611,SanThree CR装甲騎兵ボトムズXLA,,,ホームスロット,SanThree CR装甲騎兵ボトムズXLA 中古パチンコ実機,186300,售完,https://home-slot.net/SHOP/p-santhree14.html
616,ぱちんこCRキャプテンハーロック199ver.,,Sammy,ホームスロット,サミー ぱちんこCRキャプテンハーロック199ver. 中古パチンコ実機 [枠名：転生] [4ch対応],59000,售完,https://home-slot.net/SHOP/p-sammy83.html
617,ぱちんこCRキャプテンハーロック259ver.,,Sammy,ホームスロット,サミー ぱちんこCRキャプテンハーロック259ver. 中古パチンコ実機 [枠名：転生] [4ch対応],111100,售完,https://home-slot.net/SHOP/p-sammy82.html
619,ぱちんこCR北斗の拳剛掌 HVA 黒王バージョン,,Sammy,ホームスロット,サミー ぱちんこCR北斗の拳剛掌 HVA 黒王バージョン 中古パチンコ実機 [枠名：聖（クロス）] [4ch対応],261100,售完,https://home-slot.net/SHOP/p-sammy22.html
620,アイムジャグラーSP ホワイトパネル 2ch対応,,北電子,A-SLOT,北電子 アイムジャグラーSP ホワイトパネル 中古パチスロ実機 [2ch対応],78500,售完,https://www.a-slot.com/SHOP/kitadensi43.html
622,アビリット CRデンジャラッシュ7 BLACK,,,ホームスロット,アビリット CRデンジャラッシュ7 BLACK 中古パチンコ実機 [枠名：ハイパーフラッシュ],49015,售完,https://home-slot.net/SHOP/p-abilit3.html
623,アミューズメント 戦国コレクション4 復刻パネル,,KONAMI,A-SLOT,コナミアミューズメント 戦国コレクション4 復刻パネル 中古パチスロ実機 [4ch対応],67100,售完,https://www.a-slot.com/SHOP/konami206_Reproduction.html
624,アミューズメント 麻雀格闘倶楽部参 ピンクパネル,,KONAMI,A-SLOT,コナミアミューズメント 麻雀格闘倶楽部参 ピンクパネル 中古パチスロ実機 [4ch対応],50100,售完,https://www.a-slot.com/SHOP/konami202_pink.html
625,アムテックス CRAトキオデラックス セル不問,,,ホームスロット,アムテックス CRAトキオデラックス セル不問 中古パチンコ実機 [枠名：ルピナスX] [4ch対応],107300,售完,https://home-slot.net/SHOP/p-amutex3.html
627,アリストクラート ストリートファイター2 2ch対応,4号機,,A-SLOT,【4号機】アリストクラート ストリートファイター2 中古パチスロ実機 [2ch対応],85000,售完,https://www.a-slot.com/SHOP/aristocrat27.html
628,アリストクラート 巨人の星2 青パネル 2ch対応,4号機,,A-SLOT,【4号機】アリストクラート 巨人の星2 青パネル 中古パチスロ実機 [2ch対応],65000,售完,https://www.a-slot.com/SHOP/aristocrat_kyojinnohosi2_ao.html
629,エース電研 CRA上へまいりま~す3 SR4 甘デジ,,,ホームスロット,エース電研 CRA上へまいりま～す3 SR4（甘デジ） 中古パチンコ実機 [枠名：AX] [4ch対応],41935,售完,https://home-slot.net/SHOP/p-ace16.html
630,エース電研 CRA天空のエスカフローネDH 甘デジ,,,ホームスロット,エース電研 CRA天空のエスカフローネDH【甘デジ】 中古パチンコ実機 [枠名：AX] [4ch対応],116000,售完,https://home-slot.net/SHOP/p-ace27.html
631,エース電研 CRさくらももこ劇場 スーパー0くんST,,,ホームスロット,エース電研 CRさくらももこ劇場 スーパー0くんST 中古パチンコ実機 [枠名：フレイムフレーム] [4ch対応],89800,售完,https://home-slot.net/SHOP/p-ace44.html
638,グレートキングハナハナ 30 ミッドナイトパネル,,パイオニア,A-SLOT,パイオニア グレートキングハナハナ-30 ミッドナイトパネル 中古パチスロ実機 [4ch対応],114800,售完,https://www.a-slot.com/SHOP/pioneer43_midnight.html
639,サンセイ CRA牙狼魔戒ノ花媚空99バージョン,,,ホームスロット,サンセイ CRA牙狼魔戒ノ花媚空99バージョン 中古パチンコ実機 [枠名：金狼] [4ch対応],92400,售完,https://home-slot.net/SHOP/p-SANSEI96.html
640,サンセイ CR戦国双天絵巻~華恋姫伝~PW 甘デジ,,,ホームスロット,サンセイ CR戦国双天絵巻～華恋姫伝～PW 【甘デジ】 中古パチンコ実機 [枠名：D-CYCLONE] [4ch対応],92400,售完,https://home-slot.net/SHOP/p-SANSEI9.html
641,サンセイ ゴッドイーター199ゴッドトリガーVER.,P,,ホームスロット,サンセイ Pゴッドイーター199ゴッドトリガーVER. 中古パチンコ実機 [枠名：V-LIGHT] [4ch対応],75300,有貨,https://home-slot.net/SHOP/p-sansei262.html
642,ジェイビー CRフィーバーパワフル2018ZERO,,,ホームスロット,ジェイビー CRフィーバーパワフル2018ZERO 中古パチンコ実機,52600,售完,https://home-slot.net/SHOP/p-jb27.html
643,タイヨーエレック CRAひかる源氏ATX 甘デジ,,,ホームスロット,タイヨーエレック CRAひかる源氏ATX（甘デジ） 中古パチンコ実機,39287,售完,https://home-slot.net/SHOP/p-taiyo17.html
644,タイヨーエレック CRカメレオン ひかるバージョン,,,ホームスロット,タイヨーエレック CRカメレオン ひかるバージョン 中古パチンコ実機,75400,售完,https://home-slot.net/SHOP/p-taiyo30.html
646,タイヨーエレック CR機動新撰組萌えよ剣 STX,,,ホームスロット,タイヨーエレック CR機動新撰組萌えよ剣 STX 中古パチンコ実機,122300,售完,https://home-slot.net/SHOP/p-taiy12.html
647,タイヨーエレック CR火曜サスペンス劇場MTZ,,,ホームスロット,タイヨーエレック CR火曜サスペンス劇場MTZ 枠色不問 中古パチンコ実機,101000,售完,https://home-slot.net/SHOP/p-taiyo34.html
648,タイヨーエレック CR秘密戦隊ゴレンジャーL2X,,,ホームスロット,タイヨーエレック CR秘密戦隊ゴレンジャーL2X 中古パチンコ実機,71600,售完,https://home-slot.net/SHOP/p-taiyo38.html
649,タイヨーエレック デジハネCRA逃亡者おりん3,,,ホームスロット,タイヨーエレック デジハネCRA逃亡者おりん3 中古パチンコ実機,59000,售完,https://home-slot.net/SHOP/p-taiyo61.html
652,ビスティ CRどらむ☆エヴァンゲリヲンPINK,,,ホームスロット,ビスティ CRどらむ☆エヴァンゲリヲンPINK 中古パチンコ実機 [枠名：咆哮] [4ch対応],57600,售完,https://home-slot.net/SHOP/p-bisty200.html
653,ビスティ CRエヴァンゲリヲン9 180ver.,,,ホームスロット,ビスティ CRエヴァンゲリヲン9 180ver. 中古パチンコ実機,111100,售完,https://home-slot.net/SHOP/p-bisty58.html
654,ビスティ CR機動戦艦ナデシコ お気楽バージョン,,,ホームスロット,ビスティ CR機動戦艦ナデシコ お気楽バージョン 中古パチンコ実機,59000,售完,https://home-slot.net/SHOP/p-bisty54.html
656,ビスティ ゴジラ対エヴァンゲリオン ~G細胞覚醒~,P,,ホームスロット,ビスティ Pゴジラ対エヴァンゲリオン ～G細胞覚醒～ 中古パチンコ実機 [枠名：G-IMPACT] [4ch対応],57600,有貨,https://home-slot.net/SHOP/p-bisty225.html
657,ビスティ モードぱちんこ エヴァンゲリヲン~超覚醒~,,,ホームスロット,ビスティ モードぱちんこ エヴァンゲリヲン～超覚醒～ 枠色不問 中古パチンコ実機,65300,售完,https://home-slot.net/SHOP/p-bisty203.html
658,ビスティ 宇宙戦艦ヤマト2202 愛の戦士たち,P,,ホームスロット,ビスティ P宇宙戦艦ヤマト2202 愛の戦士たち 中古パチンコ実機 [枠名：NEO STELLA] [4ch対応],65300,售完,https://home-slot.net/SHOP/p-bisty219.html
659,ビスティ 新世紀エヴァンゲリオン アスカVer,,,ホームスロット,ビスティ 新世紀エヴァンゲリオン （アスカVer） 中古パチスロ実機,54100,售完,https://home-slot.net/SHOP/s-sankyo4.html
660,ビスティ 新世紀エヴァンゲリオン シンジVer.,,,ホームスロット,ビスティ 新世紀エヴァンゲリオン （シンジVer.） 中古パチスロ実機,54100,售完,https://home-slot.net/SHOP/s-sankyo9.html
661,ビスティ 新世紀エヴァンゲリオン~未来への咆哮~,,,ホームスロット,ビスティ 新世紀エヴァンゲリオン～未来への咆哮～ 中古パチンコ実機 [枠名：BIG IMPACT] [4ch対応],80300,有貨,https://home-slot.net/SHOP/p-bisty221.html
662,ファイナルサマーセール ゆるせぽね No.65095,,ミズホ,A-SLOT,【ファイナルサマーセール】ミズホ ゆるせぽね 中古パチスロ実機 No.65095,57800,有貨,https://www.a-slot.com/SHOP/mizuho-macy68_z.html
663,ファイナルサマーセール アラジンA No.63175,4号機,Sammy,A-SLOT,【ファイナルサマーセール】【4号機】サミー アラジンA 中古パチスロ実機 [4ch対応]No.63175,135000,有貨,https://www.a-slot.com/SHOP/sammy74_z.html
664,ファイナルサマーセール ゴルゴ13 No.37756,,SANKYO,A-SLOT,【ファイナルサマーセール】SANKYO パチスロ ゴルゴ13 中古パチスロ実機 [4ch対応] No.37756,51500,有貨,https://www.a-slot.com/SHOP/sankyo97_z.html
665,ファイナルサマーセール ベルセルク No.65312,,七匠,A-SLOT,【ファイナルサマーセール】七匠 パチスロ ベルセルク 中古パチスロ実機 [4ch対応]No.65312,84900,有貨,https://www.a-slot.com/SHOP/nanashow1_z.html
666,ファイナルサマーセール 押忍!番長A No.61204,,大都技研,A-SLOT,【ファイナルサマーセール】大都技研 押忍！番長A 中古パチスロ実機 [8ch対応]No.61204,84900,有貨,https://www.a-slot.com/SHOP/daitogiken68_z.html
667,ファイナルサマーセール 時空大作戦 No.36295,,岡崎産業,A-SLOT,【ファイナルサマーセール】岡崎産業 時空大作戦 中古パチスロ実機 [4ch対応]No.36295,75000,有貨,https://www.a-slot.com/SHOP/okazaki17_z.html
668,ファイナルサマーセール 絶対衝激3 No.63837,,スパイキー,A-SLOT,【ファイナルサマーセール】スパイキー 絶対衝激3 中古パチスロ実機 No.63837,61600,有貨,https://www.a-slot.com/SHOP/spyki_206_z.html
669,ファイナルサマーセール 銀座 ガメラ No.37494,,,A-SLOT,【ファイナルサマーセール】銀座 パチスロガメラ 中古パチスロ実機 No.37494,51500,有貨,https://www.a-slot.com/SHOP/ginza207_z.html
670,ファイナルサマーセール 麻雀物語4 No.39193,,オリンピア,A-SLOT,【ファイナルサマーセール】オリンピア パチスロ麻雀物語4 中古パチスロ実機 [8ch対応]No.39193,45100,有貨,https://www.a-slot.com/SHOP/heiwa216_z.html
671,フィーバー革命機ヴァルヴレイヴ Light ver.,P,SANKYO,ホームスロット,SANKYO Pフィーバー革命機ヴァルヴレイヴ Light ver. 枠色不問 中古パチンコ実機,65300,售完,https://home-slot.net/SHOP/p-sankyo216.html
673,マジックモンスター3 ぶっちぎり!魔界グランプリ,,オリンピア,ホームスロット,オリンピア マジックモンスター3 ぶっちぎり！魔界グランプリ 中古パチスロ実機,46500,售完,https://home-slot.net/SHOP/s-heiwa106.html
674,マルホン CR坂本冬美 いい女になりたくて LM,,,ホームスロット,マルホン CR坂本冬美 -いい女になりたくて- LM 中古パチンコ実機,52600,售完,https://home-slot.net/SHOP/p-maruhon41.html
675,マルホン CR銀河鉄道物語~永遠への分岐点~MX,,,ホームスロット,マルホン CR銀河鉄道物語～永遠への分岐点～MX 中古パチンコ実機,51916,售完,https://home-slot.net/SHOP/p-maruhon37.html
676,マルホン ファンキードクター 悪魔 12000ver.,P,,ホームスロット,マルホン Pファンキードクター 悪魔 12000ver. 中古パチンコ実機 [枠名：R5-MODEL],103700,售完,https://home-slot.net/SHOP/p-maruhon219.html
678,奥村 ぱちんこ CRバジリスク 争忍61type,,,ホームスロット,奥村 ぱちんこ CRバジリスク 争忍61type 枠色不問 中古パチンコ実機 [枠名：星波] [4ch対応],76362,售完,https://home-slot.net/SHOP/p-okumura51.html
679,奥村 ぱちんこ CRバジリスク 疾走79type,,,ホームスロット,奥村 ぱちんこ CRバジリスク 疾走79type 枠色不問 中古パチンコ実機 [枠名：星波] [4ch対応],89800,售完,https://home-slot.net/SHOP/p-okumura52.html
682,西陣 CRモモキュンソード3 FA 1 319ver.,,,ホームスロット,西陣 CRモモキュンソード3 FA(1/319ver.) 中古パチンコ実機,52600,售完,https://home-slot.net/SHOP/p-nishijinn93.html
683,西陣 CRモモキュンソード3 MA 1 199ver.,,,ホームスロット,西陣 CRモモキュンソード3 MA(1/199ver.) 中古パチンコ実機,64000,售完,https://home-slot.net/SHOP/p-nishijinn92.html
684,西陣 CRモモキュンソード~星と黄金の太刀~MAX,,,ホームスロット,西陣 ＣＲモモキュンソード～星と黄金の太刀～MAX 中古パチンコ実機,52600,售完,https://home-slot.net/SHOP/p-nishijinn55.html
685,豊丸 CR GOD AND DEATH 399MAX,,,ホームスロット,豊丸 ＣＲ ＧＯＤ ＡＮＤ ＤＥＡＴＨ ３９９ＭＡＸ 中古パチンコ実機,311000,售完,https://home-slot.net/SHOP/p-toyomaru47.html
686,豊丸 CRセクシーフォールセカンドシーズン199L,,,ホームスロット,豊丸 CRセクシーフォールセカンドシーズン199L 中古パチンコ実機,52600,售完,https://home-slot.net/SHOP/p-toyomaru67.html
687,豊丸 CRセクシーフォールセカンドシーズン319F,,,ホームスロット,豊丸 CRセクシーフォールセカンドシーズン319F 枠色不問 中古パチンコ実機,52600,售完,https://home-slot.net/SHOP/p-toyomaru68.html
688,豊丸 P ANOTHER WILD ~スギちゃんっス~,,ロデオ,ホームスロット,豊丸 P ANOTHER WILD RODEO～スギちゃんっス～ 中古パチンコ実機,59000,售完,https://home-slot.net/SHOP/p-toyomaru230.html
689,豊丸 PAコマコマ倶楽部@エイジセレクトY2F,,,ホームスロット,豊丸 PAコマコマ倶楽部＠エイジセレクトY2F 中古パチンコ実機,59000,售完,https://home-slot.net/SHOP/p-toyomaru212.html
690,豊丸 P SUPER電役ナナシーDXII 189M,,,ホームスロット,豊丸 P SUPER電役ナナシーDXII 189M 中古パチンコ実機,52600,售完,https://home-slot.net/SHOP/p-toyomaru204.html
691,豊丸 P yes!高須クリニック~超整形BLACK~,,,ホームスロット,豊丸 P yes!高須クリニック～超整形BLACK～ 中古パチンコ実機[枠名：Ｔ１６] [4ch対応],61400,有貨,https://home-slot.net/SHOP/p-toyomaru225.html
692,豊丸 プロゴルファー猿 EMPEROR MODEL,P,,ホームスロット,豊丸 Pプロゴルファー猿 EMPEROR MODEL 中古パチンコ実機 [枠名：Ｔ１６] [4ch対応],92400,售完,https://home-slot.net/SHOP/p-toyomaru237.html
693,豊丸 絶超電役ドラドラ天国2400 99Ver.,P,,ホームスロット,豊丸 P絶超電役ドラドラ天国2400-99Ver. 中古パチンコ実機,64000,售完,https://home-slot.net/SHOP/p-toyomaru224.html
694,豊丸 超甘LT 江頭2 50inナナシー 奇跡の99%,P,,ホームスロット,豊丸 P【超甘LT】江頭2：50inナナシー 奇跡の99％ 中古パチンコ実機 [枠名：Ｔ１６ＳＸ],142300,有貨,https://home-slot.net/SHOP/p-toyomaru252.html
695,豊丸 超甘LT 華牌RR 1 49×99de遊タイム,P,,ホームスロット,豊丸 P【超甘LT】華牌RR 1/49×99de遊タイム 中古パチンコ実機 [枠名：Ｔ１６ＳＸ],280000,有貨,https://home-slot.net/SHOP/p-toyomaru257.html
696,豊丸 遊moreLT エガブレイブVVV 枠不問,P,,ホームスロット,豊丸 遊moreLT PエガブレイブVVV 枠不問 中古パチンコ実機,142300,有貨,https://home-slot.net/SHOP/p-toyomaru260.html
698,高尾 CRおしおきピラミッ伝with丸高愛実,,,ホームスロット,高尾 CRおしおきピラミッ伝with丸高愛実 中古パチンコ実機,62800,售完,https://home-slot.net/SHOP/p-takao62.html
699,高尾 P DD北斗の拳 主役はジャギ!! ユリアVer.,,,ホームスロット,高尾 P DD北斗の拳 主役はジャギ!! ユリアVer．枠色不問 中古パチンコ実機,52600,售完,https://home-slot.net/SHOP/p-takao215.html
700,高尾 ちょいパチ弾球黙示録カイジ3WCA39,,,ホームスロット,高尾 ちょいパチ弾球黙示録カイジ3WCA39 枠色不問 中古パチンコ実機,86000,售完,https://home-slot.net/SHOP/p-takao92.html
701,高尾 リアル鬼ごっこ2 全力疾走チャージ翼Ver.,P,,ホームスロット,高尾 Pリアル鬼ごっこ2 全力疾走チャージ翼Ver. 枠色不問 中古パチンコ実機,52600,售完,https://home-slot.net/SHOP/p-takao235.html
702,高尾 リアル鬼ごっこ2 全力疾走チャージ鬼Ver.,P,,ホームスロット,高尾 Pリアル鬼ごっこ2 全力疾走チャージ鬼Ver. 中古パチンコ実機,86000,售完,https://home-slot.net/SHOP/p-takao236.html
703,高尾 一騎当千サバイバルソルジャー 甘デジVer.,P,,ホームスロット,高尾 P一騎当千サバイバルソルジャー 甘デジVer. 中古パチンコ実機,52600,售完,https://home-slot.net/SHOP/p-takao210.html
704,高尾 白魔女学園 オワリトハジマリ~白魔女Ver.~,P,,ホームスロット,高尾 P白魔女学園 オワリトハジマリ～白魔女Ver.～ 枠色不問 中古パチンコ実機,59000,售完,https://home-slot.net/SHOP/p-takao209.html
706,2号機 アルゼ リバティーベルIII 2ch対応,,,A-SLOT,【2号機】アルゼ リバティーベルIII 中古パチスロ実機 [2ch対応][まるごと配送限定],67500,售完,https://www.a-slot.com/SHOP/alze_libertybell3_kasugai.html
707,3号機 パル工業 ペガサスEXA No.5997,,,A-SLOT,【3号機】パル工業 ペガサスEXA 中古パチスロ実機 No.5997,199500,有貨,https://www.a-slot.com/SHOP/palkogyo_pegasusexa_kasugai.html
710,CRAもっと!レレレにおまかせ!HS T 甘デジ,,大一,ホームスロット,大一 CRAもっと!レレレにおまかせ!HS－T （甘デジ） 中古パチンコ実機,52600,售完,https://home-slot.net/SHOP/p-daiichi19.html
711,CRAガールズ&パンツァー ガルパン 99.9ver.,,平和,ホームスロット,平和 CRAガールズ＆パンツァー[ガルパン]99.9ver. 中古パチンコ実機,65300,售完,https://home-slot.net/SHOP/p-heiwa148.html
712,CRAパフィー99バージョン 甘デジ 2ch対応,,SANYO,ホームスロット,SANYO CRAパフィー99バージョン 甘デジ 中古パチンコ実機 [枠名：ペガサスウィング] [2ch対応],52600,售完,https://home-slot.net/SHOP/p-sanyo47.html
713,CRA海物語アクアwith吉木りさ ASA,,SANYO,ホームスロット,SANYO CRA海物語アクアwith吉木りさ ASA 中古パチンコ実機 [枠名：イルミオ] [4ch対応],92400,售完,https://home-slot.net/SHOP/p-sanyo78.html
714,CRA羽根物大工の源さんWSA 2ch対応,,SANYO,ホームスロット,SANYO CRA羽根物大工の源さんWSA 中古パチンコ実機 [枠名：ペガサスウィング] [2ch対応],59000,售完,https://home-slot.net/SHOP/p-sanyo65.html
715,CR RAVEエンドレスバトルFPW 甘デジ,,藤商事,ホームスロット,藤商事 CR RAVEエンドレスバトルFPW 甘デジ 中古パチンコ実機 [枠名：クリスタルファイヤー] [4ch対応],35926,售完,https://home-slot.net/SHOP/p-fuji62.html
716,CR TVアニメーション 弱虫ペダル99ver.,,平和,ホームスロット,平和 CR TVアニメーション 弱虫ペダル99ver. 中古パチンコ実機,86000,售完,https://home-slot.net/SHOP/p-heiwa163.html
717,CRぱちんこRio リオ 9AS 甘デジ 白赤枠,,平和,ホームスロット,平和 CRぱちんこRio（リオ） 9AS 甘デジ 白赤枠 中古パチンコ実機 [枠名：ルピナスX] [4ch対応],42648,售完,https://home-slot.net/SHOP/p-heiwa76.html
718,CRぱちんこウルトラマンタロウ 暗黒の逆襲,,京楽,ホームスロット,京楽 CRぱちんこウルトラマンタロウ 暗黒の逆襲 中古パチンコ実機 [枠名：BIGサプライズ] [4ch対応],171000,售完,https://home-slot.net/SHOP/p-kyoraku64.html
719,CRぱちんこ必殺仕事人3 SV7 桜バージョン,,京楽,ホームスロット,京楽 CRぱちんこ必殺仕事人3 SV7 桜バージョン 枠色不問 中古パチンコ実機 [枠名：新スタジアム] [4ch対応],86000,售完,https://home-slot.net/SHOP/p-kyoraku4.html
720,CRぱちんこ悪魔城ドラキュラ129ver.,,高砂,ホームスロット,高砂 CRぱちんこ悪魔城ドラキュラ129ver. 中古パチンコ実機 [枠名：プラチナティアラ] [4ch対応],86000,售完,https://home-slot.net/SHOP/p-takasago5.html
721,CRひぐらしのなく頃に戯?BS? 分割配送不可,,大一,ホームスロット,大一 CRひぐらしのなく頃に戯?BS? 中古パチンコ実機 [分割配送不可],71600,售完,https://home-slot.net/SHOP/p-daiichi57.html
722,CRアントニオ猪木という名の 機 道H9AY,,平和,ホームスロット,平和 CRアントニオ猪木という名のパチンコ機 道H9AY 中古パチンコ実機 [枠名：ルピナスX] [4ch対応],52600,售完,https://home-slot.net/SHOP/p-heiwa54.html
723,CRゲゲゲの鬼太郎 墓場からの招待状 FPS,,藤商事,ホームスロット,藤商事 CRゲゲゲの鬼太郎 墓場からの招待状 FPS 中古パチンコ実機 [枠名：シャイニングウォール] [4ch対応],52600,有貨,https://home-slot.net/SHOP/p-fuji92.html
724,CRシティーハンター~XYZ 心の叫び~99ver.,,平和,ホームスロット,平和 CRシティーハンター~XYZ 心の叫び~99ver. 中古パチンコ実機,86000,售完,https://home-slot.net/SHOP/p-heiwa161.html
726,CRスーパー海物語IN沖縄4MTC 2ch対応,,SANYO,ホームスロット,SANYO CRスーパー海物語IN沖縄4MTC 中古パチンコ実機 [枠名：マリンシェル] [2ch対応],59000,售完,https://home-slot.net/SHOP/p-sanyo115.html
727,CRスーパー海物語IN沖縄 桜ビッグ 2ch対応,,SANYO,ホームスロット,SANYO CRスーパー海物語IN沖縄 桜ビッグ 中古パチンコ実機 [枠名：ゴールドウェーブ] [2ch対応],49371,售完,https://home-slot.net/SHOP/p-sanyo24.html
728,CRダーカーザンブラック 黒の契約者 88ver.,,メーシー,ホームスロット,メーシー CRダーカーザンブラック -黒の契約者- 88ver. 中古パチンコ実機,65300,售完,https://home-slot.net/SHOP/p-macy8.html
729,CRハクション大魔王 出ました大魔王Ver.,,七匠,ホームスロット,七匠 CRハクション大魔王 出ました大魔王Ver. 中古パチンコ実機,86000,售完,https://home-slot.net/SHOP/p-nanashow02.html
730,CRピンク レディー2011 SWEET 甘デジ,,大一,ホームスロット,大一 CRピンク・レディー2011 SWEET 甘デジ 中古パチンコ実機,49371,售完,https://home-slot.net/SHOP/p-daiichi39.html
731,CRフィーバーらんま1 2温泉アスレチック編 天,,SANKYO,ホームスロット,SANKYO CRフィーバーらんま1/2温泉アスレチック編 天 中古パチンコ実機,89800,售完,https://home-slot.net/SHOP/p-sankyo44.html
732,CRフィーバーアクエリオンEVOL 99ver.,,SANKYO,ホームスロット,SANKYO CRフィーバーアクエリオンEVOL 99ver. 枠色不問 中古パチンコ実機,65300,售完,https://home-slot.net/SHOP/p-sankyo126.html
733,CRフィーバースレイヤーズREVOLUTION,,SANKYO,ホームスロット,SANKYO CRフィーバースレイヤーズREVOLUTION 中古パチンコ実機,261100,售完,https://home-slot.net/SHOP/p-sankyo88.html
734,CRフィーバー機動戦士ガンダム2R V作戦発動,,SANKYO,ホームスロット,SANKYO CRフィーバー機動戦士ガンダム2R-V作戦発動- 中古パチンコ実機,86000,售完,https://home-slot.net/SHOP/p-sankyo105.html
735,CR天才バカボン4?決断の瞬間? 分割配送不可,,大一,ホームスロット,大一 CR天才バカボン4?決断の瞬間? 中古パチンコ実機 [分割配送不可],116000,售完,https://home-slot.net/SHOP/p-daiichi44.html
736,CR秘宝伝 MAX Ver.C2N3 オレンジ枠,,大都技研,ホームスロット,大都技研 CR秘宝伝 MAX Ver.C2N3 オレンジ枠 中古パチンコ実機,38269,售完,https://home-slot.net/SHOP/p-daito5.html
737,CR秘宝伝 ミドル Ver.C2N7 オレンジ枠,,大都技研,ホームスロット,大都技研 CR秘宝伝 ミドル Ver.C2N7 オレンジ枠 中古パチンコ実機,41935,售完,https://home-slot.net/SHOP/p-daito7.html
738,CR綱取物語~咲かせろ!大金星の花ッ!~M9AY,,平和,ホームスロット,平和 CR綱取物語～咲かせろ!大金星の花ッ!～M9AY 中古パチンコ実機 [枠名：ルピナスハート] [4ch対応],52600,售完,https://home-slot.net/SHOP/p-heiwa100.html
739,CR餓狼伝説?双撃?1 99ver. 分割配送不可,,大一,ホームスロット,大一 CR餓狼伝説?双撃?1/99ver. 中古パチンコ実機 [分割配送不可],52600,售完,https://home-slot.net/SHOP/p-daiichi48.html
740,CR餓狼伝説?双撃?MAXタイプ 分割配送不可,,大一,ホームスロット,大一 CR餓狼伝説?双撃?MAXタイプ 中古パチンコ実機 [分割配送不可],216200,售完,https://home-slot.net/SHOP/p-daiichi45.html
741,CR餓狼伝説?双撃?ミドルタイプ 分割配送不可,,大一,ホームスロット,大一 CR餓狼伝説?双撃?ミドルタイプ 中古パチンコ実機 [分割配送不可],46213,售完,https://home-slot.net/SHOP/p-daiichi46.html
742,CR魔法少女リリカルなのは319バージョン,,SANYO,ホームスロット,SANYO CR魔法少女リリカルなのは319バージョン 枠色不問 中古パチンコ実機 [枠名：イルミオ] [4ch対応],86000,售完,https://home-slot.net/SHOP/p-sanyo114.html
745,D light 閃乱カグラ 189大入りver.,P,,ホームスロット,D-light P閃乱カグラ 189大入りver. 中古パチンコ実機 [枠名：Cygnus] [4ch対応],404400,有貨,https://home-slot.net/SHOP/p-dlight240.html
747,NET スーパーブラックジャック 白い恋人Ver,4号機,,A-SLOT,【4号機】 NET スーパーブラックジャック 白い恋人Ver 中古パチスロ実機 [4ch対応],79800,有貨,https://www.a-slot.com/SHOP/net11.html
749,PAナムココレクション2 スイートゲームver.,,メーシー,ホームスロット,メーシー PAナムココレクション2 スイートゲームver. 中古パチンコ実機,65300,有貨,https://home-slot.net/SHOP/p-macy218.html
752,SanThree CR戦国無双 猛将伝YCE,,,ホームスロット,SanThree CR戦国無双 猛将伝YCE 中古パチンコ実機,52600,售完,https://home-slot.net/SHOP/p-santhree26.html
753,SanThree PAドラム海物語IN沖縄,,,ホームスロット,SanThree PAドラム海物語IN沖縄 枠色不問 中古パチンコ実機,52600,有貨,https://home-slot.net/SHOP/p-santhree203.html
754,SanThree ちょいパチヤッターマン39,,,ホームスロット,SanThree ちょいパチヤッターマン39 枠色不問 中古パチンコ実機,52600,售完,https://home-slot.net/SHOP/p-santhree27.html
759,SNKプレイモア 極お父さん~舞い降りた天使???~,,,ホームスロット,SNKプレイモア 極お父さん～舞い降りた天使???～ 中古パチスロ実機,35209,售完,https://home-slot.net/SHOP/s-snk22.html
762,ぱちんこCRろくでなしBLUES~頂上血戦~,,Sammy,ホームスロット,サミー ぱちんこCRろくでなしBLUES～頂上血戦～ 中古パチンコ実機 [枠名：聖（クロス）] [4ch対応],41935,售完,https://home-slot.net/SHOP/p-sammy46.html
763,アイムジャグラーSP ピンクパネル 2ch対応,,北電子,A-SLOT,北電子 アイムジャグラーSP ピンクパネル 中古パチスロ実機 [2ch対応],51500,售完,https://www.a-slot.com/SHOP/kitadensi31.html
764,アデリオン バイオハザード7 レジデント イービル,,,ホームスロット,アデリオン パチスロ バイオハザード7 レジデント イービル 中古パチスロ実機 [8ch対応],35100,有貨,https://home-slot.net/SHOP/s-adelion200.html
765,アナザーゴッドハーデス 奪われたZEUSver.,,ミズホ,ホームスロット,ミズホ アナザーゴッドハーデス-奪われたZEUSver.- 中古パチスロ実機,47800,有貨,https://home-slot.net/SHOP/s-mizuho-macy41.html
767,アピールプレート 設定6 Let's Enjoy 店 A,,,A-SLOT,中古アピールプレート【設定6 Let's Enjoy】 中古スロット販売店　A,72000,售完,https://www.a-slot.com/SHOP/plate_settei6_enjoy.html
768,アムテックス 銀河鉄道999 PREMIUM,P,,ホームスロット,アムテックス P銀河鉄道999 PREMIUM 中古パチンコ実機 [枠名：アムテックス王者 銀河鉄道] [8ch対応],52600,售完,https://home-slot.net/SHOP/p-amutex213.html
770,サンセイ CRおねだり!マスカットRR 甘デジ,,,ホームスロット,サンセイ CRおねだり!マスカットRR 甘デジ 中古パチンコ実機 [枠名：G・GATE] [4ch対応],39694,售完,https://home-slot.net/SHOP/p-SANSEI42.html
771,サンセイ CR暗黒騎士呀鎧伝FF 2ch対応,,,ホームスロット,サンセイ CR暗黒騎士呀鎧伝FF 枠色不問 中古パチンコ実機 [枠名：SOUL METAL] [2ch対応],216200,售完,https://home-slot.net/SHOP/p-SANSEI32.html
772,サンセイ CR牙狼魔戒閃騎 鋼XX 2ch対応,,,ホームスロット,サンセイ CR牙狼魔戒閃騎 鋼XX 枠色不問 中古パチンコ実機 [枠名：SOUL METAL] [2ch対応],186300,售完,https://home-slot.net/SHOP/p-SANSEI44.html
773,ジェイビー CRフィーバークィーン2018ZERO,,,ホームスロット,ジェイビー CRフィーバークィーン2018ZERO 中古パチンコ実機,52600,售完,https://home-slot.net/SHOP/p-jb29.html
774,スーパー海物語 IN 沖縄5 夜桜超旋風 2ch対応,P,SANYO,ホームスロット,SANYO Pスーパー海物語 IN 沖縄5 夜桜超旋風 中古パチンコ実機 [枠名：クリスタルシェル] [2ch対応],121000,有貨,https://home-slot.net/SHOP/p-sanyo236.html
775,タイヨーエレック CR萌えよ剣3 2400MZ,,,ホームスロット,タイヨーエレック CR萌えよ剣3-2400MZ 中古パチンコ実機,65300,售完,https://home-slot.net/SHOP/p-taiyo40.html
779,トリビー 怪盗天使ツインエンジェル 天使パネル,,,A-SLOT,トリビー 怪盗天使ツインエンジェル ［天使パネル］ 中古パチスロ実機 [4ch対応],93500,售完,https://www.a-slot.com/SHOP/trivy2_tenshi.html
780,トリビー 怪盗天使ツインエンジェル 怪盗パネル,,,A-SLOT,トリビー 怪盗天使ツインエンジェル （怪盗パネル） 中古パチスロ実機 [4ch対応],78500,售完,https://www.a-slot.com/SHOP/trivy2.html
781,パオン ディーピー 押忍!番長ZERO メインパネル,,,A-SLOT,パオン・ディーピー 押忍！番長ZERO [メインパネル] 中古パチスロ実機 [8ch対応],50100,有貨,https://www.a-slot.com/SHOP/s-paon202.html
782,パワフルアドベンチャーZ6 ナナパフェパネル,,SANKYO,A-SLOT,SANKYO パワフルアドベンチャーZ6 ナナパフェパネル 中古パチスロ実機 [4ch対応],51500,售完,https://www.a-slot.com/SHOP/sankyo15.html
783,ビスティ CRエヴァンゲリヲン ~始まりの福音~,,,ホームスロット,ビスティ CRエヴァンゲリヲン ～始まりの福音～ 中古パチンコ実機,92400,售完,https://home-slot.net/SHOP/p-bisty13.html
784,ビスティ CR機動戦艦ナデシコ MAXタイプ,,,ホームスロット,ビスティ CR機動戦艦ナデシコ MAXタイプ 中古パチンコ実機,65300,售完,https://home-slot.net/SHOP/p-bisty51.html
785,ビスティ CR機動戦艦ナデシコ ミドルタイプ,,,ホームスロット,ビスティ CR機動戦艦ナデシコ ミドルタイプ 中古パチンコ実機,52600,售完,https://home-slot.net/SHOP/p-bisty50.html
786,ビスティ CR浜崎あゆみ物語 序章 オレンジ枠,,,ホームスロット,ビスティ CR浜崎あゆみ物語－序章－ オレンジ枠 中古パチンコ実機,41935,售完,https://home-slot.net/SHOP/p-bisty29.html
787,ビスティ 新世紀エヴァンゲリオン レイVer.,,,A-SLOT,ビスティ 新世紀エヴァンゲリオン （レイVer.） 中古パチスロ実機 [4ch対応],57800,售完,https://www.a-slot.com/SHOP/sankyo10.html
789,ビスティ 鉄拳 極 SWEET COMBO VER.,,,ホームスロット,ビスティ 鉄拳 極 SWEET COMBO VER. 中古パチンコ実機,52600,售完,https://home-slot.net/SHOP/p-bisty211.html
790,ファイナルサマーセール HEY!鏡 No.40535,,大都技研,A-SLOT,【ファイナルサマーセール】大都技研 HEY!鏡 中古パチスロ実機 [8ch対応]No.40535,51500,有貨,https://www.a-slot.com/SHOP/daitogiken201_z.html
791,ファイナルサマーセール ラブ嬢2 No.63557,,オリンピア,A-SLOT,【ファイナルサマーセール】オリンピア パチスロ ラブ嬢2 中古パチスロ実機 [8ch対応] No.63557,102200,有貨,https://www.a-slot.com/SHOP/heiwa206_z.html
792,ファイナルサマーセール 南国物語 No.61170,,オリンピア,A-SLOT,【ファイナルサマーセール】オリンピア 南国物語 中古パチスロ実機 [8ch対応] No.61170,45100,有貨,https://www.a-slot.com/SHOP/heiwa128_z.html
793,ファイナルサマーセール 真俺の空 No.38987,,スパイキー,A-SLOT,【ファイナルサマーセール】スパイキー パチスロ 真俺の空 中古パチスロ実機 No.38987,57800,有貨,https://www.a-slot.com/SHOP/s-spyki_208_z.html
794,ファイナルサマーセール 花火絶景 No.65514,,ミズホ,A-SLOT,【ファイナルサマーセール】ミズホ 花火絶景 中古パチスロ実機 [8ch対応][まるごと配送限定]No.65514,50100,有貨,https://www.a-slot.com/SHOP/s-mizuho-macy214_z.html
795,ファイナルサマーセール 赤ドン雅 No.64613,,エレコ,A-SLOT,【ファイナルサマーセール】エレコ 赤ドン雅 中古パチスロ実機 [8ch対応]No.64613,64100,有貨,https://www.a-slot.com/SHOP/eleco44_z.html
796,ファイナルサマーセール 鉄拳6 No.ps0821,スマスロ,山佐,A-SLOT,【ファイナルサマーセール】山佐 スマスロ鉄拳6 中古パチスロ実機 [スマスロ]No.ps0821,50100,有貨,https://www.a-slot.com/SHOP/s-yamasa248_z.html
797,ファイナルサマーセール 頭文字D No.58301,,Sammy,A-SLOT,【ファイナルサマーセール】サミー パチスロ頭文字D 中古パチスロ実機 [8ch対応][まるごと配送限定]No.58301,45100,有貨,https://www.a-slot.com/SHOP/sammy211_z.html
798,ファイナルサマーセール 麻雀物語 No.65001,スマスロ,オリンピア,A-SLOT,【ファイナルサマーセール】オリンピア L麻雀物語 中古パチスロ実機 [スマスロ] [8ch対応]No.65001,45100,有貨,https://www.a-slot.com/SHOP/s-olympia235_z.html
800,ベルト役物不問 CRぱちんこ仮面ライダーV3,,京楽,ホームスロット,【ベルト役物不問】京楽 CRぱちんこ仮面ライダーV3 中古パチンコ実機 [枠名：BIGサプライズ] [4ch対応],109900,售完,https://home-slot.net/SHOP/p-kyoraku68.html
801,マイジャグラーII KK ピースパネル 2013年,,北電子,A-SLOT,北電子 マイジャグラーII KK ピースパネル (2013年） 中古パチスロ実機 [4ch対応],78500,有貨,https://www.a-slot.com/SHOP/kitadenshi63.html
802,マックスアライド マニーハニー ハスラー状態ver.,,,A-SLOT,マックスアライド マニーハニー (ハスラー状態ver.) 中古パチスロ実機,70000,售完,https://www.a-slot.com/SHOP/maxaride_moneyhoney.html
804,マルホン CRAカナカナ with 桃乃木かな,,,ホームスロット,マルホン CRAカナカナ with 桃乃木かな 中古パチンコ実機,116000,售完,https://home-slot.net/SHOP/p-maruhon62.html
805,大工の源さん 超韋駄天 BLACK 2ch対応,P,SANYO,ホームスロット,SANYO P大工の源さん 超韋駄天 BLACK 中古パチンコ実機 [枠名：Ｇ－ＤＲＩＶＥ] [2ch対応],57600,有貨,https://home-slot.net/SHOP/p-sanyo235.html
806,大工の源さん超韋駄天LIGHT 2ch対応,P,SANYO,ホームスロット,SANYO P大工の源さん超韋駄天LIGHT 中古パチンコ実機 [枠名：Ｇ－ＤＲＩＶＥ] [2ch対応],59000,售完,https://home-slot.net/SHOP/p-sanyo225.html
807,大海物語4スペシャル BLACK 2ch対応,P,SANYO,ホームスロット,SANYO P大海物語4スペシャル BLACK 中古パチンコ実機 [枠名：マリンシェル] [2ch対応],55200,售完,https://home-slot.net/SHOP/p-sanyo226.html
808,奥村 ぱちんこ CRバジリスク 299type,,,ホームスロット,奥村 ぱちんこ CRバジリスク 299type 枠色不問 中古パチンコ実機 [枠名：星波] [4ch対応],78900,售完,https://home-slot.net/SHOP/p-okumura46.html
809,奥村 ぱちんこ CRバジリスク 399type,,,ホームスロット,奥村 ぱちんこ CRバジリスク 399type 枠色不問 中古パチンコ実機 [枠名：星波] [4ch対応],116000,售完,https://home-slot.net/SHOP/p-okumura45.html
810,忍者ハットリくん~決戦!サイバーからくり城の巻~,P,大一,ホームスロット,大一 P忍者ハットリくん～決戦！サイバーからくり城の巻～ 中古パチンコ実機 [枠名：ルナーレス] [4ch対応],59000,售完,https://home-slot.net/SHOP/p-daiichi210.html
811,真 花の慶次2 漆黒の衝撃 EXTRA RUSH,P,ニューギン,ホームスロット,ニューギン P真・花の慶次2 漆黒の衝撃 EXTRA RUSH 中古パチンコ実機 [枠名：ReLf] [4ch対応],57600,有貨,https://home-slot.net/SHOP/p-newgin254.html
812,西陣 CRモモキュンソード3 GL 1 89ver.,,,ホームスロット,西陣 CRモモキュンソード3 GL(1/89ver.) 中古パチンコ実機,86000,售完,https://home-slot.net/SHOP/p-nishijinn99.html
813,西陣 CRモモキュンソード~星と黄金の太刀~GL,,,ホームスロット,西陣 ＣＲモモキュンソード～星と黄金の太刀～ＧＬ 中古パチンコ実機,65300,售完,https://home-slot.net/SHOP/p-nishijinn59.html
815,豊丸 CR SUPER電役ナナシーDX121F,,,ホームスロット,豊丸 CR SUPER電役ナナシーDX121F 枠色不問 中古パチンコ実機,52600,售完,https://home-slot.net/SHOP/p-toyomaru53.html
816,豊丸 CR SUPER電役ナナシーDX66VV,,,ホームスロット,豊丸 CR SUPER電役ナナシーDX66VV 中古パチンコ実機,52600,售完,https://home-slot.net/SHOP/p-toyomaru55.html
817,豊丸 Pyes!高須クリニック~超整形PINK~,,,ホームスロット,豊丸 Pyes!高須クリニック～超整形PINK～ 中古パチンコ実機[枠名：Ｔ１６] [4ch対応],141100,售完,https://home-slot.net/SHOP/p-toyomaru242.html
818,豊丸 華牌R ~猿渡翔がローズテイルにやってきた~,P,,ホームスロット,豊丸 P華牌R ～猿渡翔がローズテイルにやってきた～ 中古パチンコ実機,71600,售完,https://home-slot.net/SHOP/p-toyomaru210.html
819,銀座 いくさの子 戦極最強ドデカ199ver.,P,,ホームスロット,銀座 P いくさの子 戦極最強ドデカ199ver. 中古パチンコ実機 [枠名：銀座真焔「ウェーブギア」] [4ch対応],52600,有貨,https://home-slot.net/SHOP/p-ginza232.html
820,銀座 聖戦士ダンバイン3 ZEROSONIC,スマパチ,,ホームスロット,銀座 e 聖戦士ダンバイン3 ZEROSONIC 中古パチンコ実機 [スマパチ] [枠名：銀座誓] [4ch対応],86000,有貨,https://home-slot.net/SHOP/p-ginza231.html
822,高尾 CRA弾球黙示録カイジ 沼 ざわっ 甘デジ,,,ホームスロット,高尾 CRA弾球黙示録カイジ 沼 ざわっ（甘デジ） 枠色不問 中古パチンコ実機,89800,售完,https://home-slot.net/SHOP/p-takao14.html
823,高尾 CR弾球黙示録カイジ沼3 ざわっ Ver.,,,ホームスロット,高尾 CR弾球黙示録カイジ沼３ ざわっ・・・Ver. 中古パチンコ実機,527056,售完,https://home-slot.net/SHOP/p-takao108.html
824,高尾 CR弾球黙示録カイジ沼3 カイジVer.,,,ホームスロット,高尾 CR弾球黙示録カイジ沼３ カイジVer. 中古パチンコ実機,62800,售完,https://home-slot.net/SHOP/p-takao109.html
825,高尾 CR弾球黙示録カイジ沼3 利根川Ver.,,,ホームスロット,高尾 CR弾球黙示録カイジ沼3 利根川Ver. 枠色不問 中古パチンコ実機,71600,售完,https://home-slot.net/SHOP/p-takao101.html
826,高尾 CR新宇宙年代記ゼロデザイズZ15A,,,ホームスロット,高尾 CR新宇宙年代記ゼロデザイズZ15A 中古パチンコ実機,93981,售完,https://home-slot.net/SHOP/p-takao42.html
828,高尾 貞子3D2 Light~呪われた12時間~,P,,ホームスロット,高尾 P貞子3D2 Light～呪われた12時間～ 枠色不問 中古パチンコ実機,86000,售完,https://home-slot.net/SHOP/p-takao227.html
829,魔法少女リリカルなのは 2人の絆 2ch対応,P,SANYO,ホームスロット,SANYO P魔法少女リリカルなのは 2人の絆 枠色不問 中古パチンコ実機 [枠名：Ｇ－ＤＲＩＶＥ] [2ch対応],57600,售完,https://home-slot.net/SHOP/p-sanyo216.html
830,CR3×3EYES 大帰滅への道99ver.,,大都技研,ホームスロット,大都技研 CR3×3EYES 大帰滅への道99ver. 中古パチンコ実機,101000,售完,https://home-slot.net/SHOP/p-daito20.html
831,CRAヘルプ!!!恋が丘学園おたすけ部FPW,,藤商事,ホームスロット,藤商事 CRAヘルプ!!!恋が丘学園おたすけ部FPW 中古パチンコ実機 [枠名：エアーキャノン] [8ch対応],75400,有貨,https://home-slot.net/SHOP/p-fuji124.html
832,CRAルパン三世 ~主役は銭形~ 99.9ver,,平和,ホームスロット,平和 CRAルパン三世 ～主役は銭形～ 99.9ver 枠色不問 中古パチンコ実機,92400,售完,https://home-slot.net/SHOP/p-heiwa118.html
833,CRA花の慶次X~雲のかなたに~99ver.,,ニューギン,ホームスロット,ニューギン CRA花の慶次X～雲のかなたに～99ver. 中古パチンコ実機 [枠名：ReLf] [4ch対応],59000,售完,https://home-slot.net/SHOP/p-newgin161.html
835,CR RAVE この世界こそが真実だFPM,,藤商事,ホームスロット,藤商事 CR RAVE この世界こそが真実だFPM 中古パチンコ実機 [枠名：エアーキャノン] [8ch対応],86000,售完,https://home-slot.net/SHOP/p-fuji119.html
837,CRぱちんこキン肉マン 夢の超人タッグ編,,京楽,ホームスロット,京楽 CRぱちんこキン肉マン 夢の超人タッグ編 中古パチンコ実機 [枠名：BIGサプライズ] [4ch対応],145900,售完,https://home-slot.net/SHOP/p-kyoraku72.html
838,CRぱちんこ冬のソナタ2 MY63TF2,,京楽,ホームスロット,京楽 CRぱちんこ冬のソナタ2 MY63TF2 枠色不問 中古パチンコ実機 [枠名：新スタジアム] [4ch対応],86000,售完,https://home-slot.net/SHOP/p-kyoraku1.html
839,CRぱちんこ 冬のソナタ Remember,,京楽,ホームスロット,京楽 CRぱちんこ 冬のソナタ Remember 中古パチンコ実機 [枠名：冬のソナタ専用枠] [4ch対応],86000,售完,https://home-slot.net/SHOP/p-kyoraku200.html
840,CRぱちんこ必殺仕事人3 XR65TF7,,京楽,ホームスロット,京楽 CRぱちんこ必殺仕事人3 XR65TF7 中古パチンコ実機 [枠名：新スタジアム] [4ch対応],54871,售完,https://home-slot.net/SHOP/p-kyoraku3.html
841,CRぱちんこ必殺仕事人 お祭りわっしょい,,京楽,ホームスロット,京楽 CRぱちんこ必殺仕事人 お祭りわっしょい 中古パチンコ実機 [枠名：BIGサプライズ] [4ch対応],92400,售完,https://home-slot.net/SHOP/p-kyoraku66.html
842,CRアラジンNEO 小さな皇女と天魔の都,,Sammy,ホームスロット,サミー CRアラジンNEO 小さな皇女と天魔の都 中古パチンコ実機 [枠名：聖（クロス）] [4ch対応],160900,售完,https://home-slot.net/SHOP/p-sammy40.html
843,CRガールズ&パンツァー ガルパン 319ver.,,平和,ホームスロット,平和 CRガールズ＆パンツァー[ガルパン] 319ver． 中古パチンコ実機,86000,有貨,https://home-slot.net/SHOP/p-heiwa145.html
844,CRゲゲゲの鬼太郎 地獄からの使者FPF,,藤商事,ホームスロット,藤商事 CRゲゲゲの鬼太郎 地獄からの使者FPF 中古パチンコ実機 [枠名：シャイニングウォール] [4ch対応],186300,售完,https://home-slot.net/SHOP/p-fuji81.html
845,CRスーパー海物語IN沖縄 MTA 2ch対応,,SANYO,ホームスロット,SANYO CRスーパー海物語IN沖縄 MTA 中古パチンコ実機 [枠名：スーパーブルー2006] [2ch対応],64000,售完,https://home-slot.net/SHOP/p-sanyo20.html
846,CRダイナマイトキングin沖縄 1 5AC,,大一,ホームスロット,大一 CRダイナマイトキングin沖縄 1／5AC 中古パチンコ実機 [枠名：イマジネーション プラス] [4ch対応],52600,售完,https://home-slot.net/SHOP/p-daiichi206.html
847,CRフィーバータイガーマスク 虎魂!カウント50,,SANKYO,ホームスロット,SANKYO CRフィーバータイガーマスク 虎魂!カウント50 中古パチンコ実機,37454,售完,https://home-slot.net/SHOP/p-sankyo40.html
848,CRフィーバー宇宙戦艦ヤマト ONLY ONE,,SANKYO,ホームスロット,SANKYO CRフィーバー宇宙戦艦ヤマト-ONLY ONE- 枠色不問 中古パチンコ実機,71600,售完,https://home-slot.net/SHOP/p-sankyo121.html
850,CRフィーバー機動戦士ガンダム v作戦発動 Y,,SANKYO,ホームスロット,SANKYO CRフィーバー機動戦士ガンダム－ v作戦発動－Y 中古パチンコ実機,52600,售完,https://home-slot.net/SHOP/p-sankyo115.html
851,CRプレミアム海物語プラチナ 2ch対応,,SANYO,ホームスロット,SANYO CRプレミアム海物語プラチナ 中古パチンコ実機 [枠名：クジラッキー] [2ch対応],62800,售完,https://home-slot.net/SHOP/p-sanyo42.html
852,CRミリオンゴッドライジング~ゼウス再び~,,ミズホ,ホームスロット,ミズホ CRミリオンゴッドライジング～ゼウス再び～ 中古パチンコ実機 [枠名：GOLD SPARK] [4ch対応],75400,有貨,https://home-slot.net/SHOP/p-mizuho4.html
853,CRルパン三世~徳川の秘宝を追え~H6AZ,,平和,ホームスロット,平和 CRルパン三世～徳川の秘宝を追え～H6AZ 中古パチンコ実機 [枠名：ルピナスX] [4ch対応],41935,售完,https://home-slot.net/SHOP/p-heiwa30.html
854,CR大海物語スペシャル MFG 2ch対応,,SANYO,ホームスロット,SANYO CR大海物語スペシャル MFG 中古パチンコ実機 [枠名：ゴールドウェーブ] [2ch対応],226300,售完,https://home-slot.net/SHOP/p-sanyo7.html
855,CR大海物語スペシャルMTE 2ch対応,,SANYO,ホームスロット,SANYO CR大海物語スペシャルMTE 枠色不問 中古パチンコ実機 [枠名：ゴールドウェーブ] [2ch対応],111100,售完,https://home-slot.net/SHOP/p-sanyo3.html
856,CR百花繚乱サムライブライド 99ver.,,平和,ホームスロット,平和 CR百花繚乱サムライブライド 99ver. 中古パチンコ実機,52600,售完,https://home-slot.net/SHOP/p-heiwa205.html
857,CR秘宝伝 秘められし時の鼓動 99ver.,,大都技研,ホームスロット,大都技研 CR秘宝伝 秘められし時の鼓動 99ver. 中古パチンコ実機,65300,售完,https://home-slot.net/SHOP/p-daito28.html
858,CR花の慶次X~雲のかなたに~129Ver.,,ニューギン,ホームスロット,ニューギン CR花の慶次X～雲のかなたに～129Ver. 枠色不問 中古パチンコ実機 [枠名：ReLf] [4ch対応],59000,售完,https://home-slot.net/SHOP/p-newgin165.html
859,CR銀河機攻隊 マジェスティックプリンス,,大一,ホームスロット,大一 CR銀河機攻隊 マジェスティックプリンス 中古パチンコ実機 [枠名：イマジネーション プラス] [4ch対応],59000,售完,https://home-slot.net/SHOP/p-daiichi94.html
860,CR魔法少女リリカルなのは99バージョン,,SANYO,ホームスロット,SANYO CR魔法少女リリカルなのは99バージョン 中古パチンコ実機 [枠名：イルミオ] [4ch対応],59000,售完,https://home-slot.net/SHOP/p-sanyo125.html
862,D light 犬夜叉3.0 大入り 甘SPEC,P,,ホームスロット,D-light P 犬夜叉3.0 大入り 甘SPEC 中古パチンコ実機 [枠名：Cygnus] [4ch対応],266100,有貨,https://home-slot.net/SHOP/p-dlight244.html
863,EXCITE CRデビルマン覚醒L6 VE,,,ホームスロット,EXCITE CRデビルマン覚醒L6-VE 中古パチンコ実機 [枠名：ルシファー] [4ch対応],261100,售完,https://home-slot.net/SHOP/p-excite12.html
869,KPE マジカルハロウィンJC パネル不問,,,A-SLOT,KPE マジカルハロウィンJC パネル不問 中古パチスロ実機 [8ch対応],78500,售完,https://www.a-slot.com/SHOP/kpe3_zzz.html
871,PAうる星やつら~ラムのLoveSong~,,ニューギン,ホームスロット,ニューギン PAうる星やつら～ラムのLoveSong～ 枠色不問 中古パチンコ実機 [枠名：ReLf] [4ch対応],101000,售完,https://home-slot.net/SHOP/p-newgin233.html
872,PAさくらももこ劇場コジコジ2N2 K4,,ニューギン,ホームスロット,ニューギン PAさくらももこ劇場コジコジ2N2-K4 枠色不問 中古パチンコ実機,52600,售完,https://home-slot.net/SHOP/p-newgin209.html
873,PA野生の王国~どらむサファリ~99Ver.,,ニューギン,ホームスロット,ニューギン PA野生の王国～どらむサファリ～99Ver. 枠色不問 中古パチンコ実機 [枠名：ReLf] [4ch対応],52600,售完,https://home-slot.net/SHOP/p-newgin257.html
874,P GO!GO!郷 comeback stage,,ニューギン,ホームスロット,ニューギン P GO!GO!郷 comeback stage 中古パチンコ実機 [枠名：黒船] [4ch対応],89800,售完,https://home-slot.net/SHOP/p-newgin272.html
875,SNKプレイモア ザ キング オブ ファイターズ,,,A-SLOT,SNKプレイモア ザ・キング・オブ・ファイターズ 中古パチスロ実機 [4ch対応],84900,售完,https://www.a-slot.com/SHOP/snk_kof1.html
878,あの日見た花の名前を僕達はまだ知らない。,P,Sammy,ホームスロット,サミー Pあの日見た花の名前を僕達はまだ知らない。枠色不問 中古パチンコ実機 [枠名：闘神] [4ch対応],55200,有貨,https://home-slot.net/SHOP/p-sammy212.html
879,お見事!サブちゃん め組のサブちゃんパネル,4号機,平和,A-SLOT,【4号機】平和 お見事!サブちゃん め組のサブちゃんパネル 中古パチスロ実機 [4ch対応],99500,有貨,https://www.a-slot.com/SHOP/heiwa5_megumi.html
880,ちょいパチ遠山の金さん 二人の遠山桜39,,藤商事,ホームスロット,藤商事 ちょいパチ遠山の金さん 二人の遠山桜39 中古パチンコ実機 [枠名：エアーキャノン] [8ch対応],65300,售完,https://home-slot.net/SHOP/p-fuji144.html
883,アピールプレート CR北斗の拳 ケンシロウ 店 A,,,A-SLOT,中古アピールプレート【CR北斗の拳 ケンシロウ】 中古スロット販売店　A,72000,售完,https://www.a-slot.com/SHOP/plate_cr_hokuto.html
884,アミューズメント ぱちんこ戦国コレクション,,KONAMI,ホームスロット,コナミアミューズメント ぱちんこ戦国コレクション 中古パチンコ実機 [枠名：プラチナティアラ] [4ch対応],59000,售完,https://home-slot.net/SHOP/p-konami207.html
885,アミューズメント スカイガールズ~ゼロノツバサ~,,KONAMI,A-SLOT,コナミアミューズメント スカイガールズ～ゼロノツバサ～ 中古パチスロ実機 [4ch対応],45100,有貨,https://www.a-slot.com/SHOP/konami205.html
886,アムテックス うまい棒4500~10500,P,,ホームスロット,アムテックス Pうまい棒4500～10500 中古パチンコ実機 [枠名：パプリカ うまい棒] [8ch対応],52600,售完,https://home-slot.net/SHOP/p-amutex223.html
888,アラジン2エボリューション チェリーバーパネル,4号機,Sammy,A-SLOT,【4号機】サミー アラジン2エボリューション チェリーバーパネル 中古パチスロ実機 [4ch対応],64800,有貨,https://www.a-slot.com/SHOP/10en11.html
893,オーイズミ 銀河豪華客船クイーンギャラクシア,,,A-SLOT,オーイズミ 銀河豪華客船クイーンギャラクシア 中古パチスロ実機 [4ch対応],79800,售完,https://www.a-slot.com/SHOP/oizumi3.html
895,コードギアス 反逆のルルーシュ 復活のルルーシュ,スマスロ,Sammy,ホームスロット,サミー スマスロ コードギアス 反逆のルルーシュ／復活のルルーシュ 中古パチスロ実機 [スマスロ] [8ch対応],74900,有貨,https://home-slot.net/SHOP/s-sammy227.html
896,サンセイ CRA行け!稲中卓球部PH 甘デジ,,,ホームスロット,サンセイ CRA行け!稲中卓球部PH（甘デジ） 中古パチンコ実機 [枠名：D-CYCLONE] [4ch対応],59148,售完,https://home-slot.net/SHOP/p-SANSEI3.html
897,サンセイ CRキャプテン翼 黄金世代の鼓動,,,ホームスロット,サンセイ CRキャプテン翼 黄金世代の鼓動 中古パチンコ実機 [枠名：ライジングサンセイ] [4ch対応],98400,售完,https://home-slot.net/SHOP/p-SANSEI104.html
898,サンセイ CR牙狼TUSK OF GOD XX,,,ホームスロット,サンセイ CR牙狼TUSK OF GOD XX 枠色不問 中古パチンコ実機 [枠名：金翔] [4ch対応],92400,售完,https://home-slot.net/SHOP/p-SANSEI203.html
899,サンセイ 牙狼コレクション 遊タイムver.,P,,ホームスロット,サンセイ P牙狼コレクション 遊タイムver. 中古パチンコ実機 [枠名：金翔] [4ch対応],92000,售完,https://home-slot.net/SHOP/p-SANSEI225.html
901,タイヨーエレック CRA匠の道 ASW 甘デジ,,,ホームスロット,タイヨーエレック CRA匠の道 ASW （甘デジ） 中古パチンコ実機,41222,售完,https://home-slot.net/SHOP/p-taiyo11.html
906,デジハネCR北斗の拳KVJ ユリア 甘デジ,,Sammy,ホームスロット,サミー デジハネCR北斗の拳KVJ ユリア（甘デジ） 中古パチンコ実機 [枠名：焔（ホムラ）] [4ch対応],89800,售完,https://home-slot.net/SHOP/p-sammy15.html
907,デジハネCR北斗の拳STV ユリア 甘デジ,,Sammy,ホームスロット,サミー デジハネCR北斗の拳STV ユリア（甘デジ） 中古パチンコ実機 [枠名：焔（ホムラ）] [4ch対応],59000,售完,https://home-slot.net/SHOP/p-sammy3.html
908,ドラゴンクロス スナイパークロス 2ch対応,4号機,岡崎産業,A-SLOT,【4号機】岡崎産業 ドラゴンクロス [スナイパークロス] 中古パチスロ実機 [2ch対応],79800,有貨,https://www.a-slot.com/SHOP/okazaki_dragoncross.html
909,ニューアイムジャグラーEX C ブラックパネル,,北電子,A-SLOT,北電子 ニューアイムジャグラーEX-C ブラックパネル 中古パチスロ実機 [4ch対応],158400,有貨,https://www.a-slot.com/SHOP/kitadensi71.html
911,ビスティ CRエヴァンゲリヲン7 パープル枠,,,ホームスロット,ビスティ CRエヴァンゲリヲン7 パープル枠 中古パチンコ実機,34907,售完,https://home-slot.net/SHOP/p-bisty34.html
913,ビスティ 新世紀エヴァンゲリオン~シト 新生~,,,ホームスロット,ビスティ 新世紀エヴァンゲリオン～シト、新生～ 中古パチンコ実機,52600,售完,https://home-slot.net/SHOP/p-bisty205.html
914,ビスティ 新世紀エヴァンゲリオン 決戦 ~真紅~,,,ホームスロット,ビスティ 新世紀エヴァンゲリオン 決戦 ～真紅～ 枠色不問 中古パチンコ実機,55200,有貨,https://home-slot.net/SHOP/p-bisty213.html
915,ビスティ 新世紀エヴァンゲリオン~約束の時~,,,ホームスロット,ビスティ 新世紀エヴァンゲリオン～約束の時～ 中古パチスロ実機,54100,售完,https://home-slot.net/SHOP/s-toriyose7.html
917,ファイナルサマーセール 化物語 No.65446,,Sammy,A-SLOT,【ファイナルサマーセール】サミー パチスロ化物語 中古パチスロ実機 [4ch対応]No.65446,83500,有貨,https://www.a-slot.com/SHOP/sammy97_z.html
918,ファイナルサマーセール 青ドン No.63322,,ミズホ,A-SLOT,【ファイナルサマーセール】ミズホ 青ドン 中古パチスロ実機 [4ch対応] No.63322,57800,有貨,https://www.a-slot.com/SHOP/mizuho-macy2_z.html
920,フィーバー蒼穹のファフナー2 Light ver.,,SANKYO,ホームスロット,SANKYO フィーバー蒼穹のファフナー2 Light ver. 枠色不問 中古パチンコ実機,59000,有貨,https://home-slot.net/SHOP/p-sankyo228.html
922,マルホン CR NINJA BLADE LMX,,,ホームスロット,マルホン CR NINJA BLADE LMX 枠色不問 中古パチンコ実機,41426,售完,https://home-slot.net/SHOP/p-maruhon35.html
923,マルホン CRちょいパチシャカンナーF29,,,ホームスロット,マルホン CRちょいパチシャカンナーF29 枠色不問 中古パチンコ実機,52600,售完,https://home-slot.net/SHOP/p-maruhon57.html
924,ワニワニパニック~キミのハートをワニづかみ~,,大一,A-SLOT,大一 ワニワニパニック～キミのハートをワニづかみ～ 中古パチスロ実機 [4ch対応],78500,售完,https://www.a-slot.com/SHOP/daiichi5.html
925,亜人~衝戟の全突フルスペック!~319ver.,P,平和,ホームスロット,平和 P亜人～衝戟の全突フルスペック!～319ver. 中古パチンコ実機,52600,有貨,https://home-slot.net/SHOP/p-heiwa212.html
926,北斗の拳2 乱世覇王伝天覇の章 2ch対応,,Sammy,A-SLOT,サミー 北斗の拳2 乱世覇王伝天覇の章 中古パチスロ実機 [2ch対応],45100,售完,https://www.a-slot.com/SHOP/sammy20.html
933,清龍ゲームジャパン トリプルクラウンフォーユー,,,A-SLOT,清龍ゲームジャパン トリプルクラウンフォーユー 中古パチスロ実機,500000,有貨,https://www.a-slot.com/SHOP/s-seiryu202.html
934,藤丸くん30min4000FGZ設定付,P,藤商事,ホームスロット,藤商事 P藤丸くん30min4000FGZ設定付 中古パチンコ実機 [枠名：エアーキャノン] [8ch対応],55200,有貨,https://home-slot.net/SHOP/p-fuji207.html
935,西陣 CRAサンバDEソヨリーナ DA 甘デジ,,,ホームスロット,西陣 CRAサンバDEソヨリーナ DA （甘デジ） 中古パチンコ実機,52600,有貨,https://home-slot.net/SHOP/p-nishijinn20.html
936,西陣 CRAモンキーターン 神速の勝利者GLB,,,ホームスロット,西陣 CRAモンキーターン 神速の勝利者GLB 中古パチンコ実機,56400,售完,https://home-slot.net/SHOP/p-nishijinn94.html
937,西陣 CRA築地魚河岸三代目GLC 甘デジ,,,ホームスロット,西陣 CRA築地魚河岸三代目GLC（甘デジ） 中古パチンコ実機,41935,售完,https://home-slot.net/SHOP/p-nishijinn35.html
938,西陣 CRぷらちなGL 織田信奈の野望II,,,ホームスロット,西陣 CRぷらちなGL 織田信奈の野望II 中古パチンコ実機,52600,售完,https://home-slot.net/SHOP/p-nishijinn207.html
940,西陣 CR春一番~こいこい八でありんす~GL,,,ホームスロット,西陣 CR春一番～こいこい八でありんす～GL 枠色不問 中古パチンコ実機,52600,售完,https://home-slot.net/SHOP/p-nishijinn75.html
941,西陣 ベルサイユのばら~革命への序曲~GLB,P,,ホームスロット,西陣 Pベルサイユのばら～革命への序曲～GLB 枠色不問 中古パチンコ実機,65300,售完,https://home-slot.net/SHOP/p-nishijinn220.html
942,西陣 結城友奈は勇者であるGC250Ba,P,,ホームスロット,西陣 P結城友奈は勇者であるGC250Ba 中古パチンコ実機 [枠名：エース戦舞 結城友奈] [4ch対応],52600,售完,https://home-slot.net/SHOP/p-nishijinn250.html
943,西陣 織田信奈の野望 全国版GC250Aa,P,,ホームスロット,西陣 P織田信奈の野望 全国版GC250Aa 中古パチンコ実機 [枠名：エース戦舞 織田信奈甘デジ] [4ch対応],52600,售完,https://home-slot.net/SHOP/p-nishijinn254.html
944,豊丸 CR GOD AND DEATH 199L,,,ホームスロット,豊丸 ＣＲ ＧＯＤ ＡＮＤ ＤＥＡＴＨ １９９Ｌ 中古パチンコ実機,52600,售完,https://home-slot.net/SHOP/p-toyomaru46.html
946,豊丸 CR SUPER電役ナナシーDX99V,,,ホームスロット,豊丸 CR SUPER電役ナナシーDX99V 枠色不問 中古パチンコ実機,52600,售完,https://home-slot.net/SHOP/p-toyomaru54.html
947,豊丸 PAロードファラオ~神の一撃~連撃Ver.,,,ホームスロット,豊丸 PAロードファラオ～神の一撃～連撃Ver. 中古パチンコ実機,59000,售完,https://home-slot.net/SHOP/p-toyomaru213.html
948,豊丸 ほのかとクールポコと ときどき武藤敬司,P,,ホームスロット,豊丸 Pほのかとクールポコと、ときどき武藤敬司 中古パチンコ実機,65300,售完,https://home-slot.net/SHOP/p-toyomaru211.html
949,豊丸 ドラドラ天国さんきゅー2000Ver.,P,,ホームスロット,豊丸 Pドラドラ天国さんきゅー2000Ver． 中古パチンコ実機,52600,售完,https://home-slot.net/SHOP/p-toyomaru223.html
950,豊丸産業 CRローズテイルEX309MTP,,,ホームスロット,豊丸産業 CRローズテイルEX309MTP 中古パチンコ実機,43259,售完,https://home-slot.net/SHOP/p-toyomaru15.html
951,高尾 CRクイーンズブレイド美闘士カーニバル,,,ホームスロット,高尾 パチンコCRクイーンズブレイド美闘士カーニバル 中古パチンコ実機,52600,售完,https://home-slot.net/SHOP/p-takao110.html
952,高尾 CRブラックスパイダーマン 衝動 甘デジ,,,ホームスロット,高尾 CRブラックスパイダーマン 衝動【甘デジ】 中古パチンコ実機,104800,售完,https://home-slot.net/SHOP/p-takao34.html
953,高尾 CR弾球黙示録カイジ 沼 57億の孤独,,,ホームスロット,高尾 CR弾球黙示録カイジ 沼 57億の孤独 枠色不問 中古パチンコ実機,49371,售完,https://home-slot.net/SHOP/p-takao10.html
954,高尾 CR銭形平次withでんぱ組.inc,,,ホームスロット,高尾 CR銭形平次withでんぱ組．inc 中古パチンコ実機,89800,售完,https://home-slot.net/SHOP/p-takao99.html
955,高尾 らんま1 2 熱血格闘遊戯 199ver.,P,,ホームスロット,高尾 Pらんま1／2 熱血格闘遊戯 199ver. 枠色不問 中古パチンコ実機,59000,有貨,https://home-slot.net/SHOP/p-takao238.html
956,高尾 怪談ぱちんこ CR稲川淳二 怪談ナイト,,,ホームスロット,高尾 怪談ぱちんこ CR稲川淳二 怪談ナイト 中古パチンコ実機,92400,售完,https://home-slot.net/SHOP/p-takao64.html
957,A gon エイゴン 大線香花火 2ch対応,P,,ホームスロット,A-gon エイゴン P大線香花火 中古パチンコ実機 [枠名：A-gon枠（GoGoピラミッド～）] [2ch対応],65300,有貨,https://home-slot.net/SHOP/p-Agon203.html
961,CRA新お天気スタジオ L3AU 甘デジ,,平和,ホームスロット,平和 CRA新お天気スタジオ L3AU（甘デジ） 枠色不問 中古パチンコ実機 [枠名：ルピナス] [4ch対応],49371,售完,https://home-slot.net/SHOP/p-heiwa57.html
963,CRぱちんこコードギアス 反逆のルルーシュ,,京楽,ホームスロット,京楽 CRぱちんこコードギアス 反逆のルルーシュ 中古パチンコ実機 [枠名：BIGサプライズ] [4ch対応],75400,售完,https://home-slot.net/SHOP/p-kyoraku70.html
964,CRぱちんこ テラフォーマーズ164Ver.,,京楽,ホームスロット,京楽 CRぱちんこ テラフォーマーズ164Ver. 中古パチンコ実機 [枠名：テラフォーマーズ専用枠] [4ch対応],65300,售完,https://home-slot.net/SHOP/p-kyoraku203.html
965,CRぱちんこ爽快 美空ひばり 不死鳥伝説,,京楽,ホームスロット,京楽 CRぱちんこ爽快 美空ひばり 不死鳥伝説 枠色不問 中古パチンコ実機 [枠名：新スタジアム] [4ch対応],92400,售完,https://home-slot.net/SHOP/p-kyoraku17.html
966,CRぱちんこ真田純勇士う ゙ぃくとり~M K,,ニューギン,ホームスロット,ニューギン CRぱちんこ真田純勇士う゛ぃくとり～M-K 中古パチンコ実機,52600,售完,https://home-slot.net/SHOP/p-newgin143.html
967,CRひぐらしのなく頃に~叫~259Ver.,,大一,ホームスロット,大一 CRひぐらしのなく頃に～叫～259Ver. 中古パチンコ実機 [枠名：イマジネーション プラス] [4ch対応],64000,售完,https://home-slot.net/SHOP/p-daiichi107.html
968,CRひぐらしのなく頃に~叫~319Ver.,,大一,ホームスロット,大一 CRひぐらしのなく頃に～叫～319Ver. 中古パチンコ実機 [枠名：イマジネーション プラス] [4ch対応],86000,售完,https://home-slot.net/SHOP/p-daiichi106.html
969,CRめぞん一刻~好きなのに...~299ver.,,平和,ホームスロット,平和 ＣＲめぞん一刻～好きなのに…～299ｖｅｒ． 中古パチンコ実機,101000,售完,https://home-slot.net/SHOP/p-heiwa123.html
970,CRめぞん一刻~好きなのに...~392ver.,,平和,ホームスロット,平和 ＣＲめぞん一刻～好きなのに…～392ｖｅｒ． 中古パチンコ実機,59000,售完,https://home-slot.net/SHOP/p-heiwa122.html
971,CRめぞん一刻~好きなのに...~99.9ver.,,平和,ホームスロット,平和 CRめぞん一刻～好きなのに…～99.9ver. 中古パチンコ実機,86000,售完,https://home-slot.net/SHOP/p-heiwa129.html
972,CRサイボーグ009~未知なる加速へ~M T,,ニューギン,ホームスロット,ニューギン CRサイボーグ009～未知なる加速へ～M－T 中古パチンコ実機,65300,售完,https://home-slot.net/SHOP/p-newgin27.html
973,CRザ キング オブ ファイターズ99ver.,,大一,ホームスロット,大一 CRザ・キング・オブ・ファイターズ99ver. 中古パチンコ実機,101000,售完,https://home-slot.net/SHOP/p-daiichi91.html
974,CRシティーハンター~合言葉はXYZ~9AV,,平和,ホームスロット,平和 CRシティーハンター～合言葉はXYZ～9AV 中古パチンコ実機 [枠名：ルピナスハート] [4ch対応],69100,售完,https://home-slot.net/SHOP/p-heiwa92.html
975,CRデラックス海物語HMB 2ch対応,,SANYO,ホームスロット,SANYO CRデラックス海物語HMB 中古パチンコ実機 [枠名：クジラッキー] [2ch対応],252500,售完,https://home-slot.net/SHOP/p-sanyo58.html
976,CRデラックス海物語MMC 2ch対応,,SANYO,ホームスロット,SANYO CRデラックス海物語MMC 枠色不問 中古パチンコ実機 [枠名：クジラッキー] [2ch対応],66600,售完,https://home-slot.net/SHOP/p-sanyo59.html
977,CRバイオハザード0 ライトミドルタイプ,,大一,ホームスロット,大一 CRバイオハザード0 ライトミドルタイプ 中古パチンコ実機,89800,售完,https://home-slot.net/SHOP/p-daiichi79.html
979,CRフィーバーa nation159ver.,,SANKYO,ホームスロット,SANKYO CRフィーバーa-nation159ver. 中古パチンコ実機,86000,售完,https://home-slot.net/SHOP/p-sankyo129.html
980,CRフィーバーa nation319ver.,,SANKYO,ホームスロット,SANKYO CRフィーバーa-nation319ver. 中古パチンコ実機,101000,售完,https://home-slot.net/SHOP/p-sankyo128.html
981,CRフィーバータイガーマスク2 甘デジタイプ,,SANKYO,ホームスロット,SANKYO CRフィーバータイガーマスク2 甘デジタイプ 中古パチンコ実機,107300,售完,https://home-slot.net/SHOP/p-sankyo87.html
982,CRフィーバー バイオハザード リベレーションズ,,SANKYO,ホームスロット,SANKYO CRフィーバー バイオハザード リベレーションズ 枠色不問 中古パチンコ実機,65300,售完,https://home-slot.net/SHOP/p-sankyo208.html
984,CRプレミアム海物語GO楽 2ch対応,,SANYO,ホームスロット,SANYO CRプレミアム海物語GO楽 中古パチンコ実機 [枠名：クジラッキー] [2ch対応],71600,售完,https://home-slot.net/SHOP/p-sanyo49.html
985,CRプレミアム海物語ゴールド 2ch対応,,SANYO,ホームスロット,SANYO CRプレミアム海物語ゴールド 中古パチンコ実機 [枠名：クジラッキー] [2ch対応],86000,售完,https://home-slot.net/SHOP/p-sanyo41.html
986,CRミニミニモンスター3 イナズマVer.,,竹屋,ホームスロット,竹屋 CRミニミニモンスター3 イナズマVer. 中古パチンコ実機 [枠名：竹屋枠（MrBean～）] [4ch対応],65300,售完,https://home-slot.net/SHOP/p-takeya11.html
987,CRルパン三世 World is mine,,平和,ホームスロット,平和 CRルパン三世 World is mine 枠色不問 中古パチンコ実機 [枠名：ルピナスハート] [4ch対応],216200,售完,https://home-slot.net/SHOP/p-heiwa82.html
988,CR一世風靡セピア~前略 道の上より~L K,,ニューギン,ホームスロット,ニューギン CR一世風靡セピア～前略、道の上より～L－K 中古パチンコ実機,44074,售完,https://home-slot.net/SHOP/p-newgin71.html
990,CR加山雄三~海とエレキと若大将~MTJ,,SANYO,ホームスロット,SANYO CR加山雄三～海とエレキと若大将～MTJ 中古パチンコ実機,92400,售完,https://home-slot.net/SHOP/p-sanyo2.html
991,CR南国育ちinHAWAII H2AZ,,平和,ホームスロット,平和 CR南国育ちinHAWAII H2AZ 中古パチンコ実機 [枠名：ルピナスハート] [4ch対応],37250,售完,https://home-slot.net/SHOP/p-heiwa88.html
992,CR地獄少女 弐 きくりの地獄祭りFPA,,藤商事,ホームスロット,藤商事 CR地獄少女 弐 きくりの地獄祭りFPA 中古パチンコ実機 [枠名：エアーキャノン] [8ch対応],52600,售完,https://home-slot.net/SHOP/p-fuji123.html
993,CR新大江戸日記~月夜に咲く華~MR TG,,ニューギン,ホームスロット,ニューギン CR新大江戸日記～月夜に咲く華～MR－TG 中古パチンコ実機,62800,售完,https://home-slot.net/SHOP/p-newgin47.html
994,CR機動警察パトレイバー マックスタイプ,,SANYO,ホームスロット,SANYO CR機動警察パトレイバー マックスタイプ 中古パチンコ実機 [枠名：イルミオ] [4ch対応],65300,售完,https://home-slot.net/SHOP/p-sanyo88.html
995,CR機動警察パトレイバー 強ミドルタイプ,,SANYO,ホームスロット,SANYO CR機動警察パトレイバー 強ミドルタイプ 中古パチンコ実機 [枠名：イルミオ] [4ch対応],52600,售完,https://home-slot.net/SHOP/p-sanyo87.html
996,CR江戸の始末屋 最強新日烈伝 H7AZ,,平和,ホームスロット,平和 CR江戸の始末屋－最強新日烈伝－H7AZ 中古パチンコ実機 [枠名：ルピナスX] [4ch対応],62800,售完,https://home-slot.net/SHOP/p-heiwa68.html
997,CR萌え萌え大戦争ぱちんこば~んFPS,,藤商事,ホームスロット,藤商事 CR萌え萌え大戦争ぱちんこば～んFPS 中古パチンコ実機 [枠名：エアーキャノン] [8ch対応],92400,售完,https://home-slot.net/SHOP/p-fuji145.html
998,CR雀鬼~桜井章一伝説~Light ver.,,大一,ホームスロット,大一 CR雀鬼～桜井章一伝説～Light ver. 中古パチンコ実機,101000,售完,https://home-slot.net/SHOP/p-daiichi87.html
999,CR黄門ちゃま~神盛JUDGEMENT~,,平和,ホームスロット,平和 CR黄門ちゃま～神盛JUDGEMENT～ 中古パチンコ実機,62800,售完,https://home-slot.net/SHOP/p-heiwa166.html
1000,D light うしおととら~超獣SPEC~,P,,ホームスロット,D-light Pうしおととら～超獣SPEC～ 中古パチンコ実機 [枠名：ルナーレス うしおととら２],57600,有貨,https://home-slot.net/SHOP/p-dlight216.html
1001,D light カケグルイ 7500ver.,スマパチ,,ホームスロット,D-light eカケグルイ 7500ver. 中古パチンコ実機 [スマパチ] [枠名：Cygnus+] [4ch対応],178600,有貨,https://home-slot.net/SHOP/p-dlight243.html
1008,KPE マジカルハロウィン5 マジハロ5,,,A-SLOT,KPE マジカルハロウィン5 [マジハロ5] 中古パチスロ実機 [8ch対応],55300,有貨,https://www.a-slot.com/SHOP/kpe53.html
1010,PAさくらももこ劇場コジコジ2N2 K,,ニューギン,ホームスロット,ニューギン PAさくらももこ劇場コジコジ2N2-K 枠色不問 中古パチンコ実機,65300,有貨,https://home-slot.net/SHOP/p-newgin210.html
1011,PA ガンスリンガー ストラトス 遊撃ver.,,大都技研,ホームスロット,大都技研 PA ガンスリンガー ストラトス 遊撃ver. 枠色不問 中古パチンコ実機,65300,有貨,https://home-slot.net/SHOP/p-daito205.html
1012,PAスーパー海物語IN地中海2 2ch対応,,SANYO,ホームスロット,SANYO PAスーパー海物語IN地中海2 中古パチンコ実機 [枠名：クリスタルシェル] [2ch対応],157300,有貨,https://home-slot.net/SHOP/p-sanyo252.html
1013,PA海物語3R2スペシャル 2ch対応,,SANYO,ホームスロット,SANYO PA海物語3R2スペシャル 枠色不問 中古パチンコ実機 [枠名：マリンシェル] [2ch対応],64000,有貨,https://home-slot.net/SHOP/p-sanyo233.html
1014,PA真 花の慶次2 漆黒の衝撃 99ver.,,ニューギン,ホームスロット,ニューギン PA真・花の慶次2 漆黒の衝撃 99ver. 中古パチンコ実機 [枠名：ReLf] [4ch対応],52600,有貨,https://home-slot.net/SHOP/p-newgin259.html
1015,P JAWS3 SHARK PANIC~深淵~,,平和,ホームスロット,平和 P JAWS3 SHARK PANIC～深淵～ 中古パチンコ実機 [枠名：BLAST ＪＡＷＳ３] [8ch対応],70300,售完,https://home-slot.net/SHOP/p-heiwa221.html
1017,SanThree CRおそ松くんYSA,,,ホームスロット,SanThree CRおそ松くんYSA 中古パチンコ実機,65300,售完,https://home-slot.net/SHOP/p-santhree8.html
1018,SanThree CRヤッターマンYMA,,,ホームスロット,SanThree CRヤッターマンYMA 中古パチンコ実機,71600,售完,https://home-slot.net/SHOP/p-santhree20.html
1019,SanThree CR新清流物語YMB,,,ホームスロット,SanThree CR新清流物語YMB 中古パチンコ実機,52600,售完,https://home-slot.net/SHOP/p-santhree13.html
1020,SanThree CR清流物語3WCB,,,ホームスロット,SanThree CR清流物語3WCB 中古パチンコ実機,65300,售完,https://home-slot.net/SHOP/p-santhree201.html
1021,SanThree CR無双OROCHI,,,ホームスロット,SanThree CR無双OROCHI 中古パチンコ実機,86000,售完,https://home-slot.net/SHOP/p-santhree31.html
1023,SanThree ちょいパチ清流物語3,P,,ホームスロット,SanThree Pちょいパチ清流物語3 枠色不問 中古パチンコ実機,71600,售完,https://home-slot.net/SHOP/p-santhree206.html
1027,ぱちんこAKB48 桜 LIGHT ver.,,京楽,ホームスロット,京楽 ぱちんこAKB48 桜 LIGHT ver. 中古パチンコ実機 [枠名：Ｐ ＡＫＢ桜ＭＡ５専用枠] [8ch対応],61400,有貨,https://home-slot.net/SHOP/p-kyoraku217.html
1028,ぱちんこCR神獣王ライトミドルver.,,Sammy,ホームスロット,サミー ぱちんこCR神獣王ライトミドルver. 中古パチンコ実機 [枠名：転生] [4ch対応],61388,售完,https://home-slot.net/SHOP/p-sammy58.html
1030,ぱちんこ 仮面ライダーGO ON LIGHT,,京楽,ホームスロット,京楽 ぱちんこ 仮面ライダーGO-ON LIGHT 中古パチンコ実機 [枠名：ライダー轟音甘デジ] [8ch対応],52600,售完,https://home-slot.net/SHOP/p-kyoraku218.html
1031,アミューズメント ぱちんこG1優駿倶楽部,,KONAMI,ホームスロット,コナミアミューズメント ぱちんこG1優駿倶楽部 中古パチンコ実機 [枠名：プラチナティアラ] [4ch対応],59000,售完,https://home-slot.net/SHOP/p-konami205.html
1033,アムテックス CRタコラッシュミニS2,,,ホームスロット,アムテックス CRタコラッシュミニS2 中古パチンコ実機 [枠名：ルピナス] [4ch対応],52600,售完,https://home-slot.net/SHOP/p-amutex1.html
1034,アムテックス CR綱取物語~横綱7戦全力~,,,ホームスロット,アムテックス CR綱取物語～横綱7戦全力～ 中古パチンコ実機 [枠名：アムテックスGOLDENROCK] [4ch対応],52600,售完,https://home-slot.net/SHOP/p-amutex200.html
1035,アムテックス ポチッと一発!おだてブタ2,P,,ホームスロット,アムテックス Pポチッと一発！おだてブタ2 中古パチンコ実機 [枠名：パプリカ おだてブタ] [8ch対応],750000,有貨,https://home-slot.net/SHOP/p-amutex239.html
1036,エース電研 CRイタズラなKiss KRX+,,,ホームスロット,エース電研 CRイタズラなKiss KRX+ 中古パチンコ実機 [枠名：AX] [4ch対応],43988,售完,https://home-slot.net/SHOP/p-ace22.html
1037,エース電研 CR上へまいりま~す4 SR4V,,,ホームスロット,エース電研 CR上へまいりま～す4 SR4V 中古パチンコ実機 [枠名：フレイムフレーム] [4ch対応],65300,售完,https://home-slot.net/SHOP/p-ace31.html
1038,エマ めんそーれ30 2004年 雷電パネル,4号機,,A-SLOT,【4号機】エマ めんそーれ30「2004年」 雷電パネル 中古パチスロ実機 [4ch対応],135000,售完,https://www.a-slot.com/SHOP/ema2.html
1039,オーイズミ ドリームクルーンULTIMATE,P,,ホームスロット,オーイズミ PドリームクルーンULTIMATE 中古パチンコ実機 [枠名：R5-MODEL],59000,售完,https://home-slot.net/SHOP/p-oizumi200.html
1040,オーイズミ ラストエグザイル 銀翼のファム,,,ホームスロット,オーイズミ パチスロ ラストエグザイル－銀翼のファム－ 中古パチスロ実機 [8ch対応][まるごと配送限定],41500,售完,https://home-slot.net/SHOP/s-oizumi27.html
1043,サンセイ CRA衝撃ゴウライガンRR Y,,,ホームスロット,サンセイ CRA衝撃ゴウライガンRR-Y 中古パチンコ実機 [枠名：V-Savior（ブイセイバー）] [4ch対応],52600,售完,https://home-slot.net/SHOP/p-SANSEI81.html
1044,サンセイ CRファナティックバトルSK,,,ホームスロット,サンセイ CRファナティックバトルSK 中古パチンコ実機 [枠名：G・GATE] [4ch対応],39084,售完,https://home-slot.net/SHOP/p-SANSEI20.html
1046,サンセイ CR牙狼GOLDSTORM翔,,,ホームスロット,サンセイ CR牙狼GOLDSTORM翔 中古パチンコ実機 [枠名：金翔] [4ch対応],91000,有貨,https://home-slot.net/SHOP/p-SANSEI98.html
1048,サンセイ PAキャプテン翼 石崎バージョン,,,ホームスロット,サンセイ PAキャプテン翼 石崎バージョン 中古パチンコ実機 [枠名：ライジングサンセイ] [4ch対応],92400,售完,https://home-slot.net/SHOP/p-SANSEI226.html
1049,サンセイ PAキャプテン翼 雷獣バージョン,,,ホームスロット,サンセイ PAキャプテン翼 雷獣バージョン 中古パチンコ実機 [枠名：ライジングサンセイ] [4ch対応],92400,售完,https://home-slot.net/SHOP/p-SANSEI209.html
1050,サンセイ ようこそ実力至上主義の教室へ,スマパチ,,ホームスロット,サンセイ eようこそ実力至上主義の教室へ 中古パチンコ実機 [スマパチ] [枠名：eV-LIGHT] [4ch対応],155900,有貨,https://home-slot.net/SHOP/p-sansei264.html
1051,ジェイビー CRパッションモンスターHZJ,,,ホームスロット,ジェイビー CRパッションモンスターHZJ 中古パチンコ実機,52600,售完,https://home-slot.net/SHOP/p-jb8.html
1052,ジェイビー CRパトラッシュJ GREEN,,,ホームスロット,ジェイビー CRパトラッシュJ GREEN 中古パチンコ実機,52600,售完,https://home-slot.net/SHOP/p-jb17.html
1053,ジャンキージャグラー パネル不問 2ch対応,,北電子,A-SLOT,【お取り寄せ商品】北電子 ジャンキージャグラー パネル不問 中古パチスロ実機 [2ch対応],108500,有貨,https://www.a-slot.com/SHOP/kitadensi12.html
1055,スーパー海物語 IN JAPAN2 2ch対応,P,SANYO,ホームスロット,SANYO Pスーパー海物語 IN JAPAN2 中古パチンコ実機 [枠名：マリンシェル] [2ch対応],57600,售完,https://home-slot.net/SHOP/p-sanyo206.html
1058,タイヨーエレック CRAひかる源氏 MTX,,,ホームスロット,タイヨーエレック CRAひかる源氏 MTX 中古パチンコ実機,43463,售完,https://home-slot.net/SHOP/p-taiyo22.html
1059,タイヨーエレック CRハムナプトラ KSZ,,,ホームスロット,タイヨーエレック CRハムナプトラ KSZ 中古パチンコ実機,59000,售完,https://home-slot.net/SHOP/p-taiyo4.html
1060,タイヨーエレック CR兎 野性の闘牌 LSX,,,ホームスロット,タイヨーエレック CR兎－野性の闘牌－LSX 中古パチンコ実機,52600,售完,https://home-slot.net/SHOP/p-taiyo31.html
1061,タイヨーエレック CR兎 野性の闘牌 MSZ,,,ホームスロット,タイヨーエレック CR兎－野性の闘牌－MSZ 中古パチンコ実機,66600,售完,https://home-slot.net/SHOP/p-taiyo32.html
1062,タイヨーエレック 北斗の拳 無想転生パネル,スマスロ,,ホームスロット,タイヨーエレック スマスロ北斗の拳[無想転生パネル] 中古パチスロ実機 [スマスロ] [8ch対応],64100,售完,https://home-slot.net/SHOP/s-taiyo_elec207.html
1063,ターミネーター2~連撃FULL AUTO VER.~,P,平和,ホームスロット,平和 Pターミネーター2～連撃FULL AUTO VER.～ 中古パチンコ実機,59000,有貨,https://home-slot.net/SHOP/p-heiwa209.html
1064,デジハネCRハクション大魔王4STK,,Sammy,ホームスロット,サミー デジハネCRハクション大魔王4STK 中古パチンコ実機 [枠名：転生] [4ch対応],52600,售完,https://home-slot.net/SHOP/p-sammy71.html
1065,デジハネCR北斗の拳慈母 ユリア 甘デジ,,Sammy,ホームスロット,サミー デジハネCR北斗の拳慈母（ユリア） 【甘デジ】 中古パチンコ実機 [枠名：聖（クロス）] [4ch対応],86000,售完,https://home-slot.net/SHOP/p-sammy43.html
1066,デジハネCR聖戦士ダンバインSWDA,,Sammy,ホームスロット,サミー デジハネCR聖戦士ダンバインSWDA 中古パチンコ実機 [枠名：転生] [4ch対応],81600,售完,https://home-slot.net/SHOP/p-sammy81.html
1067,デジハネP七つの大罪 エリザベスVer.,,Sammy,ホームスロット,サミー デジハネP七つの大罪 エリザベスVer. 中古パチンコ実機 [枠名：闘神] [4ch対応],52600,售完,https://home-slot.net/SHOP/p-sammy216.html
1068,デビルメイクライ4 アウトオブリミット,P,メーシー,ホームスロット,メーシー Pデビルメイクライ4 アウトオブリミット 中古パチンコ実機,52600,售完,https://home-slot.net/SHOP/p-macy206.html
1070,ニューアイムジャグラーEX KT パネル不問,,北電子,A-SLOT,北電子 ニューアイムジャグラーEX-KT パネル不問 中古パチスロ実機 [4ch対応],45100,售完,https://www.a-slot.com/SHOP/kitadenshi68_zzz.html
1071,ニューキングハナハナ 30 ブラックパネル,,パイオニア,A-SLOT,パイオニア ニューキングハナハナ－30 ブラックパネル 中古パチスロ実機 [4ch対応],78500,售完,https://www.a-slot.com/SHOP/pioneer28_black.html
1076,パワフルアドベンチャーZ6 メインパネル,,SANKYO,A-SLOT,SANKYO パワフルアドベンチャーZ6 メインパネル 中古パチスロ実機 [4ch対応],45100,售完,https://www.a-slot.com/SHOP/sankyo17.html
1079,ビスティ ウルトラマンウォーズ 2ch対応,,,A-SLOT,【お取り寄せ商品】ビスティ ウルトラマンウォーズ 中古パチスロ実機 [2ch対応],57800,有貨,https://www.a-slot.com/SHOP/sankyo72.html
1084,ビスティ フィーバー革命機ヴァルヴレイヴ3,P,,ホームスロット,ビスティ Pフィーバー革命機ヴァルヴレイヴ3 中古パチンコ実機 [枠名：フリーダム] [4ch対応],65300,有貨,https://home-slot.net/SHOP/p-bisty232.html
1085,ビスティ 宇宙戦艦ヤマト2202 超波動,P,,ホームスロット,ビスティ P宇宙戦艦ヤマト2202 超波動 中古パチンコ実機 [枠名：ビスティフリーダム] [4ch対応],52600,有貨,https://home-slot.net/SHOP/p-bisty236.html
1086,ビーストサップ イラストパネル 2ch対応,4号機,エレコ,A-SLOT,【4号機】エレコ ビーストサップ イラストパネル 中古パチスロ実機 [2ch対応],41400,售完,https://www.a-slot.com/SHOP/eleco_beastsapp.html
1087,ファイナルサマーセール 呪怨 No.56561,,藤商事,A-SLOT,【ファイナルサマーセール】藤商事 パチスロ呪怨 中古パチスロ実機 No.56561,56500,有貨,https://www.a-slot.com/SHOP/fuji18_z.html
1088,ファイナルサマーセール 青鬼 No.29966,,オリンピア,A-SLOT,【ファイナルサマーセール】オリンピア パチスロ 青鬼 中古パチスロ実機 [8ch対応]No.29966,45100,有貨,https://www.a-slot.com/SHOP/heiwa209_z.html
1089,フィーバーアクエリオンW 気持ちいい~!ver.,P,SANKYO,ホームスロット,SANKYO PフィーバーアクエリオンW 気持ちいい～！ver. 中古パチンコ実機,65300,售完,https://home-slot.net/SHOP/p-sankyo225.html
1090,フィーバー戦姫絶唱シンフォギア3黄金絶唱,P,SANKYO,ホームスロット,SANKYO Pフィーバー戦姫絶唱シンフォギア3黄金絶唱 枠色不問 中古パチンコ実機 [4ch対応],78600,售完,https://home-slot.net/SHOP/p-sankyo260.html
1092,マルホン CR大シャカRUSH7 KCL,,,ホームスロット,マルホン CR大シャカRUSH7 KCL 枠色不問 中古パチンコ実機,65300,售完,https://home-slot.net/SHOP/p-maruhon33.html
1095,交響詩篇エウレカセブン ANEMONE,P,Sammy,ホームスロット,サミー P交響詩篇エウレカセブン ANEMONE 中古パチンコ実機 [枠名：真焔] [4ch対応],52600,售完,https://home-slot.net/SHOP/p-sammy241.html
1100,極閃ぱちんこ CRうしおととら1900,,大一,ホームスロット,大一 極閃ぱちんこ CRうしおととら1900 中古パチンコ実機 [枠名：イマジネーション プラス] [4ch対応],86000,售完,https://home-slot.net/SHOP/p-daiichi203.html
1101,極閃ぱちんこ CRうしおととら2700,,大一,ホームスロット,大一 極閃ぱちんこ CRうしおととら2700 中古パチンコ実機 [枠名：イマジネーション プラス] [4ch対応],52600,售完,https://home-slot.net/SHOP/p-daiichi113.html
1102,極閃ぱちんこ CRうしおととら3200,,大一,ホームスロット,大一 極閃ぱちんこ CRうしおととら3200 中古パチンコ実機 [枠名：イマジネーション プラス] [4ch対応],52600,售完,https://home-slot.net/SHOP/p-daiichi112.html
1103,西陣 CR ALL2025 with 100,,,ホームスロット,西陣 CR ALL2025 with 100 中古パチンコ実機,52600,售完,https://home-slot.net/SHOP/p-nishijinn122.html
1104,西陣 CR交響詩篇エウレカセブンF 白枠,,,ホームスロット,西陣 CR交響詩篇エウレカセブンF 白枠 中古パチンコ実機,40844,售完,https://home-slot.net/SHOP/p-nishijinn18.html
1106,西陣 PAモモキュンtheドラム GLA,,,ホームスロット,西陣 PAモモキュンtheドラム GLA 枠色不問 中古パチンコ実機,52600,售完,https://home-slot.net/SHOP/p-nishijinn208.html
1109,豊丸 CRAバーストエンジェル VV 甘デジ,,,ホームスロット,豊丸 CRAバーストエンジェル VV （甘デジ） 中古パチンコ実機,171000,售完,https://home-slot.net/SHOP/p-toyomaru4.html
1110,豊丸 CRウィッチブレイド 399WST,,,ホームスロット,豊丸 CRウィッチブレイド 399WST 枠色不問 中古パチンコ実機,42444,售完,https://home-slot.net/SHOP/p-toyomaru21.html
1111,豊丸 CRコマコマ倶楽部@エイジセレクト,,,ホームスロット,豊丸 CRコマコマ倶楽部＠エイジセレクト 中古パチンコ実機,52600,售完,https://home-slot.net/SHOP/p-toyomaru202.html
1112,豊丸 CRナポレオン 獅子の時代 ZIII,,,ホームスロット,豊丸 CRナポレオン－獅子の時代－ZIII 中古パチンコ実機,70556,售完,https://home-slot.net/SHOP/p-toyomaru20.html
1114,銀座 甲鉄城のカバネリ 319 覚醒Ver.,P,,ホームスロット,銀座 P甲鉄城のカバネリ 319 覚醒Ver. 中古パチンコ実機 [枠名：真焔 甲鉄城のカバネリＧＦＢ] [4ch対応],137000,有貨,https://home-slot.net/SHOP/p-ginza203.html
1115,高尾 CR弾球黙示録カイジ2 兵藤 甘デジ,,,ホームスロット,高尾 CR弾球黙示録カイジ2 兵藤 甘デジ 中古パチンコ実機,52600,售完,https://home-slot.net/SHOP/p-takao43.html
1116,高尾 CR弾球黙示録カイジ沼2 人喰い沼,,,ホームスロット,高尾 CR弾球黙示録カイジ沼2 人喰い沼 中古パチンコ実機,186300,售完,https://home-slot.net/SHOP/p-takao47.html
1117,高尾 CR弾球黙示録カイジ沼2 欲望の沼,,,ホームスロット,高尾 CR弾球黙示録カイジ沼2 欲望の沼 中古パチンコ実機,40407,售完,https://home-slot.net/SHOP/p-takao49.html
1118,高尾 P ROKUROKU 6000Ver.,,,ホームスロット,高尾 P ROKUROKU 6000Ver. 枠色不問 中古パチンコ実機,52600,售完,https://home-slot.net/SHOP/p-takao216.html
1119,高尾 らんま1 2 熱血格闘遊戯 99Ver.,P,,ホームスロット,高尾 Pらんま1／2 熱血格闘遊戯 99Ver. 中古パチンコ実機,71600,售完,https://home-slot.net/SHOP/p-takao243.html
1120,高尾 クイーンズブレイド3 ナナエルVer.,P,,ホームスロット,高尾 Pクイーンズブレイド3 ナナエルVer. 枠色不問 中古パチンコ実機,57600,有貨,https://home-slot.net/SHOP/p-takao219.html
1121,高尾 安心ぱちんこキレパンダinリゾート,P,,ホームスロット,高尾 P安心ぱちんこキレパンダinリゾート 枠色不問 中古パチンコ実機,71600,售完,https://home-slot.net/SHOP/p-takao226.html
1122,高尾 弾球黙示録カイジ沼4 ざわっ...Ver.,P,,ホームスロット,高尾 P弾球黙示録カイジ沼4 ざわっ…Ver. 中古パチンコ実機,52600,售完,https://home-slot.net/SHOP/p-takao220.html
1123,高尾 弾球黙示録カイジ沼4 カイジVer.,P,,ホームスロット,高尾 P弾球黙示録カイジ沼4 カイジVer. 枠色不問 中古パチンコ実機,62800,售完,https://home-slot.net/SHOP/p-takao214.html
1124,高尾 閃乱カグラ2 パイまみれ99Ver.,P,,ホームスロット,高尾 P閃乱カグラ2 パイまみれ99Ver. 中古パチンコ実機,71600,售完,https://home-slot.net/SHOP/p-takao231.html
1125,2号機 キューティーフルーツS No.5998,,Sammy,A-SLOT,【2号機】サミー キューティーフルーツS 中古パチスロ実機 No.5998,70200,售完,https://www.a-slot.com/SHOP/sammy_cutyfruits_kasugai.html
1126,3号機 スーパープラネット ホワイトパネル,,山佐,A-SLOT,【3号機】山佐 スーパープラネット ホワイトパネル 中古パチスロ実機,89000,有貨,https://www.a-slot.com/SHOP/yamasa_superplanett_white.html
1128,BON JOVI ボンジョビ 2ch対応,,北電子,A-SLOT,北電子 BON JOVI（ボンジョビ） 中古パチスロ実機 [2ch対応],78500,售完,https://www.a-slot.com/SHOP/kitadenshi27.html
1129,CR0009 RE CYBORG S K1,,ニューギン,ホームスロット,ニューギン CR0009 RE:CYBORG S-K1 中古パチンコ実機,52600,售完,https://home-slot.net/SHOP/p-newgin133.html
1130,CR009 RE CYBORG S2R K,,ニューギン,ホームスロット,ニューギン ＣＲ００９ ＲＥ：ＣＹＢＯＲＧ Ｓ２Ｒ－Ｋ 中古パチンコ実機,89800,售完,https://home-slot.net/SHOP/p-newgin108.html
1131,CRA宇宙戦艦ヤマト2 FPW 甘デジ,,藤商事,ホームスロット,藤商事 CRA宇宙戦艦ヤマト2 FPW（甘デジ） 枠色不問 中古パチンコ実機 [枠名：オーバルワン] [4ch対応],58334,售完,https://home-slot.net/SHOP/p-huji16.html
1132,CRA牙狼金色になれ~ザルバとの契約~,,,ホームスロット,CRA牙狼金色になれ～ザルバとの契約～ 中古パチンコ実機 [枠名：ザルバ] [4ch対応],92400,售完,https://home-slot.net/SHOP/p-SANSEI82.html
1133,CRFマクロスフロンティア 魂 キラッ☆,,SANKYO,ホームスロット,SANKYO CRFマクロスフロンティア 魂 キラッ☆ 枠色不問 中古パチンコ実機,57700,售完,https://home-slot.net/SHOP/p-sankyo60.html
1134,CR RAVEエンドレスバトルFPS,,藤商事,ホームスロット,藤商事 CR RAVEエンドレスバトルFPS 枠色不問 中古パチンコ実機 [枠名：クリスタルファイヤー] [4ch対応],39287,售完,https://home-slot.net/SHOP/p-fuji63.html
1135,CRぱちんこ冬のソナタ M62TF2,,京楽,ホームスロット,京楽 CRぱちんこ冬のソナタ M62TF2 枠色不問 中古パチンコ実機 [枠名：ビッグバン],302600,售完,https://home-slot.net/SHOP/p-kyoraku5.html
1136,CRびっくりぱちんこ 爽快 水戸黄門2,,京楽,ホームスロット,京楽 CRびっくりぱちんこ 爽快 水戸黄門2 枠色不問 中古パチンコ実機 [枠名：新スタジアム] [4ch対応],154800,售完,https://home-slot.net/SHOP/p-kyoraku36.html
1137,CRびっくりぱちんこ銀河鉄道999,,京楽,ホームスロット,京楽 CRびっくりぱちんこ銀河鉄道999 枠色不問 中古パチンコ実機 [枠名：新スタジアム] [4ch対応],41935,售完,https://home-slot.net/SHOP/p-kyoraku51.html
1138,CRまわるん 釣りバカ日誌~真鯛編~YD,,SANYO,ホームスロット,SANYO CRまわるんパチンコ釣りバカ日誌～真鯛編～YD 中古パチンコ実機 [枠名：イルミオ] [4ch対応],59000,售完,https://home-slot.net/SHOP/p-sanyo79.html
1139,CRめぞん一刻~桜の下で~9AU 甘デジ,,平和,ホームスロット,平和 CRめぞん一刻～桜の下で～9AU 甘デジ 中古パチンコ実機 [枠名：ルピナスハート] [4ch対応],71600,售完,https://home-slot.net/SHOP/p-heiwa75.html
1140,CRコブラ~追憶のシンフォニア~N2 T,,ニューギン,ホームスロット,ニューギン CRコブラ～追憶のシンフォニア～N2-T 中古パチンコ実機,52600,售完,https://home-slot.net/SHOP/p-newgin158.html
1141,CRジュラシックパークMAX FPF1,,藤商事,ホームスロット,藤商事 CRジュラシックパークMAX FPF1 中古パチンコ実機 [枠名：オーバルワン] [4ch対応],216200,售完,https://home-slot.net/SHOP/p-huji2.html
1142,CRスーパー海物語 IN 沖縄3 桜マックス,,SANYO,ホームスロット,SANYO CRスーパー海物語 IN 沖縄3 桜マックス 中古パチンコ実機 [枠名：イルミオ] [4ch対応],226300,售完,https://home-slot.net/SHOP/p-sanyo74.html
1143,CRデッドオアアライブ 分割配送不可,,大一,ホームスロット,大一 パチンコCRデッドオアアライブ 中古パチンコ実機 [分割配送不可],37250,售完,https://home-slot.net/SHOP/p-daiichi51.html
1144,CRドラセグ199ver. 2ch対応,,SANYO,ホームスロット,SANYO CRドラセグ199ver. 中古パチンコ実機 [枠名：ペガサスウィング] [2ch対応],71600,售完,https://home-slot.net/SHOP/p-sanyo67.html
1145,CRバジリスク~甲賀忍法帖~弦之介の章,,メーシー,ホームスロット,メーシー CRバジリスク～甲賀忍法帖～弦之介の章 中古パチンコ実機,65300,售完,https://home-slot.net/SHOP/p-macy11.html
1146,CRバットマン 灼熱のゴッサムシティ,,メーシー,ホームスロット,メーシー ＣＲバットマン 灼熱のゴッサムシティ 中古パチンコ実機 [枠名：BLACK IMPACT] [4ch対応],22700,售完,https://home-slot.net/SHOP/p-macy1.html
1147,CRフィーバーa nation99ver.,,SANKYO,ホームスロット,SANKYO CRフィーバーa-nation99ver. 枠色不問 中古パチンコ実機,59000,售完,https://home-slot.net/SHOP/p-sankyo134.html
1149,CRフィーバー創聖のアクエリオン 転翅篇α,,SANKYO,ホームスロット,SANKYO CRフィーバー創聖のアクエリオン 転翅篇α 枠色不問 中古パチンコ実機,116000,售完,https://home-slot.net/SHOP/p-sankyo46.html
1150,CRフィーバー大夏祭り MF T もえVer,,SANKYO,ホームスロット,SANKYO CRフィーバー大夏祭り MF－T もえVer 中古パチンコ実機,86000,售完,https://home-slot.net/SHOP/p-sankyo5.html
1151,CRフィーバー覇王伝 零 これで終わり ??魂7,,SANKYO,ホームスロット,SANKYO CRフィーバー覇王伝 零 これで終わり・・・・??魂7 中古パチンコ実機,39287,售完,https://home-slot.net/SHOP/p-sankyo71.html
1152,CRフィーバー超時空要塞マクロスSFW,,SANKYO,ホームスロット,SANKYO CRフィーバー超時空要塞マクロスSFW 中古パチンコ実機,43988,售完,https://home-slot.net/SHOP/p-sankyo19.html
1153,CRマッハGoGoGo GP7000,,七匠,ホームスロット,七匠 CRマッハGoGoGo GP7000 中古パチンコ実機,52600,售完,https://home-slot.net/SHOP/p-nanashow201.html
1154,CRモンスターキャッスルMH60Z2,,竹屋,ホームスロット,竹屋 CRモンスターキャッスルMH60Z2 中古パチンコ実機 [枠名：NS] [4ch対応],52629,售完,https://home-slot.net/SHOP/p-takeya5.html
1155,CRモンスターキャッスルTK60Z2,,竹屋,ホームスロット,竹屋 CRモンスターキャッスルTK60Z2 中古パチンコ実機 [枠名：NS] [4ch対応],51713,售完,https://home-slot.net/SHOP/p-takeya8.html
1156,CR中川翔子~アニソンは世界をつなぐ~,,ニューギン,ホームスロット,ニューギン CR中川翔子～アニソンは世界をつなぐ～ 中古パチンコ実機,71600,售完,https://home-slot.net/SHOP/p-newgin157.html
1157,CR中森明菜 歌姫伝説~恋も二度目なら~,,大一,ホームスロット,大一 CR中森明菜・歌姫伝説～恋も二度目なら～ 中古パチンコ実機,111100,售完,https://home-slot.net/SHOP/p-daiichi30.html
1158,CR吉宗3 越後屋らんどOPENの巻,,大都技研,ホームスロット,大都技研 CR吉宗３ 越後屋らんどOPENの巻 中古パチンコ実機,116000,售完,https://home-slot.net/SHOP/p-daito14.html
1159,CR吉宗4 天昇飛躍の極 219ver.,,大都技研,ホームスロット,大都技研 CR吉宗4 天昇飛躍の極 219ver. 中古パチンコ実機,52600,售完,https://home-slot.net/SHOP/p-daito27.html
1160,CR哲也~雀聖と呼ばれた男~天運Ver,,大一,ホームスロット,大一 CR哲也～雀聖と呼ばれた男～天運Ver 中古パチンコ実機,37963,售完,https://home-slot.net/SHOP/p-daiichi25.html
1161,CR大海物語4 BLACK 2ch対応,,SANYO,ホームスロット,SANYO CR大海物語4 BLACK 中古パチンコ実機 [枠名：マリンシェル] [2ch対応],52600,售完,https://home-slot.net/SHOP/p-sanyo200.html
1162,CR天下一閃?完全突破1600ver.,,大一,ホームスロット,大一 CR天下一閃?完全突破1600ver. 中古パチンコ実機,72900,售完,https://home-slot.net/SHOP/p-daiichi111.html
1164,CR機動警察パトレイバー 99バージョン,,SANYO,ホームスロット,SANYO CR機動警察パトレイバー 99バージョン 中古パチンコ実機 [枠名：イルミオ] [4ch対応],52600,售完,https://home-slot.net/SHOP/p-sanyo101.html
1165,CR百花繚乱 サムライガールズM5AX,,平和,ホームスロット,平和 CR百花繚乱 サムライガールズM5AX 枠色不問 中古パチンコ実機 [枠名：ルピナスハート] [4ch対応],111100,售完,https://home-slot.net/SHOP/p-heiwa104.html
1166,CR秘宝伝 MAX Ver.C2N2 赤枠,,大都技研,ホームスロット,大都技研 CR秘宝伝 MAX Ver.C2N2 赤枠 中古パチンコ実機,41935,售完,https://home-slot.net/SHOP/p-daito4.html
1167,CR秘宝伝 ミドル Ver.C2N6 赤枠,,大都技研,ホームスロット,大都技研 CR秘宝伝 ミドル Ver.C2N6 赤枠 中古パチンコ実機,41935,售完,https://home-slot.net/SHOP/p-daito6.html
1168,CR花の慶次~斬H6‐V プレミアム仕様,,ニューギン,ホームスロット,ニューギン CR花の慶次～斬H6‐V プレミアム仕様 中古パチンコ実機,160900,售完,https://home-slot.net/SHOP/p-newgin4.html
1169,CR遊技性ミリオンアーサー199ver.,,ミズホ,ホームスロット,ミズホ CR遊技性ミリオンアーサー199ver. 中古パチンコ実機 [枠名：Uni-Flame] [4ch対応],92400,售完,https://home-slot.net/SHOP/p-mizuho201.html
1171,D light カケグルイ 219ver.,スマパチ,,ホームスロット,D-light eカケグルイ 219ver. 中古パチンコ実機 [スマパチ] [枠名：Cygnus+] [4ch対応],266100,有貨,https://home-slot.net/SHOP/p-dlight242.html
1172,EXCITE ZETMAN ゼットマン,,,A-SLOT,EXCITE パチスロZETMAN [ゼットマン] 中古パチスロ実機 [4ch対応],78500,售完,https://www.a-slot.com/SHOP/excite18.html
1180,L D4DJ Pachi Slot Mix,スマスロ,京楽,ホームスロット,京楽 L D4DJ Pachi-Slot Mix 中古パチスロ実機 [スマスロ][8ch対応][まるごと配送限定],68500,售完,https://home-slot.net/SHOP/s-kyoraku208.html
1181,NET リオデカーニバル セカンドパネル,4号機,,A-SLOT,【4号機】NET リオデカーニバル セカンドパネル 中古パチスロ実機 [4ch対応],57150,售完,https://www.a-slot.com/SHOP/net36.html
1182,PAストライクウィッチーズ 2ch対応,,SANYO,ホームスロット,SANYO PAストライクウィッチーズ 中古パチンコ実機 [枠名：Ｇ－ＤＲＩＶＥ] [2ch対応],55200,有貨,https://home-slot.net/SHOP/p-sanyo209.html
1183,PAフィーバースーパー戦隊LIGHT ver.,,SANKYO,ホームスロット,SANKYO PAフィーバースーパー戦隊LIGHT ver. 枠色不問 中古パチンコ実機,55200,有貨,https://home-slot.net/SHOP/p-sankyo227.html
1187,SNKプレイモア ドキドキあかずきん,,,ホームスロット,SNKプレイモア ドキドキあかずきん 中古パチスロ実機,48226,售完,https://home-slot.net/SHOP/s-snk9.html
1188,SNKプレイモア 神たま 龍神様Ver,,,ホームスロット,SNKプレイモア 神たま 龍神様Ver 中古パチスロ実機,38599,售完,https://home-slot.net/SHOP/s-snk12.html
1191,ぱちんこCR北斗の拳 HVJT ラオウ,,Sammy,ホームスロット,サミー ぱちんこCR北斗の拳 HVJT ラオウ 中古パチンコ実機 [枠名：焔（ホムラ）] [4ch対応],49371,售完,https://home-slot.net/SHOP/p-sammy2.html
1192,ぱちんこCR真 北斗無双219Ver.,,Sammy,ホームスロット,サミー ぱちんこCR真・北斗無双219Ver. 中古パチンコ実機 [枠名：闘神] [4ch対応],75300,有貨,https://home-slot.net/SHOP/p-sammy93.html
1193,ぱちんこCR鉄のラインバレルLTN,,Sammy,ホームスロット,サミー ぱちんこCR鉄のラインバレルLTN 中古パチンコ実機 [枠名：転生] [4ch対応],59000,售完,https://home-slot.net/SHOP/p-sammy55.html
1194,ぱちんこCR鬼浜 ブッちぎりver. 機,,ベルコ,ホームスロット,ベルコ ぱちんこCR鬼浜 ブッちぎりver. 枠色不問 中古パチンコ実機機 [枠名：駆露夢（クロム)] [4ch対応],59000,售完,https://home-slot.net/SHOP/p-bellco4.html
1195,ぱちんこCR鬼浜 恋セヨ乙女ver. 機,,ベルコ,ホームスロット,ベルコ ぱちんこCR鬼浜 恋セヨ乙女ver. 枠色不問 中古パチンコ実機機 [枠名：駆露夢（クロム)] [4ch対応],86000,售完,https://home-slot.net/SHOP/p-bellco5.html
1196,ぱちんこ 乃木坂46 トレジャースペック,,京楽,ホームスロット,京楽 ぱちんこ 乃木坂46 トレジャースペック 中古パチンコ実機 [枠名：激震 乃木坂４６トレジャー] [8ch対応],52600,售完,https://home-slot.net/SHOP/p-kyoraku226.html
1197,ぱちんこ 仮面ライダー 闇のライダーver.,,京楽,ホームスロット,京楽 ぱちんこ 仮面ライダー 闇のライダーver. 中古パチンコ実機 [枠名：激震 闇のライダー] [8ch対応],76600,售完,https://home-slot.net/SHOP/p-kyoraku223.html
1198,ぱちんこ 劇場版 魔法少女まどか☆マギカ,P,京楽,ホームスロット,京楽 Pぱちんこ 劇場版 魔法少女まどか☆マギカ 中古パチンコ実機 [枠名：まどか☆マギカ専用枠] [4ch対応],57600,有貨,https://home-slot.net/SHOP/p-kyoraku209.html
1207,アミューズメント 実況BINGO倶楽部,,KONAMI,A-SLOT,コナミアミューズメント 実況BINGO倶楽部 中古パチスロ実機 [8ch対応],45100,有貨,https://www.a-slot.com/SHOP/konami201.html
1208,アムテックス CRAトキオプレミアム,,,ホームスロット,アムテックス CRAトキオプレミアム 中古パチンコ実機 [枠名：ＡＭＴルピナスハート] [4ch対応],71600,售完,https://home-slot.net/SHOP/p-amutex7.html
1210,アムテックス CRAビッグシューターゼロ,,,ホームスロット,アムテックス CRAビッグシューターゼロ 中古パチンコ実機 [枠名：ルピナスX] [4ch対応],71600,售完,https://home-slot.net/SHOP/p-amutex5.html
1211,アムテックス CRA祭りだ!サブちゃん,,,ホームスロット,アムテックス ＣＲＡ祭りだ！サブちゃん 枠色不問 中古パチンコ実機 [枠名：ルピナスX] [4ch対応],86000,售完,https://home-slot.net/SHOP/p-amutex6.html
1212,アムテックス e86 エイティシックス,スマパチ,,ホームスロット,アムテックス e86-エイティシックス- 中古パチンコ実機 [スマパチ] [枠名：Neo-Peace],413200,有貨,https://home-slot.net/SHOP/p-amutex253.html
1214,アムテックス トキオブラック4500,P,,ホームスロット,アムテックス Pトキオブラック4500 中古パチンコ実機 [枠名：アムテックスGOLDENROCK] [4ch対応],59000,有貨,https://home-slot.net/SHOP/p-amutex208.html
1215,アムテックス ニュートキオ ハカマタイプ,P,,ホームスロット,アムテックス Pニュートキオ ハカマタイプ 中古パチンコ実機 [枠名：パプリカ] [8ch対応],116000,售完,https://home-slot.net/SHOP/p-amutex221.html
1216,アムテックス 南国育ち~デカパトver.~,P,,ホームスロット,アムテックス P南国育ち～デカパトver.~ 中古パチンコ実機 [枠名：アムテックス王者 南国育ち] [8ch対応],65300,有貨,https://home-slot.net/SHOP/p-amutex210.html
1217,アラジン2エボリューション 復刻パネル,4号機,Sammy,A-SLOT,【4号機】サミー アラジン2エボリューション 復刻パネル 中古パチスロ実機 [4ch対応],64800,有貨,https://www.a-slot.com/SHOP/sammy43.html
1220,アリストクラート 巨人の星3 2ch対応,4号機,,A-SLOT,【4号機】アリストクラート 巨人の星3 中古パチスロ実機 [2ch対応],69820,售完,https://www.a-slot.com/SHOP/aristocrat23.html
1222,アルゼ クランキーコンテスト 2ch対応,4号機,,A-SLOT,【4号機】アルゼ クランキーコンテスト 中古パチスロ実機 [2ch対応],45100,售完,https://www.a-slot.com/SHOP/eleco21.html
1223,アルゼ ビーマックス B MAX 2ch対応,4号機,,A-SLOT,【4号機】アルゼ ビーマックス B-MAX 中古パチスロ実機 [2ch対応],75120,售完,https://www.a-slot.com/SHOP/eleco66.html
1225,エース電研 CR上へまいりま~す4 ELV,,,ホームスロット,エース電研 CR上へまいりま～す4 ELV 中古パチンコ実機 [枠名：フレイムフレーム] [4ch対応],44176,售完,https://home-slot.net/SHOP/p-ace30.html
1226,エース電研 CR上へまいりま~す4 KRX,,,ホームスロット,エース電研 CR上へまいりま～す4 KRX 中古パチンコ実機 [枠名：フレイムフレーム] [4ch対応],116000,售完,https://home-slot.net/SHOP/p-ace37.html
1227,エース電研 CR上へまいりま~す4 PRW,,,ホームスロット,エース電研 CR上へまいりま～す4 PRW 中古パチンコ実機 [枠名：フレイムフレーム] [4ch対応],42444,售完,https://home-slot.net/SHOP/p-ace38.html
1229,オッケー. CRぱちんこGANTZ ガンツ,,,ホームスロット,オッケー. CRぱちんこGANTZ [ガンツ] 中古パチンコ実機 [枠名：オッケー．枠 GANTZ] [4ch対応],86000,售完,https://home-slot.net/SHOP/p-ok8.html
1230,オッケー.CR新世紀ぱちんこベルセルク,,,ホームスロット,オッケー.CR新世紀ぱちんこベルセルク 中古パチンコ実機 [枠名：ブルーインパクトMX1－1] [4ch対応],186300,售完,https://home-slot.net/SHOP/p-ok3.html
1231,オッケー. ぱちんこウルトラセブン超乱舞,,,ホームスロット,オッケー. ぱちんこウルトラセブン超乱舞 中古パチンコ実機 [枠名：激震 ウルトラセブン超乱舞専用枠 ] [8ch対応],61400,售完,https://home-slot.net/SHOP/p-ok205.html
1232,オッケー. ぱちんこ ウルトラマンタロウ2,,,ホームスロット,オッケー. ぱちんこ ウルトラマンタロウ2 中古パチンコ実機 [枠名：激震 ウルトラマンタロウ２ ] [8ch対応],86000,售完,https://home-slot.net/SHOP/p-ok208.html
1233,オッケー. ぱちんこ 魔法少女まどか☆マギカ,,,ホームスロット,オッケー. ぱちんこ 魔法少女まどか☆マギカ 中古パチンコ実機 [枠名：まどか☆マギカ専用枠] [4ch対応],71600,售完,https://home-slot.net/SHOP/p-kyoraku88.html
1234,ガオガオフェスティバルS 2ch対応,,SANKYO,A-SLOT,SANKYO ガオガオフェスティバルＳ 中古パチスロ実機 [2ch対応],51500,售完,https://www.a-slot.com/SHOP/sankyo16.html
1235,ガメラ ハイグレードビジョン 2ch対応,,ロデオ,A-SLOT,ロデオ ガメラ ハイグレードビジョン 中古パチスロ実機 [2ch対応],99800,有貨,https://www.a-slot.com/SHOP/rodeo5.html
1238,グレートキングハナハナ 30 パネル不問,,パイオニア,A-SLOT,パイオニア グレートキングハナハナ-30 パネル不問 中古パチスロ実機 [4ch対応],114800,售完,https://www.a-slot.com/SHOP/pioneer43_zzz.html
1242,サンセイ CR PROJECT TK TT,,,ホームスロット,サンセイ CR PROJECT TK-TT 中古パチンコ実機 [枠名：V-Savior（ブイセイバー）] [4ch対応],52600,售完,https://home-slot.net/SHOP/p-SANSEI84.html
1243,サンセイ CRおねだり!マスカットAA,,,ホームスロット,サンセイ CRおねだり!マスカットAA 中古パチンコ実機 [枠名：G・GATE] [4ch対応],42444,售完,https://home-slot.net/SHOP/p-SANSEI40.html
1244,サンセイ CRおねだり!マスカットSS,,,ホームスロット,サンセイ CRおねだり!マスカットSS 中古パチンコ実機 [枠名：G・GATE] [4ch対応],89800,售完,https://home-slot.net/SHOP/p-SANSEI39.html
1245,サンセイ CRパチクエネクストSWR,,,ホームスロット,サンセイ CRパチクエネクストSWR 中古パチンコ実機 [枠名：G・GATE] [4ch対応],54253,售完,https://home-slot.net/SHOP/p-SANSEI17.html
1246,サンセイ CR魔戒決戦牙王 2ch対応,,,ホームスロット,サンセイ CR魔戒決戦牙王 枠色不問 中古パチンコ実機 [枠名：SOUL METAL] [2ch対応],152300,售完,https://home-slot.net/SHOP/p-SANSEI51.html
1247,サンセイ ちょいパチキャプテン翼39,,,ホームスロット,サンセイ ちょいパチキャプテン翼39 中古パチンコ実機 [枠名：V-Savior（ブイセイバー）] [4ch対応],55200,售完,https://home-slot.net/SHOP/p-SANSEI90.html
1248,サンセイ 忍術決戦CR双影HH 甘デジ,,,ホームスロット,サンセイ 忍術決戦CR双影HH 甘デジ 中古パチンコ実機 [枠名：G・GATE] [4ch対応],36231,售完,https://home-slot.net/SHOP/p-SANSEI38.html
1249,サンセイ 転生したらスライムだった件,P,,ホームスロット,サンセイ P転生したらスライムだった件 中古パチンコ実機 [枠名：V-LIGHT 転スラ] [4ch対応],62600,有貨,https://home-slot.net/SHOP/p-sansei254.html
1250,ジェイビー CRパトラッシュJ BLUE,,,ホームスロット,ジェイビー CRパトラッシュJ BLUE 中古パチンコ実機,52600,售完,https://home-slot.net/SHOP/p-jb19.html
1251,ジェイビー CRフィーバーパワフル2018,,,ホームスロット,ジェイビー CRフィーバーパワフル2018 中古パチンコ実機,65300,售完,https://home-slot.net/SHOP/p-jb28.html
1255,ソフィア モモキュンソード 速撃3000+,P,,ホームスロット,ソフィア Pモモキュンソード 速撃3000＋ 中古パチンコ実機 [枠名：戦舞 桃剣鬼神ZC] [4ch対応],74100,有貨,https://home-slot.net/SHOP/p-sophia200.html
1259,タイヨーエレック CR BLOOD+ MTZ,,,ホームスロット,タイヨーエレック CR BLOOD+ MTZ 中古パチンコ実機,41935,售完,https://home-slot.net/SHOP/p-taiy19.html
1260,タイヨーエレック CRカメレオンLRT,,,ホームスロット,タイヨーエレック CRカメレオンLRT 中古パチンコ実機,40407,售完,https://home-slot.net/SHOP/p-taiyo29.html
1261,タイヨーエレック CRビッグorスモール,,,ホームスロット,タイヨーエレック CRビッグorスモール 中古パチンコ実機,71600,售完,https://home-slot.net/SHOP/p-taiyo62.html
1262,タイヨーエレック CRペルソナ3 MTZ,,,ホームスロット,タイヨーエレック CRペルソナ3 MTZ 中古パチンコ実機,43777,售完,https://home-slot.net/SHOP/p-taiyo10.html
1263,タイヨーエレック CR萌えよ剣3 STX,,,ホームスロット,タイヨーエレック CR萌えよ剣3 STX 中古パチンコ実機,55200,售完,https://home-slot.net/SHOP/p-taiyo42.html
1267,デジハネCR鉄のラインバレルSTN,,Sammy,ホームスロット,サミー デジハネCR鉄のラインバレルSTN 中古パチンコ実機 [枠名：転生] [4ch対応],52600,售完,https://home-slot.net/SHOP/p-sammy56.html
1270,ビスティ CRエヴァンゲリヲン7 赤枠,,,ホームスロット,ビスティ CRエヴァンゲリヲン7 赤枠 中古パチンコ実機,76600,售完,https://home-slot.net/SHOP/p-bisty31.html
1273,ビスティ エヴァンゲリヲン~生命の鼓動~,,,ホームスロット,ビスティ エヴァンゲリヲン～生命の鼓動～ 中古パチスロ実機,89800,售完,https://home-slot.net/SHOP/s-sankyo52.html
1274,ファイヤードリフト 白パネル ゴールド筐体,4号機,Sammy,A-SLOT,【4号機】サミー ファイヤードリフト 白パネル（ゴールド筐体）中古パチスロ実機 [4ch対応],144820,售完,https://www.a-slot.com/SHOP/sammy41_1.html
1275,フィーバーアクエリオンW 最終決戦ver.,P,SANKYO,ホームスロット,SANKYO PフィーバーアクエリオンW 最終決戦ver. 枠色不問 中古パチンコ実機,55200,售完,https://home-slot.net/SHOP/p-sankyo213.html
1278,マクロスフロンティア2 クランパネル,,SANKYO,ホームスロット,SANKYO パチスロ マクロスフロンティア2 クランパネル 中古パチスロ実機,101000,售完,https://home-slot.net/SHOP/s-sankyo77.html
1279,マルホン CR NINJA BLADE A,,,ホームスロット,マルホン CR NINJA BLADE A 枠色不問 中古パチンコ実機,111100,售完,https://home-slot.net/SHOP/p-maruhon36.html
1280,ルパン三世 ルパン一族の秘宝 青パネル,,平和,ホームスロット,平和 ルパン三世 ルパン一族の秘宝 青パネル 中古パチスロ実機,35209,售完,https://home-slot.net/SHOP/s-heiwa69.html
1282,主役は銭形 GET THE ルパン Ver,4号機,平和,A-SLOT,【4号機】平和 主役は銭形（GET THE ルパン）Ver 中古パチスロ実機 [4ch対応],99800,有貨,https://www.a-slot.com/SHOP/heiwa14.html
1283,俺の空 一平VS武尊パネル 2ch対応,4号機,ロデオ,A-SLOT,【4号機】ロデオ 俺の空 一平VS武尊パネル 中古パチスロ実機 [2ch対応],99800,售完,https://www.a-slot.com/SHOP/rodeo9.html
1284,北斗の拳2 ネクストゾーン将 初期パネル,,Sammy,ホームスロット,サミー パチスロ 北斗の拳2 ネクストゾーン将 初期パネル 中古パチスロ実機,57900,售完,https://home-slot.net/SHOP/s-sammy27.html
1285,北斗の拳2 ネクストゾーン闘 2ch対応,,Sammy,A-SLOT,サミー パチスロ 北斗の拳2 ネクストゾーン闘 中古パチスロ実機 [2ch対応],40784,售完,https://www.a-slot.com/SHOP/sammy37.html
1287,奥村遊機 CRAマジカルサマナーSTM,,,ホームスロット,奥村遊機 CRAマジカルサマナーSTM 中古パチンコ実機 [枠名：クリスタライズ] [4ch対応],44074,售完,https://home-slot.net/SHOP/p-okumura14.html
1293,横穴あり ビーキッズクラブ No.5550,4号機,オリンピア,A-SLOT,【4号機】【横穴あり】オリンピア ビーキッズクラブ 中古パチスロ実機 No.5550,72000,有貨,https://www.a-slot.com/SHOP/olympia_beekidsclub_kasugai.html
1294,甲鉄城のカバネリ ~4000連激ver.~,P,Sammy,ホームスロット,サミー P甲鉄城のカバネリ ～4000連激ver.～ 中古パチンコ実機 [枠名：真焔] [4ch対応],173600,有貨,https://home-slot.net/SHOP/p-sammy239.html
1296,西陣 CRA甦りぱちんこ~春夏秋冬~GL,,,ホームスロット,西陣 CRA甦りぱちんこ～春夏秋冬～GL 中古パチンコ実機,65300,售完,https://home-slot.net/SHOP/p-nishijinn84.html
1300,西陣 CRゴールデンゲート~BLACK~ZC,,,ホームスロット,西陣 CRゴールデンゲート～BLACK～ZC 中古パチンコ実機,59000,售完,https://home-slot.net/SHOP/p-nishijinn101.html
1301,西陣 CRモンキーターン 神速の勝利者MB,,,ホームスロット,西陣 CRモンキーターン 神速の勝利者MB 枠色不問 中古パチンコ実機,52600,售完,https://home-slot.net/SHOP/p-nishijinn88.html
1303,西陣 PAモモキュンtheドラム ME,,,ホームスロット,西陣 PAモモキュンtheドラム ME 中古パチンコ実機,52600,售完,https://home-slot.net/SHOP/p-nishijinn209.html
1304,西陣 ちょいパチ モモキュンソード3 39,,,ホームスロット,西陣 ちょいパチ モモキュンソード3 39 中古パチンコ実機,52600,售完,https://home-slot.net/SHOP/p-nishijinn105.html
1305,豊丸 CRAデラマイッタ3rd99v,,,ホームスロット,豊丸 CRAデラマイッタ3rd99v 枠色不問 中古パチンコ実機,52600,售完,https://home-slot.net/SHOP/p-toyomaru65.html
1306,豊丸 CRデラマイッタ3rd199R,,,ホームスロット,豊丸 CRデラマイッタ3rd199R 中古パチンコ実機,52600,售完,https://home-slot.net/SHOP/p-toyomaru64.html
1307,豊丸 CR餃子の王将2 おかわり777,,,ホームスロット,豊丸 CR餃子の王将2 おかわり777 中古パチンコ実機,65300,售完,https://home-slot.net/SHOP/p-toyomaru39.html
1308,豊丸 CR餃子の王将2 メガ盛7000,,,ホームスロット,豊丸 CR餃子の王将2 メガ盛7000 中古パチンコ実機,55200,售完,https://home-slot.net/SHOP/p-toyomaru43.html
1309,豊丸 CR餃子の王将3 メガ盛7000,,,ホームスロット,豊丸 CR餃子の王将3 メガ盛7000 中古パチンコ実機,119000,售完,https://home-slot.net/SHOP/p-toyomaru57.html
1310,豊丸 バーストエンジェル3 199Ver.,P,,ホームスロット,豊丸 Pバーストエンジェル3 199Ver. 中古パチンコ実機,56400,售完,https://home-slot.net/SHOP/p-toyomaru216.html
1311,豊丸 バーストエンジェルEX 99ver.,P,,ホームスロット,豊丸 PバーストエンジェルEX 99ver. 中古パチンコ実機,59000,售完,https://home-slot.net/SHOP/p-toyomaru234.html
1312,豊丸 プロゴルファー猿 強甘119ver.,P,,ホームスロット,豊丸 Pプロゴルファー猿 強甘119ver. 中古パチンコ実機 [枠名：Ｔ１６] [4ch対応],89800,售完,https://home-slot.net/SHOP/p-toyomaru240.html
1313,通信エラー不問 マクロスフロンティア2,,SANKYO,A-SLOT,【通信エラー不問】SANKYO パチスロ マクロスフロンティア2 中古パチスロ実機 [4ch対応],108500,售完,https://www.a-slot.com/SHOP/sankyo76.html
1315,銀座 デジハネPモンスターハンターライズ,,,ホームスロット,銀座 デジハネPモンスターハンターライズ 中古パチンコ実機 [枠名：銀座真焔「ウェーブギア」] [4ch対応],52600,有貨,https://home-slot.net/SHOP/p-ginza228.html
1316,銀座 甲鉄城のカバネリ2 咲かせや燦然,スマパチ,,ホームスロット,銀座 e 甲鉄城のカバネリ2 咲かせや燦然 中古パチンコ実機 [スマパチ] [枠名：誓] [4ch対応],76600,有貨,https://home-slot.net/SHOP/p-ginza233.html
1318,高尾 CRクイーンズブレイド2 アルドラ,,,ホームスロット,高尾 CRクイーンズブレイド2 アルドラ 中古パチンコ実機,89800,售完,https://home-slot.net/SHOP/p-takao89.html
1319,高尾 CRクイーンズブレイド2 ナナエル,,,ホームスロット,高尾 CRクイーンズブレイド2 ナナエル 中古パチンコ実機,86000,售完,https://home-slot.net/SHOP/p-takao97.html
1320,高尾 CRライディーン フェードイン 甘デジ,,,ホームスロット,高尾 CRライディーン フェードイン 甘デジ 中古パチンコ実機,62800,售完,https://home-slot.net/SHOP/p-takao29.html
1321,高尾 CRリアル鬼ごっこ199ver.,,,ホームスロット,高尾 CRリアル鬼ごっこ１９９ver. 中古パチンコ実機,59000,售完,https://home-slot.net/SHOP/p-takao86.html
1322,高尾 CRリアル鬼ごっこ273ver.,,,ホームスロット,高尾 CRリアル鬼ごっこ273ver. 中古パチンコ実機,86000,售完,https://home-slot.net/SHOP/p-takao81.html
1323,高尾 CRリアル鬼ごっこ387ver.,,,ホームスロット,高尾 CRリアル鬼ごっこ387ver. 中古パチンコ実機,105898,售完,https://home-slot.net/SHOP/p-takao82.html
1324,高尾 CRワシズ閻魔の闘牌99ver.,,,ホームスロット,高尾 CRワシズ閻魔の闘牌99ver. 中古パチンコ実機,92400,售完,https://home-slot.net/SHOP/p-takao78.html
1325,高尾 CR一騎当千 SS2 WAA 甘デジ,,,ホームスロット,高尾 CR一騎当千 SS2 WAA 甘デジ 枠色不問 中古パチンコ実機,71600,售完,https://home-slot.net/SHOP/p-takao61.html
1326,高尾 CR弾球黙示録カイジ欲望 XF2,,,ホームスロット,高尾 CR弾球黙示録カイジ欲望 XF2 中古パチンコ実機,43777,售完,https://home-slot.net/SHOP/p-takao12.html
1327,高尾 P DD北斗の拳3 百突99ver.,,,ホームスロット,高尾 P DD北斗の拳3 百突99ver. 中古パチンコ実機 [枠名：KIREPANDA-MODEL] [4ch対応],330200,有貨,https://home-slot.net/SHOP/p-takao261.html
1328,高尾 P sin 七つの大罪 X TREME,,,ホームスロット,高尾 P sin 七つの大罪 X-TREME 中古パチンコ実機 [枠名：KIREPANDA-MODEL] [4ch対応],57600,有貨,https://home-slot.net/SHOP/p-takao248.html
1329,高尾 ちょいパチ美男ですねVCA39,,,ホームスロット,高尾 ちょいパチ美男ですねVCA39 中古パチンコ実機,52600,售完,https://home-slot.net/SHOP/p-takao100.html
1330,高尾 クイーンズブレイド3 レイナVer.,P,,ホームスロット,高尾 Pクイーンズブレイド3 レイナVer. 中古パチンコ実機,57600,售完,https://home-slot.net/SHOP/p-takao212.html
1332,高尾 怪談ぱちんこCR稲川淳二 SLB,,,ホームスロット,高尾 怪談ぱちんこＣＲ稲川淳二 SLB 中古パチンコ実機,290556,售完,https://home-slot.net/SHOP/p-takao67.html
1333,高尾 閃乱カグラ2 胸躍る199Ver.,P,,ホームスロット,高尾 P閃乱カグラ2 胸躍る199Ver．枠色不問 中古パチンコ実機,59000,售完,https://home-slot.net/SHOP/p-takao223.html
1335,2号機 エーアイ サファリラリー 青パネル,,,A-SLOT,【2号機】エーアイ サファリラリー 青パネル 中古パチスロ実機,89100,售完,https://www.a-slot.com/SHOP/ai_safarirally_kasugai.html
1336,2号機 リバティーベルIV 2ch対応,,ユニバーサル,A-SLOT,【2号機】ユニバーサル リバティーベルIV 中古パチスロ実機 [2ch対応][まるごと配送限定],79890,售完,https://www.a-slot.com/SHOP/univerasal18.html
1337,3×3EYES サザンアイズ 聖魔覚醒,,大都技研,A-SLOT,大都技研 3×3EYES [サザンアイズ] 聖魔覚醒 中古パチスロ実機 [8ch対応],84900,售完,https://www.a-slot.com/SHOP/daitogiken59.html
1338,3号機 コンチネンタル3 2ch対応,,メーシー,A-SLOT,【3号機】メーシー コンチネンタル3 中古パチスロ実機 [2ch対応][まるごと配送限定],99500,售完,https://www.a-slot.com/SHOP/mizuho-macy10.html
1339,CR009 RE CYBORG NR K,,ニューギン,ホームスロット,ニューギン CR009 RE:CYBORG NR-K 枠色不問 中古パチンコ実機,59000,售完,https://home-slot.net/SHOP/p-newgin123.html
1340,CRAスーパー海物語 IN 沖縄3 ASB,,SANYO,ホームスロット,SANYO CRAスーパー海物語 IN 沖縄3 ASB 中古パチンコ実機 [枠名：イルミオ] [4ch対応],52600,售完,https://home-slot.net/SHOP/p-sanyo71.html
1341,CRAミニスカポリス2 KS 甘デジ,,大一,ホームスロット,大一 CRAミニスカポリス2 KS（甘デジ） 中古パチンコ実機,49015,售完,https://home-slot.net/SHOP/p-daiichi12.html
1342,CRA大夏祭り にゃ七ver. 甘デジ,,SANKYO,ホームスロット,SANKYO CRA大夏祭り にゃ七ver.（甘デジ） 中古パチンコ実機,49120,售完,https://home-slot.net/SHOP/p-sankyo15.html
1343,CRA忍者ハットリくん NS 甘デジ,,大一,ホームスロット,大一 CRA忍者ハットリくん NS（甘デジ） 中古パチンコ実機,42138,售完,https://home-slot.net/SHOP/p-daiichi22.html
1344,CRA義風堂々!!~兼続と慶次~99ver.,,ニューギン,ホームスロット,ニューギン CRA義風堂々！！～兼続と慶次～99ver. 枠色不問 中古パチンコ実機,52600,售完,https://home-slot.net/SHOP/p-newgin141.html
1345,CRA釣りバカ日誌SAFS 甘デジ,,SANYO,ホームスロット,SANYO CRA釣りバカ日誌SAFS（甘デジ） 中古パチンコ実機 [枠名：フラッシュリング],47231,售完,https://home-slot.net/SHOP/p-sanyo28.html
1347,CRちょいパチ天才バカボン5 29,,大一,ホームスロット,大一 CRちょいパチ天才バカボン5-29 中古パチンコ実機,86000,售完,https://home-slot.net/SHOP/p-daiichi96.html
1348,CRぱちんこ冬のソナタFinal,,京楽,ホームスロット,京楽 CRぱちんこ冬のソナタFinal 中古パチンコ実機 [枠名：BIGサプライズ] [4ch対応],65300,售完,https://home-slot.net/SHOP/p-kyoraku63.html
1349,CRびっくりぱちんこスケバン刑事,,京楽,ホームスロット,京楽 CRびっくりぱちんこスケバン刑事 枠色不問 中古パチンコ実機 [枠名：新スタジアム] [4ch対応],71600,售完,https://home-slot.net/SHOP/p-kyoraku56.html
1350,CRアナザーゴッドハーデスアドベント,,メーシー,ホームスロット,メーシー CRアナザーゴッドハーデスアドベント 中古パチンコ実機,62800,售完,https://home-slot.net/SHOP/p-macy7.html
1351,CRエイリアンVSプレデター FPF,,藤商事,ホームスロット,藤商事 CRエイリアンVSプレデター FPF 中古パチンコ実機 [枠名：オーバルワン] [4ch対応],41891,售完,https://home-slot.net/SHOP/p-huji4.html
1352,CRカウボーイビバップ 299ver.,,平和,ホームスロット,平和 CRカウボーイビバップ 299ver. 中古パチンコ実機,101000,售完,https://home-slot.net/SHOP/p-heiwa116.html
1353,CRカウボーイビバップ 399ver.,,平和,ホームスロット,平和 CRカウボーイビバップ 399ver. 中古パチンコ実機,160900,售完,https://home-slot.net/SHOP/p-heiwa115.html
1354,CRカウボーイビバップ99.9ver.,,平和,ホームスロット,平和 ＣＲカウボーイビバップ99.9ｖｅｒ. 中古パチンコ実機,71600,售完,https://home-slot.net/SHOP/p-heiwa124.html
1356,CRサイボーグ009VSデビルマン,,ニューギン,ホームスロット,ニューギン CRサイボーグ009VSデビルマン 中古パチンコ実機 [枠名：ReLf] [4ch対応],92400,售完,https://home-slot.net/SHOP/p-newgin162.html
1357,CRスーパー海物語 IN 沖縄3 桜ライト,,SANYO,ホームスロット,SANYO CRスーパー海物語 IN 沖縄3 桜ライト 中古パチンコ実機 [枠名：イルミオ] [4ch対応],65300,售完,https://home-slot.net/SHOP/p-sanyo75.html
1358,CRスーパー海物語IN沖縄4MTBZ,,SANYO,ホームスロット,SANYO CRスーパー海物語IN沖縄4MTBZ 中古パチンコ実機 [枠名：イルミオ] [4ch対応],52600,售完,https://home-slot.net/SHOP/p-sanyo116.html
1359,CRスーパー海物語 M55W 2ch対応,,SANYO,ホームスロット,SANYO CRスーパー海物語 M55W 中古パチンコ実機 [枠名：スーパーブルー2006] [2ch対応],44278,售完,https://home-slot.net/SHOP/p-sanyo6.html
1360,CRドラセグ99ver. 2ch対応,,SANYO,ホームスロット,SANYO CRドラセグ99ver. 中古パチンコ実機 [枠名：ペガサスウィング] [2ch対応],52600,售完,https://home-slot.net/SHOP/p-sanyo68.html
1361,CRバイオハザード0 スウィートver.,,大一,ホームスロット,大一 CRバイオハザード0 スウィートver. 中古パチンコ実機,89800,售完,https://home-slot.net/SHOP/p-daiichi86.html
1362,CRバジリスク~甲賀忍法帖~天膳の章,,メーシー,ホームスロット,メーシー CRバジリスク～甲賀忍法帖～天膳の章 中古パチンコ実機,86000,售完,https://home-slot.net/SHOP/p-macy201.html
1363,CRバックトゥザフューチャー FVWA,,Sammy,ホームスロット,サミー CRバックトゥザフューチャー FVWA 中古パチンコ実機,201200,售完,https://home-slot.net/SHOP/p-sammy5.html
1364,CRフィーバーバニー&バニー114. over.,,SANKYO,ホームスロット,SANKYO CRフィーバーバニー&バニー114. over. 中古パチンコ実機,52600,售完,https://home-slot.net/SHOP/p-sankyo131.html
1365,CRフィーバーマクロスフロンティア3,,SANKYO,ホームスロット,SANKYO CRフィーバーマクロスフロンティア3 枠色不問 中古パチンコ実機,116000,有貨,https://home-slot.net/SHOP/p-sankyo214.html
1366,CR不二子~Lupin The End~,,平和,ホームスロット,平和 CR不二子～Lupin The End～ 中古パチンコ実機,59000,售完,https://home-slot.net/SHOP/p-heiwa165.html
1367,CR南国育ちin沖縄9AW 甘デジ,,平和,ホームスロット,平和 CR南国育ちin沖縄9AW 甘デジ 中古パチンコ実機 [枠名：ルピナスX] [4ch対応],52600,售完,https://home-slot.net/SHOP/p-heiwa79.html
1368,CR吉宗4 天昇飛躍の極 99ver.,,大都技研,ホームスロット,大都技研 CR吉宗4 天昇飛躍の極 99ver. 中古パチンコ実機,65300,售完,https://home-slot.net/SHOP/p-daito200.html
1369,CR嘉門達夫のたのしい昔話N TX,,ニューギン,ホームスロット,ニューギン CR嘉門達夫のたのしい昔話N-TX 中古パチンコ実機,49015,售完,https://home-slot.net/SHOP/p-newgin22.html
1370,CR地獄少女 宵伽FPU 着物Ver,,藤商事,ホームスロット,藤商事 CR地獄少女 宵伽FPU 着物Ver 中古パチンコ実機 [枠名：クリスタルエアー 地獄少女宵伽] [8ch対応],62800,售完,https://home-slot.net/SHOP/p-fuji154.html
1371,CR大海物語3スペシャルMTE 1,,SANYO,ホームスロット,SANYO CR大海物語3スペシャルMTE-1 中古パチンコ実機 [枠名：イルミオ] [4ch対応],86000,售完,https://home-slot.net/SHOP/p-sanyo91.html
1372,CR戦乱BurST! 399TYPE,,Sammy,ホームスロット,サミー CR戦乱BurST！ 399TYPE 中古パチンコ実機 [枠名：転生] [4ch対応],52600,售完,https://home-slot.net/SHOP/p-sammy65.html
1373,CR押忍!ど根性ガエル239ver.,,大都技研,ホームスロット,大都技研 CR押忍！ど根性ガエル239ver. 中古パチンコ実機,71600,售完,https://home-slot.net/SHOP/p-daito18.html
1374,CR押忍!ど根性ガエル319ver.,,大都技研,ホームスロット,大都技研 CR押忍！ど根性ガエル319ver. 中古パチンコ実機,137300,售完,https://home-slot.net/SHOP/p-daito17.html
1375,CR楽園むすめH5 TX パステル枠,,ニューギン,ホームスロット,ニューギン CR楽園むすめH5－TX パステル枠 中古パチンコ実機,58334,售完,https://home-slot.net/SHOP/p-newgin95.html
1376,CR聖闘士星矢 星の運命77ver.,,SANYO,ホームスロット,SANYO CR聖闘士星矢 星の運命７７ｖｅｒ． 中古パチンコ実機 [枠名：イルミオ] [4ch対応],65300,售完,https://home-slot.net/SHOP/p-sanyo84.html
1377,CR聖闘士星矢 星の運命99ver.,,SANYO,ホームスロット,SANYO CR聖闘士星矢 星の運命９９ｖｅｒ． 中古パチンコ実機 [枠名：イルミオ] [4ch対応],101000,售完,https://home-slot.net/SHOP/p-sanyo83.html
1379,CR風雲維新ダイショーグンちはる式,,大一,ホームスロット,大一 ＣＲ風雲維新ダイショーグンちはる式 中古パチンコ実機,52600,售完,https://home-slot.net/SHOP/p-daiichi69.html
1380,CR麻雀物語2~めざせ!雀ドル決定戦!~,,平和,ホームスロット,平和 CR麻雀物語2～めざせ！雀ドル決定戦！～ 中古パチンコ実機,71600,售完,https://home-slot.net/SHOP/p-heiwa131.html
1383,D light CRウルトラジャンボ,,,ホームスロット,D-light CRウルトラジャンボ 中古パチンコ実機[枠名：イマジネーション プラス] [4ch対応],52600,售完,https://home-slot.net/SHOP/p-dlight206.html
1384,D light 真 一騎当千~桃園の誓い~,P,,ホームスロット,D-light P真・一騎当千～桃園の誓い～ 中古パチンコ実機 [枠名：Cygnus 一騎当千] [4ch対応],82600,售完,https://home-slot.net/SHOP/p-dlight219.html
1388,JPS どんまい!!ちゅ~吉 メインパネル,,,ホームスロット,JPS どんまい!!ちゅ～吉 メインパネル 中古パチスロ実機,54584,售完,https://home-slot.net/SHOP/s-jps18.html
1390,KPE G1優駿倶楽部 メインパネル,,,A-SLOT,KPE G1優駿倶楽部 [メインパネル] 中古パチスロ実機 [8ch対応],463733,有貨,https://www.a-slot.com/SHOP/s-kpe204.html
1392,PAナムココレクション89ver.,,メーシー,ホームスロット,メーシー PAナムココレクション89ver. 枠色不問 中古パチンコ実機,52600,售完,https://home-slot.net/SHOP/p-macy214.html
1393,PA元祖大工の源さん2 2ch対応,,SANYO,ホームスロット,SANYO PA元祖大工の源さん2 枠色不問 中古パチンコ実機 [枠名：Ｇ－ＤＲＩＶＥ] [2ch対応],52600,有貨,https://home-slot.net/SHOP/p-sanyo238.html
1394,PA喰霊 零 葵上~あおいのうえ~設定付,,藤商事,ホームスロット,藤商事 PA喰霊-零- 葵上～あおいのうえ～設定付 中古パチンコ実機 [枠名：クリスタルエアー] [8ch対応],65300,售完,https://home-slot.net/SHOP/p-fuji204.html
1398,ぱちんこCRスーパーロボット大戦OG,,Sammy,ホームスロット,サミー ぱちんこCRスーパーロボット大戦OG 中古パチンコ実機 [枠名：闘神] [4ch対応],59000,售完,https://home-slot.net/SHOP/p-sammy86.html
1399,ぱちんこCR北斗の拳金色 ファルコ,,Sammy,ホームスロット,サミー ぱちんこCR北斗の拳金色（ファルコ） 中古パチンコ実機 [枠名：聖（クロス）] [4ch対応],92400,售完,https://home-slot.net/SHOP/p-sammy42.html
1400,ぱちんこCR戦国乱舞 蒼き独眼MX,,Sammy,ホームスロット,サミー ぱちんこCR戦国乱舞 蒼き独眼MX 中古パチンコ実機 [枠名：焔（ホムラ）] [4ch対応],41935,售完,https://home-slot.net/SHOP/p-sammy17.html
1401,ぱちんこCR神獣王デジハネver.,,Sammy,ホームスロット,サミー ぱちんこCR神獣王デジハネver. 中古パチンコ実機 [枠名：転生] [4ch対応],52600,售完,https://home-slot.net/SHOP/p-sammy57.html
1402,ぱちんこCR鬼浜 天下無敵ver. 機,,ベルコ,ホームスロット,ベルコ ぱちんこCR鬼浜 天下無敵ver. 枠色不問 中古パチンコ実機機 [枠名：駆露夢（クロム)] [4ch対応],52600,售完,https://home-slot.net/SHOP/p-bellco3.html
1403,ひぐらしのなく頃に~廻~319ver.,P,大一,ホームスロット,大一 Pひぐらしのなく頃に～廻～319ver. 中古パチンコ実機 [枠名：ルナーレス ひぐらし] [4ch対応],70300,售完,https://home-slot.net/SHOP/p-daiichi211.html
1404,ぶいぶい!ゴジラ かいじゅう大集合!! 1,P,ニューギン,ホームスロット,ニューギン Pぶいぶい！ゴジラ かいじゅう大集合!! 1枠色不問 中古パチンコ実機 [枠名：ReLf] [4ch対応],55200,售完,https://home-slot.net/SHOP/p-newgin221.html
1405,アイムジャグラーAPEX 2ch対応,,北電子,A-SLOT,北電子 アイムジャグラーAPEX 中古パチスロ実機 [2ch対応],108500,售完,https://www.a-slot.com/SHOP/kitadensi33.html
1406,アイムジャグラーSP ホワイトパネル,,北電子,ホームスロット,北電子 アイムジャグラーSP ホワイトパネル 中古パチスロ実機,68500,售完,https://home-slot.net/SHOP/s-kitadensi43.html
1409,アナザーゴッドハーデス ジャッジメント,P,メーシー,ホームスロット,メーシー Pアナザーゴッドハーデス ジャッジメント 中古パチンコ実機,65300,售完,https://home-slot.net/SHOP/p-macy204.html
1411,アナザーゴッドポセイドン 怒濤の神撃,P,メーシー,ホームスロット,メーシー Pアナザーゴッドポセイドン-怒濤の神撃- 中古パチンコ実機,86000,售完,https://home-slot.net/SHOP/p-macy211.html
1414,アピールプレート SLOT×SLOT 店 A,,,A-SLOT,中古アピールプレート【SLOT×SLOT】 中古スロット販売店　A,72000,售完,https://www.a-slot.com/SHOP/plate_slotslot.html
1420,アムテックス CRトキオスペシャル,,,ホームスロット,アムテックス CRトキオスペシャル 中古パチンコ実機 [枠名：アムテックスGOLDENROCK] [4ch対応],71600,售完,https://home-slot.net/SHOP/p-amutex12.html
1421,アムテックス ニュートキオGREEN,P,,ホームスロット,アムテックス PニュートキオGREEN 中古パチンコ実機 [枠名：パプリカ ニュートキオGREEN] [8ch対応],418200,有貨,https://home-slot.net/SHOP/p-amutex240.html
1422,アムテックス ニュートキオ ヘソタイプ,P,,ホームスロット,アムテックス Pニュートキオ ヘソタイプ 中古パチンコ実機 [枠名：パプリカ] [8ch対応],71600,售完,https://home-slot.net/SHOP/p-amutex220.html
1425,アムテックス 新日本プロレスリング,P,,ホームスロット,アムテックス P新日本プロレスリング 中古パチンコ実機 [枠名：アムテックス王者 新日本プロレス] [8ch対応],52600,有貨,https://home-slot.net/SHOP/p-amutex215.html
1426,アムテックス 範馬刃牙 199ver.,スマパチ,,ホームスロット,アムテックス e範馬刃牙 199ver. 中古パチンコ実機 [スマパチ] [枠名：Neo-Peace],184900,有貨,https://home-slot.net/SHOP/p-amutex250.html
1427,アムテックス 麻雀物語4 77ver.,P,,ホームスロット,アムテックス P麻雀物語4 77ver. 中古パチンコ実機 [枠名：BLAST 麻雀物語４甘デジ] [8ch対応],61400,有貨,https://home-slot.net/SHOP/p-amutex235.html
1428,アリストクラート 巨人の星 2ch対応,4号機,,A-SLOT,【4号機】アリストクラート 巨人の星 中古パチスロ実機 [2ch対応],99800,售完,https://www.a-slot.com/SHOP/aristocrat22.html
1429,アルゼ クランキーコンドル 2ch対応,4号機,,A-SLOT,【4号機】アルゼ クランキーコンドル 中古パチスロ実機 [2ch対応][まるごと配送限定],118000,售完,https://www.a-slot.com/SHOP/eleco20.html
1433,オッケー. にゃんこ大戦争 多様性のネコ,P,,ホームスロット,オッケー. P にゃんこ大戦争 多様性のネコ 中古パチンコ実機 [枠名：ベルーガ にゃんこ大戦争] [4ch対応],75300,有貨,https://home-slot.net/SHOP/p-ok217.html
1436,キングモンスターRUSH 67Ver.,P,竹屋,ホームスロット,竹屋 PキングモンスターRUSH 67Ver. 中古パチンコ実機 [枠名：SWGT] [4ch対応],648600,有貨,https://home-slot.net/SHOP/p-takeya207.html
1437,ゴールドXR 777パネル 2ch対応,4号機,ミズホ,A-SLOT,【4号機】ミズホ ゴールドXR 777パネル 中古パチスロ実機 [2ch対応],128000,有貨,https://www.a-slot.com/SHOP/mizuho-macy45_777.html
1438,サンセイ CRAこくぱちQW 甘デジ,,,ホームスロット,サンセイ CRAこくぱちQW（甘デジ） 中古パチンコ実機 [枠名：D-CYCLONE] [4ch対応],47741,售完,https://home-slot.net/SHOP/p-SANSEI10.html
1439,サンセイ CR GI DREAM.ZX2,,,ホームスロット,サンセイ CR GI DREAM.ZX2 中古パチンコ実機 [枠名：G・GATE] [4ch対応],86000,售完,https://home-slot.net/SHOP/p-SANSEI25.html
1440,サンセイ CRああっ女神さまっFF,,,ホームスロット,サンセイ CRああっ女神さまっFF 中古パチンコ実機 [枠名：G・GATE] [4ch対応],44074,售完,https://home-slot.net/SHOP/p-SANSEI29.html
1441,サンセイ CRああっ女神さまっSS,,,ホームスロット,サンセイ CRああっ女神さまっSS 中古パチンコ実機 [枠名：G・GATE] [4ch対応],56297,售完,https://home-slot.net/SHOP/p-SANSEI30.html
1442,サンセイ CRダービースタリオン XX Y,,,ホームスロット,サンセイ CRダービースタリオン XX・Y 中古パチンコ実機 [枠名：V-Savior（ブイセイバー）] [4ch対応],52600,售完,https://home-slot.net/SHOP/p-SANSEI64.html
1443,サンセイ CR天竺ロード QHW 甘デジ,,,ホームスロット,サンセイ CR天竺ロード QHW 【甘デジ】 中古パチンコ実機 [枠名：D-CYCLONE] [4ch対応],49015,售完,https://home-slot.net/SHOP/p-SANSEI18.html
1444,サンセイ CR牙狼闇を照らす者XX,,,ホームスロット,サンセイ CR牙狼闇を照らす者XX 中古パチンコ実機 [枠名：金狼] [4ch対応],92400,售完,https://home-slot.net/SHOP/p-SANSEI93.html
1445,サンセイ CR牙狼~陰我消滅の日~ZZ,,,ホームスロット,サンセイ CR牙狼～陰我消滅の日～ZZ 中古パチンコ実機 [枠名：G・GATE] [4ch対応],59000,售完,https://home-slot.net/SHOP/p-SANSEI23.html
1446,サンセイ CR牡丹と薔薇HH 甘デジ,,,ホームスロット,サンセイ CR牡丹と薔薇HH 甘デジ 中古パチンコ実機 [枠名：G・GATE] [4ch対応],52600,售完,https://home-slot.net/SHOP/p-SANSEI41.html
1447,サンセイ P10カウントチャージ絶狼,,,ホームスロット,サンセイ P10カウントチャージ絶狼 中古パチンコ実機 [枠名：ライジングサンセイ] [4ch対応],77600,售完,https://home-slot.net/SHOP/p-SANSEI222.html
1448,サンセイ PA激デジ牙狼月虹ノ旅人,,,ホームスロット,サンセイ PA激デジ牙狼月虹ノ旅人 中古パチンコ実機 [枠名：金翔 牙狼月虹ノ旅人－ＲＬ] [4ch対応],106100,售完,https://home-slot.net/SHOP/p-sansei250.html
1449,サンセイ P G1 DREAMROAD,,,ホームスロット,サンセイ P G1 DREAMROAD 中古パチンコ実機 [枠名：ライジングサンセイ] [4ch対応],77600,有貨,https://home-slot.net/SHOP/p-SANSEI221.html
1450,サンセイ 巨人の星 一球入魂3000,P,,ホームスロット,サンセイ P巨人の星 一球入魂3000 中古パチンコ実機 [枠名：チェンジザライジング 巨人の星] [4ch対応],71300,售完,https://home-slot.net/SHOP/p-SANSEI231.html
1451,サンセイ 牙狼GOLD IMPACT,P,,ホームスロット,サンセイ P牙狼GOLD IMPACT 中古パチンコ実機 [枠名：GOLD IMPACT] [4ch対応],71300,有貨,https://home-slot.net/SHOP/p-sansei247.html
1452,ジェイビー CRパトラッシュJ RED,,,ホームスロット,ジェイビー CRパトラッシュJ RED 中古パチンコ実機,52600,售完,https://home-slot.net/SHOP/p-jb14.html
1453,ジェイビー CRフィーバークィーン2018,,,ホームスロット,ジェイビー CRフィーバークィーン2018 中古パチンコ実機,52600,售完,https://home-slot.net/SHOP/p-jb30.html
1455,ジェイビー CR新夏祭り にゃ七Ver.,,,ホームスロット,ジェイビー CR新夏祭り にゃ七Ver. 中古パチンコ実機,52600,售完,https://home-slot.net/SHOP/p-jb25.html
1456,ジェイビー パトラッシュV GREEN,P,,ホームスロット,ジェイビー PパトラッシュV GREEN 中古パチンコ実機,65300,售完,https://home-slot.net/SHOP/p-jb210.html
1457,ストライクウィッチーズ2 2ch対応,P,SANYO,ホームスロット,SANYO Pストライクウィッチーズ2 枠色不問 中古パチンコ実機 [枠名：Ｇ－ＤＲＩＶＥ] [2ch対応],86000,售完,https://home-slot.net/SHOP/p-sanyo234.html
1460,タイヨーエレック CRハチワンダイバー,,,ホームスロット,タイヨーエレック ＣＲハチワンダイバー 中古パチンコ実機,52600,售完,https://home-slot.net/SHOP/p-taiyo58.html
1461,タイヨーエレック CR逃亡者おりん3,,,ホームスロット,タイヨーエレック CR逃亡者おりん3 中古パチンコ実機,52600,售完,https://home-slot.net/SHOP/p-taiyo60.html
1463,タイヨーエレック デジハネCRガメラ,,,ホームスロット,タイヨーエレック デジハネCRガメラ 中古パチンコ実機,71600,售完,https://home-slot.net/SHOP/p-taiyo54.html
1467,デジハネCRAキャプテンハーロック,,Sammy,ホームスロット,サミー デジハネCRAキャプテンハーロック 中古パチンコ実機 [枠名：転生] [4ch対応],59000,售完,https://home-slot.net/SHOP/p-sammy95.html
1468,デジハネCRスーパーロボット大戦OG,,Sammy,ホームスロット,サミー デジハネCRスーパーロボット大戦OG 中古パチンコ実機 [枠名：闘神] [4ch対応],86000,售完,https://home-slot.net/SHOP/p-sammy96.html
1469,デジハネCRモンスターハンター SWN,,Sammy,ホームスロット,サミー デジハネCRモンスターハンター SWN 中古パチンコ実機 [枠名：転生] [4ch対応],65300,售完,https://home-slot.net/SHOP/p-sammy67.html
1470,デジハネCR北斗の拳5慈母 STV,,Sammy,ホームスロット,サミー デジハネCR北斗の拳5慈母 STV 中古パチンコ実機 [枠名：転生] [4ch対応],52600,售完,https://home-slot.net/SHOP/p-sammy68.html
1471,デジハネCR蒼天の拳STV 甘デジ,,Sammy,ホームスロット,サミー デジハネCR蒼天の拳STV 【甘デジ】 中古パチンコ実機 [枠名：焔（ホムラ）] [4ch対応],89800,售完,https://home-slot.net/SHOP/p-sammy9.html
1472,デビルマンII 悪魔復活 ミキver.,,エレコ,A-SLOT,エレコ デビルマンII－悪魔復活－ ミキver. 中古パチスロ実機 [8ch対応],57800,售完,https://www.a-slot.com/SHOP/eleco34.html
1473,デビルメイクライ4 クレイジーバトル,P,メーシー,ホームスロット,メーシー Pデビルメイクライ4 クレイジーバトル 中古パチンコ実機,86000,有貨,https://home-slot.net/SHOP/p-macy216.html
1474,ドラムだ!金ドン 花火外伝99ver.,P,ミズホ,ホームスロット,ミズホ Pドラムだ!金ドン 花火外伝99ver. 中古パチンコ実機 [枠名：BILLY ROLL] [4ch対応],81600,有貨,https://home-slot.net/SHOP/p-mizuho207.html
1476,ニューパルサーSPII 25周年パネル,,山佐,A-SLOT,山佐 ニューパルサーSPII 25周年パネル 中古パチスロ実機 [4ch対応],78500,售完,https://www.a-slot.com/SHOP/yamasa208.html
1481,パラジェーピー アイムマジック 赤パネル,,,A-SLOT,パラジェーピー アイムマジック 赤パネル 中古パチスロ実機 [4ch対応],78500,售完,https://www.a-slot.com/SHOP/parajp1.html
1482,パル工業 ニューペガサス イエローパネル,,,A-SLOT,パル工業 ニューペガサス イエローパネル 中古パチスロ実機,121500,售完,https://www.a-slot.com/SHOP/palkogyo_newpgasus_yellow_kasugai.html
1483,ビスティ CRエヴァンゲリヲン10,,,ホームスロット,ビスティ CRエヴァンゲリヲン10 中古パチンコ実機,173600,售完,https://home-slot.net/SHOP/p-bisty52.html
1484,ビスティ CRエヴァンゲリヲン9W,,,ホームスロット,ビスティ ＣＲエヴァンゲリヲン9W 中古パチンコ実機,261100,售完,https://home-slot.net/SHOP/p-bisty46.html
1485,ビスティ CRキング コングSFRV,,,ホームスロット,ビスティ CRキング・コングSFRV 中古パチンコ実機,49015,售完,https://home-slot.net/SHOP/p-bisty6.html
1488,ビスティ エヴァンゲリヲン 真実の翼,,,ホームスロット,ビスティ エヴァンゲリヲン・真実の翼 中古パチスロ実機,54100,售完,https://home-slot.net/SHOP/s-sankyo38.html
1489,ビスティ コードギアス 反逆のルルーシュ,P,,ホームスロット,ビスティ Pコードギアス 反逆のルルーシュ 中古パチンコ実機 [枠名：NEO STELLA] [4ch対応],107300,售完,https://home-slot.net/SHOP/p-bisty214.html
1494,フィーバーうたわれるもの 199ver.,P,SANKYO,ホームスロット,SANKYO Pフィーバーうたわれるもの 199ver. 中古パチンコ実機 [枠名：フリーダム] [4ch対応],59000,有貨,https://home-slot.net/SHOP/p-sankyo292.html
1496,マルホン CR戦国KIZUNA MX,,,ホームスロット,マルホン CR戦国KIZUNA MX 中古パチンコ実機,40916,售完,https://home-slot.net/SHOP/p-maruhon9.html
1497,マルホン PAゴールデン鳳凰∞Jr.99,,,ホームスロット,マルホン PAゴールデン鳳凰∞Jr.99 中古パチンコ実機,52600,售完,https://home-slot.net/SHOP/p-maruhon215.html
1498,マルホン ファンキードクター 天使ver.,P,,ホームスロット,マルホン Pファンキードクター 天使ver. 中古パチンコ実機 [枠名：R5-MODEL],145900,售完,https://home-slot.net/SHOP/p-maruhon220.html
1499,マルホン 真シャカRUSH Jr.A2,P,,ホームスロット,マルホン P真シャカRUSH Jr.A2 中古パチンコ実機,64000,售完,https://home-slot.net/SHOP/p-maruhon211.html
1505,ルパン三世~復活のマモー~219ver.,P,平和,ホームスロット,平和 Pルパン三世～復活のマモー～219ver. 中古パチンコ実機 [枠名：ルパン・ザ・シアター] [8ch対応],86000,售完,https://home-slot.net/SHOP/p-heiwa224.html
1506,ルパン三世 消されたルパン2022,P,平和,ホームスロット,平和 Pルパン三世 消されたルパン2022 中古パチンコ実機,57600,有貨,https://home-slot.net/SHOP/p-heiwa231.html
1507,俺の妹がこんなに可愛いわけがない。,P,京楽,ホームスロット,京楽 P 俺の妹がこんなに可愛いわけがない。 中古パチンコ実機 [枠名：ベルーガ 俺の妹M3] [4ch対応],62600,有貨,https://home-slot.net/SHOP/p-kyoraku239.html
1508,出番だ!葉月ちゃん 弥生ver.パネル,,エレコ,A-SLOT,エレコ 出番だ!葉月ちゃん 弥生ver.パネル 中古パチスロ実機 [8ch対応],60990,售完,https://www.a-slot.com/SHOP/eleco30_2.html
1509,功夫烈伝 カンフーレツデン 2ch対応,4号機,山佐,A-SLOT,【4号機】山佐 功夫烈伝(カンフーレツデン) 中古パチスロ実機 [2ch対応],44820,售完,https://www.a-slot.com/SHOP/yamasa124.html
1512,大東音響 ジュラシックセブンライン,4号機,,A-SLOT,【4号機】大東音響 ジュラシックセブンライン 中古パチスロ実機,69300,售完,https://www.a-slot.com/SHOP/daitoonkyo_jurasicsevenline_kasugai.html
1513,平和 俺の名はルパン三世 パネル不問,,オリンピア,A-SLOT,【お取り寄せ商品】平和(オリンピア) 俺の名はルパン三世 パネル不問 中古パチスロ実機 [4ch対応],99800,有貨,https://www.a-slot.com/SHOP/heiwa22_zzz.html
1514,愛喜 CRAコスモアタック7A04,,,ホームスロット,愛喜 CRAコスモアタック7A04 中古パチンコ実機,52600,售完,https://home-slot.net/SHOP/p-aiki02.html
1518,激安!9 800円以下 燃えよ!功夫淑女,,山佐,ホームスロット,"【激安!9,800円以下】山佐 燃えよ!功夫淑女 中古パチスロ実機",28742,售完,https://home-slot.net/SHOP/s-yamasa57.html
1520,真 北斗無双 第5章 ドデカSTART,スマパチ,Sammy,ホームスロット,サミー e真・北斗無双 第5章 ドデカSTART 中古パチンコ実機 [スマパチ] [枠名：誓] [4ch対応],97400,有貨,https://home-slot.net/SHOP/p-sammy245.html
1522,西陣 CRAキカイダー01 GL 甘デジ,,,ホームスロット,西陣 CRAキカイダー01 GL（甘デジ） 中古パチンコ実機,41682,售完,https://home-slot.net/SHOP/p-nishijinn17.html
1523,西陣 CRA織田信奈の野望GL66,,,ホームスロット,西陣 CRA織田信奈の野望GL66 中古パチンコ実機,52600,售完,https://home-slot.net/SHOP/p-nishijinn100.html
1524,西陣 CRおばけらんど199ver.,,,ホームスロット,西陣 CRおばけらんど199ver. 中古パチンコ実機,160900,售完,https://home-slot.net/SHOP/p-nishijinn115.html
1525,西陣 CRケロロ軍曹1 319ver.,,,ホームスロット,西陣 CRケロロ軍曹1/319ver. 中古パチンコ実機,107300,售完,https://home-slot.net/SHOP/p-nishijinn215.html
1526,豊丸 CRA餃子の王将2 ミニ500,,,ホームスロット,豊丸 CRA餃子の王将2 ミニ500 中古パチンコ実機,58638,售完,https://home-slot.net/SHOP/p-toyomaru38.html
1527,豊丸 CRウサビッチ の時間189L,,,ホームスロット,豊丸 CRウサビッチ パチンコの時間189L 中古パチンコ実機,52600,售完,https://home-slot.net/SHOP/p-toyomaru60.html
1528,豊丸 CRウサビッチ の時間66VV,,,ホームスロット,豊丸 CRウサビッチ パチンコの時間66VV 枠色不問 中古パチンコ実機,101000,售完,https://home-slot.net/SHOP/p-toyomaru61.html
1530,豊丸 CRダルマゲドン99V 甘デジ,,,ホームスロット,豊丸 CRダルマゲドン99V 甘デジ 中古パチンコ実機,52600,售完,https://home-slot.net/SHOP/p-toyomaru23.html
1531,豊丸 CR餃子の王将2 大盛3000,,,ホームスロット,豊丸 CR餃子の王将2 大盛3000 中古パチンコ実機,50898,售完,https://home-slot.net/SHOP/p-toyomaru40.html
1532,豊丸 CR餃子の王将2 特盛5000,,,ホームスロット,豊丸 CR餃子の王将2 特盛5000 枠色不問 中古パチンコ実機,45704,售完,https://home-slot.net/SHOP/p-toyomaru41.html
1533,豊丸 CR餃子の王将3 凄盛2000,,,ホームスロット,豊丸 CR餃子の王将3 凄盛2000 枠色不問 中古パチンコ実機,59000,售完,https://home-slot.net/SHOP/p-toyomaru58.html
1534,豊丸 CR魔神英雄伝ワタル 199L,,,ホームスロット,豊丸 CR魔神英雄伝ワタル 199L 中古パチンコ実機,52600,售完,https://home-slot.net/SHOP/p-toyomaru44.html
1535,豊丸 PA競女!!!!!!!!‐KEIJO‐99Ver.,,,ホームスロット,豊丸 PA競女!!!!!!!!‐KEIJO‐99Ver. 中古パチンコ実機,65300,售完,https://home-slot.net/SHOP/p-toyomaru226.html
1538,銀座 火曜サスペンス劇場 最後の推理,P,,ホームスロット,銀座 P火曜サスペンス劇場 最後の推理 中古パチンコ実機 [枠名：真焔 火サス３ＧＦＣ] [4ch対応],65300,售完,https://home-slot.net/SHOP/p-ginza205.html
1539,銀座 甲鉄城のカバネリ 219Ver.,P,,ホームスロット,銀座 P甲鉄城のカバネリ 219Ver. 中古パチンコ実機 [枠名：真焔 甲鉄城のカバネリＧＥＥ] [4ch対応],122300,售完,https://home-slot.net/SHOP/p-ginza202.html
1540,銀座 真 北斗無双 第3章 ジャギの逆襲,P,,ホームスロット,銀座 P真・北斗無双 第3章 ジャギの逆襲 中古パチンコ実機 [枠名：真焔 北斗無双ジャギ] [4ch対応],63600,售完,https://home-slot.net/SHOP/p-ginza207.html
1541,銀座 鬼浜爆走愚連隊 全員集合パネル,4号機,,A-SLOT,【4号機】銀座 鬼浜爆走愚連隊 全員集合パネル 中古パチスロ実機 [4ch対応],94500,售完,https://www.a-slot.com/SHOP/ginza16.html
1543,高尾 CR DD北斗の拳 ユリアVer.,,,ホームスロット,高尾 CR DD北斗の拳 ユリアVer. 中古パチンコ実機,52600,售完,https://home-slot.net/SHOP/p-takao102.html
1544,高尾 CR DD北斗の拳 三兄弟ver.,,,ホームスロット,高尾 CR DD北斗の拳 三兄弟ver. 枠色不問 中古パチンコ実機,92400,售完,https://home-slot.net/SHOP/p-takao91.html
1545,高尾 CR DD北斗の拳 黒王号Ver.,,,ホームスロット,高尾 CR DD北斗の拳 黒王号Ver. 中古パチンコ実機,52600,售完,https://home-slot.net/SHOP/p-takao98.html
1546,高尾 CRクイーンズブレイド2 レイナ,,,ホームスロット,高尾 CRクイーンズブレイド2 レイナ 中古パチンコ実機,86000,售完,https://home-slot.net/SHOP/p-takao85.html
1547,高尾 CRクイーンズブレイド アルドラ,,,ホームスロット,高尾 CRクイーンズブレイド アルドラ 中古パチンコ実機,52600,售完,https://home-slot.net/SHOP/p-takao44.html
1548,高尾 CRクイーンズブレイド ナナエル,,,ホームスロット,高尾 CRクイーンズブレイド ナナエル 枠色不問 中古パチンコ実機,101000,售完,https://home-slot.net/SHOP/p-takao46.html
1549,高尾 CRリアル鬼ごっこ99ver.,,,ホームスロット,高尾 CRリアル鬼ごっこ９９ver. 中古パチンコ実機,86000,售完,https://home-slot.net/SHOP/p-takao87.html
1550,高尾 CR弾球黙示録カイジ2 利根川,,,ホームスロット,高尾 CR弾球黙示録カイジ2 利根川 中古パチンコ実機,40916,售完,https://home-slot.net/SHOP/p-takao39.html
1551,高尾 CR弾球黙示録カイジ3 WXA,,,ホームスロット,高尾 CR弾球黙示録カイジ3 WXA 中古パチンコ実機,173600,售完,https://home-slot.net/SHOP/p-takao73.html
1552,高尾 CR弾球黙示録カイジ 人喰い沼,,,ホームスロット,高尾 CR弾球黙示録カイジ 人喰い沼 枠色不問 中古パチンコ実機,49371,售完,https://home-slot.net/SHOP/p-takao1.html
1553,高尾 CR弾球黙示録カイジ沼2 ざわ,,,ホームスロット,高尾 CR弾球黙示録カイジ沼2 ざわ 中古パチンコ実機,52600,售完,https://home-slot.net/SHOP/p-takao50.html
1554,高尾 CR弾球黙示録カイジ沼2 天啓,,,ホームスロット,高尾 CR弾球黙示録カイジ沼2 天啓 中古パチンコ実機,126100,售完,https://home-slot.net/SHOP/p-takao48.html
1555,高尾 CR弾球黙示録カイジ 沼 天啓っ !,,,ホームスロット,高尾 CR弾球黙示録カイジ 沼 天啓っ・・・! 枠色不問 中古パチンコ実機,42138,售完,https://home-slot.net/SHOP/p-takao5.html
1556,高尾 ちょいパチ貞子3D WCA39,,,ホームスロット,高尾 ちょいパチ貞子3D WCA39 中古パチンコ実機,52600,售完,https://home-slot.net/SHOP/p-takao95.html
1557,高尾 カイジ鉄骨渡り勝負編7000,P,,ホームスロット,高尾 Pカイジ鉄骨渡り勝負編7000 中古パチンコ実機,59000,有貨,https://home-slot.net/SHOP/p-takao237.html
1558,高尾 クイーンズブレイド奈落5400,P,,ホームスロット,高尾 P クイーンズブレイド奈落5400 中古パチンコ実機 [枠名：KIREPANDA-MODEL] [4ch対応],52600,有貨,https://home-slot.net/SHOP/p-takao262.html
1559,1号機 ファイヤーバード7 2ch対応,,ミズホ,A-SLOT,【1号機】ミズホ ファイヤーバード7 中古パチスロ実機 [2ch対応][まるごと配送限定],69300,售完,https://www.a-slot.com/SHOP/mizuho_firebird7_kasugai.html
1560,3号機 コンチネンタル 2ch対応,,ミズホ,A-SLOT,【3号機】ミズホ コンチネンタル 中古パチスロ実機 [2ch対応][まるごと配送限定],99500,售完,https://www.a-slot.com/SHOP/mizuho-macy9.html
1561,3号機 スーパープラネット ブルーパネル,,山佐,A-SLOT,【3号機】山佐 スーパープラネット ブルーパネル 中古パチスロ実機,50400,售完,https://www.a-slot.com/SHOP/yamasa_superplanett_blue_kasugai.html
1562,3号機 ミスターマジック 2ch対応,,Sammy,A-SLOT,【3号機】サミー ミスターマジック 中古パチスロ実機 [2ch対応][まるごと配送限定],52200,售完,https://www.a-slot.com/SHOP/sammy_mistermagic_kasugai.html
1563,CRAうたテレQUEEN 甘デジ,,大一,ホームスロット,大一 CRAうたテレQUEEN（甘デジ） 中古パチンコ実機,49015,售完,https://home-slot.net/SHOP/p-daiichi9.html
1564,CRAめぞん一刻~約束~99ver.,,平和,ホームスロット,平和 CRAめぞん一刻～約束～99ver. 中古パチンコ実機,71600,售完,https://home-slot.net/SHOP/p-heiwa200.html
1565,CRAクリスタル&ドラゴンFPW,,藤商事,ホームスロット,藤商事 CRAクリスタル&ドラゴンFPW 中古パチンコ実機 [枠名：エアーキャノン] [8ch対応],71600,售完,https://home-slot.net/SHOP/p-fuji115.html
1566,CRAクロムセブンN VX 甘デジ,,ニューギン,ホームスロット,ニューギン CRAクロムセブンN－VX（甘デジ） 中古パチンコ実機,80444,售完,https://home-slot.net/SHOP/p-newgin46.html
1567,CRAバスタード!! 暗黒の破壊神 N V,,ニューギン,ホームスロット,ニューギン CRAバスタード！！-暗黒の破壊神-N-V 中古パチンコ実機,52600,售完,https://home-slot.net/SHOP/p-newgin148.html
1569,CRA緋弾のアリアII FPWZ,,藤商事,ホームスロット,藤商事 CRA緋弾のアリアII FPWZ 中古パチンコ実機 [枠名：エアーキャノン] [8ch対応],92400,售完,https://home-slot.net/SHOP/p-fuji148.html
1570,CRA銀河鉄道999 99ver.,,平和,ホームスロット,平和 CRA銀河鉄道999 99ver. 中古パチンコ実機,52600,售完,https://home-slot.net/SHOP/p-heiwa167.html
1571,CRおそ松さん~はじまりはじまり~,,大一,ホームスロット,大一 CRおそ松さん～はじまりはじまり～ 中古パチンコ実機 [枠名：イマジネーション プラス] [4ch対応],86000,售完,https://home-slot.net/SHOP/p-daiichi204.html
1572,CRお江戸deモンスターM60Z,,竹屋,ホームスロット,竹屋 CRお江戸deモンスターM60Z 中古パチンコ実機 [枠名：NS] [4ch対応],47741,售完,https://home-slot.net/SHOP/p-takeya6.html
1573,CRさくらももこ劇場コジコジ2,,ニューギン,ホームスロット,ニューギン CRさくらももこ劇場コジコジ2 中古パチンコ実機,52600,售完,https://home-slot.net/SHOP/p-newgin164.html
1574,CRぱちんこRio リオ M5AZ,,平和,ホームスロット,平和 CRぱちんこRio（リオ） M5AZ 【枠色不問】 中古パチンコ実機 [枠名：ルピナスX] [4ch対応],41935,售完,https://home-slot.net/SHOP/p-heiwa70.html
1575,CRぱちんこ必殺仕事人 桜花乱舞,,京楽,ホームスロット,京楽 CRぱちんこ必殺仕事人 桜花乱舞 中古パチンコ実機 [枠名：BIGサプライズ] [4ch対応],89800,售完,https://home-slot.net/SHOP/p-kyoraku59.html
1576,CRぱちんこ押忍!番長99ver.,,大都技研,ホームスロット,大都技研 CRぱちんこ押忍！番長９９ver. 中古パチンコ実機,89800,售完,https://home-slot.net/SHOP/p-daito25.html
1577,CRめぞん一刻~桜の下で~H0AX,,平和,ホームスロット,平和 CRめぞん一刻～桜の下で～H0AX 中古パチンコ実機 [枠名：ルピナスハート] [4ch対応],86000,售完,https://home-slot.net/SHOP/p-heiwa74.html
1578,CRギルティクラウン99ver.,,メーシー,ホームスロット,メーシー CRギルティクラウン99ver. 中古パチンコ実機,52600,售完,https://home-slot.net/SHOP/p-macy9.html
1579,CRサイバーブルーXLB 2ch対応,,SANYO,ホームスロット,SANYO CRサイバーブルーXLB 中古パチンコ実機 [枠名：ペガサスウィング] [2ch対応],41426,售完,https://home-slot.net/SHOP/p-sanyo62.html
1580,CRシティーハンター ~XYZ 心の叫び~,,平和,ホームスロット,平和 CRシティーハンター ～XYZ 心の叫び～ 中古パチンコ実機,101000,售完,https://home-slot.net/SHOP/p-heiwa157.html
1581,CRジャブジャブBEAT N2 K,,ニューギン,ホームスロット,ニューギン CRジャブジャブBEAT N2-K 中古パチンコ実機,86000,售完,https://home-slot.net/SHOP/p-newgin136.html
1582,CRスキージャンプ ペア2EX L1,,平和,ホームスロット,平和 CRスキージャンプ・ペア2EX L1 中古パチンコ実機 [枠名：ルピナスハート] [4ch対応],42954,售完,https://home-slot.net/SHOP/p-heiwa97.html
1583,CRスキージャンプ ペア2EX L9,,平和,ホームスロット,平和 CRスキージャンプ・ペア2EX L9 中古パチンコ実機 [枠名：ルピナスハート] [4ch対応],55200,售完,https://home-slot.net/SHOP/p-heiwa93.html
1584,CRスーパー海物語IN沖縄3HME,,SANYO,ホームスロット,SANYO CRスーパー海物語IN沖縄3HME 中古パチンコ実機 [枠名：イルミオ] [4ch対応],116000,售完,https://home-slot.net/SHOP/p-sanyo69.html
1585,CRダイナマイトキングin沖縄,,大一,ホームスロット,大一 CRダイナマイトキングin沖縄 中古パチンコ実機 [枠名：イマジネーション プラス] [4ch対応],71600,售完,https://home-slot.net/SHOP/p-daiichi200.html
1586,CRダーカーザンブラック 黒の契約者,,メーシー,ホームスロット,メーシー CRダーカーザンブラック －黒の契約者－ 中古パチンコ実機,52600,售完,https://home-slot.net/SHOP/p-macy5.html
1587,CRデコラッシュ111ver. 機,,ベルコ,ホームスロット,ベルコ CRデコラッシュ111ver. 枠色不問 中古パチンコ実機機 [枠名：駆露夢（クロム)] [4ch対応],131000,售完,https://home-slot.net/SHOP/p-bellco8.html
1588,CRデコラッシュ199ver. 機,,ベルコ,ホームスロット,ベルコ CRデコラッシュ199ver. 枠色不問 中古パチンコ実機機 [枠名：駆露夢（クロム)] [4ch対応],55200,售完,https://home-slot.net/SHOP/p-bellco6.html
1589,CRデコラッシュ259ver. 機,,ベルコ,ホームスロット,ベルコ CRデコラッシュ259ver. 枠色不問 中古パチンコ実機機 [枠名：駆露夢（クロム)] [4ch対応],52600,售完,https://home-slot.net/SHOP/p-bellco7.html
1590,CRパトラッシュ3 GREEN R,,SANKYO,ホームスロット,SANKYO CRパトラッシュ3 GREEN R 中古パチンコ実機,41935,售完,https://home-slot.net/SHOP/p-sankyo36.html
1591,CRフィーバーX JAPAN 紅MAX,,SANKYO,ホームスロット,SANKYO CRフィーバーX JAPAN 紅MAX 枠色不問 中古パチンコ実機,43777,售完,https://home-slot.net/SHOP/p-sankyo57.html
1592,CRフィーバーバニー&バニー79.9ver.,,SANKYO,ホームスロット,SANKYO CRフィーバーバニー&バニー79.9ver. 中古パチンコ実機,52600,售完,https://home-slot.net/SHOP/p-sankyo132.html
1594,CRフィーバー革命機ヴァルヴレイヴ,,SANKYO,ホームスロット,SANKYO CRフィーバー革命機ヴァルヴレイヴ 枠色不問 中古パチンコ実機,62800,售完,https://home-slot.net/SHOP/p-sankyo144.html
1595,CRプロジェクト アームズ FPFZ,,藤商事,ホームスロット,藤商事 CRプロジェクト アームズ FPFZ 中古パチンコ実機 [枠名：シャイニングウォール] [4ch対応],160900,售完,https://home-slot.net/SHOP/p-fuji90.html
1596,CRマジョカ+マジョルナFPWZ,,藤商事,ホームスロット,藤商事 CRマジョカ＋マジョルナFPWZ 中古パチンコ実機 [枠名：エアーキャノン] [8ch対応],92400,售完,https://home-slot.net/SHOP/p-fuji141.html
1597,CRラストサムライ 分割配送不可,,大一,ホームスロット,大一 CRラストサムライ 中古パチンコ実機 [分割配送不可],52600,售完,https://home-slot.net/SHOP/p-daiichi47.html
1598,CRルパン三世~LAST GOLD~,,平和,ホームスロット,平和 CRルパン三世～LAST GOLD～ 中古パチンコ実機,52600,有貨,https://home-slot.net/SHOP/p-heiwa204.html
1600,CR元祖ハロー!プロジェクトFPW,,藤商事,ホームスロット,藤商事 CR元祖ハロー!プロジェクトFPW 枠色不問 中古パチンコ実機 [枠名：シャイニングウォール] [4ch対応],52600,售完,https://home-slot.net/SHOP/p-fuji79.html
1601,CR哲也~雀聖と呼ばれた男~BL S,,大一,ホームスロット,大一 CR哲也～雀聖と呼ばれた男～BL－S 中古パチンコ実機,302600,售完,https://home-slot.net/SHOP/p-daiichi20.html
1602,CR大工の源さん~韋駄天桜~ XLC,,SANYO,ホームスロット,SANYO CR大工の源さん～韋駄天桜～ XLC 中古パチンコ実機 [枠名：イルミオ] [4ch対応],399400,售完,https://home-slot.net/SHOP/p-sanyo72.html
1603,CR大海物語2MTE 2ch対応,,SANYO,ホームスロット,SANYO CR大海物語2MTE 枠色不問 中古パチンコ実機 [枠名：クジラッキー] [2ch対応],92400,售完,https://home-slot.net/SHOP/p-sanyo50.html
1604,CR大海物語BLACKマックス,,SANYO,ホームスロット,SANYO CR大海物語BLACKマックス 中古パチンコ実機 [枠名：イルミオ] [4ch対応],86000,售完,https://home-slot.net/SHOP/p-sanyo94.html
1605,CR女だらけの水泳大会 M8AX,,平和,ホームスロット,平和 CR女だらけの水泳大会 M8AX 中古パチンコ実機,101000,售完,https://home-slot.net/SHOP/p-heiwa114.html
1606,CR押忍!ど根性ガエル99ver.,,大都技研,ホームスロット,大都技研 CR押忍！ど根性ガエル99ver. 中古パチンコ実機,86000,售完,https://home-slot.net/SHOP/p-daito21.html
1607,CR泉谷しげるの 座頭市物語 S T,,ニューギン,ホームスロット,ニューギン CR泉谷しげるの「座頭市物語」 S－T 中古パチンコ実機,38539,售完,https://home-slot.net/SHOP/p-newgin14.html
1608,CR緑ドン 花火DEボ~ンジョルノ,,ミズホ,ホームスロット,ミズホ CR緑ドン 花火DEボ～ンジョルノ 中古パチンコ実機 [枠名：Uni-Flame] [4ch対応],86000,售完,https://home-slot.net/SHOP/p-mizuho3.html
1609,CR風雲維新ダイショーグン KL S,,大一,ホームスロット,大一 CR風雲維新ダイショーグン KL-S 中古パチンコ実機,52600,售完,https://home-slot.net/SHOP/p-daiichi65.html
1610,CR風雲維新ダイショーグン兵庫式,,大一,ホームスロット,大一 ＣＲ風雲維新ダイショーグン兵庫式 中古パチンコ実機,150612,售完,https://home-slot.net/SHOP/p-daiichi68.html
1611,CR鬼浜 疾風迅雷ver.152 機,,ベルコ,ホームスロット,ベルコ CR鬼浜 疾風迅雷ver.152 枠色不問 中古パチンコ実機機 [枠名：駆露夢（クロム)] [4ch対応],52600,售完,https://home-slot.net/SHOP/p-bellco202.html
1612,CR鬼浜 疾風迅雷ver.235 機,,ベルコ,ホームスロット,ベルコ CR鬼浜 疾風迅雷ver.235 枠色不問 中古パチンコ実機機 [枠名：駆露夢（クロム)] [4ch対応],52600,售完,https://home-slot.net/SHOP/p-bellco201.html
1614,D light PA怪盗おそ松さん,,,ホームスロット,D-light PA怪盗おそ松さん 中古パチンコ実機[枠名：イマジネーション プラス] [4ch対応],52600,有貨,https://home-slot.net/SHOP/p-dlight209.html
1615,FAIRY TAIL エルザパネル,,藤商事,ホームスロット,藤商事 パチスロ FAIRY TAIL[エルザパネル] 中古パチスロ実機,93500,售完,https://home-slot.net/SHOP/s-fuji24.html
1616,FAIRY TAIL グレイパネル,,藤商事,ホームスロット,藤商事 パチスロ FAIRY TAIL[グレイパネル] 中古パチスロ実機,89800,售完,https://home-slot.net/SHOP/s-fuji25.html
1617,FAIRY TAIL メインパネル,,藤商事,ホームスロット,藤商事 パチスロ FAIRY TAIL[メインパネル] 中古パチスロ実機,83500,售完,https://home-slot.net/SHOP/s-fuji22.html
1618,FAIRY TAIL ルーシィパネル,,藤商事,ホームスロット,藤商事 パチスロ FAIRY TAIL[ルーシィパネル] 中古パチスロ実機,88500,售完,https://home-slot.net/SHOP/s-fuji23.html
1620,KPE スカイガールズ~ゼロノツバサ~,,,ホームスロット,KPE スカイガールズ～ゼロノツバサ～ 中古パチスロ実機,35100,有貨,https://home-slot.net/SHOP/s-konami205.html
1621,NET RIO2 リオ2 プレミアム,,,ホームスロット,NET RIO2（リオ2） プレミアム 中古パチスロ実機,51942,售完,https://home-slot.net/SHOP/s-net12.html
1623,NET リオデカーニバル 水着パネル,4号機,,A-SLOT,【4号機】NET リオデカーニバル 水着パネル 中古パチスロ実機 [4ch対応],69500,售完,https://www.a-slot.com/SHOP/net_riodecarnival3.html
1624,PA緋弾のアリアAA JD設定付,,藤商事,ホームスロット,JFJ PA緋弾のアリアAA JD設定付 中古パチンコ実機 [枠名：クリスタルエアー] [8ch対応],71600,售完,https://home-slot.net/SHOP/jfj201.html
1625,P Re ゼロから始める異世界生活,,大都技研,ホームスロット,大都技研 P Re：ゼロから始める異世界生活 枠色不問 中古パチンコ実機,65300,有貨,https://home-slot.net/SHOP/p-daito206.html
1626,SanThree CRクジラッキー,,,ホームスロット,SanThree CRクジラッキー 枠色不問 中古パチンコ実機,52600,售完,https://home-slot.net/SHOP/p-santhree202.html
1627,SanThree PA清流物語3,,,ホームスロット,SanThree PA清流物語3 枠色不問 中古パチンコ実機,52600,售完,https://home-slot.net/SHOP/p-santhree204.html
1635,ちょいパチ押忍!ど根性ガエル39,,大都技研,ホームスロット,大都技研 ちょいパチ押忍！ど根性ガエル39 中古パチンコ実機,216200,售完,https://home-slot.net/SHOP/p-daito22.html
1636,ぱちんこCRあしたのジョー WHA,,Sammy,ホームスロット,サミー ぱちんこCRあしたのジョー WHA 中古パチンコ実機 [枠名：転生] [4ch対応],116000,售完,https://home-slot.net/SHOP/p-sammy78.html
1637,ぱちんこCR北斗の拳6天翔百裂,,Sammy,ホームスロット,サミー ぱちんこCR北斗の拳６天翔百裂 中古パチンコ実機 [枠名：転生] [4ch対応],59000,售完,https://home-slot.net/SHOP/p-sammy80.html
1638,ぱちんこCR北斗の拳7 百裂乱舞,,Sammy,ホームスロット,サミー ぱちんこCR北斗の拳7 百裂乱舞 中古パチンコ実機 [枠名：闘神] [4ch対応],52600,售完,https://home-slot.net/SHOP/p-sammy200.html
1639,ぱちんこCR戦国乱舞 紺碧の双刃,,Sammy,ホームスロット,サミー ぱちんこCR戦国乱舞 紺碧の双刃 中古パチンコ実機 [枠名：聖（クロス）] [4ch対応],52600,售完,https://home-slot.net/SHOP/p-sammy39.html
1640,ぱちんこCR渡る世間は鬼ばかり,,Sammy,ホームスロット,サミー ぱちんこCR渡る世間は鬼ばかり 中古パチンコ実機 [枠名：闘神] [4ch対応],71600,售完,https://home-slot.net/SHOP/p-sammy100.html
1641,ぱちんこCR真 北斗無双 夢幻闘乱,,Sammy,ホームスロット,サミー ぱちんこCR真・北斗無双 夢幻闘乱 中古パチンコ実機 [枠名：闘神] [4ch対応],65300,售完,https://home-slot.net/SHOP/p-sammy97.html
1642,ぱちんこ 新 必殺仕置人TURBO,,京楽,ホームスロット,京楽 ぱちんこ 新・必殺仕置人TURBO 中古パチンコ実機 [枠名：激震 Ｐ仕置人Ａ８] [8ch対応],57600,有貨,https://home-slot.net/SHOP/p-kyoraku213.html
1643,アイムジャグラーEX メインパネル,6号機,北電子,ホームスロット,【6号機】北電子 アイムジャグラーEX [メインパネル] 中古パチスロ実機,52800,有貨,https://home-slot.net/SHOP/s-kitadenshi204.html
1644,アイムジャグラーSP ピンクパネル,,北電子,ホームスロット,北電子 アイムジャグラーSP ピンクパネル 中古パチスロ実機,41500,售完,https://home-slot.net/SHOP/s-kitadensi31.html
1649,アビリット CR妖怪人間べムMM,,,ホームスロット,アビリット CR妖怪人間べムMM 中古パチンコ実機 [枠名：ハイパーフラッシュ],49015,售完,https://home-slot.net/SHOP/p-abilit9.html
1650,アビリット CR妖怪人間ベムLL,,,ホームスロット,アビリット CR妖怪人間ベムLL 中古パチンコ実機 [枠名：ハイパーフラッシュ],46213,售完,https://home-slot.net/SHOP/p-abilit8.html
1652,アミューズメントミリオンヴィーナス,,KONAMI,ホームスロット,コナミアミューズメントミリオンヴィーナス 中古パチンコ実機 [枠名：プラチナティアラ] [4ch対応],52600,售完,https://home-slot.net/SHOP/p-konami204.html
1654,アムテックス バイオハザード RE 2,P,,ホームスロット,アムテックス Pバイオハザード RE:2 中古パチンコ実機 [枠名：BLAST バイオＲＥ２] [8ch対応],62600,有貨,https://home-slot.net/SHOP/p-amutex236.html
1655,アムテックス ピンク レディー 甘デジ,P,,ホームスロット,アムテックス Pピンク・レディー 甘デジ 中古パチンコ実機 [枠名：BLAST ピンクレディー] [8ch対応],52600,售完,https://home-slot.net/SHOP/p-amutex224.html
1657,エース電研 CRA銀河英雄伝説ST,,,ホームスロット,エース電研 CRA銀河英雄伝説ST 中古パチンコ実機 [枠名：フレイムフレーム] [4ch対応],86000,售完,https://home-slot.net/SHOP/p-ace42.html
1658,エース電研 CRエースをねらえ!HRY,,,ホームスロット,エース電研 CRエースをねらえ!HRY 中古パチンコ実機 [枠名：フレイムフレーム] [4ch対応],52600,售完,https://home-slot.net/SHOP/p-ace41.html
1659,エース電研 CRエースをねらえ!TRX,,,ホームスロット,エース電研 CRエースをねらえ!TRX 中古パチンコ実機 [枠名：フレイムフレーム] [4ch対応],52600,售完,https://home-slot.net/SHOP/p-ace40.html
1660,エース電研 CR銀河英雄伝説HLX,,,ホームスロット,エース電研 CR銀河英雄伝説HLX 中古パチンコ実機 [枠名：フレイムフレーム] [4ch対応],101000,售完,https://home-slot.net/SHOP/p-ace36.html
1661,エース電研 CR銀河英雄伝説TRX,,,ホームスロット,エース電研 CR銀河英雄伝説TRX 中古パチンコ実機 [枠名：フレイムフレーム] [4ch対応],37250,售完,https://home-slot.net/SHOP/p-ace35.html
1665,オッケー. CRぱちんこアベンジャーズ,,,ホームスロット,オッケー. CRぱちんこアベンジャーズ 中古パチンコ実機 [枠名：オッケー．枠 アベンジャーズ] [4ch対応],116000,售完,https://home-slot.net/SHOP/p-ok7.html
1666,オッケー. ぱちんこ 新鬼武者 狂鬼乱舞,P,,ホームスロット,オッケー. Pぱちんこ 新鬼武者 狂鬼乱舞 中古パチンコ実機 [枠名：Ｐぱちんこ新鬼武者専用枠] [8ch対応],62800,售完,https://home-slot.net/SHOP/p-ok202.html
1667,オレンジ 琉神‐30 スイカバージョン,,,A-SLOT,オレンジ パチスロ琉神‐30 スイカバージョン 中古パチスロ実機 [8ch対応][まるごと配送限定],45100,售完,https://www.a-slot.com/SHOP/s-orange201.html
1673,ゴールドXR 王冠パネル 2ch対応,4号機,ミズホ,A-SLOT,【4号機】ミズホ ゴールドXR 王冠パネル 中古パチスロ実機 [2ch対応],128000,有貨,https://www.a-slot.com/SHOP/mizuho-macy_goldxr_2.html
1679,サンセイ CR GI DREAM.SX,,,ホームスロット,サンセイ CR GI DREAM.SX 中古パチンコ実機 [枠名：G・GATE] [4ch対応],39287,售完,https://home-slot.net/SHOP/p-SANSEI28.html
1680,サンセイ CR GI DREAM.VV,,,ホームスロット,サンセイ CR GI DREAM.VV 中古パチンコ実機 [枠名：G・GATE] [4ch対応],160900,售完,https://home-slot.net/SHOP/p-SANSEI27.html
1682,サンセイ CRキャプテン翼UU Y,,,ホームスロット,サンセイ CRキャプテン翼UU-Y 中古パチンコ実機 [枠名：V-Savior（ブイセイバー）] [4ch対応],92400,售完,https://home-slot.net/SHOP/p-SANSEI87.html
1683,サンセイ CRキャプテン翼ZZ Y,,,ホームスロット,サンセイ CRキャプテン翼ZZ-Y 中古パチンコ実機 [枠名：V-Savior（ブイセイバー）] [4ch対応],92400,售完,https://home-slot.net/SHOP/p-SANSEI86.html
1684,サンセイ CR巨人の星~栄光の軌跡~,,,ホームスロット,サンセイ CR巨人の星～栄光の軌跡～ 中古パチンコ実機 [枠名：ライジングサンセイ] [4ch対応],52600,售完,https://home-slot.net/SHOP/p-SANSEI202.html
1685,サンセイ CR忍術決戦月影 RK.X,,,ホームスロット,サンセイ CR忍術決戦月影 RK.X 中古パチンコ実機 [枠名：D-CYCLONE] [4ch対応],44074,售完,https://home-slot.net/SHOP/p-SANSEI7.html
1686,サンセイ CR牙狼金色になれXX,,,ホームスロット,サンセイ CR牙狼金色になれXX 中古パチンコ実機 [枠名：金狼] [4ch対応],145900,有貨,https://home-slot.net/SHOP/p-SANSEI69.html
1687,サンセイ CR絶狼XX V シルバー枠,,,ホームスロット,サンセイ CR絶狼XX-V シルバー枠 中古パチンコ実機 [枠名：V-Savior（ブイセイバー）] [4ch対応],216200,售完,https://home-slot.net/SHOP/p-SANSEI75.html
1688,サンセイ 笑点 目指せ!座布団10枚,P,,ホームスロット,サンセイ P笑点 目指せ!座布団10枚 中古パチンコ実機 [枠名：ライジングサンセイ] [4ch対応],57600,有貨,https://home-slot.net/SHOP/p-SANSEI220.html
1693,ジェイビー CRグレート ザ キングJV,,,ホームスロット,ジェイビー CRグレート・ザ・キングJV 中古パチンコ実機,62800,售完,https://home-slot.net/SHOP/p-jb13.html
1696,ジェイビー CRフェスティバルDD,,,ホームスロット,ジェイビー CRフェスティバルDD 中古パチンコ実機,52600,售完,https://home-slot.net/SHOP/p-jb26.html
1697,ジェイビー ストレートセブンLSJ H,P,,ホームスロット,ジェイビー PストレートセブンLSJ-H 中古パチンコ実機,59000,售完,https://home-slot.net/SHOP/p-jb203.html
1698,ジャンキージャグラー オレンジパネル,,北電子,ホームスロット,北電子 ジャンキージャグラー（オレンジパネル） 中古パチスロ実機,113500,售完,https://home-slot.net/SHOP/s-kitadensi12.html
1699,スーパー海物語 IN 沖縄5 2ch対応,P,SANYO,ホームスロット,SANYO Pスーパー海物語 IN 沖縄5 中古パチンコ実機 [枠名：クリスタルシェル] [2ch対応],112300,有貨,https://home-slot.net/SHOP/p-sanyo227.html
1700,スーパー海物語IN沖縄6 2ch対応,P,SANYO,ホームスロット,SANYO Pスーパー海物語IN沖縄6 中古パチンコ実機 [枠名：ラッキーシェル] [2ch対応],157300,有貨,https://home-slot.net/SHOP/p-sanyo260.html
1703,タイヨーエレック CRガメラLXB,,,ホームスロット,タイヨーエレック CRガメラLXB 中古パチンコ実機,55200,售完,https://home-slot.net/SHOP/p-taiyo49.html
1704,タイヨーエレック CR匠の道 KSZ,,,ホームスロット,タイヨーエレック CR匠の道 KSZ 中古パチンコ実機,38539,售完,https://home-slot.net/SHOP/p-taiyo8.html
1707,タイヨーエレック 終末のワルキューレ,スマパチ,,ホームスロット,タイヨーエレック e 終末のワルキューレ 中古パチンコ実機 [スマパチ] [枠名：誓] [4ch対応],106000,有貨,https://home-slot.net/SHOP/p-taiyo201.html
1708,ダイナマイトキング~無敵SPEC~,P,大一,ホームスロット,大一 Pダイナマイトキング～無敵SPEC～ 中古パチンコ実機 [枠名：ルナーレス ダイナマイトキング] [4ch対応],57600,售完,https://home-slot.net/SHOP/p-daiichi222.html
1709,テクノコーシン 温泉天国 2ch対応,4号機,,A-SLOT,【4号機】テクノコーシン 温泉天国 中古パチスロ実機 [2ch対応],58500,售完,https://www.a-slot.com/SHOP/techno_onsentengoku_kasugai.html
1712,デジハネCRAガオガオキング2,,Sammy,ホームスロット,サミー デジハネCRAガオガオキング2 中古パチンコ実機 [枠名：闘神] [4ch対応],52600,售完,https://home-slot.net/SHOP/p-sammy88.html
1713,デジハネCR渡る世間は鬼ばかり,,Sammy,ホームスロット,サミー デジハネCR渡る世間は鬼ばかり 中古パチンコ実機 [枠名：闘神] [4ch対応],86000,售完,https://home-slot.net/SHOP/p-sammy107.html
1714,デビルマン~疾風迅雷~129ver.,P,ニューギン,ホームスロット,ニューギン Pデビルマン～疾風迅雷～129ver. 中古パチンコ実機 [枠名：黒船] [4ch対応],52600,有貨,https://home-slot.net/SHOP/p-newgin266.html
1718,ニューアーク ラスター ワイルドキャッツ,,,A-SLOT,ニューアーク(ラスター) ワイルドキャッツ 中古パチスロ実機 [4ch対応],27675,售完,https://www.a-slot.com/SHOP/sonota_4.html
1719,ネオモンスターハウス199Ver.,P,竹屋,ホームスロット,竹屋 Pネオモンスターハウス199Ver. 中古パチンコ実機 [枠名：SWGT] [4ch対応],548400,售完,https://home-slot.net/SHOP/p-takeya206.html
1723,ビスティ CRエヴァンゲリヲン8,,,ホームスロット,ビスティ CRエヴァンゲリヲン8 中古パチンコ実機,122300,售完,https://home-slot.net/SHOP/p-bisty41.html
1724,ビスティ CR浜崎あゆみ物語 序章,,,ホームスロット,ビスティ CR浜崎あゆみ物語－序章－ 中古パチンコ実機,96200,售完,https://home-slot.net/SHOP/p-sankyo51.html
1725,ビスティ エヴァンゲリヲン~超暴走~,,,ホームスロット,ビスティ エヴァンゲリヲン～超暴走～ 中古パチンコ実機,52600,有貨,https://home-slot.net/SHOP/p-bisty202.html
1726,ビッグドリーム2激神199Ver.,P,Sammy,ホームスロット,サミー Pビッグドリーム2激神199Ver. 中古パチンコ実機 [枠名：銀座闘神] [4ch対応],60200,售完,https://home-slot.net/SHOP/p-sammy223.html
1727,フィーバーマクロスΔA 設定付きVer.,P,SANKYO,ホームスロット,SANKYO PフィーバーマクロスΔA（設定付きVer.) 枠色不問 中古パチンコ実機,59000,售完,https://home-slot.net/SHOP/p-sankyo221.html
1728,フィーバーマクロスΔ V ラッシュver.,P,SANKYO,ホームスロット,SANKYO PフィーバーマクロスΔ V-ラッシュver. 枠色不問 中古パチンコ実機,52600,售完,https://home-slot.net/SHOP/p-sankyo230.html
1729,フィーバー機動戦士ガンダムSEED,P,SANKYO,ホームスロット,SANKYO Pフィーバー機動戦士ガンダムSEED 中古パチンコ実機 [枠名：フリーダム],57600,有貨,https://home-slot.net/SHOP/p-sankyo269.html
1730,マックスアライド チャビーファンク,4号機,,A-SLOT,【4号機】マックスアライド チャビーファンク 中古パチスロ実機,42720,售完,https://www.a-slot.com/SHOP/maxaride_chubbyfunk_kasugai.html
1731,マツヤ商会 エマニエル~夜蝶ver.~,,,A-SLOT,マツヤ商会 パチスロ エマニエル～夜蝶ver.～ 中古パチスロ実機 [4ch対応],45100,售完,https://www.a-slot.com/SHOP/matsuya1.html
1732,マツヤ商会 ダイナマイトキッズR,4号機,,A-SLOT,【4号機】マツヤ商会 ダイナマイトキッズR 中古パチスロ実機,79800,售完,https://www.a-slot.com/SHOP/matsuya_dynamitekids_r.html
1733,マルホン CRAファインプレーSP,,,ホームスロット,マルホン CRAファインプレーSP 枠色不問 中古パチンコ実機,59000,售完,https://home-slot.net/SHOP/p-maruhon46.html
1734,マルホン CR@ほぉ~むカフェ LH1,,,ホームスロット,マルホン CR＠ほぉ～むカフェ LH1 枠色不問 中古パチンコ実機,101000,售完,https://home-slot.net/SHOP/p-maruhon39.html
1735,マルホン CR超シャカ RUSH R,,,ホームスロット,マルホン CR超シャカ RUSH R 枠色不問 中古パチンコ実機,59000,售完,https://home-slot.net/SHOP/p-maruhon38.html
1736,マルホン ちょいパチ ソルジャー39,,,ホームスロット,マルホン ちょいパチ ソルジャー39 中古パチンコ実機,52600,售完,https://home-slot.net/SHOP/p-maruhon60.html
1737,マルホン 真シャカRUSH Jr.A,P,,ホームスロット,マルホン P真シャカRUSH Jr.A 中古パチンコ実機,52600,售完,https://home-slot.net/SHOP/p-maruhon212.html
1739,ルパン三世 2000カラットの涙,P,平和,ホームスロット,平和 Pルパン三世 2000カラットの涙 中古パチンコ実機,86000,有貨,https://home-slot.net/SHOP/p-heiwa227.html
1740,俺の名はルパン三世 ルパンパネル,,平和,ホームスロット,平和 俺の名はルパン三世 ルパンパネル 中古パチスロ実機,89800,售完,https://home-slot.net/SHOP/s-heiwa22.html
1741,功夫淑女 カンフーレディー 2ch対応,4号機,山佐,A-SLOT,【4号機】山佐 功夫淑女(カンフーレディー) 中古パチスロ実機 [2ch対応],35820,售完,https://www.a-slot.com/SHOP/yamasa44.html
1743,大工の源さん超韋駄天 2ch対応,P,SANYO,ホームスロット,SANYO P大工の源さん超韋駄天 中古パチンコ実機 [枠名：Ｇ－ＤＲＩＶＥ] [2ch対応],52600,有貨,https://home-slot.net/SHOP/p-sanyo219.html
1744,大東音響 キングガルフ 2ch対応,4号機,,A-SLOT,【4号機】大東音響 キングガルフ 中古パチスロ実機 [2ch対応],92020,售完,https://www.a-slot.com/SHOP/daitoonkyo3.html
1745,大海物語4スペシャル 2ch対応,P,SANYO,ホームスロット,SANYO P大海物語4スペシャル 中古パチンコ実機 [枠名：マリンシェル] [2ch対応],57600,售完,https://home-slot.net/SHOP/p-sanyo223.html
1746,大海物語5スペシャル 2ch対応,P,SANYO,ホームスロット,SANYO P大海物語5スペシャル 中古パチンコ実機 [枠名：クリスタルシェル] [2ch対応],1370900,有貨,https://home-slot.net/SHOP/p-sanyo253.html
1755,異世界魔王と召喚少女の奴隷魔術,P,ニューギン,ホームスロット,ニューギン P異世界魔王と召喚少女の奴隷魔術 中古パチンコ実機 [枠名：黒船] [4ch対応],150900,售完,https://home-slot.net/SHOP/p-newgin285.html
1756,西陣 CRAヘブンブリッジDX2,,,ホームスロット,西陣 CRAヘブンブリッジDX2 中古パチンコ実機,86000,售完,https://home-slot.net/SHOP/p-nishijinn81.html
1757,西陣 CRA 舞 HiME GL 甘デジ,,,ホームスロット,西陣 CRA 舞－HiME GL 甘デジ 中古パチンコ実機,41682,售完,https://home-slot.net/SHOP/p-nishijinn29.html
1758,西陣 CR SAMURAI7 GLA,,,ホームスロット,西陣 CR SAMURAI7 GLA 中古パチンコ実機,52600,售完,https://home-slot.net/SHOP/p-nishijinn45.html
1759,西陣 CRぷらちなGL ケロロ軍曹,,,ホームスロット,西陣 CRぷらちなGL ケロロ軍曹 中古パチンコ実機,86000,售完,https://home-slot.net/SHOP/p-nishijinn206.html
1760,西陣 CRぷらちなGL 金の花満開,,,ホームスロット,西陣 CRぷらちなGL 金の花満開 枠色不問 中古パチンコ実機,52600,售完,https://home-slot.net/SHOP/p-nishijinn202.html
1761,西陣 CR春一番~こいこい八~GLA,,,ホームスロット,西陣 ＣＲ春一番～こいこい八～ＧＬＡ 中古パチンコ実機,626871,售完,https://home-slot.net/SHOP/p-nishijinn57.html
1763,西陣 モモキュンソードGC250A,P,,ホームスロット,西陣 PモモキュンソードGC250A 中古パチンコ実機 [枠名：戦舞 モモキュンソードＧＣ２５０Ａ] [4ch対応],59000,有貨,https://home-slot.net/SHOP/p-nishijinn247.html
1764,豊丸 CRAセクシーフォール56VV,,,ホームスロット,豊丸 CRAセクシーフォール56VV 中古パチンコ実機,137371,售完,https://home-slot.net/SHOP/p-toyomaru37.html
1766,豊丸 CRセクシーボウル319X4,,,ホームスロット,豊丸 CRセクシーボウル319X4 中古パチンコ実機,86000,售完,https://home-slot.net/SHOP/p-toyomaru201.html
1767,豊丸 CRダルマゲドン390ZN,,,ホームスロット,豊丸 CRダルマゲドン390ZN 中古パチンコ実機,59491,售完,https://home-slot.net/SHOP/p-toyomaru31.html
1768,豊丸 CRローズテイルEX229L,,,ホームスロット,豊丸 CRローズテイルEX229L 中古パチンコ実機,70556,售完,https://home-slot.net/SHOP/p-toyomaru16.html
1769,豊丸 CR餃子の王将3 王盛プラス,,,ホームスロット,豊丸 CR餃子の王将3 王盛プラス 中古パチンコ実機,65300,有貨,https://home-slot.net/SHOP/p-toyomaru71.html
1770,豊丸 競女!!!!!!!! KEIJO 199Ver.,P,,ホームスロット,豊丸 P競女!!!!!!!!-KEIJO-199Ver. 中古パチンコ実機,89800,售完,https://home-slot.net/SHOP/p-toyomaru217.html
1771,豊丸 競女!!!!!!!! KEIJO 319Ver.,P,,ホームスロット,豊丸 P競女!!!!!!!!-KEIJO- 319Ver. 中古パチンコ実機,52600,售完,https://home-slot.net/SHOP/p-toyomaru218.html
1772,銀座 P<物語>シリーズ セカンドシーズン,,,ホームスロット,銀座 P＜物語＞シリーズ セカンドシーズン 中古パチンコ実機 [枠名：真焔 物語セカンドシーズン] [4ch対応],82600,售完,https://home-slot.net/SHOP/p-ginza201.html
1776,銀座 デジハネP 頭文字D せかんど,,,ホームスロット,銀座 デジハネP 頭文字D せかんど 中古パチンコ実機 [枠名：銀座真焔] [4ch対応],57600,有貨,https://home-slot.net/SHOP/p-ginza230.html
1778,銀座 七つの大罪2 神千斬りVER.,P,,ホームスロット,銀座 P七つの大罪2 神千斬りVER. 中古パチンコ実機 [枠名：銀座真焔] [4ch対応],65300,售完,https://home-slot.net/SHOP/p-ginza219.html
1780,高尾 CRA一騎当千SS暴 甘デジ,,,ホームスロット,高尾 CRA一騎当千SS暴（甘デジ） 枠色不問 中古パチンコ実機,42954,售完,https://home-slot.net/SHOP/p-takao40.html
1781,高尾 CRクイーンズブレイド レイナ,,,ホームスロット,高尾 CRクイーンズブレイド レイナ 中古パチンコ実機,52600,售完,https://home-slot.net/SHOP/p-takao45.html
1783,高尾 CR弾球黙示録カイジ2 開司,,,ホームスロット,高尾 CR弾球黙示録カイジ2 開司 中古パチンコ実機,86000,售完,https://home-slot.net/SHOP/p-takao31.html
1784,高尾 CR美男ですね 141ver.,,,ホームスロット,高尾 CR美男ですね 141ver. 中古パチンコ実機,52600,售完,https://home-slot.net/SHOP/p-takao94.html
1785,高尾 CR閃乱カグラ229ver.,,,ホームスロット,高尾 CR閃乱カグラ229ver. 中古パチンコ実機,86000,售完,https://home-slot.net/SHOP/p-takao96.html
1786,高尾 P DD北斗の拳~主役はジャギ!!~,,,ホームスロット,高尾 P DD北斗の拳～主役はジャギ!!～ 中古パチンコ実機,52600,售完,https://home-slot.net/SHOP/p-takao207.html
1787,高尾 ノーゲーム ノーライフ 199Ver.,スマパチ,,ホームスロット,高尾 e ノーゲーム・ノーライフ 199Ver. 中古パチンコ実機 [スマパチ] [枠名：クリオネ] [4ch対応],101000,有貨,https://home-slot.net/SHOP/p-takao264.html
1788,高尾 ノーゲーム ノーライフ 319Ver.,スマパチ,,ホームスロット,高尾 e ノーゲーム・ノーライフ 319Ver. 中古パチンコ実機 [スマパチ] [枠名：クリオネ] [4ch対応],116100,有貨,https://home-slot.net/SHOP/p-takao263.html
1789,高尾 貞子3D2~呪われた12時間~,P,,ホームスロット,高尾 P貞子3D2～呪われた12時間～ 枠色不問 中古パチンコ実機,116000,售完,https://home-slot.net/SHOP/p-takao218.html
1790,2号機 興進産業 デートライン銀河,,,A-SLOT,【2号機】興進産業 デートライン銀河 中古パチスロ実機,69300,售完,https://www.a-slot.com/SHOP/koshin_datelineginga_kasugai.html
1791,CR3×3EYES 大帰滅への道,,大都技研,ホームスロット,大都技研 CR3×3EYES 大帰滅への道 中古パチンコ実機,101000,售完,https://home-slot.net/SHOP/p-daito19.html
1792,CRAそれゆけ野生の王国N K,,ニューギン,ホームスロット,ニューギン CRAそれゆけ野生の王国N-K 枠色不問 中古パチンコ実機,52600,售完,https://home-slot.net/SHOP/p-newgin153.html
1793,CRAめぞん一刻9AW 甘デジ,,平和,ホームスロット,平和 CRAめぞん一刻9AW （甘デジ） 枠色不問 中古パチンコ実機 [枠名：ルピナス] [4ch対応],107300,售完,https://home-slot.net/SHOP/p-heiwa66.html
1794,CRA コブラTHEドラム N K,,ニューギン,ホームスロット,ニューギン CRA コブラTHEドラム N-K 中古パチンコ実機,52600,售完,https://home-slot.net/SHOP/p-newgin106.html
1795,CRAリング 呪い再びFPIZ,,藤商事,ホームスロット,藤商事 CRAリング 呪い再びFPIZ 中古パチンコ実機 [枠名：エアーキャノン] [8ch対応],86000,售完,https://home-slot.net/SHOP/p-fuji127.html
1796,CRA仄暗い水の底からFPW,,藤商事,ホームスロット,藤商事 CRA仄暗い水の底からFPW 中古パチンコ実機 [枠名：エアーキャノン] [8ch対応],59000,售完,https://home-slot.net/SHOP/p-fuji135.html
1797,CRA戦国乙女2 9AX 甘デジ,,平和,ホームスロット,平和 CRA戦国乙女2 9AX 甘デジ 中古パチンコ実機 [枠名：ルピナスX] [4ch対応],92400,售完,https://home-slot.net/SHOP/p-heiwa72.html
1798,CRA暴れん坊将軍 怪談FPW,,藤商事,ホームスロット,藤商事 CRA暴れん坊将軍 怪談FPW 中古パチンコ実機 [枠名：エアーキャノン] [8ch対応],71600,售完,https://home-slot.net/SHOP/p-fuji122.html
1800,CRそれゆけ野生の王国H2 K,,ニューギン,ホームスロット,ニューギン CRそれゆけ野生の王国H2-K 枠色不問 中古パチンコ実機,52600,售完,https://home-slot.net/SHOP/p-newgin139.html
1801,CRそれゆけ野生の王国H3 T,,ニューギン,ホームスロット,ニューギン CRそれゆけ野生の王国H3-T 枠色不問 中古パチンコ実機,86000,售完,https://home-slot.net/SHOP/p-newgin140.html
1802,CRちょいパチ冬のソナタ39,,京楽,ホームスロット,京楽 CRちょいパチ冬のソナタ39 中古パチンコ実機 [枠名：BIGサプライズ 冬ソナ39枠] [4ch対応],52600,售完,https://home-slot.net/SHOP/p-kyoraku82.html
1803,CRちょいパチ海物語3R29,,SANYO,ホームスロット,SANYO CRちょいパチ海物語3R29 中古パチンコ実機 [枠名：イルミオ] [4ch対応],86000,售完,https://home-slot.net/SHOP/p-sanyo111.html
1804,CRぱちんこAKB 3 誇りの丘,,京楽,ホームスロット,京楽 CRぱちんこAKB-3 誇りの丘 中古パチンコ実機 [枠名：ＡＫＢ専用枠] [8ch対応],59000,售完,https://home-slot.net/SHOP/p-kyoraku204.html
1805,CRぱちんこウルトラセブン2,,京楽,ホームスロット,京楽 CRぱちんこウルトラセブン2 中古パチンコ実機 [枠名：ウルトラセブン専用枠] [8ch対応],91000,售完,https://home-slot.net/SHOP/p-kyoraku201.html
1806,CRぱちんこキン肉マンMAX,,京楽,ホームスロット,京楽 CRぱちんこキン肉マンMAX 枠色不問 中古パチンコ実機 [枠名：新スタジアム] [4ch対応],70556,售完,https://home-slot.net/SHOP/p-kyoraku15.html
1807,CRぱちんこ仮面ライダー フル ル,,京楽,ホームスロット,京楽 CRぱちんこ仮面ライダー フルスロットル 中古パチンコ実機 [枠名：フルスロットル] [4ch対応],186300,售完,https://home-slot.net/SHOP/p-kyoraku80.html
1809,CR ぱちんこ悪魔城ドラキュラ,,高砂,ホームスロット,高砂 CR ぱちんこ悪魔城ドラキュラ 中古パチンコ実機 [枠名：プラチナティアラ] [4ch対応],116000,售完,https://home-slot.net/SHOP/p-takasago4.html
1810,CRぱちんこ押忍!番長 漢の極み,,大都技研,ホームスロット,大都技研 CRぱちんこ押忍！番長 漢の極み 中古パチンコ実機,131000,售完,https://home-slot.net/SHOP/p-daito204.html
1811,CRひぐらしのなく頃に~祈~KZ,,大一,ホームスロット,大一 CRひぐらしのなく頃に～祈～KZ 中古パチンコ実機 [枠名：イマジネーション プラス] [4ch対応],92400,售完,https://home-slot.net/SHOP/p-daiichi110.html
1812,CRびっくりぱちんこ巨人の星,,京楽,ホームスロット,京楽 CRびっくりぱちんこ巨人の星 枠色不問 中古パチンコ実機 [枠名：新スタジアム] [4ch対応],131000,售完,https://home-slot.net/SHOP/p-kyoraku35.html
1813,CRアメイジング スパイダーマン,,七匠,ホームスロット,七匠 CRアメイジング・スパイダーマン 中古パチンコ実機,92400,售完,https://home-slot.net/SHOP/p-nanashow01.html
1814,CRキャッツ アイ299ver.,,平和,ホームスロット,平和 CRキャッツ・アイ299ver. 中古パチンコ実機,59000,售完,https://home-slot.net/SHOP/p-heiwa133.html
1815,CRキャッツ アイ399ver.,,平和,ホームスロット,平和 CRキャッツ・アイ399ver. 中古パチンコ実機,71600,售完,https://home-slot.net/SHOP/p-heiwa134.html
1816,CRキャッツ アイ99.9ver.,,平和,ホームスロット,平和 CRキャッツ・アイ99.9ver. 中古パチンコ実機,92400,售完,https://home-slot.net/SHOP/p-heiwa137.html
1817,CRグラップラー刃牙 99ver.,,ニューギン,ホームスロット,ニューギン CRグラップラー刃牙 99ver. 中古パチンコ実機,92400,售完,https://home-slot.net/SHOP/p-newgin142.html
1818,CRグラップラー刃牙 オーガver.,,ニューギン,ホームスロット,ニューギン CRグラップラー刃牙 オーガver. 中古パチンコ実機,186300,售完,https://home-slot.net/SHOP/p-newgin128.html
1819,CRグラップラー刃牙 刃牙ver.,,ニューギン,ホームスロット,ニューギン CRグラップラー刃牙 刃牙ver. 中古パチンコ実機,52600,售完,https://home-slot.net/SHOP/p-newgin129.html
1820,CRゴースト ニューヨークの幻 FPH,,藤商事,ホームスロット,藤商事 CRゴースト ニューヨークの幻 FPH 中古パチンコ実機 [枠名：オーバルワン] [4ch対応],152300,售完,https://home-slot.net/SHOP/p-huji1.html
1821,CRサイボーグ009~絆~M5 TX,,ニューギン,ホームスロット,ニューギン CRサイボーグ009～絆～M5－TX 中古パチンコ実機,49371,售完,https://home-slot.net/SHOP/p-newgin73.html
1823,CRスーパーダイナマイトキング Z,,大一,ホームスロット,大一 CRスーパーダイナマイトキング Z 中古パチンコ実機,43988,售完,https://home-slot.net/SHOP/p-daiichi16.html
1824,CRデジハネサクラ大戦2 CV,,Sammy,ホームスロット,サミー CRデジハネサクラ大戦2 CV 中古パチンコ実機 [枠名：焔（ホムラ）] [4ch対応],37963,售完,https://home-slot.net/SHOP/p-sammy21.html
1825,CRトーキョーチアチアパーティーM K,,ニューギン,ホームスロット,ニューギン CRトーキョーチアチアパーティーM-K 中古パチンコ実機,52600,售完,https://home-slot.net/SHOP/p-newgin144.html
1826,CRパトラッシュ2 GREEN,,SANKYO,ホームスロット,SANKYO CRパトラッシュ2 GREEN 中古パチンコ実機,38539,售完,https://home-slot.net/SHOP/p-sankyo22.html
1829,CRフィーバーマイケル ジャクソン,,SANKYO,ホームスロット,SANKYO CRフィーバーマイケル・ジャクソン 枠色不問 中古パチンコ実機,86000,售完,https://home-slot.net/SHOP/p-sankyo142.html
1830,CRフィーバー夢福神149ver.,,SANKYO,ホームスロット,SANKYO CRフィーバー夢福神149ver. 中古パチンコ実機,52600,售完,https://home-slot.net/SHOP/p-sankyo125.html
1833,CRプロジェクト アームズ FPL,,藤商事,ホームスロット,藤商事 CRプロジェクト アームズ FPL 中古パチンコ実機 [枠名：シャイニングウォール] [4ch対応],47435,售完,https://home-slot.net/SHOP/p-fuji91.html
1834,CRマジカルハロウィン NM3,,高砂,ホームスロット,高砂 CRマジカルハロウィン NM3 中古パチンコ実機 [枠名：プラチナティアラ] [4ch対応],52600,售完,https://home-slot.net/SHOP/p-takasago1.html
1835,CRミニミニモンスター3TSN,,竹屋,ホームスロット,竹屋 CRミニミニモンスター3TSN 中古パチンコ実機 [枠名：竹屋枠（MrBean～）] [4ch対応],159879,售完,https://home-slot.net/SHOP/p-takeya9.html
1836,CRミリオンゴッド ディセント,,メーシー,ホームスロット,メーシー CRミリオンゴッド ディセント 中古パチンコ実機,65300,售完,https://home-slot.net/SHOP/p-macy12.html
1837,CRミリオンゴッドプレミアム,,ミズホ,ホームスロット,ミズホ CRミリオンゴッドプレミアム 中古パチンコ実機 [枠名：ミズホ枠（ミリオンゴッド～）] [4ch対応],36231,售完,https://home-slot.net/SHOP/p-mizuho1.html
1838,CRミリオンゴッドライジング,,メーシー,ホームスロット,メーシー CRミリオンゴッドライジング 中古パチンコ実機 [枠名：GOLD SPARK] [4ch対応],330200,售完,https://home-slot.net/SHOP/p-macy2.html
1840,CRリング 呪縛RUSH FPM,,藤商事,ホームスロット,藤商事 CRリング 呪縛RUSH FPM 中古パチンコ実機 [枠名：クリスタルエアー リング呪縛] [8ch対応],92400,售完,https://home-slot.net/SHOP/p-fuji200.html
1841,CR交渉人 真下正義99ver.,,平和,ホームスロット,平和 CR交渉人 真下正義99ver. 中古パチンコ実機,52600,售完,https://home-slot.net/SHOP/p-heiwa168.html
1843,CR仄暗い水の底からFPMZ,,藤商事,ホームスロット,藤商事 CR仄暗い水の底からFPMZ 中古パチンコ実機 [枠名：エアーキャノン] [8ch対応],52600,售完,https://home-slot.net/SHOP/p-fuji129.html
1844,CR南国育ちin沖縄M7AX,,平和,ホームスロット,平和 CR南国育ちin沖縄M7AX 中古パチンコ実機 [枠名：ルピナスX] [4ch対応],59000,售完,https://home-slot.net/SHOP/p-heiwa73.html
1845,CR哲也2~雀聖再臨~天運ver.,,大一,ホームスロット,大一 CR哲也２～雀聖再臨～天運ver. 中古パチンコ実機,52600,售完,https://home-slot.net/SHOP/p-daiichi81.html
1846,CR哲也 玄人の頂へ 天運ver,,大一,ホームスロット,大一 CR哲也 玄人の頂へ 天運ver 中古パチンコ実機 [枠名：イマジネーション プラス] [4ch対応],86000,售完,https://home-slot.net/SHOP/p-daiichi114.html
1847,CR大海物語BLACKライト,,SANYO,ホームスロット,SANYO CR大海物語BLACKライト 中古パチンコ実機 [枠名：イルミオ] [4ch対応],92400,售完,https://home-slot.net/SHOP/p-sanyo93.html
1848,CR天外魔境卍MARU MTH,,SANYO,ホームスロット,SANYO CR天外魔境卍MARU MTH 中古パチンコ実機 [枠名：フラッシュリング],116000,售完,https://home-slot.net/SHOP/p-sanyo1.html
1849,CR奏光のストレインBMX2,,竹屋,ホームスロット,竹屋 CR奏光のストレインBMX2 中古パチンコ実機 [枠名：竹屋枠（MrBean～）] [4ch対応],58129,售完,https://home-slot.net/SHOP/p-takeya10.html
1850,CR宇宙戦艦ヤマト3FFPM,,藤商事,ホームスロット,藤商事 CR宇宙戦艦ヤマト3FFPM 中古パチンコ実機 [枠名：クリスタルファイヤー] [4ch対応],49371,售完,https://home-slot.net/SHOP/p-huji31.html
1851,CR海物語3R1 319ver.,,SANYO,ホームスロット,SANYO CR海物語3R1(319ver.) 中古パチンコ実機 [枠名：イルミオ] [4ch対応],52600,售完,https://home-slot.net/SHOP/p-sanyo108.html
1852,CR百花繚乱サムライブライド,,平和,ホームスロット,平和 CR百花繚乱サムライブライド 中古パチンコ実機,86000,售完,https://home-slot.net/SHOP/p-heiwa202.html
1853,CR秘宝伝 秘められし時の鼓動,,大都技研,ホームスロット,大都技研 CR秘宝伝 秘められし時の鼓動 中古パチンコ実機,65300,售完,https://home-slot.net/SHOP/p-daito26.html
1854,CR聖闘士星矢 星の運命XLC,,SANYO,ホームスロット,SANYO CR聖闘士星矢 星の運命XLC 中古パチンコ実機 [枠名：イルミオ] [4ch対応],116000,售完,https://home-slot.net/SHOP/p-sanyo70.html
1855,CR聖闘士星矢 青銅 2ch対応,,SANYO,ホームスロット,SANYO CR聖闘士星矢－青銅－ 中古パチンコ実機 [枠名：ペガサスウィング] [2ch対応],53444,售完,https://home-slot.net/SHOP/p-sanyo39.html
1856,CR聖闘士星矢 黄金 2ch対応,,SANYO,ホームスロット,SANYO CR聖闘士星矢－黄金－ 中古パチンコ実機 [枠名：ペガサスウィング] [2ch対応],52600,售完,https://home-slot.net/SHOP/p-sanyo40.html
1860,CR鋼殻のレギオス 99ver,,大都技研,ホームスロット,大都技研 CR鋼殻のレギオス 99ver 中古パチンコ実機,65300,售完,https://home-slot.net/SHOP/p-daito13.html
1861,CR雪物語2MMA 2ch対応,,SANYO,ホームスロット,SANYO CR雪物語2MMA 中古パチンコ実機 [枠名：クジラッキー] [2ch対応],49065,售完,https://home-slot.net/SHOP/p-sanyo60.html
1862,CR雪物語2YSA 2ch対応,,SANYO,ホームスロット,SANYO CR雪物語2YSA 中古パチンコ実機 [枠名：クジラッキー] [2ch対応],52600,售完,https://home-slot.net/SHOP/p-sanyo61.html
1863,CR黄門ちゃま寿9AW 甘デジ,,平和,ホームスロット,平和 CR黄門ちゃま寿9AW 甘デジ 中古パチンコ実機 [枠名：ルピナスX] [4ch対応],86000,售完,https://home-slot.net/SHOP/p-heiwa81.html
1866,JPS どんまい!!ちゅ~吉 白パネル,,,A-SLOT,JPS どんまい!!ちゅ～吉 【白パネル】 中古パチスロ実機 [8ch対応],142900,售完,https://www.a-slot.com/SHOP/jps20.html
1867,JPS ナースウィッチ小麦ちゃん,,,A-SLOT,JPS ナースウィッチ小麦ちゃん 中古パチスロ実機,56320,售完,https://www.a-slot.com/SHOP/jps3.html
1871,NET ブラックジャック777,4号機,,A-SLOT,【4号機】NET ブラックジャック777 中古パチスロ実機 [4ch対応],45100,售完,https://www.a-slot.com/SHOP/net44.html
1873,PA CYBORG009 NX 1,,ニューギン,ホームスロット,ニューギン PA CYBORG009 NX-1 枠色不問 中古パチンコ実機 [枠名：ReLf] [4ch対応],57600,售完,https://home-slot.net/SHOP/p-newgin230.html
1874,PAぱちんこ乗物娘77ver.,,ニューギン,ホームスロット,ニューギン PAぱちんこ乗物娘77ver. 枠色不問 中古パチンコ実機 [枠名：ReLf] [4ch対応],52600,售完,https://home-slot.net/SHOP/p-newgin251.html
1875,PA戦国BASARA N 5V1,,ニューギン,ホームスロット,ニューギン PA戦国BASARA N-5V1 中古パチンコ実機 [枠名：ReLf] [4ch対応],59000,售完,https://home-slot.net/SHOP/p-newgin240.html
1876,PA野生の王国GO 99ver.,,ニューギン,ホームスロット,ニューギン PA野生の王国GO 99ver. 枠色不問 中古パチンコ実機 [枠名：ReLf] [4ch対応],101000,售完,https://home-slot.net/SHOP/p-newgin253.html
1880,SNKプレイモア スーパーお父さん,,,A-SLOT,SNKプレイモア スーパーお父さん 中古パチスロ実機 [4ch対応],84900,售完,https://www.a-slot.com/SHOP/snk6.html
1883,うる星やつら~ラムのラブソング,P,ニューギン,ホームスロット,ニューギン Pうる星やつら～ラムのラブソング 中古パチンコ実機 [枠名：ReLf] [4ch対応],71600,售完,https://home-slot.net/SHOP/p-newgin218.html
1884,からくりサーカス ヒロインパネル,スマスロ,SANKYO,ホームスロット,SANKYO パチスロ からくりサーカス [ヒロインパネル] 中古パチスロ実機 [スマスロ],60300,售完,https://home-slot.net/SHOP/s-sankyo228.html
1885,ちょいパチ真 花の慶次N K39,,ニューギン,ホームスロット,ニューギン ちょいパチ真・花の慶次N-K39 中古パチンコ実機,75400,售完,https://home-slot.net/SHOP/p-newgin145.html
1886,ちょいパチ神獣王2 39ver.,,Sammy,ホームスロット,サミー ちょいパチ神獣王2 39ver. 中古パチンコ実機 [枠名：転生] [4ch対応],101000,售完,https://home-slot.net/SHOP/p-sammy91.html
1887,ぱちんこAKB48 バラの儀式,,京楽,ホームスロット,京楽 ぱちんこAKB48 バラの儀式 中古パチンコ実機 [枠名：BIGサプライズ] [4ch対応],71600,售完,https://home-slot.net/SHOP/p-kyoraku73.html
1888,ぱちんこCRガオガオキング2,,Sammy,ホームスロット,サミー ぱちんこCRガオガオキング2 中古パチンコ実機 [枠名：闘神] [4ch対応],52600,售完,https://home-slot.net/SHOP/p-sammy89.html
1890,ぱちんこCRハクション大魔王,,Sammy,ホームスロット,サミー ぱちんこCRハクション大魔王 中古パチンコ実機 [枠名：転生] [4ch対応],52600,售完,https://home-slot.net/SHOP/p-sammy72.html
1891,ぱちんこCRビッグガチンコ7,,Sammy,ホームスロット,サミー ぱちんこCRビッグガチンコ7 中古パチンコ実機 [枠名：転生] [4ch対応],52600,售完,https://home-slot.net/SHOP/p-sammy99.html
1892,ぱちんこCRブラックラグーン3,,Sammy,ホームスロット,サミー ぱちんこCRブラックラグーン3 中古パチンコ実機 [枠名：銀座闘神] [4ch対応],86000,售完,https://home-slot.net/SHOP/p-sammy206.html
1893,ぱちんこCRモンスターハンター4,,Sammy,ホームスロット,サミー ぱちんこＣＲモンスターハンター４ 中古パチンコ実機 [枠名：闘神] [4ch対応],86000,售完,https://home-slot.net/SHOP/p-sammy92.html
1894,ぱちんこCR攻殻機動隊S.A.C.,,Sammy,ホームスロット,サミー ぱちんこCR攻殻機動隊S.A.C. 中古パチンコ実機 [枠名：闘神] [4ch対応],52600,售完,https://home-slot.net/SHOP/p-sammy102.html
1895,ぱちんこCR真 北斗無双 第2章,,Sammy,ホームスロット,サミー ぱちんこCR真・北斗無双 第2章 中古パチンコ実機 [枠名：闘神] [4ch対応],59000,售完,https://home-slot.net/SHOP/p-sammy202.html
1904,アイムジャグラーEX パネル不問,5号機,北電子,A-SLOT,【お取り寄せ商品】【5号機】北電子 アイムジャグラーEX パネル不問 中古パチスロ実機 [4ch対応],104900,有貨,https://www.a-slot.com/SHOP/kiradenshi14_zzz.html
1908,アクロス ドンちゃん2 緑Ver.,,,A-SLOT,アクロス ドンちゃん2 緑Ver. 中古パチスロ実機 [8ch対応],50100,售完,https://www.a-slot.com/SHOP/s-across209.html
1915,アビリット CR鬼浜 走死走命編,,,ホームスロット,アビリット CR鬼浜 走死走命編 中古パチンコ実機 [枠名：ハイパーフラッシュ],44074,售完,https://home-slot.net/SHOP/p-abilit4.html
1917,アピールプレート 花マル サンデー 店 A,,,A-SLOT,中古アピールプレート【花マル・サンデー】 中古スロット販売店　A,72000,售完,https://www.a-slot.com/SHOP/plate_hanamaru.html
1920,アムテックス バキ199ver.,P,,ホームスロット,アムテックス Pバキ199ver. 中古パチンコ実機 [枠名：パプリカ バキ１９９] [8ch対応],86000,售完,https://home-slot.net/SHOP/p-amutex225.html
1921,アムテックス バキ319ver.,P,,ホームスロット,アムテックス Pバキ319ver. 中古パチンコ実機 [枠名：パプリカ バキ３１９] [8ch対応],75400,有貨,https://home-slot.net/SHOP/p-amutex226.html
1922,アムテックス 戦国乙女5甘デジ,P,,ホームスロット,アムテックス P戦国乙女5甘デジ 中古パチンコ実機 [枠名：アムテックス王者] [8ch対応],57600,有貨,https://home-slot.net/SHOP/p-amutex212.html
1923,アムテックス 黄門ちゃま 神盛2,P,,ホームスロット,アムテックス P黄門ちゃま 神盛2 中古パチンコ実機 [枠名：BLAST 黄門ちゃま８] [8ch対応],64000,有貨,https://home-slot.net/SHOP/p-amutex229.html
1927,エース電研 CR有閑倶楽部 LSA,,,ホームスロット,エース電研 CR有閑倶楽部 LSA 中古パチンコ実機 [枠名：フレイムフレーム] [4ch対応],116000,售完,https://home-slot.net/SHOP/p-ace48.html
1928,エース電研 CR有閑倶楽部 MSB,,,ホームスロット,エース電研 CR有閑倶楽部 MSB 中古パチンコ実機 [枠名：フレイムフレーム] [4ch対応],72898,售完,https://home-slot.net/SHOP/p-ace47.html
1934,オッケー. ぱちんこウルトラ6兄弟,,,ホームスロット,オッケー. ぱちんこウルトラ6兄弟 中古パチンコ実機 [枠名：ウルトラ６兄弟専用枠 ] [8ch対応],91000,售完,https://home-slot.net/SHOP/p-ok204.html
1935,オッケー. ぱちんこ 新鬼武者 超 蒼剣,,,ホームスロット,オッケー. ぱちんこ 新鬼武者 超・蒼剣 中古パチンコ実機 [枠名：新鬼武者専用枠] [8ch対応],116000,售完,https://home-slot.net/SHOP/p-ok13.html
1938,クラシックジャグラー 2ch対応,,北電子,A-SLOT,【お取り寄せ商品】北電子 クラシックジャグラー 中古パチスロ実機 [2ch対応],57800,有貨,https://www.a-slot.com/SHOP/kitadenshi28.html
1941,サンセイ CRAバジリスクPH,,,ホームスロット,サンセイ CRAバジリスクPH 中古パチンコ実機 [枠名：D-CYCLONE] [4ch対応],49015,售完,https://home-slot.net/SHOP/p-SANSEI26.html
1942,サンセイ CRキャプテン翼XX,,,ホームスロット,サンセイ CRキャプテン翼XX 枠色不問 中古パチンコ実機 [枠名：V-Savior（ブイセイバー）] [4ch対応],261100,售完,https://home-slot.net/SHOP/p-SANSEI79.html
1943,サンセイ CR牙狼復刻版ZZ S,,,ホームスロット,サンセイ CR牙狼復刻版ZZ-S 中古パチンコ実機 [枠名：V-Savior（ブイセイバー）] [4ch対応],71600,售完,https://home-slot.net/SHOP/p-SANSEI92.html
1944,サンセイ CR牙狼魔戒ノ花XX,,,ホームスロット,サンセイ ＣＲ牙狼魔戒ノ花ＸＸ 中古パチンコ実機 [枠名：金狼] [4ch対応],237500,售完,https://home-slot.net/SHOP/p-SANSEI80.html
1945,サンセイ PA G1 DREAM駿,,,ホームスロット,サンセイ PA G1 DREAM駿 中古パチンコ実機 [枠名：ライジングサンセイ] [4ch対応],61200,售完,https://home-slot.net/SHOP/p-SANSEI223.html
1946,サンセイ PLTジューシーハニー極嬢,,,ホームスロット,サンセイ PLTジューシーハニー極嬢 中古パチンコ実機 [枠名：V-LIGHT ジューシーハニー] [4ch対応],64000,有貨,https://home-slot.net/SHOP/p-sansei255.html
1947,サンセイ キャプテン翼2020,P,,ホームスロット,サンセイ Pキャプテン翼2020 中古パチンコ実機 [枠名：チェンジザライジング キャプテン翼2020] [4ch対応],62600,有貨,https://home-slot.net/SHOP/p-SANSEI233.html
1948,サンセイ 忍術決戦CR双影FF,,,ホームスロット,サンセイ 忍術決戦CR双影FF 中古パチンコ実機 [枠名：G・GATE] [4ch対応],37250,售完,https://home-slot.net/SHOP/p-SANSEI37.html
1949,サンセイ 牙狼11~冴島大河~XX,P,,ホームスロット,サンセイ P牙狼11～冴島大河～XX 中古パチンコ実機 [枠名：V-LIGHT] [4ch対応],57600,有貨,https://home-slot.net/SHOP/p-sansei252.html
1950,サンダーVスペシャル パネル不問,,エレコ,A-SLOT,【お取り寄せ商品】エレコ サンダーVスペシャル パネル不問 中古パチスロ実機 [4ch対応],56500,有貨,https://www.a-slot.com/SHOP/eleco27.html
1951,ジェイビー CRゴーストNEO JP,,,ホームスロット,ジェイビー CRゴーストNEO JP 中古パチンコ実機,52600,售完,https://home-slot.net/SHOP/p-jb7.html
1952,ジェイビー CRゴーストNEO TS,,,ホームスロット,ジェイビー CRゴーストNEO TS 中古パチンコ実機,59000,售完,https://home-slot.net/SHOP/p-jb6.html
1955,ジェイビー ストレートセブンDX H,P,,ホームスロット,ジェイビー PストレートセブンDX-H 中古パチンコ実機,71600,售完,https://home-slot.net/SHOP/p-jb202.html
1956,ジェイビー パトラッシュV RED,P,,ホームスロット,ジェイビー PパトラッシュV RED 中古パチンコ実機,52600,有貨,https://home-slot.net/SHOP/p-jb209.html
1957,ジェイビー フィーバークィーンRUSH,P,,ホームスロット,ジェイビー PフィーバークィーンRUSH 中古パチンコ実機 [枠名：JB NEO STELLA] [4ch対応],57600,有貨,https://home-slot.net/SHOP/p-jb215.html
1958,ジャンキージャグラー レッドパネル,,,ホームスロット,ジャンキージャグラー （レッドパネル） 中古パチスロ実機,113500,售完,https://home-slot.net/SHOP/s-kitadenshi15.html
1959,ストリートファイターV 挑戦者の道,スマスロ,エンターライズ,ホームスロット,エンターライズ スマスロ ストリートファイターV 挑戦者の道 中古パチスロ実機 [スマスロ],41500,售完,https://home-slot.net/SHOP/s-enta212.html
1963,ダブルオーセブンSP 2ch対応,4号機,高砂,A-SLOT,【4号機】高砂 ダブルオーセブンSP 中古パチスロ実機 [2ch対応],67500,售完,https://www.a-slot.com/SHOP/takasago_007.html
1964,ディスクアップオルタナティブ,,Sammy,A-SLOT,サミー ディスクアップオルタナティブ 中古パチスロ実機 [4ch対応],57800,售完,https://www.a-slot.com/SHOP/sammy36.html
1966,デジテンCR北斗の拳有情 トキ,,Sammy,ホームスロット,サミー デジテンCR北斗の拳有情（トキ） 中古パチンコ実機 [枠名：聖（クロス）] [4ch対応],37963,售完,https://home-slot.net/SHOP/p-sammy49.html
1967,デジハネCRモンスターハンター4,,Sammy,ホームスロット,サミー デジハネCRモンスターハンター4 中古パチンコ実機 [枠名：闘神] [4ch対応],92400,售完,https://home-slot.net/SHOP/p-sammy101.html
1968,デジハネCR攻殻機動隊S.A.C,,Sammy,ホームスロット,サミー デジハネCR攻殻機動隊S.A.C 中古パチンコ実機 [枠名：闘神] [4ch対応],59000,售完,https://home-slot.net/SHOP/p-sammy105.html
1969,デジハネCR逃亡者おりん2C,,Sammy,ホームスロット,サミー デジハネCR逃亡者おりん2C 中古パチンコ実機 [枠名：聖（クロス）] [4ch対応],52600,售完,https://home-slot.net/SHOP/p-sammy50.html
1970,デジハネPAガオガオキング3,,Sammy,ホームスロット,サミー デジハネPAガオガオキング3 中古パチンコ実機 [枠名：銀座闘神] [4ch対応],52600,售完,https://home-slot.net/SHOP/p-sammy214.html
1972,デビルマンIII 悪魔ノ黙示録,,エレコ,A-SLOT,エレコ デビルマンIII－悪魔ノ黙示録－ 中古パチスロ実機 [8ch対応],61600,售完,https://www.a-slot.com/SHOP/eleco69.html
1973,デビルメイクライ3 2ch対応,,ロデオ,A-SLOT,ロデオ デビルメイクライ3 中古パチスロ実機 [2ch対応],78500,售完,https://www.a-slot.com/SHOP/rodeo2.html
1974,デュエルドラゴン2 2ch対応,4号機,ユニバーサル,A-SLOT,【4号機】ユニバーサル デュエルドラゴン2 中古パチスロ実機 [2ch対応],45100,售完,https://www.a-slot.com/SHOP/univerasal5.html
1975,デュエルドラゴンR 2ch対応,4号機,ユニバーサル,A-SLOT,【4号機】ユニバーサル デュエルドラゴンR 中古パチスロ実機 [2ch対応],59800,售完,https://www.a-slot.com/SHOP/univerasal_dueldragon_r.html
1976,ドラゴンクロス スナイパークロス,,岡崎産業,ホームスロット,岡崎産業 ドラゴンクロス [スナイパークロス] 中古パチスロ実機,59800,有貨,https://home-slot.net/SHOP/okazaki_dragoncross.html
1979,ニューパルサーデラックス 赤パネル,,山佐,A-SLOT,山佐 ニューパルサーデラックス 赤パネル 中古パチスロ実機 [4ch対応],64100,售完,https://www.a-slot.com/SHOP/yamasa103_redver.html
1980,ネオモンスターハウス99Ver.,P,竹屋,ホームスロット,竹屋 Pネオモンスターハウス99Ver. 中古パチンコ実機 [枠名：SWGT] [4ch対応],686600,售完,https://home-slot.net/SHOP/p-takeya205.html
1982,ハードボイルド~グリフォンの幻影~,,Sammy,ホームスロット,サミー パチスロハードボイルド～グリフォンの幻影～ 中古パチスロ実機,119800,售完,https://home-slot.net/SHOP/s-sammy23.html
1984,バジリスク~甲賀忍法帖~2 朧の章,P,メーシー,ホームスロット,メーシー Pバジリスク～甲賀忍法帖～2 朧の章 中古パチンコ実機,59000,有貨,https://home-slot.net/SHOP/p-macy212.html
1985,パオン ディーピー 押忍!番長ZERO,,,ホームスロット,パオン・ディーピー 押忍！番長ZERO 中古パチスロ実機,40100,有貨,https://home-slot.net/SHOP/s-paon202.html
1986,パル工業 パワーボム No.5994,4号機,,A-SLOT,【4号機】パル工業 パワーボム 中古パチスロ実機 No.5994,105000,有貨,https://www.a-slot.com/SHOP/palkogyo_powerbomb_kasugai.html
1990,フィーバーR 18 Honey ver.,P,SANKYO,ホームスロット,SANKYO PフィーバーR-18 Honey ver. 中古パチンコ実機,52600,售完,https://home-slot.net/SHOP/p-sankyo203.html
1991,フィーバーマクロスフロンティア5,P,SANKYO,ホームスロット,SANKYO Pフィーバーマクロスフロンティア5 中古パチンコ実機 [枠名：フリーダム] [4ch対応],52600,有貨,https://home-slot.net/SHOP/p-sankyo277.html
1992,フィーバー戦姫絶唱シンフォギア2,P,SANKYO,ホームスロット,SANKYO Pフィーバー戦姫絶唱シンフォギア2 中古パチンコ実機 [枠名：シンフォギア２専用枠] [4ch対応],75300,售完,https://home-slot.net/SHOP/p-sankyo234.html
1993,フィーバー革命機ヴァルヴレイヴW,P,SANKYO,ホームスロット,SANKYO Pフィーバー革命機ヴァルヴレイヴW 枠色不問 中古パチンコ実機,55200,有貨,https://home-slot.net/SHOP/p-sankyo202.html
1997,ベイビーエンジェル2 2ch対応,4号機,メーシー,A-SLOT,【4号機】メーシー ベイビーエンジェル2 中古パチスロ実機 [2ch対応],55000,售完,https://www.a-slot.com/SHOP/macy_babyangel2_kasugai.html
1998,マイジャグラーII K 2012年,,北電子,A-SLOT,【お取り寄せ商品】北電子 マイジャグラーII K (2012年） 中古パチスロ実機 [4ch対応],57800,有貨,https://www.a-slot.com/SHOP/kitadenshi48.html
1999,マックスアライド ゴールデンルーキー,4号機,,A-SLOT,【4号機】マックスアライド ゴールデンルーキー 中古パチスロ実機,59400,售完,https://www.a-slot.com/SHOP/maxaride_goldenrookie30_kasugai.html
2001,マルホン CRソルジャーSRT1,,,ホームスロット,マルホン CRソルジャーSRT1 枠色不問 中古パチンコ実機,59000,售完,https://home-slot.net/SHOP/p-maruhon56.html
2002,マルホン CR天龍∞ 5000VV,,,ホームスロット,マルホン CR天龍∞ 5000VV 中古パチンコ実機,52600,售完,https://home-slot.net/SHOP/p-maruhon63.html
2003,マルホン CR天龍∞ 7000VS,,,ホームスロット,マルホン CR天龍∞ 7000VS 中古パチンコ実機,59000,有貨,https://home-slot.net/SHOP/p-maruhon64.html
2004,マルホン はねものファインプレー,P,,ホームスロット,マルホン Pはねものファインプレー 中古パチンコ実機 [枠名：R5-MODEL],191300,有貨,https://home-slot.net/SHOP/p-maruhon225.html
2005,マルホン カナカナ2~桃汁100%~,P,,ホームスロット,マルホン Pカナカナ2～桃汁100％～ 中古パチンコ実機,59000,售完,https://home-slot.net/SHOP/p-maruhon205.html
2006,ミニミニモンスタードラムakz,P,竹屋,ホームスロット,竹屋 Pミニミニモンスタードラムakz 中古パチンコ実機 [枠名：SWGT] [4ch対応],75400,售完,https://home-slot.net/SHOP/p-takeya203.html
2007,リングにかけろ1 129ver.,P,ニューギン,ホームスロット,ニューギン Pリングにかけろ1 129ver. 中古パチンコ実機 [枠名：黒船 新] [4ch対応],227500,有貨,https://home-slot.net/SHOP/p-newgin317.html
2009,主役は銭形 ザ ファイナル Ver,4号機,平和,A-SLOT,【4号機】平和 主役は銭形（ザ・ファイナル）Ver 中古パチスロ実機 [4ch対応],99800,售完,https://www.a-slot.com/SHOP/heiwa30.html
2011,亜人~衝戟に備えろ!~199ver.,P,平和,ホームスロット,平和 P亜人～衝戟に備えろ!～199ver. 中古パチンコ実機,59000,售完,https://home-slot.net/SHOP/p-heiwa211.html
2012,俺の空 一十三パネル 2ch対応,4号機,ロデオ,A-SLOT,【4号機】ロデオ 俺の空 一十三パネル 中古パチスロ実機 [2ch対応],99800,有貨,https://www.a-slot.com/SHOP/rodeo10.html
2013,元祖大工の源さん199ver.,P,SANYO,ホームスロット,SANYO P元祖大工の源さん199ver. 枠色不問 中古パチンコ実機 [枠名：イルミオ] [4ch対応],52600,有貨,https://home-slot.net/SHOP/p-sanyo220.html
2014,創聖のアクエリオン 2ch対応,,SANKYO,A-SLOT,SANKYO パチスロ創聖のアクエリオン 中古パチスロ実機 [2ch対応],99800,售完,https://www.a-slot.com/SHOP/sankyo34.html
2015,北斗の拳2 乱世覇王伝天覇の章,,Sammy,ホームスロット,サミー 北斗の拳2 乱世覇王伝天覇の章 中古パチスロ実機 [4ch対応],35100,售完,https://home-slot.net/SHOP/sammy20.html
2019,単品 不可 用オートプレイユニット,スマスロ,,A-SLOT,【単品販売不可】スマスロ用オートプレイユニット,37400,有貨,https://www.a-slot.com/SHOP/ss-auto-uni.html
2022,大海物語5 ブラック 2ch対応,P,SANYO,ホームスロット,SANYO P大海物語5 ブラック 中古パチンコ実機 [枠名：クリスタルシェル] [2ch対応],197600,有貨,https://home-slot.net/SHOP/p-sanyo249.html
2023,奥村 CR闘牌伝説アカギ狂気編,,,ホームスロット,奥村 CR闘牌伝説アカギ狂気編 中古パチンコ実機 [枠名：クリスタライズ] [4ch対応],205500,售完,https://home-slot.net/SHOP/p-okumura3.html
2024,奥村 CR闘牌伝説アカギ覚醒編,,,ホームスロット,奥村 CR闘牌伝説アカギ覚醒編 中古パチンコ実機,106407,售完,https://home-slot.net/SHOP/p-okumura7.html
2031,水戸黄門 超極上 らいとばーじょん,P,京楽,ホームスロット,京楽 P 水戸黄門 超極上 らいとばーじょん 中古パチンコ実機 [枠名：激震 水戸黄門4KACJ1] [8ch対応],114000,有貨,https://home-slot.net/SHOP/p-kyoraku232.html
2032,海物語 極JAPAN 2ch対応,P,SANYO,ホームスロット,SANYO P海物語 極JAPAN 中古パチンコ実機 [枠名：クリスタルシェル] [2ch対応],227500,有貨,https://home-slot.net/SHOP/p-sanyo257.html
2034,祭の達人~ウィンちゃんの夏祭り~,4号機,山佐,A-SLOT,【4号機】山佐 祭の達人～ウィンちゃんの夏祭り～ 中古パチスロ実機 [4ch対応],35820,售完,https://www.a-slot.com/SHOP/yamasa36.html
2037,藤丸くん30minFF設定付,P,藤商事,ホームスロット,藤商事 P藤丸くん30minFF設定付 中古パチンコ実機 [枠名：エアーキャノン] [8ch対応],65300,售完,https://home-slot.net/SHOP/p-fuji208.html
2038,西陣 CRA009 1 GL 甘デジ,,,ホームスロット,西陣 CRA009－1 GL（甘デジ） 中古パチンコ実機,41682,售完,https://home-slot.net/SHOP/p-nishijinn14.html
2039,西陣 CRA沖きゅんそーれXGL,,,ホームスロット,西陣 CRA沖きゅんそーれXGL 中古パチンコ実機,52600,售完,https://home-slot.net/SHOP/p-nishijinn89.html
2040,西陣 CRA織田信奈の野望GL,,,ホームスロット,西陣 CRA織田信奈の野望GL 中古パチンコ実機,52600,售完,https://home-slot.net/SHOP/p-nishijinn97.html
2041,西陣 CRぷらちなGL 麻王DX,,,ホームスロット,西陣 CRぷらちなGL 麻王DX 中古パチンコ実機,52600,售完,https://home-slot.net/SHOP/p-nishijinn211.html
2042,西陣 CRモモキュンソード3 NX,,,ホームスロット,西陣 CRモモキュンソード3 NX 中古パチンコ実機,52600,售完,https://home-slot.net/SHOP/p-nishijinn116.html
2043,西陣 CR新造人間キャシャーンZ,,,ホームスロット,西陣 CR新造人間キャシャーンZ 中古パチンコ実機,49015,售完,https://home-slot.net/SHOP/p-nishijinn33.html
2045,西陣 CR春一番~極上の花道~ZB,,,ホームスロット,西陣 CR春一番～極上の花道～ZB 中古パチンコ実機,52600,售完,https://home-slot.net/SHOP/p-nishijinn201.html
2046,西陣 CR沖きゅんそーれX129,,,ホームスロット,西陣 CR沖きゅんそーれX129 中古パチンコ実機,52600,售完,https://home-slot.net/SHOP/p-nishijinn86.html
2047,西陣 CR甦りぱちんこ~花満開~M,,,ホームスロット,西陣 CR甦りぱちんこ～花満開～M 中古パチンコ実機,52600,售完,https://home-slot.net/SHOP/p-nishijinn66.html
2048,西陣 GRAゴールデンゲートGLK,,,ホームスロット,西陣 GRAゴールデンゲートGLK 中古パチンコ実機,106100,售完,https://home-slot.net/SHOP/p-nishijinn87.html
2049,西陣 モモキュンソード閃撃GCA,P,,ホームスロット,西陣 Pモモキュンソード閃撃GCA 中古パチンコ実機 [枠名：戦舞 モモキュンソードＧＣＡ] [4ch対応],65300,售完,https://home-slot.net/SHOP/p-nishijinn264.html
2050,西陣 モンキーターンV GC250A,P,,ホームスロット,西陣 PモンキーターンV GC250A 中古パチンコ実機 [枠名：戦舞 モンキーターンＶ甘デジ] [4ch対応],52600,售完,https://home-slot.net/SHOP/p-nishijinn252.html
2051,西陣 春一番~恋絵巻~GC250A,P,,ホームスロット,西陣 P春一番～恋絵巻～GC250A 中古パチンコ実機 [枠名：戦舞 春一番恋絵巻ＧＣ２５０Ａ] [4ch対応],59000,售完,https://home-slot.net/SHOP/p-nishijinn255.html
2052,豊丸 CRセクシーフォール319F,,,ホームスロット,豊丸 CRセクシーフォール319F 中古パチンコ実機,52600,售完,https://home-slot.net/SHOP/p-toyomaru34.html
2053,豊丸 CRセクシーフォール399X,,,ホームスロット,豊丸 CRセクシーフォール399X 中古パチンコ実機,43871,售完,https://home-slot.net/SHOP/p-toyomaru33.html
2054,豊丸 CRダルマゲドン299F,,,ホームスロット,豊丸 CRダルマゲドン299F 枠色不問 中古パチンコ実機,39898,售完,https://home-slot.net/SHOP/p-toyomaru30.html
2055,豊丸 CRダルマゲドン88VN,,,ホームスロット,豊丸 CRダルマゲドン88VN 中古パチンコ実機,40916,售完,https://home-slot.net/SHOP/p-toyomaru32.html
2056,豊丸 CRロボゲイシャ199L,,,ホームスロット,豊丸 CRロボゲイシャ199L 中古パチンコ実機,59000,售完,https://home-slot.net/SHOP/p-toyomaru76.html
2057,豊丸 CRロボゲイシャ319M,,,ホームスロット,豊丸 CRロボゲイシャ319M 中古パチンコ実機,59000,售完,https://home-slot.net/SHOP/p-toyomaru78.html
2058,豊丸 CR天地を喰らう299M,,,ホームスロット,豊丸 CR天地を喰らう299M 枠色不問 中古パチンコ実機,43463,售完,https://home-slot.net/SHOP/p-toyomaru25.html
2059,豊丸 CR天地を喰らう358F,,,ホームスロット,豊丸 CR天地を喰らう358F 中古パチンコ実機,52600,售完,https://home-slot.net/SHOP/p-toyomaru26.html
2060,豊丸 CR釣りキチ三平199L,,,ホームスロット,豊丸 CR釣りキチ三平199L 中古パチンコ実機,52600,售完,https://home-slot.net/SHOP/p-toyomaru52.html
2062,豊丸 すしざんまい極上4200,P,,ホームスロット,豊丸 Pすしざんまい極上4200 中古パチンコ実機,65300,售完,https://home-slot.net/SHOP/p-toyomaru215.html
2063,豊丸 すしざんまい極上5700,P,,ホームスロット,豊丸 Pすしざんまい極上5700 中古パチンコ実機,52600,有貨,https://home-slot.net/SHOP/p-toyomaru208.html
2064,豊丸 平家物語 RELOADED,P,,ホームスロット,豊丸 P平家物語-RELOADED- 中古パチンコ実機,59000,售完,https://home-slot.net/SHOP/p-toyomaru206.html
2065,豊丸 江頭2 50inナナシーLT,P,,ホームスロット,豊丸 P江頭2：50inナナシーLT 中古パチンコ実機 [枠名：Ｔ１６Ｓ],76600,有貨,https://home-slot.net/SHOP/p-toyomaru247.html
2066,超時空要塞マクロス 2ch対応,,SANKYO,A-SLOT,SANKYO パチスロ 超時空要塞マクロス 中古パチスロ実機 [2ch対応],45100,售完,https://www.a-slot.com/SHOP/sankyo32.html
2067,踊る CRピンク レディー2011,,大一,ホームスロット,大一 踊るパチンコCRピンク・レディー2011 枠色不問 中古パチンコ実機,41935,售完,https://home-slot.net/SHOP/p-daiichi38.html
2068,野生の王国GO M T YT800,P,ニューギン,ホームスロット,ニューギン P野生の王国GO M-T YT800 枠色不問 中古パチンコ実機 [枠名：ReLf] [4ch対応],65300,售完,https://home-slot.net/SHOP/p-newgin243.html
2069,銀座 いくさの子 織田三郎信長伝,P,,ホームスロット,銀座 Pいくさの子 織田三郎信長伝 中古パチンコ実機 [枠名：銀座真焔] [4ch対応],57600,有貨,https://home-slot.net/SHOP/p-ginza222.html
2070,銀座 ディスクアップ パネル不問,,,A-SLOT,銀座 パチスロ ディスクアップ [パネル不問] 中古パチスロ実機 [4ch対応],78500,有貨,https://www.a-slot.com/SHOP/sammy200_zzz.html
2072,銀座 リングにかけろ パネル不問,,,A-SLOT,銀座 リングにかけろ パネル不問 中古パチスロ実機 [4ch対応],62800,有貨,https://www.a-slot.com/SHOP/ginza2_zzz.html
2073,銀座 真 北斗無双 第3章 覚醒闘舞,P,,ホームスロット,銀座 P真・北斗無双 第3章 覚醒闘舞 中古パチンコ実機 [枠名：真焔 北斗無双３覚醒闘舞] [4ch対応],65000,售完,https://home-slot.net/SHOP/p-ginza213.html
2074,銀座 真 北斗無双 第4章 下剋上闘,P,,ホームスロット,銀座 P真・北斗無双 第4章 下剋上闘 中古パチンコ実機 [枠名：銀座真焔] [4ch対応],57600,有貨,https://home-slot.net/SHOP/p-ginza216.html
2076,高尾 CRサブマリン707R7,,,ホームスロット,高尾 CRサブマリン707R7 中古パチンコ実機,44074,售完,https://home-slot.net/SHOP/p-takao24.html
2077,高尾 CRライディーン 神速篇R2,,,ホームスロット,高尾 CRライディーン 神速篇R2 中古パチンコ実機,53444,售完,https://home-slot.net/SHOP/p-takao28.html
2079,高尾 CR一騎当千 SS2 WXB,,,ホームスロット,高尾 CR一騎当千 SS2 WXB 中古パチンコ実機,120200,售完,https://home-slot.net/SHOP/p-takao58.html
2082,高尾 CR弾球黙示録カイジ3 甘,,,ホームスロット,高尾 CR弾球黙示録カイジ3 甘 中古パチンコ実機,71600,售完,https://home-slot.net/SHOP/p-takao80.html
2083,高尾 CR美男ですね 77ver.,,,ホームスロット,高尾 CR美男ですね 77ver. 中古パチンコ実機,52600,售完,https://home-slot.net/SHOP/p-takao93.html
2084,高尾 CR閃乱カグラ99Ver.,,,ホームスロット,高尾 パチンコCR閃乱カグラ99Ver. 枠色不問 中古パチンコ実機,86000,售完,https://home-slot.net/SHOP/p-takao103.html
2085,高尾 一球魂GOLDピラミッ伝,P,,ホームスロット,高尾 P一球魂GOLDピラミッ伝 枠色不問 中古パチンコ実機,52600,售完,https://home-slot.net/SHOP/p-takao242.html
2086,高尾 一騎当千SS斬 呂蒙Ver.,P,,ホームスロット,高尾 P一騎当千SS斬 呂蒙Ver. 枠色不問 中古パチンコ実機,52600,有貨,https://home-slot.net/SHOP/p-takao217.html
2087,高尾 一騎当千SS斬 孫策Ver.,P,,ホームスロット,高尾 P一騎当千SS斬 孫策Ver. 中古パチンコ実機,59000,售完,https://home-slot.net/SHOP/p-takao213.html
2088,鬼武者3 レア ミッシェルパネル,4号機,ロデオ,A-SLOT,【4号機】ロデオ 鬼武者3 （レア）ミッシェルパネル 中古パチスロ実機 [4ch対応],49675,售完,https://www.a-slot.com/SHOP/rodeo19.html
2092,2号機 大東音響 ゴールドベンハー,,,A-SLOT,【2号機】大東音響 ゴールドベンハー 中古パチスロ実機,69300,售完,https://www.a-slot.com/SHOP/daitoonkyo_goldbenhur_kasugai.html
2093,3号機 アラジン2 2ch対応,,Sammy,A-SLOT,【3号機】サミー アラジン2 中古パチスロ実機 [2ch対応][まるごと配送限定],58500,售完,https://www.a-slot.com/SHOP/sammy110.html
2094,3号機 ドリームセブンジュニア,,高砂,A-SLOT,【3号機】高砂 ドリームセブンジュニア 中古パチスロ実機,58500,售完,https://www.a-slot.com/SHOP/abilit_dreamsevenjunior_kasugai.html
2096,CR Another FPQZ,,藤商事,ホームスロット,藤商事 CR Another FPQZ 中古パチンコ実機 [枠名：エアーキャノン] [8ch対応],86000,售完,https://home-slot.net/SHOP/p-fuji140.html
2097,CRAにっぽんど真ん中祭り,,竹屋,ホームスロット,竹屋 CRAにっぽんど真ん中祭り 中古パチンコ実機 [枠名：竹屋枠（MrBean～）] [4ch対応],65300,售完,https://home-slot.net/SHOP/p-takeya200.html
2098,CRAリング 終焉ノ刻FPW,,藤商事,ホームスロット,藤商事 CRAリング 終焉ノ刻FPW 中古パチンコ実機 [枠名：井戸] [8ch対応],59000,有貨,https://home-slot.net/SHOP/p-fuji153.html
2099,CRA戦国乙女 9AX 甘デジ,,平和,ホームスロット,平和 CRA戦国乙女 9AX 甘デジ 枠色不問 中古パチンコ実機 [枠名：ルピナス] [4ch対応],52600,售完,https://home-slot.net/SHOP/p-heiwa51.html
2100,CRA花の慶次~愛N K 甘デジ,,ニューギン,ホームスロット,ニューギン CRA花の慶次～愛N－K 甘デジ 中古パチンコ実機,42954,售完,https://home-slot.net/SHOP/p-newgin70.html
2101,CRFクィーンZERO ST4,,SANKYO,ホームスロット,SANKYO CRFクィーンZERO ST4 中古パチンコ実機,59000,售完,https://home-slot.net/SHOP/p-sankyo16.html
2102,CRFパワフルワールド X2R,,SANKYO,ホームスロット,SANKYO CRFパワフルワールド X2R 中古パチンコ実機,71600,售完,https://home-slot.net/SHOP/p-sankyo23.html
2103,CRぱちんこ よしもとタウン,,京楽,ホームスロット,京楽 ＣＲぱちんこ よしもとタウン 中古パチンコ実機 [枠名：BIGサプライズ] [4ch対応],52600,售完,https://home-slot.net/SHOP/p-kyoraku76.html
2104,CRぱちんこトランスフォーマー,,京楽,ホームスロット,京楽 CRぱちんこトランスフォーマー 中古パチンコ実機 [枠名：ULTRA SURPRISE] [4ch対応],173600,售完,https://home-slot.net/SHOP/p-kyoraku78.html
2105,CRぱちんこ水戸黄門III,,京楽,ホームスロット,京楽 CRぱちんこ水戸黄門III 中古パチンコ実機 [枠名：BIGサプライズ 水戸黄門3枠] [4ch対応],89800,售完,https://home-slot.net/SHOP/p-kyoraku86.html
2106,CRエキサイトジャックH K,,ニューギン,ホームスロット,ニューギン CRエキサイトジャックH-K 中古パチンコ実機,52600,售完,https://home-slot.net/SHOP/p-newgin146.html
2107,CRゴーストバスターズ FPMZ,,藤商事,ホームスロット,藤商事 CRゴーストバスターズ FPMZ 中古パチンコ実機 [枠名：クリスタルファイヤー] [4ch対応],44278,售完,https://home-slot.net/SHOP/p-huji38.html
2108,CRザ キング オブ ファイターズ,,大一,ホームスロット,大一 CRザ・キング・オブ・ファイターズ 中古パチンコ実機,52600,售完,https://home-slot.net/SHOP/p-daiichi84.html
2109,CRドラセグ2 199Ver.,,SANYO,ホームスロット,SANYO CRドラセグ2 199Ver. 枠色不問 中古パチンコ実機 [枠名：イルミオ] [4ch対応],65300,售完,https://home-slot.net/SHOP/p-sanyo124.html
2110,CRバイオハザード ~感染ver~,,大一,ホームスロット,大一 CRバイオハザード ～感染ver～ 中古パチンコ実機,92400,售完,https://home-slot.net/SHOP/p-daiichi60.html
2111,CRパトラッシュ3 RED R,,SANKYO,ホームスロット,SANKYO CRパトラッシュ3 RED R 中古パチンコ実機,41935,售完,https://home-slot.net/SHOP/p-sankyo32.html
2112,CRパトラッシュ GREEN,L,SANKYO,ホームスロット,SANKYO CRパトラッシュ GREEN L 中古パチンコ実機,41935,售完,https://home-slot.net/SHOP/p-sankyo11.html
2113,CRパフィーLTF 2ch対応,,SANYO,ホームスロット,SANYO CRパフィーLTF 中古パチンコ実機 [枠名：ペガサスウィング] [2ch対応],40509,售完,https://home-slot.net/SHOP/p-sanyo45.html
2114,CRパフィーMTA 2ch対応,,SANYO,ホームスロット,SANYO CRパフィーMTA 中古パチンコ実機 [枠名：ペガサスウィング] [2ch対応],101000,售完,https://home-slot.net/SHOP/p-sanyo46.html
2115,CRパフィーSTB 2ch対応,,SANYO,ホームスロット,SANYO CRパフィーSTB 中古パチンコ実機 [枠名：ペガサスウィング] [2ch対応],40204,售完,https://home-slot.net/SHOP/p-sanyo44.html
2116,CRフィーバーX JAPAN 紅魂,,SANKYO,ホームスロット,SANKYO CRフィーバーX JAPAN 紅魂 枠色不問 中古パチンコ実機,92400,售完,https://home-slot.net/SHOP/p-sankyo58.html
2118,CRフィーバードラムゴルゴ13,,SANKYO,ホームスロット,SANKYO CRフィーバードラムゴルゴ13 中古パチンコ実機,52600,售完,https://home-slot.net/SHOP/p-sankyo207.html
2119,CRフィーバーモーレツ宇宙海賊S,,SANKYO,ホームスロット,SANKYO CRフィーバーモーレツ宇宙海賊S 枠色不問 中古パチンコ実機,104800,售完,https://home-slot.net/SHOP/p-sankyo93.html
2120,CRフィーバー夢福神99ver.,,SANKYO,ホームスロット,SANKYO CRフィーバー夢福神99ver. 中古パチンコ実機,65300,售完,https://home-slot.net/SHOP/p-sankyo124.html
2122,CR三國志~英雄集結~H2 T1,,ニューギン,ホームスロット,ニューギン CR三國志～英雄集結～H2-T1 中古パチンコ実機,65300,售完,https://home-slot.net/SHOP/p-newgin131.html
2123,CR咲 Saki 77バージョン,,SANYO,ホームスロット,SANYO CR咲-Saki-77バージョン 中古パチンコ実機 [枠名：イルミオ] [4ch対応],65300,售完,https://home-slot.net/SHOP/p-sanyo89.html
2124,CR大奥~繚乱の花戦~N2 T1,,ニューギン,ホームスロット,ニューギン CR大奥～繚乱の花戦～N2-T1 中古パチンコ実機,52600,售完,https://home-slot.net/SHOP/p-newgin125.html
2125,CR天下一閃7000ver,,大一,ホームスロット,大一 CR天下一閃7000ver 中古パチンコ実機,92400,售完,https://home-slot.net/SHOP/p-daiichi205.html
2126,CR忍者ハットリくん NM F,,大一,ホームスロット,大一 CR忍者ハットリくん NM－F 中古パチンコ実機,44074,售完,https://home-slot.net/SHOP/p-daiichi15.html
2127,CR戦国乙女~花~319ver.,,平和,ホームスロット,平和 CR戦国乙女～花～319ver. 中古パチンコ実機,86000,售完,https://home-slot.net/SHOP/p-heiwa153.html
2128,CR戦国嵐XLA 2ch対応,,SANYO,ホームスロット,SANYO CR戦国嵐XLA 枠色不問 中古パチンコ実機 [枠名：ペガサスウィング] [2ch対応],52600,售完,https://home-slot.net/SHOP/p-sanyo66.html
2130,CR東京レイヴンズFPTX,,藤商事,ホームスロット,藤商事 CR東京レイヴンズFPTX 中古パチンコ実機 [枠名：エアーキャノン] [8ch対応],92400,售完,https://home-slot.net/SHOP/p-fuji125.html
2131,CR烈火の炎2 219ver.,,平和,ホームスロット,平和 CR烈火の炎2 219ver. 中古パチンコ実機,52600,售完,https://home-slot.net/SHOP/p-heiwa149.html
2132,CR烈火の炎2 319ver.,,平和,ホームスロット,平和 CR烈火の炎2 319ver. 中古パチンコ実機,92400,售完,https://home-slot.net/SHOP/p-heiwa146.html
2133,CR烈火の炎2 99.9ver.,,平和,ホームスロット,平和 CR烈火の炎2 99.9ver. 中古パチンコ実機,52600,售完,https://home-slot.net/SHOP/p-heiwa152.html
2134,CR真 花の慶次2 漆黒の衝撃,,ニューギン,ホームスロット,ニューギン CR真・花の慶次2 漆黒の衝撃 中古パチンコ実機 [枠名：ReLf] [4ch対応],86000,有貨,https://home-slot.net/SHOP/p-newgin201.html
2135,CR竹内力のムラマサH VG,,ニューギン,ホームスロット,ニューギン CR竹内力のムラマサH－VG 中古パチンコ実機,38981,售完,https://home-slot.net/SHOP/p-newgin63.html
2136,CR緋弾のアリアAA JPH,,藤商事,ホームスロット,JFJ CR緋弾のアリアAA JPH 中古パチンコ実機 [枠名：クリスタルエアー] [8ch対応],86000,有貨,https://home-slot.net/SHOP/p-jfj200.html
2138,CR義風堂々!!~兼続と慶次~L5 V,,ニューギン,ホームスロット,ニューギン CR義風堂々！！～兼続と慶次～L5-V 中古パチンコ実機,58334,售完,https://home-slot.net/SHOP/p-newgin127.html
2139,CR花の慶次X~雲のかなたに~,,ニューギン,ホームスロット,ニューギン ＣＲ花の慶次Ｘ～雲のかなたに～ 中古パチンコ実機 [枠名：ReLf] [4ch対応],52600,售完,https://home-slot.net/SHOP/p-newgin149.html
2140,CR花の慶次~焔N KX 甘デジ,,ニューギン,ホームスロット,ニューギン CR花の慶次～焔N－KX 甘デジ 中古パチンコ実機,65300,售完,https://home-slot.net/SHOP/p-newgin79.html
2141,CR蒼穹のファフナー FZ‐Vi,,SANKYO,ホームスロット,SANKYO CR蒼穹のファフナー FZ‐Vi 中古パチンコ実機,52600,售完,https://home-slot.net/SHOP/p-sankyo1.html
2142,CR魁!!男塾 Light ver.,,大一,ホームスロット,大一 CR魁！！男塾 Light ver. 中古パチンコ実機,59000,售完,https://home-slot.net/SHOP/p-daiichi92.html
2146,IGT 信長の野望 2ch対応,4号機,,A-SLOT,【4号機】IGT 信長の野望 中古パチスロ実機 [2ch対応],48000,售完,https://www.a-slot.com/SHOP/igt17.html
2148,JPS 2027 メインパネル,,,A-SLOT,JPS 2027 メインパネル 中古パチスロ実機 [8ch対応],95000,售完,https://www.a-slot.com/SHOP/jps1.html
2151,KPE マジカルハロウィン5,,,ホームスロット,KPE マジカルハロウィン5 中古パチスロ実機,45300,有貨,https://home-slot.net/SHOP/s-kpe53.html
2154,KPE 実況BINGO倶楽部,,,ホームスロット,KPE 実況BINGO倶楽部 中古パチスロ実機,35100,有貨,https://home-slot.net/SHOP/s-konami201.html
2158,NET スーパーブラックジャック,4号機,,A-SLOT,【4号機】NET スーパーブラックジャック 中古パチスロ実機 [4ch対応],75800,有貨,https://www.a-slot.com/SHOP/net6.html
2160,PAぶいぶい!ゴジラ N4 K6,,ニューギン,ホームスロット,ニューギン PAぶいぶい！ゴジラ N4-K6 枠色不問 中古パチンコ実機 [枠名：ReLf] [4ch対応],52600,售完,https://home-slot.net/SHOP/p-newgin225.html
2161,PAワンパンマン 99ver.,,ニューギン,ホームスロット,ニューギン PAワンパンマン 99ver. 中古パチンコ実機 [枠名：黒船 ワンパンマン] [4ch対応],76300,售完,https://home-slot.net/SHOP/p-newgin292.html
2162,PA海物語3R3 2ch対応,,SANYO,ホームスロット,SANYO PA海物語3R3 中古パチンコ実機 [枠名：クリスタルシェル] [2ch対応],251200,有貨,https://home-slot.net/SHOP/p-sanyo258.html
2163,PA真 怪獣王ゴジラN2 K6,,ニューギン,ホームスロット,ニューギン PA真・怪獣王ゴジラN2-K6 枠色不問 中古パチンコ実機 [枠名：ReLf] [4ch対応],52600,售完,https://home-slot.net/SHOP/p-newgin219.html
2164,PA 真 怪獣王ゴジラNL K1,,ニューギン,ホームスロット,ニューギン PA 真・怪獣王ゴジラNL-K1 枠色不問 中古パチンコ実機 [枠名：ReLf] [4ch対応],59000,售完,https://home-slot.net/SHOP/p-newgin236.html
2165,RAVE~エンドレスラッシュ~,,藤商事,ホームスロット,藤商事 パチスロRAVE～エンドレスラッシュ～ 中古パチスロ実機,68500,售完,https://home-slot.net/SHOP/s-fuji9.html
2166,SHAKEIII SIDE A,,大都技研,ホームスロット,大都技研 SHAKEIII SIDE-A 中古パチスロ実機,72300,售完,https://home-slot.net/SHOP/s-daitogiken64.html
2170,SNKプレイモア スカイラブ,,,A-SLOT,SNKプレイモア スカイラブ 中古パチスロ実機 [4ch対応],59000,售完,https://www.a-slot.com/SHOP/snk13.html
2173,だるまっしゅ2 119Ver.,P,ニューギン,ホームスロット,ニューギン Pだるまっしゅ2 119Ver. 中古パチンコ実機 [枠名：黒船] [4ch対応],65300,售完,https://home-slot.net/SHOP/p-newgin270.html
2174,ぱちんこCR北斗の拳5 百裂,,Sammy,ホームスロット,サミー ぱちんこCR北斗の拳5 百裂 中古パチンコ実機 [枠名：転生] [4ch対応],65300,售完,https://home-slot.net/SHOP/p-sammy63.html
2175,ぱちんこCR北斗の拳5 覇者,,Sammy,ホームスロット,サミー ぱちんこCR北斗の拳5 覇者 中古パチンコ実機 [枠名：転生] [4ch対応],126000,售完,https://home-slot.net/SHOP/p-sammy54.html
2176,ぱちんこCR北斗の拳6宿命,,Sammy,ホームスロット,サミー ぱちんこＣＲ北斗の拳6宿命 中古パチンコ実機 [枠名：転生] [4ch対応],160900,售完,https://home-slot.net/SHOP/p-sammy70.html
2177,ぱちんこCR北斗の拳6拳王,,Sammy,ホームスロット,サミー ぱちんこＣＲ北斗の拳6拳王 中古パチンコ実機 [枠名：転生] [4ch対応],131000,售完,https://home-slot.net/SHOP/p-sammy69.html
2178,ぱちんこCR北斗の拳7 転生,,Sammy,ホームスロット,サミー ぱちんこＣＲ北斗の拳７ 転生 中古パチンコ実機 [枠名：闘神] [4ch対応],71600,售完,https://home-slot.net/SHOP/p-sammy98.html
2179,ぱちんこ セブンインパクト 機,,ベルコ,ホームスロット,ベルコ ぱちんこ セブンインパクト 中古パチンコ実機機 [枠名：駆露夢（クロム)] [4ch対応],86000,售完,https://home-slot.net/SHOP/p-bellco205.html
2180,やじきた道中記X 2ch対応,4号機,ミズホ,A-SLOT,【4号機】ミズホ やじきた道中記Ｘ 中古パチスロ実機 [2ch対応],51500,售完,https://www.a-slot.com/SHOP/mizuho-macy46.html
2181,アイムエンジェルホワイト2,4号機,オリンピア,A-SLOT,【4号機】オリンピア アイムエンジェルホワイト2 中古パチスロ実機 [4ch対応],59800,售完,https://www.a-slot.com/SHOP/heiwa100.html
2186,アナザーゴッドハーデス ザ ワールド,P,メーシー,ホームスロット,メーシー Pアナザーゴッドハーデス ザ・ワールド 中古パチンコ実機,52600,有貨,https://home-slot.net/SHOP/p-macy209.html
2188,アピールプレート 設定4 5 6 店 A,,,A-SLOT,中古アピールプレート【設定4・5・6】 中古スロット販売店　A,72000,售完,https://www.a-slot.com/SHOP/plate_settei1456.html
2189,アムテックス ホームランキング,P,,ホームスロット,アムテックス Pホームランキング 枠色不問 中古パチンコ実機 [枠名：アムテックス王者] [8ch対応],52600,售完,https://home-slot.net/SHOP/p-amutex211.html
2191,アルゼ アレックス 2ch対応,4号機,,A-SLOT,【4号機】アルゼ アレックス 中古パチスロ実機 [2ch対応],78500,有貨,https://www.a-slot.com/SHOP/eleco12.html
2192,アルゼ フリッパー3 2ch対応,4号機,,A-SLOT,【4号機】アルゼ フリッパー3 中古パチスロ実機 [2ch対応][まるごと配送限定],79800,有貨,https://www.a-slot.com/SHOP/alze_flipper3.html
2193,アントニオ猪木という名の 機,4号機,平和,A-SLOT,【4号機】平和 アントニオ猪木という名のパチスロ機 中古パチスロ実機 [4ch対応],135000,售完,https://www.a-slot.com/SHOP/heiwa7.html
2194,エース電研 CR恋姫無双MRW,,,ホームスロット,エース電研 CR恋姫無双MRW 中古パチンコ実機 [枠名：フレイムフレーム] [4ch対応],59000,售完,https://home-slot.net/SHOP/p-ace29.html
2195,エース電研 CR恋姫無双TRX,,,ホームスロット,エース電研 CR恋姫無双TRX 中古パチンコ実機 [枠名：フレイムフレーム] [4ch対応],39287,售完,https://home-slot.net/SHOP/p-ace28.html
2196,エマ ペガッパ よっちゃんイカ,4号機,,A-SLOT,【4号機】エマ ペガッパ（よっちゃんイカ） 中古パチスロ実機 [4ch対応],108000,售完,https://www.a-slot.com/SHOP/ema1.html
2200,オッケー.CRぱちんこ新鬼武者,,,ホームスロット,オッケー.CRぱちんこ新鬼武者 中古パチンコ実機 [枠名：ブルーインパクトMX1－1] [4ch対応],231200,售完,https://home-slot.net/SHOP/p-ok4.html
2201,オッケー. ぱちんこ GANTZ 2,P,,ホームスロット,オッケー. Pぱちんこ GANTZ : 2 中古パチンコ実機 [枠名：ＧＡＮＴＺ２専用枠] [8ch対応],57600,有貨,https://home-slot.net/SHOP/p-ok201.html
2202,オッケー. ぱちんこ GANTZ極,,,ホームスロット,オッケー. ぱちんこ GANTZ極 中古パチンコ実機 [枠名：激震 ＧＡＮＴＺ極] [8ch対応],62600,售完,https://home-slot.net/SHOP/p-ok207.html
2204,オリエンタルII 2ch対応,4号機,ユニバーサル,A-SLOT,【4号機】ユニバーサル オリエンタルII 中古パチスロ実機 [2ch対応][まるごと配送限定],45100,售完,https://www.a-slot.com/SHOP/univerasal4.html
2205,ガッツだ!!森の石松 2ch対応,4号機,エレコ,A-SLOT,【4号機】エレコ ガッツだ!!森の石松 中古パチスロ実機 [2ch対応],45100,售完,https://www.a-slot.com/SHOP/eleco36.html
2206,ガールズ&パンツァー劇場版 甘デジ,P,平和,ホームスロット,平和 Pガールズ＆パンツァー劇場版 甘デジ 中古パチンコ実機,59000,有貨,https://home-slot.net/SHOP/p-heiwa226.html
2211,ゴーゴージャグラーSP 2ch対応,4号機,北電子,A-SLOT,【4号機】北電子 ゴーゴージャグラーSP 中古パチスロ実機 [2ch対応],59800,售完,https://www.a-slot.com/SHOP/kitadenshi20.html
2215,サラリーマン金太郎 2ch対応,4号機,ロデオ,A-SLOT,【4号機】ロデオ サラリーマン金太郎 中古パチスロ実機 [2ch対応],136500,有貨,https://www.a-slot.com/SHOP/rodeo16.html
2219,サンセイ CRA天下烈伝RR,,,ホームスロット,サンセイ CRA天下烈伝RR 中古パチンコ実機 [枠名：G・GATE] [4ch対応],52600,售完,https://home-slot.net/SHOP/p-SANSEI43.html
2220,サンセイ CR牙狼復刻版XX,,,ホームスロット,サンセイ CR牙狼復刻版XX 枠色不問 中古パチンコ実機 [枠名：V-Savior（ブイセイバー）] [4ch対応],89800,售完,https://home-slot.net/SHOP/p-SANSEI88.html
2221,サンセイ CR牡丹と薔薇RR,,,ホームスロット,サンセイ CR牡丹と薔薇RR 中古パチンコ実機 [枠名：G・GATE] [4ch対応],52600,售完,https://home-slot.net/SHOP/p-SANSEI35.html
2225,ジェイビー スーパーコンビα7500,P,,ホームスロット,ジェイビー Pスーパーコンビα7500 中古パチンコ実機,65300,售完,https://home-slot.net/SHOP/p-jb208.html
2226,ジェイビー 羽根モノ スカイレーサー,,,ホームスロット,ジェイビー 羽根モノ スカイレーサー 中古パチンコ実機,65300,售完,https://home-slot.net/SHOP/p-jb204.html
2233,タロットマスターR 2ch対応,4号機,ユニバーサル,A-SLOT,【4号機】ユニバーサル タロットマスターR 中古パチスロ実機 [2ch対応],55000,售完,https://www.a-slot.com/SHOP/univerasal_tarotmaster.html
2237,テンションブースター 2ch対応,,北電子,A-SLOT,北電子 テンションブースター 中古パチスロ実機 [2ch対応],45100,售完,https://www.a-slot.com/SHOP/kitadensi34.html
2240,デジハネ7CR化物語 STJ,,Sammy,ホームスロット,サミー デジハネ７CR化物語 STJ 中古パチンコ実機 [枠名：転生] [4ch対応],55200,售完,https://home-slot.net/SHOP/p-sammy76.html
2241,デジハネCRAぐるぐるダービー,,Sammy,ホームスロット,サミー デジハネCRAぐるぐるダービー 中古パチンコ実機 [枠名：銀座闘神] [4ch対応],52600,售完,https://home-slot.net/SHOP/p-sammy208.html
2242,デジハネCRA蒼天の拳天帰,,Sammy,ホームスロット,サミー デジハネCRA蒼天の拳天帰 中古パチンコ実機 [枠名：闘神] [4ch対応],65300,售完,https://home-slot.net/SHOP/p-sammy106.html
2243,デジハネCR北斗の拳6慈母,,Sammy,ホームスロット,サミー デジハネCR北斗の拳6慈母 中古パチンコ実機 [枠名：転生] [4ch対応],59000,售完,https://home-slot.net/SHOP/p-sammy84.html
2244,デジハネPA北斗の拳7 天破,,Sammy,ホームスロット,サミー デジハネPA北斗の拳7 天破 枠色不問 中古パチンコ実機 [枠名：闘神] [4ch対応],52600,有貨,https://home-slot.net/SHOP/p-sammy207.html
2245,デジハネPブラックラグーン3,,Sammy,ホームスロット,サミー デジハネPブラックラグーン3 枠色不問 中古パチンコ実機 [枠名：闘神] [4ch対応],59000,有貨,https://home-slot.net/SHOP/p-sammy211.html
2246,デビルマンTHE FINAL,P,ニューギン,ホームスロット,ニューギン PデビルマンTHE FINAL 中古パチンコ実機 [枠名：黒船 新] [4ch対応],165900,有貨,https://home-slot.net/SHOP/p-newgin301.html
2247,デュエルドラゴンキングダム,,エレコ,A-SLOT,エレコ デュエルドラゴンキングダム 中古パチスロ実機 [4ch対応],35140,售完,https://www.a-slot.com/SHOP/eleco16.html
2249,ハッピージャグラーV 2ch対応,,北電子,A-SLOT,【お取り寄せ商品】北電子 ハッピージャグラーV 中古パチスロ実機 [2ch対応],54000,有貨,https://www.a-slot.com/SHOP/kitadensi61.html
2250,ハネモノ ファミリースタジアム,P,ミズホ,ホームスロット,ミズホ Pハネモノ ファミリースタジアム 中古パチンコ実機 [枠名：BILLY ROLL] [4ch対応],376700,有貨,https://home-slot.net/SHOP/p-mizuho206.html
2255,ビスティ CR七人の侍 SF T,,,ホームスロット,ビスティ CR七人の侍 SF－T 中古パチンコ実機,74200,售完,https://home-slot.net/SHOP/p-bisty5.html
2257,ビスティ ウルトラマンウォーズ,,,ホームスロット,ビスティ ウルトラマンウォーズ 中古パチスロ実機,47800,售完,https://home-slot.net/SHOP/s-sankyo72.html
2258,ビスティ サタデーナイトフィーバー,,,ホームスロット,ビスティ サタデーナイトフィーバー 中古パチスロ実機,45475,售完,https://home-slot.net/SHOP/s-sankyo22.html
2260,ビッグハイビ 30 2ch対応,,パイオニア,A-SLOT,【お取り寄せ商品】パイオニア ビッグハイビ－30 中古パチスロ実機 [2ch対応],93500,有貨,https://www.a-slot.com/SHOP/pioneer_big_haibi.html
2262,ビビッドレッドオペレーション,P,ニューギン,ホームスロット,ニューギン Pビビッドレッドオペレーション 中古パチンコ実機 [枠名：ReLf] [4ch対応],52600,售完,https://home-slot.net/SHOP/p-newgin247.html
2264,フィーバーダンベル何キロ持てる?,P,SANKYO,ホームスロット,SANKYO Pフィーバーダンベル何キロ持てる？ 中古パチンコ実機 [枠名：NEO STELLA] [4ch対応],57600,有貨,https://home-slot.net/SHOP/p-sankyo262.html
2265,ベルセルク無双 119ver.,P,ニューギン,ホームスロット,ニューギン P ベルセルク無双 119ver. 中古パチンコ実機 [枠名：黒船] [4ch対応],72800,售完,https://home-slot.net/SHOP/p-newgin279.html
2266,マイジャグラーII ピースパネル,,北電子,ホームスロット,北電子 マイジャグラーII ピースパネル 中古パチスロ実機,68500,售完,https://home-slot.net/SHOP/s-kitadenshi63.html
2268,マルホン CR@ほぉ~むカフェ A,,,ホームスロット,マルホン CR＠ほぉ～むカフェ A 枠色不問 中古パチンコ実機,56400,售完,https://home-slot.net/SHOP/p-maruhon40.html
2269,マルホン CRシャカリーナVV,,,ホームスロット,マルホン CRシャカリーナVV 中古パチンコ実機,52600,售完,https://home-slot.net/SHOP/p-maruhon200.html
2270,マルホン CR銀と金2MXB,,,ホームスロット,マルホン CR銀と金2MXB 中古パチンコ実機,41426,售完,https://home-slot.net/SHOP/p-maruhon28.html
2271,マルホン PA獅子王Jr.99,,,ホームスロット,マルホン PA獅子王Jr.99 中古パチンコ実機,86000,售完,https://home-slot.net/SHOP/p-maruhon214.html
2272,ミラクルジャグラー 2ch対応,,北電子,A-SLOT,【お取り寄せ商品】北電子 ミラクルジャグラー 中古パチスロ実機 [2ch対応],108500,有貨,https://www.a-slot.com/SHOP/kitadensi44.html
2273,モンスターハンター ダブルクロス,P,Sammy,ホームスロット,サミー Pモンスターハンター ダブルクロス 中古パチンコ実機 [枠名：真焔 モンハン] [4ch対応],81600,售完,https://home-slot.net/SHOP/p-sammy230.html
2274,リアルボルテージ2 2ch対応,4号機,ユニバーサル,A-SLOT,【4号機】ユニバーサル リアルボルテージ2 中古パチスロ実機 [2ch対応],53100,售完,https://www.a-slot.com/SHOP/univerasal6.html
2275,リング 呪いの7日間2FSA,P,藤商事,ホームスロット,藤商事 Pリング 呪いの7日間2FSA 中古パチンコ実機 [枠名：クリスタルエアー リング呪いの7日間] [8ch対応],65000,售完,https://home-slot.net/SHOP/p-fuji220.html
2276,ルパン三世 THE FIRST,P,平和,ホームスロット,平和 Pルパン三世 THE FIRST 中古パチンコ実機 [枠名：BLAST ルパン三世真速] [8ch対応],62800,售完,https://home-slot.net/SHOP/p-heiwa232.html
2277,ルパン三世VSキャッツ アイ,スマパチ,平和,ホームスロット,平和 eルパン三世VSキャッツ・アイ 中古パチンコ実機 [スマパチ] [枠名：Neo-Peace],106000,有貨,https://home-slot.net/SHOP/p-heiwa250.html
2279,ルパン三世 ~復活のマモー~ 甘デジ,P,平和,ホームスロット,平和 Pルパン三世 ～復活のマモー～ 甘デジ 中古パチンコ実機 [枠名：ルパン・ザ・シアター] [8ch対応],92000,售完,https://home-slot.net/SHOP/p-heiwa230.html
2282,冬のソナタ My Memory,P,京楽,ホームスロット,京楽 P 冬のソナタ My Memory 中古パチンコ実機 [枠名：ベルーガ 冬のソナタM7] [4ch対応],127300,有貨,https://home-slot.net/SHOP/p-kyoraku238.html
2285,南国育ち 25 ダイナム パネル,4号機,オリンピア,A-SLOT,【4号機】オリンピア 南国育ち-25 ダイナム限定パネル 中古パチスロ実機 [4ch対応],135000,售完,https://www.a-slot.com/SHOP/heiwa21_dainam.html
2286,南国育ち 30 ジョディパネル,4号機,平和,A-SLOT,【4号機】平和 南国育ち-30 ジョディパネル 中古パチスロ実機 [4ch対応],135000,有貨,https://www.a-slot.com/SHOP/heiwa24_jody.html
2287,南国育ちR2 30 赤蝶パネル,,オリンピア,A-SLOT,オリンピア 南国育ちR2-30 赤蝶パネル 中古パチスロ実機 [4ch対応],44820,售完,https://www.a-slot.com/SHOP/heiwa19_4.html
2288,咲 Saki 全国編 2ch対応,P,SANYO,ホームスロット,SANYO P咲-Saki-全国編 枠色不問 中古パチンコ実機 [枠名：Ｇ－ＤＲＩＶＥ] [2ch対応],65300,有貨,https://home-slot.net/SHOP/p-sanyo247.html
2289,喰霊 零 葵上~あおいのうえ~FS,P,藤商事,ホームスロット,藤商事 P喰霊-零- 葵上～あおいのうえ～FS 中古パチンコ実機 [枠名：クリスタルエアー] [8ch対応],65300,售完,https://home-slot.net/SHOP/p-fuji205.html
2290,地獄少女覚醒3000Ver.,P,藤商事,ホームスロット,藤商事 P地獄少女覚醒3000Ver. 中古パチンコ実機 [枠名：クリスタルエアー 地獄少女覚醒] [8ch対応],65000,有貨,https://home-slot.net/SHOP/p-fuji236.html
2292,機動戦艦ナデシコ 2ch対応,,SANKYO,A-SLOT,SANKYO パチスロ機動戦艦ナデシコ 中古パチスロ実機 [2ch対応],57800,售完,https://www.a-slot.com/SHOP/sankyo27.html
2295,真 一騎当千 Light Ver.,P,大一,ホームスロット,大一 P真・一騎当千 Light Ver. 中古パチンコ実機 [枠名：ルナーレス2 一騎当千][4ch対応],63900,有貨,https://home-slot.net/SHOP/p-daiichi224.html
2296,真 北斗無双Re 319Ver.,P,Sammy,ホームスロット,サミー P真・北斗無双Re：319Ver. 中古パチンコ実機 [枠名：闘神] [4ch対応],57600,有貨,https://home-slot.net/SHOP/p-sammy232.html
2297,真 座頭市物語 LT99ver.,P,ニューギン,ホームスロット,ニューギン P真・座頭市物語 LT99ver. 中古パチンコ実機 [枠名：黒船 真・座頭市物語] [4ch対応],493500,有貨,https://home-slot.net/SHOP/p-newgin310.html
2300,絶対衝激3 清純女学院パネル,,スパイキー,A-SLOT,【お取り寄せ商品】スパイキー 絶対衝激3 清純女学院パネル 中古パチスロ実機 [4ch対応],64100,有貨,https://www.a-slot.com/SHOP/spyki_207.html
2301,緋弾のアリアAA FE設定付,P,藤商事,ホームスロット,藤商事 P緋弾のアリアAA FE設定付 中古パチンコ実機 [枠名：クリスタルエアー] [8ch対応],59000,有貨,https://home-slot.net/SHOP/p-fuji211.html
2302,花の慶次~裂 蓮極129ver.,P,ニューギン,ホームスロット,ニューギン P花の慶次～裂 蓮極129ver. 中古パチンコ実機 [枠名：黒船 花の慶次～裂] [4ch対応],76600,有貨,https://home-slot.net/SHOP/p-newgin300.html
2304,西陣 CRA 大賞 LFZ 甘デジ,,,ホームスロット,西陣 CRAパチンコ大賞 LFZ（甘デジ） 中古パチンコ実機,71600,售完,https://home-slot.net/SHOP/p-nishijinn16.html
2305,西陣 CRA春一番 GL 甘デジ,,,ホームスロット,西陣 CRA春一番 GL（甘デジ） 中古パチンコ実機,52600,售完,https://home-slot.net/SHOP/p-nishijinn9.html
2306,西陣 CRA花満開~天ノ舞~SP,,,ホームスロット,西陣 CRA花満開～天ノ舞～SP 中古パチンコ実機,52600,售完,https://home-slot.net/SHOP/p-nishijinn204.html
2307,西陣 CRぷらちなGL 春一番,,,ホームスロット,西陣 CRぷらちなGL 春一番 中古パチンコ実機,52600,售完,https://home-slot.net/SHOP/p-nishijinn200.html
2308,西陣 CRゴールデンゲートM95,,,ホームスロット,西陣 CRゴールデンゲートM95 中古パチンコ実機,89800,售完,https://home-slot.net/SHOP/p-nishijinn78.html
2309,西陣 CR織田信奈の野望MA,,,ホームスロット,西陣 CR織田信奈の野望MA 枠色不問 中古パチンコ実機,52600,售完,https://home-slot.net/SHOP/p-nishijinn91.html
2310,西陣 CR花満開~天ノ舞~ZB4,,,ホームスロット,西陣 CR花満開～天ノ舞～ZB4 中古パチンコ実機,52600,售完,https://home-slot.net/SHOP/p-nishijinn111.html
2311,西陣 P13日の金曜日GLA,,,ホームスロット,西陣 P13日の金曜日GLA 中古パチンコ実機 [枠名：戦舞 13日の金曜日GLA] [4ch対応],65300,售完,https://home-slot.net/SHOP/p-nishijinn239.html
2312,西陣 P Rewrite GLA,,,ホームスロット,西陣 P Rewrite GLA 中古パチンコ実機 [枠名：戦舞 Ｒｅｗｒｉｔｅ ＧＬＡ] [4ch対応],71600,售完,https://home-slot.net/SHOP/p-nishijinn230.html
2313,西陣 P V王 Legend MC,,,ホームスロット,西陣 P V王 Legend MC 枠色不問 中古パチンコ実機,86000,售完,https://home-slot.net/SHOP/p-nishijinn216.html
2314,西陣 P V王 Legend XA,,,ホームスロット,西陣 P V王 Legend XA 枠色不問 中古パチンコ実機,52600,售完,https://home-slot.net/SHOP/p-nishijinn217.html
2315,西陣 ちょいパチ麻王DX 39,,,ホームスロット,西陣 ちょいパチ麻王DX 39 中古パチンコ実機,52600,售完,https://home-slot.net/SHOP/p-nishijinn117.html
2316,西陣 ツインループ花満開GLA,P,,ホームスロット,西陣 Pツインループ花満開GLA 中古パチンコ実機 [枠名：戦舞 ツインループ花満開甘] [4ch対応],52600,售完,https://home-slot.net/SHOP/p-nishijinn243.html
2317,西陣 刀使ノ巫女 319ver.,P,,ホームスロット,西陣 P刀使ノ巫女 319ver. 中古パチンコ実機 [枠名：エース戦舞 刀使ノ巫女ＺＣａ] [4ch対応],52600,售完,https://home-slot.net/SHOP/p-nishijinn263.html
2318,西陣 刀使ノ巫女 甘デジver.,P,,ホームスロット,西陣 P刀使ノ巫女 甘デジver．中古パチンコ実機 [枠名：エース戦舞 刀使ノ巫女ＧＣＡａ] [4ch対応],65300,售完,https://home-slot.net/SHOP/p-nishijinn262.html
2319,設定7基板 プレミアム 単品 可,,,A-SLOT,設定7基板「プレミアム」【単品販売可】,32000,有貨,https://www.a-slot.com/SHOP/option158.html
2320,豊丸 CRドンキホーテ159s,,,ホームスロット,豊丸 CRドンキホーテ159s 中古パチンコ実機,65300,售完,https://home-slot.net/SHOP/p-toyomaru79.html
2321,豊丸 CRドンキホーテ229L,,,ホームスロット,豊丸 CRドンキホーテ229L 中古パチンコ実機,65300,售完,https://home-slot.net/SHOP/p-toyomaru80.html
2322,豊丸 CRヘルシング199L,,,ホームスロット,豊丸 CRヘルシング199L 中古パチンコ実機,52600,售完,https://home-slot.net/SHOP/p-toyomaru28.html
2323,豊丸 CRヘルシング299F,,,ホームスロット,豊丸 CRヘルシング299F 中古パチンコ実機,52600,售完,https://home-slot.net/SHOP/p-toyomaru27.html
2324,豊丸 CRヘルシング99VV,,,ホームスロット,豊丸 CRヘルシング99VV 中古パチンコ実機,39694,售完,https://home-slot.net/SHOP/p-toyomaru29.html
2325,豊丸 CRロボゲイシャ99V,,,ホームスロット,豊丸 CRロボゲイシャ99V 中古パチンコ実機,52600,有貨,https://home-slot.net/SHOP/p-toyomaru77.html
2326,豊丸 CR天地を喰らう99V,,,ホームスロット,豊丸 CR天地を喰らう99V 中古パチンコ実機,65300,售完,https://home-slot.net/SHOP/p-toyomaru24.html
2327,豊丸 CR悪代官299FST,,,ホームスロット,豊丸 CR悪代官299FST 枠色不問 中古パチンコ実機,42444,售完,https://home-slot.net/SHOP/p-toyomaru22.html
2328,豊丸 CR餃子の王将3 600,,,ホームスロット,豊丸 CR餃子の王将3 おすすめ600 中古パチンコ実機,71600,售完,https://home-slot.net/SHOP/p-toyomaru59.html
2329,豊丸 PA女子ザジャイアント,,,ホームスロット,豊丸 PA女子ザジャイアント 中古パチンコ実機,52600,售完,https://home-slot.net/SHOP/p-toyomaru207.html
2330,豊丸 ワイルド 6750だぜぇ,P,ロデオ,ホームスロット,豊丸 Pワイルドロデオ6750だぜぇ 中古パチンコ実機,62800,售完,https://home-slot.net/SHOP/p-toyomaru214.html
2332,野生の王国GO 199ver.,P,ニューギン,ホームスロット,ニューギン P野生の王国GO 199ver. 枠色不問 中古パチンコ実機 [枠名：ReLf] [4ch対応],101000,售完,https://home-slot.net/SHOP/p-newgin265.html
2334,銀座 P SHOW BY ROCK!!,,,ホームスロット,銀座 P SHOW BY ROCK!! 中古パチンコ実機 [枠名：銀座闘神] [4ch対応],71600,售完,https://home-slot.net/SHOP/p-ginza200.html
2335,銀座 ぱちんこCRどらきゅあ!,,,ホームスロット,銀座 ぱちんこCRどらきゅあ！ 中古パチンコ実機 [枠名：銀座闘神] [4ch対応],52600,售完,https://home-slot.net/SHOP/p-ginza6.html
2336,銀座 デジハネCRどらきゅあ!,,,ホームスロット,銀座 デジハネCRどらきゅあ！ 中古パチンコ実機 [枠名：銀座闘神] [4ch対応],52600,售完,https://home-slot.net/SHOP/p-ginza5.html
2337,銀座 デジハネP蒼天の拳 双龍,,,ホームスロット,銀座 デジハネP蒼天の拳 双龍 中古パチンコ実機 [枠名：銀座闘神] [4ch対応],65300,售完,https://home-slot.net/SHOP/p-ginza208.html
2339,高尾 CRライディーン 自警隊篇,,,ホームスロット,高尾 CRライディーン 自警隊篇 中古パチンコ実機,47231,售完,https://home-slot.net/SHOP/p-takao26.html
2342,高尾 CR貞子3D 99ver.,,,ホームスロット,高尾 CR貞子3D 99ver. 枠色不問 中古パチンコ実機,52600,售完,https://home-slot.net/SHOP/p-takao84.html
2343,黄門ちゃま寿限無 99ver.,P,平和,ホームスロット,平和 P黄門ちゃま寿限無 99ver. 中古パチンコ実機 [枠名：BLAST P黄門ちゃま9AD2] [8ch対応],312600,有貨,https://home-slot.net/SHOP/p-heiwa251.html
2345,BON JOVI ボンジョビ,,北電子,ホームスロット,北電子 BON JOVI（ボンジョビ） 中古パチスロ実機,68500,售完,https://home-slot.net/SHOP/s-kitadenshi27.html
2347,CRAえとたま79ver.,,メーシー,ホームスロット,メーシー CRAえとたま79ver. 中古パチンコ実機,52600,售完,https://home-slot.net/SHOP/p-macy4.html
2349,CRAスーパー海物語SAE5,,SANYO,ホームスロット,SANYO CRAスーパー海物語SAE5 枠色不問 中古パチンコ実機 [枠名：イルミオ] [4ch対応],52600,售完,https://home-slot.net/SHOP/p-sanyo120.html
2350,CRA地獄少女 弐FPWX,,藤商事,ホームスロット,藤商事 CRA地獄少女 弐FPWX 中古パチンコ実機 [枠名：エアーキャノン] [8ch対応],52600,售完,https://home-slot.net/SHOP/p-fuji130.html
2351,CRA戦国乙女3 9AW1,,平和,ホームスロット,平和 CRA戦国乙女3 9AW1 中古パチンコ実機 [枠名：ルピナスハート] [4ch対応],111100,售完,https://home-slot.net/SHOP/p-heiwa105.html
2352,CRA緋弾のアリア FPW,,藤商事,ホームスロット,藤商事 CRA緋弾のアリア FPW 中古パチンコ実機 [枠名：シャイニングウォール] [4ch対応],52600,售完,https://home-slot.net/SHOP/p-fuji99.html
2353,CRA花の慶次SP~琉 N K,,ニューギン,ホームスロット,ニューギン CRA花の慶次SP～琉 N-K 中古パチンコ実機,89800,售完,https://home-slot.net/SHOP/p-newgin104.html
2354,CRぱちんこクロユリ団地,,京楽,ホームスロット,京楽 CRぱちんこクロユリ団地 中古パチンコ実機 [枠名：BIGサプライズ] [4ch対応],116000,售完,https://home-slot.net/SHOP/p-kyoraku65.html
2355,CRぱちんこテラフォーマーズ,,京楽,ホームスロット,京楽 CRぱちんこテラフォーマーズ 中古パチンコ実機 [枠名：テラフォーマーズ専用枠] [4ch対応],59000,售完,https://home-slot.net/SHOP/p-kyoraku84.html
2356,CRぱちんこ必殺仕事人4,,京楽,ホームスロット,京楽 CRぱちんこ必殺仕事人4 中古パチンコ実機 [枠名：BIGサプライズ] [4ch対応],104000,售完,https://home-slot.net/SHOP/p-kyoraku55.html
2357,CRクルクルセブンFRW,,藤商事,ホームスロット,藤商事 CRクルクルセブンFRW 中古パチンコ実機 [枠名：エアーキャノン] [8ch対応],92400,售完,https://home-slot.net/SHOP/p-fuji147.html
2358,CRジャンボRUSH H K,,ニューギン,ホームスロット,ニューギン CRジャンボRUSH H－K 中古パチンコ実機,49371,售完,https://home-slot.net/SHOP/p-newgin59.html
2359,CRスーパー海物語M55X3,,SANYO,ホームスロット,SANYO CRスーパー海物語M55X3 中古パチンコ実機 [枠名：イルミオ] [4ch対応],59000,售完,https://home-slot.net/SHOP/p-sanyo113.html
2361,CRドラセグ2 99Ver.,,SANYO,ホームスロット,SANYO CRドラセグ2 99Ver. 枠色不問 中古パチンコ実機 [枠名：イルミオ] [4ch対応],64000,售完,https://home-slot.net/SHOP/p-sanyo123.html
2362,CRバァーンダマシイ MSA,,SANYO,ホームスロット,SANYO CRバァーンダマシイ MSA 中古パチンコ実機 [枠名：フラッシュリング],41222,售完,https://home-slot.net/SHOP/p-sanyo30.html
2363,CRバスタード!! 暗黒の破壊神,,ニューギン,ホームスロット,ニューギン CRバスタード！！－ 暗黒の破壊神－ 中古パチンコ実機,92400,售完,https://home-slot.net/SHOP/p-newgin138.html
2364,CRパトラッシュ2 RED,,SANKYO,ホームスロット,SANKYO CRパトラッシュ2 RED 中古パチンコ実機,145900,售完,https://home-slot.net/SHOP/p-sankyo12.html
2365,CRフィーバーアクエリオンW,,SANKYO,ホームスロット,SANKYO CRフィーバーアクエリオンW 枠色不問 中古パチンコ実機,59000,售完,https://home-slot.net/SHOP/p-sankyo201.html
2367,CRフィーバータイガーマスク2,,SANKYO,ホームスロット,SANKYO CRフィーバータイガーマスク2 中古パチンコ実機,131000,售完,https://home-slot.net/SHOP/p-sankyo84.html
2369,CRモンスターハンター EWN,,Sammy,ホームスロット,サミー CRモンスターハンター EWN 中古パチンコ実機 [枠名：転生] [4ch対応],86000,售完,https://home-slot.net/SHOP/p-sammy64.html
2370,CRリング 呪い再びFPK,,藤商事,ホームスロット,藤商事 CRリング 呪い再びFPK 中古パチンコ実機 [枠名：エアーキャノン] [8ch対応],86000,售完,https://home-slot.net/SHOP/p-fuji116.html
2371,CRリング 終焉ノ刻FPH,,藤商事,ホームスロット,藤商事 CRリング 終焉ノ刻FPH 中古パチンコ実機 [枠名：井戸] [8ch対応],71600,售完,https://home-slot.net/SHOP/p-fuji146.html
2373,CR三國志~英雄集結~N T1,,ニューギン,ホームスロット,ニューギン CR三國志～英雄集結～N-T1 中古パチンコ実機,52600,有貨,https://home-slot.net/SHOP/p-newgin130.html
2375,CR哲也2~雀聖再臨~BL T,,大一,ホームスロット,大一 ＣＲ哲也２～雀聖再臨～ＢＬ－Ｔ 中古パチンコ実機,311000,售完,https://home-slot.net/SHOP/p-daiichi72.html
2376,CR地獄少女FPW 甘デジ,,藤商事,ホームスロット,藤商事 CR地獄少女FPW 甘デジ 枠色不問 中古パチンコ実機 [枠名：クリスタルファイヤー] [4ch対応],92400,售完,https://home-slot.net/SHOP/p-fuji69.html
2377,CR夕陽のガンマン HV1,,オリンピア,ホームスロット,オリンピア CR夕陽のガンマン HV1 中古パチンコ実機 [枠名：オリンピア枠（元祖！大江戸桜吹雪～）] [4ch対応],154800,售完,https://home-slot.net/SHOP/p-olympia6.html
2378,CR大奥~繚乱の花戦~H T1,,ニューギン,ホームスロット,ニューギン CR大奥～繚乱の花戦～H-T1 中古パチンコ実機,86000,售完,https://home-slot.net/SHOP/p-newgin121.html
2379,CR大奥~繚乱の花戦~M2 T,,ニューギン,ホームスロット,ニューギン CR大奥～繚乱の花戦～M2-T 中古パチンコ実機,59000,售完,https://home-slot.net/SHOP/p-newgin120.html
2380,CR大海物語4 2ch対応,,SANYO,ホームスロット,SANYO CR大海物語4 中古パチンコ実機 [枠名：マリンシェル] [2ch対応],52600,售完,https://home-slot.net/SHOP/p-sanyo135.html
2381,CR戦国乙女~花~99ver.,,平和,ホームスロット,平和 CR戦国乙女～花～99ver. 中古パチンコ実機,52600,有貨,https://home-slot.net/SHOP/p-heiwa159.html
2382,CR翠星のガルガンティア,,大一,ホームスロット,大一 CR翠星のガルガンティア 中古パチンコ実機 [枠名：イマジネーション プラス] [4ch対応],65300,售完,https://home-slot.net/SHOP/p-daiichi115.html
2383,CR萌エキサイトFPWZ,,藤商事,ホームスロット,藤商事 CR萌エキサイトFPWZ 中古パチンコ実機 [枠名：エアーキャノン] [8ch対応],59000,售完,https://home-slot.net/SHOP/p-fuji143.html
2384,CR逆転裁判249ver.,,平和,ホームスロット,平和 CR逆転裁判249ver. 中古パチンコ実機,52600,售完,https://home-slot.net/SHOP/p-heiwa144.html
2385,CR逆転裁判99.9ver.,,平和,ホームスロット,平和 CR逆転裁判99.9ver. 中古パチンコ実機,52600,售完,https://home-slot.net/SHOP/p-heiwa147.html
2386,CR銀河乙女 299ver.,,平和,ホームスロット,平和 CR銀河乙女 299ver. 中古パチンコ実機,61500,售完,https://home-slot.net/SHOP/p-heiwa119.html
2387,CR銀河乙女 399ver.,,平和,ホームスロット,平和 CR銀河乙女 399ver. 枠色不問 中古パチンコ実機,186300,售完,https://home-slot.net/SHOP/p-heiwa120.html
2388,CR銀河乙女99.9ver.,,平和,ホームスロット,平和 ＣＲ銀河乙女99.9ｖｅｒ. 中古パチンコ実機,111100,售完,https://home-slot.net/SHOP/p-heiwa127.html
2389,CR黄門ちゃま寿H0AZ,,平和,ホームスロット,平和 CR黄門ちゃま寿H0AZ 中古パチンコ実機 [枠名：ルピナスX] [4ch対応],37047,售完,https://home-slot.net/SHOP/p-heiwa80.html
2390,D light CRノルソル,,,ホームスロット,D-light CRノルソル 中古パチンコ実機[枠名：イマジネーション プラス] [4ch対応],86000,售完,https://home-slot.net/SHOP/p-dlight203.html
2391,EXCITE ZETMAN,,,ホームスロット,EXCITE パチスロZETMAN 中古パチスロ実機,68500,售完,https://home-slot.net/SHOP/s-excite18.html
2395,IGT エルビス 2ch対応,4号機,,A-SLOT,【4号機】IGT エルビス 中古パチスロ実機 [2ch対応],99800,售完,https://www.a-slot.com/SHOP/igt5.html
2397,JPS 2027 優愛Ver,,,A-SLOT,JPS 2027 優愛Ver 中古パチスロ実機 [8ch対応],95000,售完,https://www.a-slot.com/SHOP/jps8.html
2399,KPE ときめきメモリアル,,,A-SLOT,KPE ときめきメモリアル 中古パチスロ実機 [4ch対応],78500,售完,https://www.a-slot.com/SHOP/kpe13.html
2407,NET Rio2プレミアム,,,A-SLOT,NET Rio2プレミアム 中古パチスロ実機 [4ch対応],99000,售完,https://www.a-slot.com/SHOP/net12.html
2413,NET 回胴合体ゴーケンオーV,,,ホームスロット,NET 回胴合体ゴーケンオーV 中古パチスロ実機,35209,售完,https://home-slot.net/SHOP/s-net18.html
2415,PAぶいぶい!ゴジラ N K1,,ニューギン,ホームスロット,ニューギン PAぶいぶい！ゴジラ N-K1 枠色不問 中古パチンコ実機 [枠名：ReLf] [4ch対応],92400,售完,https://home-slot.net/SHOP/p-newgin226.html
2416,PAスーパー海物語IN地中海,,SANYO,ホームスロット,SANYO PAスーパー海物語IN地中海 枠色不問 中古パチンコ実機 [枠名：イルミオ] [4ch対応],57600,有貨,https://home-slot.net/SHOP/p-sanyo218.html
2417,PA花の慶次~裂 99ver.,,ニューギン,ホームスロット,ニューギン PA花の慶次～裂 99ver. 中古パチンコ実機 [枠名：黒船 花の慶次～裂] [4ch対応],362900,有貨,https://home-slot.net/SHOP/p-newgin299.html
2418,P ToLOVEるダークネス,,平和,ホームスロット,平和 P ToLOVEるダークネス 中古パチンコ実機 [枠名：BLAST ToLOVEるH1YZ5] [8ch対応],62600,有貨,https://home-slot.net/SHOP/p-heiwa240.html
2423,SNKプレイモア 七色未来,,,A-SLOT,SNKプレイモア 七色未来 中古パチスロ実機 [4ch対応],99800,售完,https://www.a-slot.com/SHOP/snk16.html
2424,SNKプレイモア 爆走列島,,,ホームスロット,SNKプレイモア 爆走列島 中古パチスロ実機,47984,售完,https://home-slot.net/SHOP/s-snk25.html
2426,あぶない刑事 129ver.,P,ニューギン,ホームスロット,ニューギン Pあぶない刑事 129ver. 中古パチンコ実機 [枠名：黒船 あぶない刑事] [4ch対応],71300,售完,https://home-slot.net/SHOP/p-newgin261.html
2428,ぱちんこCRあしたのジョー,,Sammy,ホームスロット,サミー ぱちんこCRあしたのジョー 中古パチンコ実機 [枠名：闘神] [4ch対応],62800,售完,https://home-slot.net/SHOP/p-sammy209.html
2429,ぱちんこCR北斗の拳百裂,,Sammy,ホームスロット,サミー ぱちんこCR北斗の拳百裂 中古パチンコ実機 [枠名：聖（クロス）] [4ch対応],92400,售完,https://home-slot.net/SHOP/p-sammy36.html
2431,ぱちんこ 必殺仕事人 総出陣,P,京楽,ホームスロット,京楽 Pぱちんこ 必殺仕事人 総出陣 中古パチンコ実機 [枠名：激震 Ｐ仕事人Ａ３] [8ch対応],52600,售完,https://home-slot.net/SHOP/p-kyoraku205.html
2433,もっと楽シーサー25Φ 黒パネル,,SANKYO,A-SLOT,SANKYO もっと楽シーサー25Φ 黒パネル 中古パチスロ実機 [4ch対応],51692,售完,https://www.a-slot.com/SHOP/sankyo26.html
2434,やじきた道中記 甘味ver.,P,メーシー,ホームスロット,メーシー Pやじきた道中記 甘味ver. 中古パチンコ実機 [枠名：SHINOBI7 やじきたＳＢ] [8ch対応],69000,售完,https://home-slot.net/SHOP/p-macy226.html
2438,アークテクニコ アニマル 茶色,,,ホームスロット,アークテクニコ アニマル 茶色 中古パチスロ実機,92299,售完,https://home-slot.net/SHOP/s-ark4.html
2443,アムテックス ピンク レディー,P,,ホームスロット,アムテックス Pピンク・レディー 中古パチンコ実機 [枠名：BLAST ピンクレディー] [8ch対応],101000,有貨,https://home-slot.net/SHOP/p-amutex218.html
2448,アラジン2エボリューション,4号機,Sammy,A-SLOT,【4号機】サミー アラジン2エボリューション 中古パチスロ実機 [4ch対応],59800,有貨,https://www.a-slot.com/SHOP/sammy18.html
2449,アルティメットブレイク拳,,ミズホ,A-SLOT,ミズホ アルティメットブレイク拳 中古パチスロ実機 [4ch対応],31342,售完,https://www.a-slot.com/SHOP/mizuho-macy15.html
2452,エマ ビッグアンドスモールA,4号機,,A-SLOT,【4号機】エマ ビッグアンドスモールA 中古パチスロ実機,40500,售完,https://www.a-slot.com/SHOP/ema_bigandsmalla_kasugai.html
2455,オオタコスロ2 2ch対応,4号機,エレコ,A-SLOT,【4号機】エレコ オオタコスロ2 中古パチスロ実機 [2ch対応],76500,售完,https://www.a-slot.com/SHOP/eleco_ootacoslot.html
2461,キングパルサー グリーンパネル,4号機,山佐,A-SLOT,【4号機】山佐 キングパルサー グリーンパネル 中古パチスロ実機 [4ch対応],79800,售完,https://www.a-slot.com/SHOP/yamasa23.html
2462,キングパルサー レッドパネル,4号機,山佐,A-SLOT,【4号機】山佐 キングパルサー レッドパネル 中古パチスロ実機 [4ch対応],79800,售完,https://www.a-slot.com/SHOP/yamasa_kingpulsar_red.html
2466,ゴーストラッシュ 2ch対応,4号機,ユニバーサル,A-SLOT,【4号機】ユニバーサル ゴーストラッシュ 中古パチスロ実機 [2ch対応],37850,售完,https://www.a-slot.com/SHOP/univerasal3.html
2471,サンセイ CR天下烈伝VV,,,ホームスロット,サンセイ CR天下烈伝VV 中古パチンコ実機 [枠名：G・GATE] [4ch対応],46213,售完,https://home-slot.net/SHOP/p-SANSEI50.html
2472,サンセイ CR天下烈伝ZZ,,,ホームスロット,サンセイ CR天下烈伝ZZ 中古パチンコ実機 [枠名：G・GATE] [4ch対応],71600,售完,https://home-slot.net/SHOP/p-SANSEI49.html
2474,サンセイ CR疾風迅雷 RW,,,ホームスロット,サンセイ CR疾風迅雷 RW 中古パチンコ実機 [枠名：D-CYCLONE] [4ch対応],42444,售完,https://home-slot.net/SHOP/p-SANSEI4.html
2476,サンセイ 牙狼MUSEUM,P,,ホームスロット,サンセイ P牙狼MUSEUM 枠色不問 中古パチンコ実機 [枠名：金翔] [4ch対応],70300,售完,https://home-slot.net/SHOP/p-sansei243.html
2477,サンセイ 牙狼コレクション,P,,ホームスロット,サンセイ P牙狼コレクション 枠色不問 中古パチンコ実機 [枠名：金翔] [4ch対応],52600,售完,https://home-slot.net/SHOP/p-SANSEI215.html
2478,サンセイ 牙狼冴島鋼牙XX,P,,ホームスロット,サンセイ P牙狼冴島鋼牙XX 枠色不問 中古パチンコ実機 [枠名：金翔] [4ch対応],63600,有貨,https://home-slot.net/SHOP/p-SANSEI211.html
2479,ジェイビー CRマジカペJX,,,ホームスロット,ジェイビー CRマジカペJX 中古パチンコ実機,92400,售完,https://home-slot.net/SHOP/p-jb4.html
2482,スパイダーマン2 2ch対応,,Sammy,A-SLOT,サミー スパイダーマン2 中古パチスロ実機 [2ch対応],78500,售完,https://www.a-slot.com/SHOP/sammy1.html
2488,ゾンビリーバボー~絶叫~S4 T6,P,ニューギン,ホームスロット,ニューギン Pゾンビリーバボー～絶叫～S4-T6 中古パチンコ実機 [枠名：ReLf] [4ch対応],59000,售完,https://home-slot.net/SHOP/p-newgin216.html
2489,ゾンビリーバボー~絶叫~S5 T1,P,ニューギン,ホームスロット,ニューギン Pゾンビリーバボー～絶叫～S5-T1 枠色不問 中古パチンコ実機 [枠名：ReLf] [4ch対応],59000,售完,https://home-slot.net/SHOP/p-newgin215.html
2491,タイヨーエレック CR嘘喰い,,,ホームスロット,タイヨーエレック CR嘘喰い 中古パチンコ実機,122300,售完,https://home-slot.net/SHOP/p-taiyo48.html
2500,デジハネCRAくだもの畑,,Sammy,ホームスロット,サミー デジハネCRAくだもの畑 中古パチンコ実機 [枠名：闘神] [4ch対応],52600,售完,https://home-slot.net/SHOP/p-sammy94.html
2501,デジハネCRあしたのジョー,,Sammy,ホームスロット,サミー デジハネCRあしたのジョー 中古パチンコ実機 [枠名：転生] [4ch対応],71600,售完,https://home-slot.net/SHOP/p-sammy87.html
2502,デジハネCR化物語 STK,,Sammy,ホームスロット,サミー デジハネCR化物語 STK 中古パチンコ実機 [枠名：転生] [4ch対応],55200,售完,https://home-slot.net/SHOP/p-sammy77.html
2503,デュアルストーリー 2ch対応,,北電子,A-SLOT,北電子 デュアルストーリー 中古パチスロ実機 [2ch対応],78500,售完,https://www.a-slot.com/SHOP/kitadenshi54.html
2506,ニイガタ電子 リッジレーサー2,,山佐,A-SLOT,ニイガタ電子(山佐) パチスロ リッジレーサー2 中古パチスロ実機 [4ch対応],34196,售完,https://www.a-slot.com/SHOP/yamasa47.html
2508,ニューアーク ワイルドキャッツ,,,ホームスロット,ニューアーク ワイルドキャッツ 中古パチスロ実機,40708,售完,https://home-slot.net/SHOP/s-sonota_4.html
2511,ネオモンスターハウスMXL,P,竹屋,ホームスロット,竹屋 PネオモンスターハウスMXL 中古パチンコ実機 [枠名：SWGT] [4ch対応],70300,有貨,https://home-slot.net/SHOP/p-takeya204.html
2513,ハイパーラッシュ 2ch対応,4号機,山佐,A-SLOT,【4号機】山佐 ハイパーラッシュ 中古パチスロ実機 [2ch対応],31342,售完,https://www.a-slot.com/SHOP/yamasa121.html
2519,バルテック ナナイロサンゴ,S,,A-SLOT,バルテック Sナナイロサンゴ 中古パチスロ実機,55000,售完,https://www.a-slot.com/SHOP/s-baltec205.html
2522,バンドリ!Light ver.,P,平和,ホームスロット,平和 Pバンドリ！Light ver. 中古パチンコ実機 [枠名：BLAST バンドリL1AU1] [8ch対応],97400,有貨,https://home-slot.net/SHOP/p-heiwa245.html
2524,ビスティ CR料理の鉄人V,,,ホームスロット,ビスティ CR料理の鉄人V 中古パチンコ実機,49371,售完,https://home-slot.net/SHOP/p-bisty8.html
2526,ビッグドリーム3 77ver.,P,Sammy,ホームスロット,サミー Pビッグドリーム3 77ver. 中古パチンコ実機 [枠名：真焔] [4ch対応],52600,售完,https://home-slot.net/SHOP/p-sammy240.html
2528,ファイナルジャグラー グリーン,,北電子,ホームスロット,北電子 ファイナルジャグラー （グリーン） 中古パチスロ実機,28742,售完,https://home-slot.net/SHOP/s-kitadenshi18.html
2529,ファイナルジャグラー ピンク,4号機,北電子,A-SLOT,【4号機】北電子 ファイナルジャグラー（ピンク） 中古パチスロ実機 [4ch対応],53820,售完,https://www.a-slot.com/SHOP/kitadenshi10.html
2530,フィーバーアクエリオン極合体,P,SANKYO,ホームスロット,SANKYO Pフィーバーアクエリオン極合体 中古パチンコ実機 [枠名：NEO STELLA] [4ch対応],59000,售完,https://home-slot.net/SHOP/p-sankyo264.html
2531,フィーバークィーンII 2026,P,SANKYO,ホームスロット,SANKYO PフィーバークィーンII 2026 中古パチンコ実機 [枠名：フリーダム] [4ch対応],362900,有貨,https://home-slot.net/SHOP/p-sankyo311.html
2534,ボンバーパワフル 新パネル2,4号機,SANKYO,A-SLOT,【4号機】SANKYO ボンバーパワフル 【新パネル2】 中古パチスロ実機 [4ch対応],32717,售完,https://www.a-slot.com/SHOP/sankyo86.html
2536,マックスアライド 櫻 サクラ,4号機,,A-SLOT,【4号機】マックスアライド 櫻(サクラ) 中古パチスロ実機,55000,有貨,https://www.a-slot.com/SHOP/maxaride_sakura_kasugai.html
2537,マルホン P TENRYU 7,,,ホームスロット,マルホン P TENRYU 7 中古パチンコ実機,52600,售完,https://home-slot.net/SHOP/p-maruhon216.html
2540,マルホン 沖7し~さ~ば~じょん,P,,ホームスロット,マルホン P沖7し～さ～ば～じょん 中古パチンコ実機,65300,售完,https://home-slot.net/SHOP/p-maruhon209.html
2541,ミリオンゴッド 2ch対応,4号機,ミズホ,A-SLOT,【4号機】ミズホ ミリオンゴッド 中古パチスロ実機 [2ch対応],198000,有貨,https://www.a-slot.com/SHOP/mizuho-macy7.html
2548,ワードオブライツ 2ch対応,4号機,ミズホ,A-SLOT,【4号機】ミズホ ワードオブライツ 中古パチスロ実機 [2ch対応],85000,售完,https://www.a-slot.com/SHOP/mizuho-macy47.html
2549,ワンパンマン 199ver.,P,ニューギン,ホームスロット,ニューギン Pワンパンマン 199ver. 中古パチンコ実機 [枠名：黒船 ワンパンマン] [4ch対応],76300,售完,https://home-slot.net/SHOP/p-newgin280.html
2553,初代 北斗の拳 バトルパネル,4号機,Sammy,A-SLOT,【4号機】サミー 初代 北斗の拳（バトルパネル） 中古パチスロ実機 [4ch対応],135000,有貨,https://www.a-slot.com/SHOP/sammy34.html
2555,南国育ち 25 ビキニパネル,4号機,オリンピア,A-SLOT,【4号機】オリンピア 南国育ち-25 ビキニパネル 中古パチスロ実機 [4ch対応],135000,有貨,https://www.a-slot.com/SHOP/heiwa18.html
2556,南国育ちR2 ビキニパネル,,オリンピア,A-SLOT,オリンピア 南国育ちR2 ビキニパネル 中古パチスロ実機 [4ch対応],45100,售完,https://www.a-slot.com/SHOP/heiwa19_2.html
2560,奥村 CR南国麻雀W 甘デジ,,,ホームスロット,奥村 CR南国麻雀W 甘デジ 中古パチンコ実機 [枠名：星波] [4ch対応],59000,售完,https://home-slot.net/SHOP/p-okumura18.html
2562,愛喜 CRAコスモパニック,,,ホームスロット,愛喜 CRAコスモパニック 中古パチンコ実機,65300,售完,https://home-slot.net/SHOP/p-aiki01.html
2565,新 必殺仕置人 超斬撃199,スマパチ,京楽,ホームスロット,京楽 e 新・必殺仕置人 超斬撃199 中古パチンコ実機 [スマパチ] [枠名：新枠 ｅ仕置人] [4ch対応],62600,有貨,https://home-slot.net/SHOP/p-kyoraku231.html
2567,爆釣 バクチョウ 2ch対応,4号機,メーシー,A-SLOT,【4号機】メーシー 爆釣（バクチョウ） 中古パチスロ実機 [2ch対応],85000,有貨,https://www.a-slot.com/SHOP/mizuho-macy6.html
2568,真 北斗無双 第2章 頂上決戦,P,Sammy,ホームスロット,サミー P真・北斗無双 第2章 頂上決戦 枠色不問 中古パチンコ実機 [枠名：闘神] [4ch対応],116000,有貨,https://home-slot.net/SHOP/p-sammy220.html
2569,真 北斗無双 第5章 夢幻闘双,スマパチ,Sammy,ホームスロット,サミー e 真・北斗無双 第5章 夢幻闘双 中古パチンコ実機 [スマパチ] [枠名：誓] [4ch対応],91000,有貨,https://home-slot.net/SHOP/p-sammy249.html
2570,真 黄門ちゃま ライトミドル,P,平和,ホームスロット,平和 P真・黄門ちゃま ライトミドル 中古パチンコ実機,92400,售完,https://home-slot.net/SHOP/p-heiwa220.html
2572,義風堂々!!~兼続と慶次~2 M3 X,P,ニューギン,ホームスロット,ニューギン P義風堂々!!～兼続と慶次～2 M3-X 中古パチンコ実機 [枠名：ReLf] [4ch対応],101000,售完,https://home-slot.net/SHOP/p-newgin224.html
2573,義風堂々!!~兼続と慶次~2 M6 X,P,ニューギン,ホームスロット,ニューギン P義風堂々!!～兼続と慶次～2 M6-X 枠色不問 中古パチンコ実機 [枠名：ReLf] [4ch対応],52600,售完,https://home-slot.net/SHOP/p-newgin223.html
2574,翠星のガルガンティアKS,P,大一,ホームスロット,大一 P翠星のガルガンティアKS 中古パチンコ実機 [枠名：イマジネーション プラス] [4ch対応],52600,有貨,https://home-slot.net/SHOP/p-daiichi208.html
2577,西陣 CRブラスレイターGL,,,ホームスロット,西陣 CRブラスレイターGL 枠色不問 中古パチンコ実機,67800,售完,https://home-slot.net/SHOP/p-nishijinn49.html
2578,西陣 CR春一番MA~GO楽~,,,ホームスロット,西陣 CR春一番MA～GO楽～ 中古パチンコ実機,38472,售完,https://home-slot.net/SHOP/p-nishijinn44.html
2579,西陣 CR花満開~天ノ舞~GL,,,ホームスロット,西陣 CR花満開～天ノ舞～GL 中古パチンコ実機,65300,售完,https://home-slot.net/SHOP/p-nishijinn118.html
2580,西陣 CR金の花満開ZX2,,,ホームスロット,西陣 CR金の花満開ZX2 中古パチンコ実機,52600,售完,https://home-slot.net/SHOP/p-nishijinn214.html
2583,西陣 おばけらんど2022,P,,ホームスロット,西陣 Pおばけらんど2022 枠色不問 中古パチンコ実機,52600,售完,https://home-slot.net/SHOP/p-nishijinn257.html
2585,西陣 おばけらんど怪ZBS,P,,ホームスロット,西陣 Pおばけらんど怪ZBS 中古パチンコ実機 [枠名：戦舞 おばけらんど怪ＺＢＳ] [4ch対応],59000,有貨,https://home-slot.net/SHOP/p-nishijinn229.html
2586,西陣 春一番~花札昇舞~GLB,P,,ホームスロット,西陣 P春一番～花札昇舞～GLB 中古パチンコ実機,71600,售完,https://home-slot.net/SHOP/p-nishijinn226.html
2587,西陣 結城友奈は勇者である,P,,ホームスロット,西陣 P結城友奈は勇者である 中古パチンコ実機 [枠名：エース戦舞 結城友奈] [4ch対応],52600,售完,https://home-slot.net/SHOP/p-nishijinn244.html
2588,西陣 織田信奈の野望 全国版,P,,ホームスロット,西陣 P織田信奈の野望 全国版 中古パチンコ実機 [枠名：エース戦舞 織田信奈] [4ch対応],52600,售完,https://home-slot.net/SHOP/p-nishijinn249.html
2589,設定7基板 極メ 単品 可 店 A,,,A-SLOT,設定7基板「極メ」【単品販売可】 中古スロット販売店　A,72000,有貨,https://www.a-slot.com/SHOP/option157.html
2590,豊丸 ロードファラオ~神の一撃~,P,,ホームスロット,豊丸 Pロードファラオ～神の一撃～ 中古パチンコ実機,52600,售完,https://home-slot.net/SHOP/p-toyomaru203.html
2591,銀座 モンスターハンターライズ,P,,ホームスロット,銀座 Pモンスターハンターライズ 中古パチンコ実機 [枠名：銀座真焔「ウェーブギア」] [4ch対応],57600,有貨,https://home-slot.net/SHOP/p-ginza223.html
2595,銀座 盾の勇者の成り上がり,P,,ホームスロット,銀座 P盾の勇者の成り上がり 中古パチンコ実機 [枠名：銀座真焔「ウェーブギア」] [4ch対応],57600,有貨,https://home-slot.net/SHOP/p-ginza225.html
2596,電撃あらっ太郎 2ch対応,4号機,高砂,A-SLOT,【4号機】高砂 電撃あらっ太郎 中古パチスロ実機 [2ch対応],76500,售完,https://www.a-slot.com/SHOP/takasago_dengekiarattarou_kasugai.html
2598,高尾 CRワシズ閻魔の闘牌,,,ホームスロット,高尾 CRワシズ閻魔の闘牌 中古パチンコ実機,52600,售完,https://home-slot.net/SHOP/p-takao79.html
2599,高尾 CR一騎当千SS暴2,,,ホームスロット,高尾 CR一騎当千SS暴2 枠色不問 中古パチンコ実機,47435,售完,https://home-slot.net/SHOP/p-takao21.html
2600,高尾 弾球黙示録カイジ沼5,P,,ホームスロット,高尾 P弾球黙示録カイジ沼5 中古パチンコ実機 [枠名：KIREPANDA-MODEL] [4ch対応],52600,售完,https://home-slot.net/SHOP/p-takao252.html
2601,高尾 織田信奈の野望 下剋上,P,,ホームスロット,高尾 P 織田信奈の野望 下剋上 中古パチンコ実機 [枠名：KIREPANDA-MODEL] [4ch対応],92400,有貨,https://home-slot.net/SHOP/p-takao260.html
2605,3×3EYESl~聖魔覚醒~,,大都技研,ホームスロット,大都技研 3×3EYESl～聖魔覚醒～ 中古パチスロ実機,74900,售完,https://home-slot.net/SHOP/s-daitogiken59.html
2606,CRA着信アリFPWZ,,藤商事,ホームスロット,藤商事 CRA着信アリFPWZ 中古パチンコ実機 [枠名：エアーキャノン] [8ch対応],71600,售完,https://home-slot.net/SHOP/p-fuji126.html
2608,CRぱちんこAKB48,,京楽,ホームスロット,京楽 CRぱちんこAKB48 中古パチンコ実機 [枠名：BIGサプライズ] [4ch対応],101600,售完,https://home-slot.net/SHOP/p-kyoraku58.html
2609,CRぱちんこ天国の階段,,京楽,ホームスロット,京楽 CRぱちんこ天国の階段 枠色不問 中古パチンコ実機 [枠名：新スタジアム] [4ch対応],41935,售完,https://home-slot.net/SHOP/p-kyoraku16.html
2610,CRぱちんこ太王四神記,,京楽,ホームスロット,京楽 CRぱちんこ太王四神記 中古パチンコ実機 [枠名：BIGサプライズ] [4ch対応],59000,售完,https://home-slot.net/SHOP/p-kyoraku62.html
2611,CRまわるん 大海物語3,,SANYO,ホームスロット,SANYO CRまわるんパチンコ大海物語3 中古パチンコ実機 [枠名：イルミオ] [4ch対応],52600,售完,https://home-slot.net/SHOP/p-sanyo85.html
2612,CRエキサイトFPSZ,,藤商事,ホームスロット,藤商事 CRエキサイトFPSZ 中古パチンコ実機 [枠名：エアーキャノン] [8ch対応],86000,售完,https://home-slot.net/SHOP/p-fuji121.html
2613,CRテレサ テン2NG J,,大一,ホームスロット,大一 CRテレサ・テン2NG-J 中古パチンコ実機 [枠名：イマジネーション プラス] [4ch対応],56400,售完,https://home-slot.net/SHOP/p-daiichi104.html
2614,CRテレサ テン2NM R,,大一,ホームスロット,大一 CRテレサ・テン2NM-R 中古パチンコ実機 [枠名：イマジネーション プラス] [4ch対応],52600,售完,https://home-slot.net/SHOP/p-daiichi105.html
2615,CRデビルメイクライ4,,メーシー,ホームスロット,メーシー CRデビルメイクライ4 中古パチンコ実機,52600,有貨,https://home-slot.net/SHOP/p-macy200.html
2616,CRドーベルマン刑事 SD,,オリンピア,ホームスロット,オリンピア CRドーベルマン刑事 SD 中古パチンコ実機 [枠名：オリンピア枠（元祖！大江戸桜吹雪～）] [4ch対応],96158,售完,https://home-slot.net/SHOP/p-olympia1.html
2617,CRフィーバースター ウォーズR,,SANKYO,ホームスロット,SANKYO ＣＲフィーバースター・ウォーズR 中古パチンコ実機,154800,售完,https://home-slot.net/SHOP/p-sankyo99.html
2618,CRフィーバーパワフルDX,,SANKYO,ホームスロット,SANKYO CRフィーバーパワフルDX 枠色不問 中古パチンコ実機,55200,售完,https://home-slot.net/SHOP/p-sankyo104.html
2619,CRフルーツパンチAM F,,大一,ホームスロット,大一 CRフルーツパンチAM-F 中古パチンコ実機,52600,售完,https://home-slot.net/SHOP/p-daiichi98.html
2620,CRヤッターマン H4AY,,平和,ホームスロット,平和 CRヤッターマン H4AY 枠色不問 中古パチンコ実機 [枠名：ルピナス] [4ch対応],49371,售完,https://home-slot.net/SHOP/p-heiwa29.html
2621,CRロトパチ15ver.,,SANYO,ホームスロット,SANYO CRロトパチ15ver. 中古パチンコ実機 [枠名：イルミオ] [4ch対応],116000,售完,https://home-slot.net/SHOP/p-sanyo95.html
2622,CRロトパチ25ver.,,SANYO,ホームスロット,SANYO CRロトパチ25ver. 中古パチンコ実機 [枠名：イルミオ] [4ch対応],55200,售完,https://home-slot.net/SHOP/p-sanyo96.html
2623,CR偽物語199Ver.,,Sammy,ホームスロット,サミー パチンコCR偽物語199Ver. 中古パチンコ実機 [枠名：闘神] [4ch対応],65300,售完,https://home-slot.net/SHOP/p-sammy108.html
2624,CR偽物語299Ver.,,Sammy,ホームスロット,サミー パチンコCR偽物語299Ver. 中古パチンコ実機 [枠名：闘神] [4ch対応],59000,售完,https://home-slot.net/SHOP/p-sammy109.html
2625,CR吉宗4 天昇飛躍の極,,大都技研,ホームスロット,大都技研 CR吉宗4 天昇飛躍の極 中古パチンコ実機,52600,售完,https://home-slot.net/SHOP/p-daito24.html
2626,CR哭きの竜 天運FPW,,藤商事,ホームスロット,藤商事 CR哭きの竜 天運FPW 中古パチンコ実機 [枠名：シャイニングウォール] [4ch対応],52600,售完,https://home-slot.net/SHOP/p-fuji68.html
2628,CR地獄少女 弐FPSZ,,藤商事,ホームスロット,藤商事 CR地獄少女 弐FPSZ 中古パチンコ実機 [枠名：エアーキャノン] [8ch対応],52600,售完,https://home-slot.net/SHOP/p-fuji117.html
2629,CR大奥~繚乱の花戦~N T,,ニューギン,ホームスロット,ニューギン CR大奥～繚乱の花戦～N-T 中古パチンコ実機,59000,有貨,https://home-slot.net/SHOP/p-newgin126.html
2630,CR戦国乙女2 M9AX,,平和,ホームスロット,平和 CR戦国乙女2 M9AX 中古パチンコ実機 [枠名：ルピナスX] [4ch対応],116000,售完,https://home-slot.net/SHOP/p-heiwa69.html
2632,CR新アレジンFPLZ,,藤商事,ホームスロット,藤商事 CR新アレジンFPLZ 中古パチンコ実機 [枠名：シャイニングウォール] [4ch対応],52600,售完,https://home-slot.net/SHOP/p-fuji87.html
2634,CR海物語アクア MLB,,SANYO,ホームスロット,SANYO CR海物語アクア MLB 中古パチンコ実機 [枠名：イルミオ] [4ch対応],86000,售完,https://home-slot.net/SHOP/p-sanyo73.html
2635,CR烈火の炎H9AZ1,,平和,ホームスロット,平和 CR烈火の炎H9AZ1 中古パチンコ実機 [枠名：ルピナスハート] [4ch対応],152300,售完,https://home-slot.net/SHOP/p-heiwa103.html
2636,CR真 花の慶次M2 K1,,ニューギン,ホームスロット,ニューギン CR真・花の慶次M2-K1 中古パチンコ実機,86000,售完,https://home-slot.net/SHOP/p-newgin132.html
2639,CR花の慶次~愛H2 VG,,ニューギン,ホームスロット,ニューギン CR花の慶次～愛H2－VG 中古パチンコ実機,38539,售完,https://home-slot.net/SHOP/p-newgin62.html
2642,CR遊技性ミリオンアーサー,,ミズホ,ホームスロット,ミズホ CR遊技性ミリオンアーサー 中古パチンコ実機 [枠名：Uni-Flame] [4ch対応],92400,售完,https://home-slot.net/SHOP/p-mizuho8.html
2643,CR釣りバカ日誌MTC,,SANYO,ホームスロット,SANYO CR釣りバカ日誌MTC 中古パチンコ実機 [枠名：フラッシュリング],41935,售完,https://home-slot.net/SHOP/p-sanyo21.html
2644,CR鉄拳伝タフ MSAS,,SANYO,ホームスロット,SANYO CR鉄拳伝タフ MSAS 中古パチンコ実機 [枠名：フラッシュリング],261100,售完,https://home-slot.net/SHOP/p-sanyo26.html
2645,D light 犬夜叉3.0,スマパチ,,ホームスロット,D-light e犬夜叉3.0 中古パチンコ実機 [スマパチ] [枠名：Cygnus+] [4ch対応],142300,有貨,https://home-slot.net/SHOP/p-dlight235.html
2646,D light 閃乱カグラ,スマパチ,,ホームスロット,D-light e閃乱カグラ 中古パチンコ実機 [スマパチ] [枠名：Cygnus+] [4ch対応],142300,有貨,https://home-slot.net/SHOP/p-dlight232.html
2649,IGT ウイニングポスト,4号機,,A-SLOT,【4号機】IGT ウイニングポスト 中古パチスロ実機 [4ch対応],20158,售完,https://www.a-slot.com/SHOP/igt19.html
2651,JPS ロケットパニック,,,ホームスロット,JPS ロケットパニック 中古パチスロ実機,28742,售完,https://home-slot.net/SHOP/s-jps22.html
2652,KPE がんばれゴエモン,,,ホームスロット,KPE がんばれゴエモン 中古パチスロ実機,54100,售完,https://home-slot.net/SHOP/s-kpe12.html
2657,NET カリビアンクイーン,,,A-SLOT,NET カリビアンクイーン 中古パチスロ実機 [4ch対応],32717,售完,https://www.a-slot.com/SHOP/net3.html
2666,PAガラスの仮面N K1,,ニューギン,ホームスロット,ニューギン PAガラスの仮面N-K1 中古パチンコ実機 [枠名：ReLf] [4ch対応],52600,有貨,https://home-slot.net/SHOP/p-newgin234.html
2667,PA地獄少女 宵伽 設定付,,藤商事,ホームスロット,藤商事 PA地獄少女 宵伽 設定付 中古パチンコ実機 [枠名：クリスタルエアー 地獄少女宵伽] [8ch対応],71600,售完,https://home-slot.net/SHOP/p-fuji202.html
2668,PA新海物語 2ch対応,,SANYO,ホームスロット,SANYO PA新海物語 枠色不問 中古パチンコ実機 [枠名：マリンシェル] [2ch対応],71600,售完,https://home-slot.net/SHOP/p-sanyo237.html
2669,P JAWS3 LIGHT,,平和,ホームスロット,平和 P JAWS3 LIGHT 中古パチンコ実機,107000,有貨,https://home-slot.net/SHOP/p-heiwa225.html
2670,P ROAD TO EDEN,,Sammy,ホームスロット,サミー P ROAD TO EDEN 中古パチンコ実機 [枠名：銀座闘神] [4ch対応],52600,售完,https://home-slot.net/SHOP/p-sammy222.html
2674,ちょいパチ海物語3R2,P,SANYO,ホームスロット,SANYO Pちょいパチ海物語3R2 枠色不問 中古パチンコ実機 [枠名：イルミオ] [4ch対応],59000,售完,https://home-slot.net/SHOP/p-sanyo214.html
2676,とある科学の超電磁砲2,P,藤商事,ホームスロット,JFJ Pとある科学の超電磁砲2 中古パチンコ実機 [枠名：クリスタルエアー とある科学2JMB] [8ch対応],64000,有貨,https://home-slot.net/SHOP/p-jfj246.html
2677,とある魔術の禁書目録2,P,藤商事,ホームスロット,JFJ Pとある魔術の禁書目録2 中古パチンコ実機 [枠名：クリスタルエアー とある魔術２] [8ch対応],63600,有貨,https://home-slot.net/SHOP/p-jfj244.html
2679,ぱちんこCR七つの大罪,,Sammy,ホームスロット,サミー ぱちんこCR七つの大罪 中古パチンコ実機 [枠名：闘神] [4ch対応],52600,售完,https://home-slot.net/SHOP/p-sammy201.html
2680,ぱちんこCR真 北斗無双,,Sammy,ホームスロット,サミー ぱちんこCR真・北斗無双 中古パチンコ実機 [枠名：闘神] [4ch対応],82900,有貨,https://home-slot.net/SHOP/p-sammy85.html
2681,ぱちんこCR蒼天の拳2,,Sammy,ホームスロット,サミー ぱちんこCR蒼天の拳2 中古パチンコ実機 [枠名：聖（クロス）] [4ch対応],186300,售完,https://home-slot.net/SHOP/p-sammy45.html
2682,ぱちんこ 仮面ライダー 轟音,,京楽,ホームスロット,京楽 ぱちんこ 仮面ライダー 轟音 中古パチンコ実機 [枠名：ライダー轟音] [8ch対応],62600,有貨,https://home-slot.net/SHOP/p-kyoraku214.html
2683,ぱちんこ押忍!番長 漢の頂,スマパチ,大都技研,ホームスロット,大都技研 e ぱちんこ押忍！番長 漢の頂 中古パチンコ実機 [スマパチ] [枠名：グラフィカ e押忍番長],141100,有貨,https://home-slot.net/SHOP/p-daito209.html
2685,ぱちんこ 水戸黄門 超極上,,京楽,ホームスロット,京楽 ぱちんこ 水戸黄門 超極上 中古パチンコ実機 [枠名：激震 水戸黄門４] [8ch対応],62600,有貨,https://home-slot.net/SHOP/p-kyoraku230.html
2688,アイムジャグラー7 グリーン,,北電子,A-SLOT,北電子 アイムジャグラー7 グリーン 中古パチスロ実機 [4ch対応],110500,有貨,https://www.a-slot.com/SHOP/kitadensi24.html
2689,アイムジャグラー7 ピンク,,北電子,A-SLOT,北電子 アイムジャグラー7 ピンク 中古パチスロ実機 [4ch対応],113500,售完,https://www.a-slot.com/SHOP/kitadensi30.html
2694,アナザーゴッドハーデス 狂乱,P,メーシー,ホームスロット,メーシー Pアナザーゴッドハーデス-狂乱- 中古パチンコ実機 [枠名：SHINOBI7 ハーデス３] [8ch対応],52600,售完,https://home-slot.net/SHOP/p-macy223.html
2695,アナザーゴッドハーデス 獄炎,P,メーシー,ホームスロット,メーシー Pアナザーゴッドハーデス-獄炎- 中古パチンコ実機 [枠名：SHINOBI7 ハーデス3SB] [8ch対応],65200,有貨,https://home-slot.net/SHOP/p-macy232.html
2696,アピールプレート DAY 店 A,,,A-SLOT,中古アピールプレート【スロットDAY】 中古スロット販売店　A,72000,售完,https://www.a-slot.com/SHOP/plate_slot-day.html
2697,アピールプレート ザ 対決 店 A,,,A-SLOT,中古アピールプレート【ザ・対決】 中古スロット販売店　A,72000,售完,https://www.a-slot.com/SHOP/plate_taiketsu.html
2698,アピールプレート 決戦日 店 A,,,A-SLOT,中古アピールプレート【決戦日】 中古スロット販売店　A,72000,售完,https://www.a-slot.com/SHOP/plate_battle.html
2699,アピールプレート 設定4 店 A,,,A-SLOT,中古アピールプレート【設定4】 中古スロット販売店　A,72000,售完,https://www.a-slot.com/SHOP/plate_settei4.html
2700,アピールプレート 設定5 店 A,,,A-SLOT,中古アピールプレート【設定5】 中古スロット販売店　A,72000,售完,https://www.a-slot.com/SHOP/plate_settei5.html
2701,アピールプレート 設定6 店 A,,,A-SLOT,中古アピールプレート【設定6】 中古スロット販売店　A,72000,售完,https://www.a-slot.com/SHOP/plate_settei6.html
2703,アムテックス うまい棒2,P,,ホームスロット,アムテックス Pうまい棒2 中古パチンコ実機 [枠名：パプリカ うまい棒2] [8ch対応],71600,有貨,https://home-slot.net/SHOP/p-amutex247.html
2707,アラベスクR 2ch対応,4号機,山佐,A-SLOT,【4号機】山佐 アラベスクR 中古パチスロ実機 [2ch対応],62820,售完,https://www.a-slot.com/SHOP/yamasa107.html
2712,ウルトラキューティーハニー3,,メーシー,A-SLOT,メーシー ウルトラキューティーハニー3 中古パチスロ実機 [4ch対応],49000,售完,https://www.a-slot.com/SHOP/mizuho-macy5.html
2719,オーイズミ ハネスロナイツ,,,ホームスロット,オーイズミ ハネスロナイツ 中古パチスロ実機,28742,售完,https://home-slot.net/SHOP/s-oizumi16.html
2724,ガメラZS メインパネル,,ロデオ,A-SLOT,ロデオ ガメラZS メインパネル 中古パチスロ実機 [4ch対応],78500,售完,https://www.a-slot.com/SHOP/rodeo25.html
2726,ガンスリンガーストラトス,P,大都技研,ホームスロット,大都技研 Pガンスリンガーストラトス 中古パチンコ実機,64000,有貨,https://home-slot.net/SHOP/p-daito203.html
2728,キュインハナチャン 25,,ニューギン,ホームスロット,ニューギン キュインハナチャン-25 中古パチスロ実機,35100,售完,https://home-slot.net/SHOP/s-newgin32.html
2729,キュインハナチャン 30,,ニューギン,ホームスロット,ニューギン キュインハナチャン－３０ 中古パチスロ実機,68500,售完,https://home-slot.net/SHOP/s-newgin33.html
2730,クレイジーレーサー 2ch対応,4号機,メーシー,A-SLOT,【4号機】メーシー クレイジーレーサー 中古パチスロ実機 [2ch対応],55000,售完,https://www.a-slot.com/SHOP/mizuho-macy51.html
2732,ゲゲゲの鬼太郎 獅子奮迅,P,藤商事,ホームスロット,JFJ Pゲゲゲの鬼太郎 獅子奮迅 中古パチンコ実機 [枠名：クリスタルエアー ゲゲゲの鬼太郎ＲＲＺ] [8ch対応],63600,有貨,https://home-slot.net/SHOP/p-jfj243.html
2734,ゴールデンベル 2ch対応,4号機,ベルコ,A-SLOT,【4号機】ベルコ ゴールデンベル 中古パチスロ実機 [2ch対応],69300,售完,https://www.a-slot.com/SHOP/belco_goldenbell_kasugai.html
2735,サクラ大戦 夜桜バージョン,,エレコ,A-SLOT,エレコ サクラ大戦 夜桜バージョン 中古パチスロ実機 [4ch対応],64100,售完,https://www.a-slot.com/SHOP/eleco6_sakurataisenyozakura.html
2737,サンセイ CR絶狼RR Y,,,ホームスロット,サンセイ CR絶狼RR-Y 中古パチンコ実機 [枠名：V-Savior（ブイセイバー）] [4ch対応],86000,售完,https://home-slot.net/SHOP/p-SANSEI83.html
2738,サンセイ CR絶狼XX V,,,ホームスロット,サンセイ CR絶狼XX-V 枠色不問 中古パチンコ実機 [枠名：V-Savior（ブイセイバー）] [4ch対応],42954,售完,https://home-slot.net/SHOP/p-SANSEI75_humon.html
2739,サンセイ 牙狼月虹ノ旅人,P,,ホームスロット,サンセイ P牙狼月虹ノ旅人 中古パチンコ実機 [枠名：金翔] [4ch対応],70300,售完,https://home-slot.net/SHOP/p-SANSEI230.html
2740,サンダーバード3 2ch対応,4号機,藤商事,A-SLOT,【4号機】藤商事 サンダーバード3 中古パチスロ実機 [2ch対応],69800,售完,https://www.a-slot.com/SHOP/fuji15.html
2742,ジェイビー フィーバークィーン2,P,,ホームスロット,ジェイビー Pフィーバークィーン2 中古パチンコ実機,59000,有貨,https://home-slot.net/SHOP/p-jb207.html
2743,ジェイビー フィーバーパワフル,P,,ホームスロット,ジェイビー Pフィーバーパワフル 中古パチンコ実機,59000,售完,https://home-slot.net/SHOP/p-jb212.html
2747,スーパーリノ30 2ch対応,4号機,山佐,A-SLOT,【4号機】山佐 スーパーリノ30 中古パチスロ実機 [2ch対応],135000,售完,https://www.a-slot.com/SHOP/yamasa_superreno30_kasugai.html
2758,タンゴブラザー 2ch対応,4号機,高砂,A-SLOT,【4号機】高砂 タンゴブラザー 中古パチスロ実機 [2ch対応],49500,售完,https://www.a-slot.com/SHOP/abilit_tangobrother_kasugai.html
2764,デジハネP北斗の拳 慈母,,Sammy,ホームスロット,サミー デジハネP北斗の拳 慈母 中古パチンコ実機 [枠名：真焔「ウェーブギア」] [4ch対応],418200,有貨,https://home-slot.net/SHOP/p-sammy247.html
2770,ドラムだ!金ドン 花火外伝,P,ミズホ,ホームスロット,ミズホ Pドラムだ!金ドン 花火外伝 中古パチンコ実機 [枠名：BILLY ROLL] [4ch対応],76600,有貨,https://home-slot.net/SHOP/p-mizuho205.html
2771,ニイガタ電子 リッジレーサー,,山佐,A-SLOT,ニイガタ電子(山佐) パチスロ リッジレーサー 中古パチスロ実機 [4ch対応],45100,售完,https://www.a-slot.com/SHOP/yamasa51.html
2774,ニューパルサー グリーンパネル,4号機,山佐,A-SLOT,【4号機】山佐 ニューパルサー グリーンパネル 中古パチスロ実機,49500,售完,https://www.a-slot.com/SHOP/yamasa112.html
2776,ネオマジックパルサーXX,4号機,山佐,A-SLOT,【4号機】山佐 ネオマジックパルサーXX 中古パチスロ実機 [4ch対応],49800,售完,https://www.a-slot.com/SHOP/yamsa5.html
2777,ハイビスカス 2ch対応,4号機,大一,A-SLOT,【4号機】大一 ハイビスカス 中古パチスロ実機 [2ch対応],45100,售完,https://www.a-slot.com/SHOP/daiichi9.html
2779,バジリスク~甲賀忍法帖~2,P,メーシー,ホームスロット,メーシー Pバジリスク～甲賀忍法帖～2 中古パチンコ実機,65300,有貨,https://home-slot.net/SHOP/p-macy207.html
2783,パル工業 スフィンクス7,,,A-SLOT,パル工業 スフィンクス7 中古パチスロ実機,138000,售完,https://www.a-slot.com/SHOP/palkogyo_sphinks7_kasugai.html
2784,ビスティ ロッキーバルボア,,,ホームスロット,ビスティ ロッキーバルボア 中古パチスロ実機,28999,售完,https://home-slot.net/SHOP/s-sankyo65.html
2785,ビスティ 夜王 2ch対応,,,A-SLOT,ビスティ 夜王 中古パチスロ実機 [2ch対応],78500,售完,https://www.a-slot.com/SHOP/sankyo60.html
2786,ビッグウェーブ 2ch対応,4号機,山佐,A-SLOT,【4号機】山佐 ビッグウェーブ 中古パチスロ実機 [2ch対応],17317,售完,https://www.a-slot.com/SHOP/yamasa84.html
2787,ファイナルジャグラー スノー,4号機,北電子,A-SLOT,【4号機】北電子 ファイナルジャグラー （スノー） 中古パチスロ実機 [4ch対応],32220,售完,https://www.a-slot.com/SHOP/kitadenshi11.html
2788,フィーバートータル イクリプス,P,SANKYO,ホームスロット,SANKYO Pフィーバートータル・イクリプス 中古パチンコ実機,59000,售完,https://home-slot.net/SHOP/p-sankyo226.html
2789,フィーバーパワフル2024,P,SANKYO,ホームスロット,SANKYO Pフィーバーパワフル2024 中古パチンコ実機 [枠名：NEO STELLA] [4ch対応],131000,有貨,https://home-slot.net/SHOP/p-sankyo275.html
2790,フィーバー三国戦騎7500,P,SANKYO,ホームスロット,SANKYO Pフィーバー三国戦騎7500 中古パチンコ実機 [枠名：フリーダム] [4ch対応],65300,有貨,https://home-slot.net/SHOP/p-sankyo279.html
2791,フィーバー蒼穹のファフナー2,P,SANKYO,ホームスロット,SANKYO Pフィーバー蒼穹のファフナー2 枠色不問 中古パチンコ実機,65300,售完,https://home-slot.net/SHOP/p-sankyo212.html
2796,ボンバーパワフル 新パネル,4号機,SANKYO,A-SLOT,【4号機】SANKYO ボンバーパワフル 【新パネル】 中古パチスロ実機 [4ch対応],40500,售完,https://www.a-slot.com/SHOP/sankyo85.html
2797,マイジャグラー 2ch対応,,北電子,A-SLOT,【お取り寄せ商品】北電子 マイジャグラー 中古パチスロ実機 [2ch対応],108500,有貨,https://www.a-slot.com/SHOP/kitadensi32.html
2798,マクロスフロンティア2,,SANKYO,ホームスロット,SANKYO パチスロ マクロスフロンティア2 中古パチスロ実機,98500,售完,https://home-slot.net/SHOP/s-sankyo76.html
2801,マルホン CR銀と金2A,,,ホームスロット,マルホン CR銀と金2A 中古パチンコ実機,38269,售完,https://home-slot.net/SHOP/p-maruhon27.html
2802,マルホン CR銀と金 MX,,,ホームスロット,マルホン CR銀と金 MX 中古パチンコ実機,38472,售完,https://home-slot.net/SHOP/p-maruhon20.html
2803,マルホン P D CLOCK,,,ホームスロット,マルホン P D-CLOCK 中古パチンコ実機,86000,售完,https://home-slot.net/SHOP/p-maruhon204.html
2804,マルホン 沖7 BLACK,P,,ホームスロット,マルホン P沖7 BLACK 中古パチンコ実機,52600,售完,https://home-slot.net/SHOP/p-maruhon202.html
2805,ミニミニモンスター4LM,P,竹屋,ホームスロット,竹屋 Pミニミニモンスター4LM 中古パチンコ実機 [枠名：SWGT] [4ch対応],71600,售完,https://home-slot.net/SHOP/p-takeya201.html
2815,ルパン三世~神々への予告状~,P,平和,ホームスロット,平和 Pルパン三世～神々への予告状～ 枠色不問 中古パチンコ実機,57600,有貨,https://home-slot.net/SHOP/p-heiwa210.html
2816,ワンパンマン2~正義執行,スマパチ,ニューギン,ホームスロット,ニューギン eワンパンマン2～正義執行 中古パチンコ実機 [スマパチ] [枠名：LEUKOS] [4ch対応],266100,有貨,https://home-slot.net/SHOP/p-newgin320.html
2817,主役は銭形 不二子 Ver,4号機,平和,A-SLOT,【4号機】平和 主役は銭形（不二子）Ver 中古パチスロ実機 [4ch対応],99800,有貨,https://www.a-slot.com/SHOP/heiwa13.html
2818,冴えない彼女の育てかた,スマパチ,大都技研,ホームスロット,大都技研 e冴えない彼女の育てかた 中古パチンコ実機 [スマパチ] [枠名：グラフィカ e冴えない彼女],165900,有貨,https://home-slot.net/SHOP/p-daito210.html
2819,初代 北斗の拳 ケンシロウ,4号機,Sammy,A-SLOT,【4号機】サミー 初代 北斗の拳（ケンシロウ） 中古パチスロ実機 [4ch対応],135000,售完,https://www.a-slot.com/SHOP/sammy21.html
2820,初代 北斗の拳 宿命パネル,4号機,Sammy,A-SLOT,【4号機】サミー 初代 北斗の拳（宿命パネル） 中古パチスロ実機 [4ch対応],137000,有貨,https://www.a-slot.com/SHOP/sammy35.html
2821,初代 北斗の拳 拳王ラオウ,4号機,Sammy,A-SLOT,【4号機】サミー 初代 北斗の拳（拳王ラオウ） 中古パチスロ実機 [4ch対応],135000,有貨,https://www.a-slot.com/SHOP/sammy10.html
2824,北斗の拳SE ケンシロウ,4号機,Sammy,A-SLOT,【4号機】サミー 北斗の拳SE ケンシロウ 中古パチスロ実機 [4ch対応],59800,售完,https://www.a-slot.com/SHOP/sammy2.html
2825,北斗の拳SE リン&バット,4号機,Sammy,A-SLOT,【4号機】サミー 北斗の拳SE リン＆バット 中古パチスロ実機 [4ch対応],52800,有貨,https://www.a-slot.com/SHOP/sammy5.html
2827,南国育ち 30 人魚パネル,4号機,平和,A-SLOT,【4号機】平和 南国育ち-30 人魚パネル 中古パチスロ実機 [4ch対応],135000,售完,https://www.a-slot.com/SHOP/heiwa24_ningyo.html
2828,南国育ちR2 パネル不問,,オリンピア,ホームスロット,オリンピア 南国育ちR2 パネル不問 中古パチスロ実機,35100,售完,https://home-slot.net/SHOP/s-heiwa19_1.html
2830,吉宗 極乗3000ver.,スマパチ,大都技研,ホームスロット,大都技研 e吉宗 極乗3000ver. 中古パチンコ実機 [スマパチ] [枠名：グラフィカ ｅ吉宗極乗],150900,有貨,https://home-slot.net/SHOP/p-daito213.html
2836,戦国恋姫 Vチャージver,P,藤商事,ホームスロット,JFJ P戦国恋姫 Vチャージver 中古パチンコ実機 [枠名：クリスタルエアー 戦国恋姫] [8ch対応],60200,售完,https://home-slot.net/SHOP/jfj206.html
2838,押忍!番長4 メインパネル,スマスロ,大都技研,A-SLOT,大都技研 押忍！番長4 [メインパネル] 中古パチスロ実機 [スマスロ] [8ch対応],53100,有貨,https://www.a-slot.com/SHOP/s-daito214.html
2840,新鬼武者 再臨 2ch対応,,ロデオ,A-SLOT,ロデオ 新鬼武者 再臨 中古パチスロ実機 [2ch対応],99800,有貨,https://www.a-slot.com/SHOP/rodeo46.html
2841,旋風の用心棒R 白パネル,,ロデオ,A-SLOT,ロデオ 旋風の用心棒R 白パネル 中古パチスロ実機 [4ch対応],65000,售完,https://www.a-slot.com/SHOP/rodeo15.html
2843,沖ドキ!ドキドキ弾丸ツアー,P,メーシー,ホームスロット,メーシー P沖ドキ！ドキドキ弾丸ツアー 中古パチンコ実機 [枠名：SHINOBI7 P沖ドキ!LG] [8ch対応],72800,有貨,https://home-slot.net/SHOP/p-macy237.html
2846,真バジリスク~甲賀忍法帖~,P,メーシー,ホームスロット,メーシー P真バジリスク～甲賀忍法帖～ 中古パチンコ実機 [枠名：SHINOBI7 真バジリスク] [8ch対応],62600,售完,https://home-slot.net/SHOP/p-macy219.html
2847,真 花の慶次3 99ver.,P,ニューギン,ホームスロット,ニューギン P真・花の慶次3 99ver. 中古パチンコ実機 [枠名：黒船 真・花の慶次３Ｎ－Ｋ] [4ch対応],165900,售完,https://home-slot.net/SHOP/p-newgin283.html
2849,義風堂々!!~兼続と慶次~2N X,P,ニューギン,ホームスロット,ニューギン P義風堂々!!～兼続と慶次～2N-X 枠色不問 中古パチンコ実機 [枠名：ReLf] [4ch対応],52600,售完,https://home-slot.net/SHOP/p-newgin237.html
2850,藤丸くん6000FHX,P,藤商事,ホームスロット,藤商事 P藤丸くん6000FHX 中古パチンコ実機 [枠名：エアーキャノン] [8ch対応],65300,售完,https://home-slot.net/SHOP/p-fuji213.html
2851,西陣 CRA恋姫夢想GL,,,ホームスロット,西陣 CRA恋姫夢想GL 中古パチンコ実機,65300,售完,https://home-slot.net/SHOP/p-nishijinn124.html
2852,西陣 CRA春一番GLA,,,ホームスロット,西陣 CRA春一番GLA 中古パチンコ実機,52600,售完,https://home-slot.net/SHOP/p-nishijinn43.html
2854,西陣 CRブラスレイターF,,,ホームスロット,西陣 CRブラスレイターF 枠色不問 中古パチンコ実機,37250,售完,https://home-slot.net/SHOP/p-nishijinn47.html
2855,西陣 CR舞 HiME ZB,,,ホームスロット,西陣 CR舞－HiME ZB 中古パチンコ実機,49015,售完,https://home-slot.net/SHOP/p-nishijinn26.html
2856,西陣 CR花満開 極上FB,,,ホームスロット,西陣 CR花満開 極上FB 中古パチンコ実機,86000,售完,https://home-slot.net/SHOP/p-nishijinn48.html
2857,西陣 CR花満開 極上GL,,,ホームスロット,西陣 CR花満開 極上GL 中古パチンコ実機,52600,售完,https://home-slot.net/SHOP/p-nishijinn51.html
2858,西陣 CR豪血寺一族FA,,,ホームスロット,西陣 CR豪血寺一族FA 中古パチンコ実機,49015,售完,https://home-slot.net/SHOP/p-nishijinn37.html
2862,西陣 モンキーターンVI超抜,P,,ホームスロット,西陣 PモンキーターンVI超抜 中古パチンコ実機 [枠名：エース戦舞 モンキーターン超抜] [4ch対応],52600,售完,https://home-slot.net/SHOP/p-nishijinn265.html
2863,西陣 春一番~花札昇舞~MC,P,,ホームスロット,西陣 P春一番～花札昇舞～MC 枠色不問 中古パチンコ実機,59000,售完,https://home-slot.net/SHOP/p-nishijinn210.html
2864,豊丸 CR餃子の王将 M2,,,ホームスロット,豊丸 CR餃子の王将 M2 中古パチンコ実機,54666,售完,https://home-slot.net/SHOP/p-toyomaru11.html
2865,豊丸 PAウイニングボール,,,ホームスロット,豊丸 PAウイニングボール 中古パチンコ実機,65300,售完,https://home-slot.net/SHOP/p-toyomaru222.html
2866,鉄拳R シャオユウパネル,4号機,山佐,A-SLOT,【4号機】山佐 鉄拳R シャオユウパネル 中古パチスロ実機 [4ch対応],99800,售完,https://www.a-slot.com/SHOP/yamasa54.html
2867,銀座 化物語 199ver.,P,,ホームスロット,銀座 P化物語 199ver. 中古パチンコ実機 [枠名：銀座真焔] [4ch対応],76600,有貨,https://home-slot.net/SHOP/p-ginza217.html
2868,銀座 化物語 319ver.,P,,ホームスロット,銀座 P化物語 319ver. 中古パチンコ実機 [枠名：銀座真焔] [4ch対応],57600,售完,https://home-slot.net/SHOP/p-ginza218.html
2873,高尾 CRグレムリン XF,,,ホームスロット,高尾 CRグレムリン XF 中古パチンコ実機,49015,售完,https://home-slot.net/SHOP/p-takao3.html
2874,高尾 CRダークフォースM3,,,ホームスロット,高尾 CRダークフォースM３ 中古パチンコ実機,71600,售完,https://home-slot.net/SHOP/p-takao90.html
2875,高尾 CRベノムの逆襲M,,,ホームスロット,高尾 CRベノムの逆襲M 中古パチンコ実機,44074,售完,https://home-slot.net/SHOP/p-takao22.html
2877,高尾 CR貞子3D WXA,,,ホームスロット,高尾 CR貞子3D WXA 中古パチンコ実機,261100,售完,https://home-slot.net/SHOP/p-takao77.html
2878,高尾 銭形平次3 お静99,P,,ホームスロット,高尾 P銭形平次3 お静99 中古パチンコ実機実機 [枠名：KIREPANDA-MODEL] [4ch対応],52600,售完,https://home-slot.net/SHOP/p-takao249.html
2880,魔法少女まどか☆マギカ3,P,京楽,ホームスロット,京楽 P魔法少女まどか☆マギカ3 中古パチンコ実機 [枠名：ベルーガ まどマギ3LM3] [4ch対応],116100,有貨,https://home-slot.net/SHOP/p-kyoraku233.html
2882,2号機 大東音響 ベンハー,,,A-SLOT,【2号機】大東音響 ベンハー 中古パチスロ実機,79300,售完,https://www.a-slot.com/SHOP/daitoonkyo_benhur_kasugai.html
2884,3号機 尚球社 ミラクル,,岡崎産業,A-SLOT,【3号機】岡崎産業(尚球社) ミラクル 中古パチスロ実機,76500,有貨,https://www.a-slot.com/SHOP/okazaki_miracle_kasugai.html
2886,CRA南国育ち 甘デジ,,平和,ホームスロット,平和 CRA南国育ち（甘デジ） 枠色不問 中古パチンコ実機 [枠名：ルピナス] [4ch対応],86000,售完,https://home-slot.net/SHOP/p-heiwa19.html
2887,CRA戦国恋姫FPW,,藤商事,ホームスロット,藤商事 CRA戦国恋姫FPW 中古パチンコ実機 [枠名：エアーキャノン] [8ch対応],107300,售完,https://home-slot.net/SHOP/p-fuji134.html
2888,CRA楽園むすめN K,,ニューギン,ホームスロット,ニューギン CRA楽園むすめN－K 中古パチンコ実機,52600,售完,https://home-slot.net/SHOP/p-newgin94.html
2889,CRF倖田來未 MF T,,SANKYO,ホームスロット,SANKYO CRF倖田來未 MF－T 中古パチンコ実機,86000,售完,https://home-slot.net/SHOP/p-sankyo4.html
2891,CRぱちんこ押忍!番長,,大都技研,ホームスロット,大都技研 CRぱちんこ押忍！番長 中古パチンコ実機,86000,售完,https://home-slot.net/SHOP/p-daito23.html
2892,CRギルティクラウン,,メーシー,ホームスロット,メーシー CRギルティクラウン 中古パチンコ実機,52600,售完,https://home-slot.net/SHOP/p-macy6.html
2893,CRサクラ大戦 FVW,,Sammy,ホームスロット,サミー CRサクラ大戦 FVW 中古パチンコ実機,38539,售完,https://home-slot.net/SHOP/p-sammy6.html
2894,CRスーパーマンリターンズ,,大一,ホームスロット,大一 CRスーパーマンリターンズ 中古パチンコ実機,37963,售完,https://home-slot.net/SHOP/p-daiichi28.html
2895,CRテレサ テン2KZ,,大一,ホームスロット,大一 CRテレサ・テン2KZ 中古パチンコ実機 [枠名：イマジネーション プラス] [4ch対応],71600,售完,https://home-slot.net/SHOP/p-daiichi108.html
2896,CRフィーバーゴルゴ13,,SANKYO,ホームスロット,SANKYO CRフィーバーゴルゴ13 中古パチンコ実機,52600,售完,https://home-slot.net/SHOP/p-sankyo211.html
2897,CRフルーツパンチNZ,,大一,ホームスロット,大一 CRフルーツパンチNZ 中古パチンコ実機,92400,售完,https://home-slot.net/SHOP/p-daiichi103.html
2898,CR丹下左膳 NR2 K,,ニューギン,ホームスロット,ニューギン CR丹下左膳 NR2-K 中古パチンコ実機,86000,售完,https://home-slot.net/SHOP/p-newgin107.html
2899,CR丹下左膳 S2R K,,ニューギン,ホームスロット,ニューギン CR丹下左膳 S2R-K 中古パチンコ実機,52600,售完,https://home-slot.net/SHOP/p-newgin103.html
2900,CR 咲‐Saki‐ XLC,,SANYO,ホームスロット,SANYO CR 咲‐Saki‐ XLC 中古パチンコ実機 [枠名：イルミオ] [4ch対応],52600,售完,https://home-slot.net/SHOP/p-sanyo76.html
2901,CR 咲‐Saki‐ YLB,,SANYO,ホームスロット,SANYO CR 咲‐Saki‐ YLB 中古パチンコ実機 [枠名：イルミオ] [4ch対応],52600,售完,https://home-slot.net/SHOP/p-sanyo77.html
2903,CR天下一閃1200,,大一,ホームスロット,大一 CR天下一閃1200 中古パチンコ実機,65300,售完,https://home-slot.net/SHOP/p-daiichi100.html
2904,CR天下一閃4500,,大一,ホームスロット,大一 CR天下一閃4500 中古パチンコ実機,92400,售完,https://home-slot.net/SHOP/p-daiichi97.html
2905,CR怨み屋本舗FPM,,藤商事,ホームスロット,藤商事 CR怨み屋本舗FPM 中古パチンコ実機 [枠名：エアーキャノン] [8ch対応],86000,售完,https://home-slot.net/SHOP/p-fuji120.html
2906,CR戦国乙女 M9AX,,平和,ホームスロット,平和 CR戦国乙女 M9AX 【枠色不問】 中古パチンコ実機 [枠名：ルピナス] [4ch対応],68621,售完,https://home-slot.net/SHOP/p-heiwa2.html
2907,CR押忍!ど根性ガエル,,大都技研,ホームスロット,大都技研 CR押忍！ど根性ガエル 中古パチンコ実機,399400,售完,https://home-slot.net/SHOP/p-daito15.html
2908,CR桃太郎侍~怒~FPW,,藤商事,ホームスロット,藤商事 CR桃太郎侍～怒～FPW 中古パチンコ実機 [枠名：シャイニングウォール] [4ch対応],122300,售完,https://home-slot.net/SHOP/p-fuji73.html
2909,CR真 花の慶次H4 K,,ニューギン,ホームスロット,ニューギン ＣＲ真・花の慶次H4-K 中古パチンコ実機,75400,售完,https://home-slot.net/SHOP/p-newgin150.html
2910,CR真 花の慶次L6 K,,ニューギン,ホームスロット,ニューギン CR真・花の慶次L6-K 中古パチンコ実機,65300,售完,https://home-slot.net/SHOP/p-newgin137.html
2911,CR真 花の慶次N2 K,,ニューギン,ホームスロット,ニューギン CR真・花の慶次N2-K 枠色不問 中古パチンコ実機,59000,售完,https://home-slot.net/SHOP/p-newgin134.html
2912,CR真 花の慶次N3 K,,ニューギン,ホームスロット,ニューギン CR真・花の慶次N3-K 中古パチンコ実機,152300,售完,https://home-slot.net/SHOP/p-newgin147.html
2916,CR花の慶次~焔N5 K,,ニューギン,ホームスロット,ニューギン CR花の慶次～焔N5－K 中古パチンコ実機,59963,售完,https://home-slot.net/SHOP/p-newgin82.html
2918,CR龍玉八犬伝FPM,,藤商事,ホームスロット,藤商事 CR龍玉八犬伝FPM 中古パチンコ実機 [枠名：シャイニングウォール] [4ch対応],86000,售完,https://home-slot.net/SHOP/p-fuji74.html
2919,D light 犬夜叉2,P,,ホームスロット,D-light P犬夜叉2 中古パチンコ実機 [枠名：ルナーレス 犬夜叉２] [4ch対応],57600,售完,https://home-slot.net/SHOP/p-dlight215.html
2920,D light 百花繚乱,P,,ホームスロット,D-light P 百花繚乱 中古パチンコ実機 [枠名：Cygnus 百花繚乱] [4ch対応],70000,售完,https://home-slot.net/SHOP/p-dlight220.html
2921,D light 虚構推理,スマパチ,,ホームスロット,D-light e虚構推理 中古パチンコ実機 [スマパチ] [枠名：Cygnus+] [4ch対応],227500,有貨,https://home-slot.net/SHOP/p-dlight245.html
2925,IGT 逮捕しちゃうぞ,,,A-SLOT,IGT 逮捕しちゃうぞ 中古パチスロ実機 [4ch対応],78500,售完,https://www.a-slot.com/SHOP/igt4.html
2928,JPS どんまい!!ちゅ~吉,,,A-SLOT,JPS どんまい!!ちゅ～吉 中古パチスロ実機 [8ch対応],95234,售完,https://www.a-slot.com/SHOP/jps18.html
2929,JPS タイムリミット,,,ホームスロット,JPS タイムリミット 中古パチスロ実機,38599,售完,https://home-slot.net/SHOP/s-jps19.html
2940,NET ハウンドドッグ,4号機,,A-SLOT,【4号機】 NET ハウンドドッグ 中古パチスロ実機 [4ch対応],51169,售完,https://www.a-slot.com/SHOP/net5.html
2944,NET 熊酒場2丁目店,,,ホームスロット,NET 熊酒場２丁目店 中古パチスロ実機,35100,售完,https://home-slot.net/SHOP/s-net55.html
2945,PAでかちりラッシュ,,メーシー,ホームスロット,メーシー PAでかちりラッシュ 中古パチンコ実機,52600,有貨,https://home-slot.net/SHOP/p-macy208.html
2946,PA元祖大工の源さん,,SANYO,ホームスロット,SANYO PA元祖大工の源さん 枠色不問 中古パチンコ実機 [枠名：イルミオ] [4ch対応],52600,有貨,https://home-slot.net/SHOP/p-sanyo213.html
2947,PA真 怪獣王ゴジラ2,,ニューギン,ホームスロット,ニューギン PA真・怪獣王ゴジラ2 中古パチンコ実機 [枠名：黒船 真・怪獣王ゴジラ２] [4ch対応],61200,售完,https://home-slot.net/SHOP/p-newgin273.html
2948,P GO!GO!郷 豪遊の5,,ニューギン,ホームスロット,ニューギン P GO!GO!郷 豪遊の5 中古パチンコ実機 [枠名：黒船 GO！GO！郷N-VYLT] [4ch対応],335200,有貨,https://home-slot.net/SHOP/p-newgin297.html
2949,P GO!GO!郷 革命の5,,ニューギン,ホームスロット,ニューギン P GO!GO!郷 革命の5 中古パチンコ実機 [枠名：黒船 GO！GO！郷M4-VLT] [4ch対応],211200,有貨,https://home-slot.net/SHOP/p-newgin287.html
2953,SNKプレイモア 花盛,,,ホームスロット,SNKプレイモア 花盛 中古パチスロ実機,47399,售完,https://home-slot.net/SHOP/s-snk10.html
2955,えとたま2 神祭 干支甘,P,メーシー,ホームスロット,メーシー Pえとたま2 神祭 干支甘 中古パチンコ実機 [枠名：SHINOBI7 えとたま2SE] [8ch対応],113500,有貨,https://home-slot.net/SHOP/p-macy236.html
2956,おそ松くん 2ch対応,4号機,大一,A-SLOT,【4号機】大一 おそ松くん 中古パチスロ実機 [2ch対応],36017,售完,https://www.a-slot.com/SHOP/daiichi8.html
2957,とある科学の超電磁砲,P,藤商事,ホームスロット,藤商事 Pとある科学の超電磁砲 中古パチンコ実機 [枠名：クリスタルエアー とある科学] [8ch対応],63600,有貨,https://home-slot.net/SHOP/p-fuji229.html
2959,とある魔術の禁書目録,P,藤商事,ホームスロット,JFJ Pとある魔術の禁書目録 中古パチンコ実機 [枠名：クリスタルエアー とある魔術] [8ch対応],63600,有貨,https://home-slot.net/SHOP/jfj204.html
2961,ぱちんこCR神獣王2,,Sammy,ホームスロット,サミー ぱちんこCR神獣王2 中古パチンコ実機 [枠名：転生] [4ch対応],186300,售完,https://home-slot.net/SHOP/p-sammy79.html
2974,アステカレジェンドR,4号機,エレコ,A-SLOT,【4号機】エレコ アステカレジェンドR 中古パチスロ実機 [4ch対応],58500,售完,https://www.a-slot.com/SHOP/eleco68.html
2976,アピールプレート Xデー 店 A,,,A-SLOT,中古アピールプレート【Ｘデー】 中古スロット販売店　A,72000,售完,https://www.a-slot.com/SHOP/plate_x-day.html
2979,アムテックス ホー助くん,P,,ホームスロット,アムテックス Pホー助くん 中古パチンコ実機 [枠名：アムテックスGOLDENROCK] [4ch対応],65300,售完,https://home-slot.net/SHOP/p-amutex209.html
2982,アムテックス 範馬刃牙,スマパチ,,ホームスロット,アムテックス e範馬刃牙 中古パチンコ実機 [スマパチ] [枠名：Neo-Peace],106000,有貨,https://home-slot.net/SHOP/p-amutex248.html
2985,アリストクラート 怪胴王,,,A-SLOT,アリストクラート 怪胴王 中古パチスロ実機,65000,售完,https://www.a-slot.com/SHOP/aristocrat_kaidouou.html
2988,エーアイ ブルドッグボス,4号機,,A-SLOT,【4号機】エーアイ ブルドッグボス 中古パチスロ実機,40500,售完,https://www.a-slot.com/SHOP/daito_bulldogboss_kasugai.html
2993,オッケー. ぱちんこ 劇場霊,P,,ホームスロット,オッケー. Pぱちんこ 劇場霊 中古パチンコ実機 [枠名：オッケー．枠 劇場霊] [4ch対応],52600,售完,https://home-slot.net/SHOP/p-ok200.html
2998,ガールズ&パンツァー 劇場版,P,平和,ホームスロット,平和 Pガールズ＆パンツァー 劇場版 中古パチンコ実機,64000,有貨,https://home-slot.net/SHOP/p-heiwa222.html
3000,キン肉マン 対決パネル,,山佐,A-SLOT,山佐 パチスロキン肉マン （対決パネル） 中古パチスロ実機 [4ch対応],50220,售完,https://www.a-slot.com/SHOP/yamasa20.html
3001,クリエーターMKII 30,,北電子,ホームスロット,北電子 クリエーターMKII－30 中古パチスロ実機,243658,售完,https://home-slot.net/SHOP/s-kitadensi35.html
3004,ケータイ少女 2ch対応,,北電子,A-SLOT,北電子 ケータイ少女 中古パチスロ実機 [2ch対応],84900,售完,https://www.a-slot.com/SHOP/kitadenshi51.html
3007,ゴールドXR 2ch対応,4号機,ミズホ,A-SLOT,【4号機】ミズホ ゴールドXR 中古パチスロ実機 [2ch対応],108500,有貨,https://www.a-slot.com/SHOP/mizuho-macy45.html
3014,サンセイ CR牙狼XX,,,ホームスロット,サンセイ CR牙狼XX 枠色不問 中古パチンコ実機 [枠名：D-CYCLONE] [4ch対応],173600,售完,https://home-slot.net/SHOP/p-SANSEI1.html
3015,サンセイ ジューシーハニー3,P,,ホームスロット,サンセイ Pジューシーハニー3 中古パチンコ実機 [枠名：チェンジザライジング ジューシーハニー３] [4ch対応],57600,有貨,https://home-slot.net/SHOP/p-SANSEI227.html
3016,サンセイ 激デジ真 牙狼,P,,ホームスロット,サンセイ P激デジ真・牙狼 枠色不問 中古パチンコ実機 [枠名：金翔] [4ch対応],52600,售完,https://home-slot.net/SHOP/p-sansei242.html
3017,サンダーV2 2ch対応,4号機,メーシー,A-SLOT,【4号機】メーシー サンダーV2 中古パチスロ実機 [2ch対応],98720,售完,https://www.a-slot.com/SHOP/mizuho-macy33.html
3019,シオラー30 2ch対応,,パイオニア,A-SLOT,パイオニア シオラー30 中古パチスロ実機 [2ch対応],110000,售完,https://www.a-slot.com/SHOP/pioneer11.html
3020,シュタインズ ゲート ゼロ,P,ニューギン,ホームスロット,ニューギン Pシュタインズ・ゲート ゼロ 中古パチンコ実機 [枠名：RE:BOOST] [4ch対応],141000,售完,https://home-slot.net/SHOP/p-newgin298.html
3024,スーパージャックポットV,4号機,岡崎産業,A-SLOT,【4号機】岡崎産業 スーパージャックポットV 中古パチスロ実機,58500,售完,https://www.a-slot.com/SHOP/okazaki_superjackpotv_kasugai.html
3029,スーパー海物語IN沖縄2,P,SANYO,ホームスロット,SANYO Pスーパー海物語IN沖縄2 中古パチンコ実機 [枠名：イルミオ] [4ch対応],52600,售完,https://home-slot.net/SHOP/p-sanyo204.html
3033,ソレックス 2ch対応,4号機,ユニバーサル,A-SLOT,【4号機】ユニバーサル ソレックス 中古パチスロ実機 [2ch対応][まるごと配送限定],50400,售完,https://www.a-slot.com/SHOP/universal_solex_kasugai.html
3036,タイヨー サンタフェスタ,,,A-SLOT,タイヨー サンタフェスタ 中古パチスロ実機 [4ch対応],23549,售完,https://www.a-slot.com/SHOP/taiyo19.html
3041,デジハネCRA偽物語,,Sammy,ホームスロット,サミー デジハネCRA偽物語 中古パチンコ実機 [枠名：闘神] [4ch対応],65300,售完,https://home-slot.net/SHOP/p-sammy203.html
3042,デビルマン黄金黙示録,P,ニューギン,ホームスロット,ニューギン Pデビルマン黄金黙示録 中古パチンコ実機 [枠名：黒船] [4ch対応],91000,有貨,https://home-slot.net/SHOP/p-newgin276.html
3043,デルソル2 2ch対応,4号機,エレコ,A-SLOT,【4号機】エレコ デルソル2 中古パチスロ実機 [2ch対応],45920,售完,https://www.a-slot.com/SHOP/eleco67.html
3046,ナムココレクション2,P,メーシー,ホームスロット,メーシー Pナムココレクション2 中古パチンコ実機,52600,售完,https://home-slot.net/SHOP/p-macy217.html
3050,ネクスト スーパーリオエース,,山佐,ホームスロット,山佐ネクスト スーパーリオエース 中古パチスロ実機,42700,有貨,https://home-slot.net/SHOP/s-yamasa227.html
3055,バジリスク ~桜花忍法帖~,P,メーシー,ホームスロット,メーシー Pバジリスク ～桜花忍法帖～ 中古パチンコ実機 [枠名：SHINOBI7] [8ch対応],91000,售完,https://home-slot.net/SHOP/p-macy213.html
3058,バルテック 美麗 激レア,4号機,,A-SLOT,【4号機】バルテック 美麗 激レア4号機 中古パチスロ実機 [4ch対応],69800,售完,https://www.a-slot.com/SHOP/baltec11.html
3060,フィーバーうたわれるもの,スマパチ,SANKYO,ホームスロット,SANKYO eフィーバーうたわれるもの 中古パチンコ実機 [スマパチ] [枠名：JB フリーダム] [4ch対応],97400,有貨,https://home-slot.net/SHOP/p-sankyo293.html
3061,フィーバーからくりサーカス,P,SANKYO,ホームスロット,SANKYO Pフィーバーからくりサーカス 枠色不問 中古パチンコ実機 [枠名：NEO STELLA] [4ch対応],52600,有貨,https://home-slot.net/SHOP/p-sankyo259.html
3062,フィーバータイガーマスクW,P,SANKYO,ホームスロット,SANKYO PフィーバータイガーマスクW 枠色不問 中古パチンコ実機 [枠名：NEO STELLA] [4ch対応],71600,售完,https://home-slot.net/SHOP/p-sankyo240.html
3063,マルホン CR沖7LM,,,ホームスロット,マルホン CR沖7LM 枠色不問 中古パチンコ実機,52600,售完,https://home-slot.net/SHOP/p-maruhon61.html
3064,マルホン ゴールデン鳳凰∞,P,,ホームスロット,マルホン Pゴールデン鳳凰∞ 中古パチンコ実機,86000,售完,https://home-slot.net/SHOP/p-maruhon213.html
3065,マルホン 天龍∞2400,P,,ホームスロット,マルホン P天龍∞2400 中古パチンコ実機,65300,售完,https://home-slot.net/SHOP/p-maruhon201.html
3066,ミニミニモンスター4a,P,竹屋,ホームスロット,竹屋 Pミニミニモンスター4a 中古パチンコ実機 [枠名：SWGT] [4ch対応],65300,售完,https://home-slot.net/SHOP/p-takeya202.html
3067,メフィスト 2ch対応,4号機,山佐,A-SLOT,【4号機】山佐 メフィスト 中古パチスロ実機 [2ch対応],33750,售完,https://www.a-slot.com/SHOP/yamasa61.html
3068,メールマガジン登録 解除,,,A-SLOT,メールマガジン登録・解除,50000,有貨,https://www.a-slot.com/SHOP/mailmag.html
3069,モンキーターン パネル不問,,山佐,A-SLOT,山佐 パチスロ「モンキーターン」 パネル不問 中古パチスロ実機 [4ch対応],108500,售完,https://www.a-slot.com/SHOP/yamasa81.html
3071,リング 呪いの7日間2,P,藤商事,ホームスロット,JFJ Pリング 呪いの7日間2 中古パチンコ実機 [枠名：クリスタルエアー リング呪いの7日間] [8ch対応],61200,有貨,https://home-slot.net/SHOP/jfj202.html
3072,ルパン三世~復活のマモー~,P,平和,ホームスロット,平和 Pルパン三世～復活のマモー～ 中古パチンコ実機 [枠名：ルパン・ザ・シアター] [8ch対応],76300,售完,https://home-slot.net/SHOP/p-heiwa218.html
3073,七つの大罪 強欲Ver.,P,Sammy,ホームスロット,サミー P七つの大罪 強欲Ver. 枠色不問 中古パチンコ実機 [枠名：闘神] [4ch対応],59000,售完,https://home-slot.net/SHOP/p-sammy210.html
3074,三協電子 ラッキーリング,,,A-SLOT,三協電子 ラッキーリング 中古パチスロ実機,62920,售完,https://www.a-slot.com/SHOP/sankyodenshi1.html
3076,主役は銭形 全員 Ver,4号機,平和,A-SLOT,【4号機】平和 主役は銭形（全員）Ver 中古パチスロ実機 [4ch対応],99800,售完,https://www.a-slot.com/SHOP/heiwa12.html
3077,南国育ち 25 夏パネル,4号機,オリンピア,A-SLOT,【4号機】オリンピア 南国育ち-25 夏パネル 中古パチスロ実機 [4ch対応],135000,售完,https://www.a-slot.com/SHOP/heiwa20.html
3078,南国育ち 25 蝶パネル,4号機,オリンピア,A-SLOT,【4号機】オリンピア 南国育ち-25 蝶パネル 中古パチスロ実機 [4ch対応],135000,有貨,https://www.a-slot.com/SHOP/heiwa21.html
3080,南国育ちR2 夏パネル,,オリンピア,A-SLOT,オリンピア 南国育ちR2 夏パネル 中古パチスロ実機 [4ch対応],45100,售完,https://www.a-slot.com/SHOP/heiwa19_3.html
3081,南国育ちR2 蝶パネル,,オリンピア,A-SLOT,オリンピア 南国育ちR2 蝶パネル 中古パチスロ実機 [4ch対応],45100,售完,https://www.a-slot.com/SHOP/heiwa19_1.html
3084,大海物語5 2ch対応,P,SANYO,ホームスロット,SANYO P大海物語5 中古パチンコ実機 [枠名：クリスタルシェル] [2ch対応],101200,售完,https://home-slot.net/SHOP/p-sanyo243.html
3091,押忍!番長 ウエディング,4号機,大都技研,A-SLOT,【4号機】大都技研 押忍!番長（ウエディング） 中古パチスロ実機 [4ch対応],99800,售完,https://www.a-slot.com/SHOP/daitogiken3.html
3094,烈火の炎3 TYPE R,P,平和,ホームスロット,平和 P烈火の炎3 TYPE-R 中古パチンコ実機,55200,售完,https://home-slot.net/SHOP/p-heiwa216.html
3096,狼烈伝 ワイルドウルフ,4号機,山佐,A-SLOT,【4号機】山佐 狼烈伝（ワイルドウルフ） 中古パチスロ実機 [4ch対応],32717,售完,https://www.a-slot.com/SHOP/yamasa_wildwolf.html
3097,真 三國無双 2011年,,オリンピア,A-SLOT,オリンピア パチスロ真・三國無双(2011年) 中古パチスロ実機 [4ch対応],93500,售完,https://www.a-slot.com/SHOP/heiwa58.html
3099,真 花の慶次3~黄金一閃~,P,ニューギン,ホームスロット,ニューギン P真・花の慶次3～黄金一閃～ 中古パチンコ実機 [枠名：黒船 真・花の慶次３ＴＬ５－ＭＸ] [4ch対応],59000,有貨,https://home-slot.net/SHOP/p-newgin269.html
3104,花火百景E 2ch対応,4号機,エレコ,A-SLOT,【4号機】エレコ 花火百景E 中古パチスロ実機 [2ch対応],69800,售完,https://www.a-slot.com/SHOP/eleco14.html
3106,西陣 CR GGGG SP,,,ホームスロット,西陣 CR GGGG SP 中古パチンコ実機,86000,售完,https://home-slot.net/SHOP/p-nishijinn205.html
3107,西陣 CRモンキーターン4,,,ホームスロット,西陣 CRモンキーターン4 中古パチンコ実機,52600,售完,https://home-slot.net/SHOP/p-nishijinn128.html
3109,西陣 CR桃剣斬鬼 FA,,,ホームスロット,西陣 CR桃剣斬鬼 FA 中古パチンコ実機,52600,售完,https://home-slot.net/SHOP/p-nishijinn130.html
3110,西陣 CR舞 HiME F,,,ホームスロット,西陣 CR舞－HiME F 中古パチンコ実機,49015,售完,https://home-slot.net/SHOP/p-nishijinn28.html
3111,西陣 CR花満開 彩 FD,,,ホームスロット,西陣 CR花満開 彩 FD 中古パチンコ実機,41121,售完,https://home-slot.net/SHOP/p-nishijinn41.html
3112,西陣 CR花満開 極上M,,,ホームスロット,西陣 CR花満開 極上M 中古パチンコ実機,71600,售完,https://home-slot.net/SHOP/p-nishijinn50.html
3113,西陣 CR花満開 麗FA,,,ホームスロット,西陣 CR花満開 麗FA 中古パチンコ実機,92400,售完,https://home-slot.net/SHOP/p-nishijinn38.html
3114,西陣 CR麻王DX SP,,,ホームスロット,西陣 CR麻王DX SP 中古パチンコ実機,52600,售完,https://home-slot.net/SHOP/p-nishijinn108.html
3115,西陣 ケロロ軍曹GLA,P,,ホームスロット,西陣 Pケロロ軍曹GLA 中古パチンコ実機,86000,售完,https://home-slot.net/SHOP/p-nishijinn225.html
3116,西陣 ツインループ花満開,P,,ホームスロット,西陣 Pツインループ花満開 中古パチンコ実機 [枠名：戦舞 ツインループ花満開] [4ch対応],52600,有貨,https://home-slot.net/SHOP/p-nishijinn231.html
3117,西陣 春一番~恋絵巻~MB,P,,ホームスロット,西陣 P春一番～恋絵巻～MB 中古パチンコ実機 [枠名：戦舞 春一番恋絵巻] [4ch対応],55200,售完,https://home-slot.net/SHOP/p-nishijinn245.html
3118,西陣 春一番~恋絵巻~ZE,P,,ホームスロット,西陣 P春一番～恋絵巻～ZE 中古パチンコ実機 [枠名：戦舞 春一番恋絵巻] [4ch対応],52600,售完,https://home-slot.net/SHOP/p-nishijinn246.html
3119,豊丸 CR今日もカツ丼,,,ホームスロット,豊丸 CR今日もカツ丼 中古パチンコ実機,71600,售完,https://home-slot.net/SHOP/p-toyomaru200.html
3120,豊丸 CR悪代官 赤鬼X,,,ホームスロット,豊丸 CR悪代官 赤鬼X 中古パチンコ実機,86000,售完,https://home-slot.net/SHOP/p-toyomaru82.html
3122,野生の王国GO M2 T,P,ニューギン,ホームスロット,ニューギン P野生の王国GO M2-T 中古パチンコ実機 [枠名：ReLf] [4ch対応],65300,售完,https://home-slot.net/SHOP/p-newgin242.html
3124,銀座 ブラックラグーン4,P,,ホームスロット,銀座 Pブラックラグーン4 中古パチンコ実機 [枠名：銀座真焔],55200,有貨,https://home-slot.net/SHOP/p-ginza214.html
3125,銀座 真 北斗無双 第4章,P,,ホームスロット,銀座 P真・北斗無双 第4章 中古パチンコ実機 [枠名：銀座真焔] [4ch対応],57600,有貨,https://home-slot.net/SHOP/p-ginza212.html
3128,高尾 P DD北斗の拳3,,,ホームスロット,高尾 P DD北斗の拳3 中古パチンコ実機 [枠名：KIREPANDA-MODEL] [4ch対応],86000,有貨,https://home-slot.net/SHOP/p-takao257.html
3130,2号機 ビッグパルサー,,山佐,A-SLOT,【2号機】山佐 ビッグパルサー 中古パチスロ実機,69300,售完,https://www.a-slot.com/SHOP/yamasa_bigpulsar_kasugai.html
3131,CRA大江戸学園~神~,,ニューギン,ホームスロット,ニューギン CRA大江戸学園～神～ 中古パチンコ実機,52600,售完,https://home-slot.net/SHOP/p-newgin163.html
3132,CRめぞん一刻~約束~,,平和,ホームスロット,平和 CRめぞん一刻～約束～ 中古パチンコ実機,52600,售完,https://home-slot.net/SHOP/p-heiwa162.html
3133,CRオーメンFPSZ,,藤商事,ホームスロット,藤商事 CRオーメンFPSZ 中古パチンコ実機 [枠名：シャイニングウォール] [4ch対応],106916,售完,https://home-slot.net/SHOP/p-fuji83.html
3134,CRスターオーシャン4,,メーシー,ホームスロット,メーシー CRスターオーシャン4 枠色不問 中古パチンコ実機,56400,售完,https://home-slot.net/SHOP/p-macy202.html
3135,CRタイタニック ザ,,大一,ホームスロット,大一 CRタイタニック ザ・パチンコ 中古パチンコ実機,65300,售完,https://home-slot.net/SHOP/p-daiichi32.html
3136,CRバイオハザード0,,大一,ホームスロット,大一 CRバイオハザード0 中古パチンコ実機,86000,售完,https://home-slot.net/SHOP/p-daiichi80.html
3137,CRフィーバーエルドラ,,SANKYO,ホームスロット,SANKYO CRフィーバーエルドラ 枠色不問 中古パチンコ実機,65300,售完,https://home-slot.net/SHOP/p-sankyo210.html
3139,CRフィーバー真花月Y,,SANKYO,ホームスロット,SANKYO CRフィーバー真花月Y 中古パチンコ実機,86000,售完,https://home-slot.net/SHOP/p-sankyo114.html
3140,CRフィーバー覇王伝 零,,SANKYO,ホームスロット,SANKYO CRフィーバー覇王伝 零 中古パチンコ実機,37963,售完,https://home-slot.net/SHOP/p-sankyo69.html
3141,CRミニオンゴッド,,ミズホ,ホームスロット,ミズホ CRミニオンゴッド 中古パチンコ実機 [枠名：ミズホ枠（ミリオンゴッド～）] [4ch対応],37250,售完,https://home-slot.net/SHOP/p-mizuho2.html
3142,CR三國志~英雄集結~,,ニューギン,ホームスロット,ニューギン CR三國志～英雄集結～ 中古パチンコ実機,116000,售完,https://home-slot.net/SHOP/p-newgin124.html
3143,CR交渉人 真下正義,,平和,ホームスロット,平和 CR交渉人 真下正義 中古パチンコ実機,86000,售完,https://home-slot.net/SHOP/p-heiwa164.html
3144,CR信長の野望 創造,,ニューギン,ホームスロット,ニューギン CR信長の野望-創造- 中古パチンコ実機 [枠名：ReLf] [4ch対応],52600,售完,https://home-slot.net/SHOP/p-newgin204.html
3145,CR哲也 玄人の頂へ,,大一,ホームスロット,大一 CR哲也 玄人の頂へ 中古パチンコ実機 [枠名：イマジネーション プラス] [4ch対応],86000,售完,https://home-slot.net/SHOP/p-daiichi109.html
3147,CR忍魂99ver.,,大都技研,ホームスロット,大都技研 CR忍魂99ver. 中古パチンコ実機,52600,售完,https://home-slot.net/SHOP/p-daito10.html
3148,CR戦国恋姫FPL,,藤商事,ホームスロット,藤商事 CR戦国恋姫FPL 中古パチンコ実機 [枠名：エアーキャノン] [8ch対応],71600,售完,https://home-slot.net/SHOP/p-fuji133.html
3149,CR真 怪獣王ゴジラ,,ニューギン,ホームスロット,ニューギン CR真・怪獣王ゴジラ 中古パチンコ実機 [枠名：ReLf] [4ch対応],55200,售完,https://home-slot.net/SHOP/p-newgin206.html
3150,CR着信アリFPF,,藤商事,ホームスロット,藤商事 CR着信アリFPF 中古パチンコ実機 [枠名：エアーキャノン] [8ch対応],137300,售完,https://home-slot.net/SHOP/p-fuji118.html
3152,CR美夏美華L2 K,,ニューギン,ホームスロット,ニューギン CR美夏美華L2－K 中古パチンコ実機,52600,售完,https://home-slot.net/SHOP/p-newgin98.html
3153,CR花の慶次~漢L V,,ニューギン,ホームスロット,ニューギン CR花の慶次～漢L－V 中古パチンコ実機,137300,售完,https://home-slot.net/SHOP/p-newgin90.html
3154,CR花の慶次~焔N K,,ニューギン,ホームスロット,ニューギン CR花の慶次～焔N－K 中古パチンコ実機,65300,售完,https://home-slot.net/SHOP/p-newgin78.html
3155,CR銀河鉄道999,,平和,ホームスロット,平和 CR銀河鉄道999 中古パチンコ実機,89800,售完,https://home-slot.net/SHOP/p-heiwa160.html
3156,CR鋼殻のレギオス,,大都技研,ホームスロット,大都技研 CR鋼殻のレギオス 中古パチンコ実機,116000,售完,https://home-slot.net/SHOP/p-daito11.html
3157,CR鞍馬天狗 FPH,,藤商事,ホームスロット,藤商事 CR鞍馬天狗 FPH 中古パチンコ実機 [枠名：オーバルワン] [4ch対応],38539,售完,https://home-slot.net/SHOP/p-huji10.html
3161,IGT ダイナマイト,4号機,,A-SLOT,【4号機】IGT ダイナマイト 中古パチスロ実機 [4ch対応],59800,售完,https://www.a-slot.com/SHOP/igt14.html
3164,JPS TOWSER,,,ホームスロット,JPS TOWSER 中古パチスロ実機,98500,售完,https://home-slot.net/SHOP/s-jps202.html
3169,KPE 女ねずみ小僧,,,A-SLOT,KPE パチスロ女ねずみ小僧 中古パチスロ実機 [8ch対応],52000,售完,https://www.a-slot.com/SHOP/kpe5.html
3170,NET GATE ゲート,,,A-SLOT,NET パチスロ GATE(ゲート) 中古パチスロ実機 [4ch対応],45100,售完,https://www.a-slot.com/SHOP/net57.html
3179,PAガールフレンド 仮,,ニューギン,ホームスロット,ニューギン PAガールフレンド（仮） 中古パチンコ実機 [枠名：ReLf] [4ch対応],70300,售完,https://home-slot.net/SHOP/p-newgin256.html
3180,PAミルキーバーN W3,,ニューギン,ホームスロット,ニューギン PAミルキーバーN-W3 中古パチンコ実機,71600,售完,https://home-slot.net/SHOP/p-newgin202.html
3181,PAミルキーバーN W6,,ニューギン,ホームスロット,ニューギン PAミルキーバーN-W6 枠色不問 中古パチンコ実機,52600,售完,https://home-slot.net/SHOP/p-newgin203.html
3182,PA花の慶次~蓮 N V,,ニューギン,ホームスロット,ニューギン PA花の慶次～蓮 N-V 中古パチンコ実機 [枠名：天槍] [4ch対応],57600,售完,https://home-slot.net/SHOP/p-newgin241.html
3183,PA野生の王国VI,,ニューギン,ホームスロット,ニューギン PA野生の王国VI 中古パチンコ実機 [枠名：黒船 新] [4ch対応],794300,有貨,https://home-slot.net/SHOP/p-newgin316.html
3188,にこパチ豆BNK 機,P,ベルコ,ホームスロット,ベルコ Pにこパチ豆BNK 枠色不問 中古パチンコ実機機 [枠名：駆露夢（クロム)] [4ch対応],52600,售完,https://home-slot.net/SHOP/p-bellco203.html
3189,にこパチ豆MNK 機,P,ベルコ,ホームスロット,ベルコ Pにこパチ豆MNK 中古パチンコ実機機 [枠名：駆露夢（クロム)] [4ch対応],173600,售完,https://home-slot.net/SHOP/p-bellco204.html
3190,ぱちんこCRルーキーズ,,Sammy,ホームスロット,サミー ぱちんこCRルーキーズ 中古パチンコ実機 [枠名：転生] [4ch対応],111100,售完,https://home-slot.net/SHOP/p-sammy59.html
3192,ぱちんこ 乃木坂46,,京楽,ホームスロット,京楽 ぱちんこ 乃木坂46 中古パチンコ実機 [枠名：激震 乃木坂４６] [8ch対応],76600,售完,https://home-slot.net/SHOP/p-kyoraku220.html
3199,もっとあぶない刑事,P,ニューギン,ホームスロット,ニューギン Pもっとあぶない刑事 中古パチンコ実機 [枠名：黒船 あぶない刑事] [4ch対応],65300,售完,https://home-slot.net/SHOP/p-newgin268.html
3202,アステカ 2ch対応,4号機,エレコ,A-SLOT,【4号機】エレコ アステカ 中古パチスロ実機 [2ch対応],69100,售完,https://www.a-slot.com/SHOP/eleco41.html
3207,アルゼ チェリー12X,4号機,,A-SLOT,【4号機】アルゼ チェリー12X 中古パチスロ実機,79800,售完,https://www.a-slot.com/SHOP/aruze1.html
3208,アレジン プレミアム,P,藤商事,ホームスロット,藤商事 Pアレジン プレミアム 中古パチンコ実機 [枠名：クリスタルエアー アレジンプレミアム] [8ch対応],62600,售完,https://home-slot.net/SHOP/p-fuji231.html
3210,イレグイ 2ch対応,4号機,メーシー,A-SLOT,【4号機】メーシー イレグイ 中古パチスロ実機 [2ch対応],79800,售完,https://www.a-slot.com/SHOP/mizuho-macy4.html
3215,エマ ニューペガサスR,,,A-SLOT,エマ ニューペガサスR 中古パチスロ実機 [4ch対応],51500,售完,https://www.a-slot.com/SHOP/ema7.html
3216,オーイズミ 鉄拳伝タフ,,,ホームスロット,オーイズミ パチスロ鉄拳伝タフ 中古パチスロ実機,143400,售完,https://home-slot.net/SHOP/s-oizumi18.html
3218,オオガメラ 大ガメラ,,ロデオ,A-SLOT,ロデオ オオガメラ （大ガメラ） 中古パチスロ実機 [4ch対応],105000,售完,https://www.a-slot.com/SHOP/rodeo4.html
3224,ギルティクラウン2,P,メーシー,ホームスロット,メーシー Pギルティクラウン2 中古パチンコ実機 [枠名：SHINOBI7 ギルティクラウン２] [8ch対応],64000,售完,https://home-slot.net/SHOP/p-macy225.html
3226,クラシックジャグラー,,北電子,ホームスロット,北電子 クラシックジャグラー 中古パチスロ実機,47800,售完,https://home-slot.net/SHOP/s-kitadenshi28.html
3227,クラブ T 2ch対応,,ロデオ,A-SLOT,ロデオ クラブロデオＴ 中古パチスロ実機 [2ch対応],49500,售完,https://www.a-slot.com/SHOP/rodeo_clubrodeo.html
3229,ゲゲゲの鬼太郎SP,4号機,Sammy,A-SLOT,【4号機】サミー ゲゲゲの鬼太郎ＳＰ 中古パチスロ実機 [まるごと配送限定],59800,有貨,https://www.a-slot.com/SHOP/sammy15.html
3232,ゴーゴージャグラーS 30,4号機,北電子,A-SLOT,【4号機】北電子 ゴーゴージャグラーS-30 中古パチスロ実機 [4ch対応],59800,售完,https://www.a-slot.com/SHOP/kitadenshi8.html
3235,サンセイ CR彼岸島,,,ホームスロット,サンセイ CR彼岸島 枠色不問 中古パチンコ実機 [枠名：V-Savior（ブイセイバー）] [4ch対応],52600,售完,https://home-slot.net/SHOP/p-SANSEI102.html
3237,サンセイ パリピ孔明,スマパチ,,ホームスロット,サンセイ eパリピ孔明 中古パチンコ実機 [スマパチ] [枠名：eV-LIGHT] [4ch対応],170900,有貨,https://home-slot.net/SHOP/p-sansei261.html
3238,サンダーV 2ch対応,4号機,メーシー,A-SLOT,【4号機】メーシー サンダーV 中古パチスロ実機 [2ch対応],79800,有貨,https://www.a-slot.com/SHOP/mizuho-macy3.html
3239,シオラー30 Ver2,,パイオニア,A-SLOT,【お取り寄せ商品】 パイオニア シオラー30 Ver2 中古パチスロ実機 [4ch対応],99800,有貨,https://www.a-slot.com/SHOP/pioneer5.html
3240,シンデレラブレイド,P,藤商事,ホームスロット,JFJ Pシンデレラブレイド 中古パチンコ実機 [枠名：クリスタルエアー シンデレラブレイド] [8ch対応],57600,有貨,https://home-slot.net/SHOP/p-jfj235.html
3244,ストリートファイターV,P,藤商事,ホームスロット,藤商事 PストリートファイターV 中古パチンコ実機 [枠名：クリスタルエアー ストリートファイターＶ] [8ch対応],77600,售完,https://home-slot.net/SHOP/p-fuji233.html
3251,スロッター金太郎RX,,ロデオ,A-SLOT,ロデオ スロッター金太郎RX 中古パチスロ実機 [4ch対応],44820,售完,https://www.a-slot.com/SHOP/rodeo50.html
3254,タコスロ 2ch対応,4号機,ミズホ,A-SLOT,【4号機】ミズホ タコスロ 中古パチスロ実機 [2ch対応],79800,售完,https://www.a-slot.com/SHOP/amuse15.html
3256,チェリーバー 2ch対応,4号機,エレコ,A-SLOT,【4号機】エレコ チェリーバー 中古パチスロ実機 [2ch対応][まるごと配送限定],75000,有貨,https://www.a-slot.com/SHOP/eleco_cherrybar_kasugai.html
3258,デカスタP戦国無双,,ニューギン,ホームスロット,ニューギン デカスタP戦国無双 中古パチンコ実機 [枠名：黒船 新] [4ch対応],146100,有貨,https://home-slot.net/SHOP/p-newgin306.html
3259,デジハネCRルーキーズ,,Sammy,ホームスロット,サミー デジハネCRルーキーズ 中古パチンコ実機 [枠名：転生] [4ch対応],75400,售完,https://home-slot.net/SHOP/p-sammy60.html
3260,デビルマン~疾風迅雷~,P,ニューギン,ホームスロット,ニューギン Pデビルマン～疾風迅雷～ 中古パチンコ実機 [枠名：黒船] [4ch対応],52600,有貨,https://home-slot.net/SHOP/p-newgin250.html
3261,デビルメイクライ3,,ロデオ,ホームスロット,ロデオ デビルメイクライ3 中古パチスロ実機,68500,售完,https://home-slot.net/SHOP/s-rodeo2.html
3263,デュエルドラゴン2,,ユニバーサル,ホームスロット,ユニバーサル デュエルドラゴン2 中古パチスロ実機,45475,售完,https://home-slot.net/SHOP/s-univerasal5.html
3267,ナムココレクション,P,メーシー,ホームスロット,メーシー Pナムココレクション 中古パチンコ実機,52600,售完,https://home-slot.net/SHOP/p-macy215.html
3269,ネオプラネットXX,4号機,山佐,A-SLOT,【4号機】山佐 ネオプラネットXX 中古パチスロ実機 [4ch対応],128000,售完,https://www.a-slot.com/SHOP/yamasa22.html
3276,バルテック タツジン,,,A-SLOT,バルテック タツジン 中古パチスロ実機 [4ch対応],39800,售完,https://www.a-slot.com/SHOP/baltec10.html
3280,パル工業 キングアロー,4号機,,A-SLOT,【4号機】パル工業 キングアロー 中古パチスロ実機,78300,售完,https://www.a-slot.com/SHOP/palkogyo_kingallow_kasugai.html
3281,パル工業 パワーゴリラ,,,A-SLOT,パル工業 パワーゴリラ 中古パチスロ実機,108000,售完,https://www.a-slot.com/SHOP/palkogyo_powergorilla_kasugai.html
3283,ビスティ ビーチクラブ,,,ホームスロット,ビスティ ビーチクラブ 中古パチスロ実機,28742,售完,https://home-slot.net/SHOP/s-sankyo63.html
3284,ビスティ モーニング娘。,,,A-SLOT,ビスティ モーニング娘。 中古パチスロ実機 [4ch対応],30600,售完,https://www.a-slot.com/SHOP/sankyo120.html
3285,ビッグドリーム2激神,P,Sammy,ホームスロット,サミー Pビッグドリーム2激神 中古パチンコ実機 [枠名：銀座闘神] [4ch対応],59000,售完,https://home-slot.net/SHOP/p-sammy217.html
3289,フィーバー炎炎ノ消防隊,P,SANKYO,ホームスロット,SANKYO Pフィーバー炎炎ノ消防隊 中古パチンコ実機 [枠名：NEO STELLA] [4ch対応],57600,有貨,https://home-slot.net/SHOP/p-sankyo265.html
3290,ホットロッドクイーン,4号機,オリンピア,A-SLOT,【4号機】オリンピア ホットロッドクイーン 中古パチスロ実機,75000,售完,https://www.a-slot.com/SHOP/olympia_hotrodqueen_kasugai.html
3296,ミリオンゴッド 一撃,P,ミズホ,ホームスロット,ミズホ Pミリオンゴッド-一撃- 中古パチンコ実機 [枠名：Uni-Flame] [4ch対応],65300,售完,https://home-slot.net/SHOP/p-mizuho203.html
3297,ヤッターマン只今参上,,平和,A-SLOT,平和 ヤッターマン只今参上 中古パチスロ実機 [4ch対応],32800,售完,https://www.a-slot.com/SHOP/heiwa36.html
3308,信長の野望 創造 N K,P,ニューギン,ホームスロット,ニューギン P信長の野望-創造-N-K 枠色不問 中古パチンコ実機 [枠名：ReLf] [4ch対応],65300,售完,https://home-slot.net/SHOP/p-newgin213.html
3309,初代 北斗の拳 ユリア,4号機,Sammy,A-SLOT,【4号機】サミー 初代 北斗の拳(ユリア) 中古パチスロ実機 [4ch対応],135000,有貨,https://www.a-slot.com/SHOP/sammy11.html
3310,北斗の拳11 暴凶星,スマパチ,Sammy,ホームスロット,サミー e 北斗の拳11 暴凶星 中古パチンコ実機 [スマパチ] [枠名：誓] [4ch対応],92400,有貨,https://home-slot.net/SHOP/p-sammy248.html
3311,北斗の拳8 究極乱世,P,Sammy,ホームスロット,サミー P北斗の拳8 究極乱世 中古パチンコ実機 [枠名：闘神] [4ch対応],65300,有貨,https://home-slot.net/SHOP/p-sammy233.html
3312,北斗の拳SE サウザー,4号機,Sammy,A-SLOT,【4号機】サミー 北斗の拳SE（サウザー） 中古パチスロ実機 [4ch対応],55800,有貨,https://www.a-slot.com/SHOP/sammy6.html
3319,地獄少女 Light,P,藤商事,ホームスロット,藤商事 P地獄少女 Light 中古パチンコ実機 [枠名：クリスタルエアー 地獄少女Ｌｉｇｈｔ ＦＶＢ] [8ch対応],58600,有貨,https://home-slot.net/SHOP/p-fuji237.html
3321,大東音響 ザンガス2,4号機,,A-SLOT,【4号機】大東音響 ザンガス2 中古パチスロ実機,40500,售完,https://www.a-slot.com/SHOP/daitoonkyo_zangas2_kasugai.html
3322,大東音響 シリアスA,4号機,,A-SLOT,【4号機】大東音響 シリアスA 中古パチスロ実機,58500,售完,https://www.a-slot.com/SHOP/daitoonkyo_seriousa_kasugai.html
3323,大漁II 2ch対応,,北電子,A-SLOT,北電子 大漁II 中古パチスロ実機 [2ch対応],51500,售完,https://www.a-slot.com/SHOP/kitadenshi57.html
3326,奥村 CR南国麻雀L,,,ホームスロット,奥村 CR南国麻雀L 中古パチンコ実機 [枠名：星波] [4ch対応],65300,售完,https://home-slot.net/SHOP/p-okumura17.html
3327,奥村 CR南国麻雀M,,,ホームスロット,奥村 CR南国麻雀M 中古パチンコ実機 [枠名：星波] [4ch対応],35722,售完,https://home-slot.net/SHOP/p-okumura16.html
3332,戦国無双 パネル不問,,山佐,A-SLOT,【お取り寄せ商品】山佐 戦国無双 パネル不問 中古パチスロ実機 [4ch対応],93500,有貨,https://www.a-slot.com/SHOP/yamasa2_zzz.html
3333,戦国無双 信長Ver.,,山佐,A-SLOT,山佐 戦国無双 信長Ver. 中古パチスロ実機 [4ch対応],93500,售完,https://www.a-slot.com/SHOP/yamasa8.html
3341,東京喰種 トーカパネル,スマスロ,スパイキー,ホームスロット,スパイキー L 東京喰種 [トーカパネル] 中古パチスロ実機 [スマスロ][4ch対応][まるごと配送限定],855400,售完,https://home-slot.net/SHOP/s-spyki213.html
3347,真 黄門ちゃま 甘デジ,P,平和,ホームスロット,平和 P真・黄門ちゃま 甘デジ 中古パチンコ実機,64000,售完,https://home-slot.net/SHOP/p-heiwa219.html
3348,秘密戦隊ゴレンジャー,,SANKYO,A-SLOT,SANKYO パチスロ秘密戦隊ゴレンジャー 中古パチスロ実機 [4ch対応],45100,售完,https://www.a-slot.com/SHOP/sankyo23.html
3352,義風堂々!!~兼続と慶次~3,スマパチ,ニューギン,ホームスロット,ニューギン e義風堂々!!～兼続と慶次～3 中古パチンコ実機 [スマパチ] [枠名：黒船 ｅ義風堂々] [4ch対応],86000,售完,https://home-slot.net/SHOP/p-newgin277.html
3356,花の慶次~裂 一刀両断,スマパチ,ニューギン,ホームスロット,ニューギン e花の慶次～裂 一刀両断 中古パチンコ実機 [スマパチ] [枠名：黒船 ｅ花の慶次] [4ch対応],62600,有貨,https://home-slot.net/SHOP/p-newgin275.html
3357,花の慶次~黄金の一撃,スマパチ,ニューギン,ホームスロット,ニューギン e花の慶次～黄金の一撃 中古パチンコ実機 [スマパチ] [枠名：LEUKOS] [4ch対応],186300,有貨,https://home-slot.net/SHOP/p-newgin315.html
3358,西陣 CR009 1F,,,ホームスロット,西陣 CR009-1F 中古パチンコ実機,49015,售完,https://home-slot.net/SHOP/p-nishijinn27.html
3359,西陣 CR009ー1Z,,,ホームスロット,西陣 CR009ー1Z 中古パチンコ実機,49015,售完,https://home-slot.net/SHOP/p-nishijinn4.html
3360,西陣 CR海百景 GL,,,ホームスロット,西陣 CR海百景 GL 中古パチンコ実機,38539,售完,https://home-slot.net/SHOP/p-nishijinn23.html
3361,西陣 CR金の花満開,,,ホームスロット,西陣 CR金の花満開 中古パチンコ実機,65300,售完,https://home-slot.net/SHOP/p-nishijinn129.html
3362,西陣 春夏秋冬GLB,P,,ホームスロット,西陣 P春夏秋冬GLB 中古パチンコ実機 [枠名：戦舞 春夏秋冬ＧＬＢ] [4ch対応],52600,有貨,https://home-slot.net/SHOP/p-nishijinn234.html
3363,豊丸 CR悪代官DX,,,ホームスロット,豊丸 CR悪代官DX 中古パチンコ実機,52600,售完,https://home-slot.net/SHOP/p-toyomaru83.html
3364,超時空要塞マクロス,,SANKYO,ホームスロット,SANKYO パチスロ 超時空要塞マクロス 中古パチスロ実機,35100,售完,https://home-slot.net/SHOP/s-sankyo32.html
3369,銀座 頭文字D 2nd,P,,ホームスロット,銀座 P頭文字D 2nd 中古パチンコ実機 [枠名：銀座真焔] [4ch対応],57600,有貨,https://home-slot.net/SHOP/p-ginza220.html
3370,銀座 鬼浜爆走愚連隊,4号機,,A-SLOT,【4号機】銀座 鬼浜爆走愚連隊 中古パチスロ実機 [4ch対応],99800,售完,https://www.a-slot.com/SHOP/ginza5.html
3372,高尾 CR美男ですね,,,ホームスロット,高尾 CR美男ですね 中古パチンコ実機,60200,售完,https://home-slot.net/SHOP/p-takao88.html
3373,鬼武者3 2ch対応,4号機,ロデオ,A-SLOT,【4号機】ロデオ 鬼武者3 中古パチスロ実機 [2ch対応],135000,有貨,https://www.a-slot.com/SHOP/rodeo6.html
3374,魔王学院の不適合者,P,藤商事,ホームスロット,藤商事 P魔王学院の不適合者 中古パチンコ実機 [枠名：クリスタルエアー 魔王学院FMY] [8ch対応],58600,有貨,https://home-slot.net/SHOP/p-fuji243.html
3375,2号機 バニーガール 白,,オリンピア,A-SLOT,【2号機】オリンピア バニーガール（白） 中古パチスロ実機,94500,售完,https://www.a-slot.com/SHOP/heiwa25.html
3376,2号機 バニーガール 赤,,オリンピア,A-SLOT,【2号機】オリンピア バニーガール（赤） 中古パチスロ実機,94500,售完,https://www.a-slot.com/SHOP/heiwa27.html
3378,CRAワニざんす,,ニューギン,ホームスロット,ニューギン CRAワニざんす 中古パチンコ実機,65300,售完,https://home-slot.net/SHOP/p-newgin135.html
3379,CRA海物語3R,,SANYO,ホームスロット,SANYO CRA海物語3R 中古パチンコ実機 [枠名：イルミオ] [4ch対応],52600,售完,https://home-slot.net/SHOP/p-sanyo107.html
3380,CR X FILES,,SANKYO,ホームスロット,SANKYO CR X－FILES 枠色不問 中古パチンコ実機,40204,售完,https://home-slot.net/SHOP/p-sankyo65.html
3381,CRオーメンFPK,,藤商事,ホームスロット,藤商事 CRオーメンFPK 中古パチンコ実機 [枠名：シャイニングウォール] [4ch対応],38472,售完,https://home-slot.net/SHOP/p-fuji71.html
3382,CRオーメンFPL,,藤商事,ホームスロット,藤商事 CRオーメンFPL 中古パチンコ実機 [枠名：シャイニングウォール] [4ch対応],52600,售完,https://home-slot.net/SHOP/p-fuji72.html
3383,CRキューティーハニー,,ニューギン,ホームスロット,ニューギン CRキューティーハニー 中古パチンコ実機,59000,售完,https://home-slot.net/SHOP/p-newgin156.html
3384,CRドラムロイド,,ニューギン,ホームスロット,ニューギン CRドラムロイド 枠色不問 中古パチンコ実機,89800,有貨,https://home-slot.net/SHOP/p-newgin122.html
3385,CRバイオハザード,,大一,ホームスロット,大一 CRバイオハザード 中古パチンコ実機,186300,售完,https://home-slot.net/SHOP/p-daiichi59.html
3386,CRフィーバーR 18,,SANKYO,ホームスロット,SANKYO CRフィーバーR-18 中古パチンコ実機,71600,售完,https://home-slot.net/SHOP/p-sankyo146.html
3387,CRフィーバークィーン,,SANKYO,ホームスロット,SANKYO ＣＲフィーバークィーン 中古パチンコ実機,107300,售完,https://home-slot.net/SHOP/p-sankyo97.html
3388,CR南国育ちML,,平和,ホームスロット,平和 CR南国育ちML 枠色不問 中古パチンコ実機 [枠名：ルピナス] [4ch対応],40509,售完,https://home-slot.net/SHOP/p-heiwa55.html
3389,CR南国育ち 羽根,,平和,ホームスロット,平和 CR南国育ち 羽根 中古パチンコ実機 [枠名：ＡＭＴルピナスハート] [4ch対応],86000,售完,https://home-slot.net/SHOP/p-heiwa158.html
3390,CR呪怨FPWZ,,藤商事,ホームスロット,藤商事 CR呪怨FPWZ 中古パチンコ実機 [枠名：シャイニングウォール] [4ch対応],101000,售完,https://home-slot.net/SHOP/p-fuji89.html
3391,CR喰霊 零 FPL,,藤商事,ホームスロット,藤商事 CR喰霊-零-FPL 中古パチンコ実機 [枠名：クリスタルエアー] [8ch対応],92400,售完,https://home-slot.net/SHOP/p-fuji151.html
3392,CR真 花の慶次2,,ニューギン,ホームスロット,ニューギン CR真・花の慶次2 中古パチンコ実機 [枠名：ReLf] [4ch対応],59000,有貨,https://home-slot.net/SHOP/p-newgin160.html
3393,CR神音の森N T,,ニューギン,ホームスロット,ニューギン CR神音の森N－T 枠色不問 中古パチンコ実機,42954,售完,https://home-slot.net/SHOP/p-newgin97.html
3394,D light 哲也,P,,ホームスロット,D-light P哲也 中古パチンコ実機 [枠名：ルナーレス 哲也４] [4ch対応],76600,有貨,https://home-slot.net/SHOP/p-dlight218.html
3398,JPS ジャベリン,,,ホームスロット,JPS ジャベリン 中古パチスロ実機,35100,售完,https://home-slot.net/SHOP/s-jps216.html
3399,JPS テラシグマ,,,ホームスロット,JPS テラシグマ 中古パチスロ実機,68500,售完,https://home-slot.net/SHOP/s-jps29.html
3402,KPE 幻想水滸伝,,,ホームスロット,KPE 幻想水滸伝 中古パチスロ実機,43458,售完,https://home-slot.net/SHOP/s-kpe25.html
3406,NET アカネ55,,,A-SLOT,NET アカネ55 中古パチスロ実機 [4ch対応],78500,售完,https://www.a-slot.com/SHOP/net40.html
3407,NET エコトーフe,4号機,,A-SLOT,【4号機】NET エコトーフe 中古パチスロ実機 [4ch対応],108000,售完,https://www.a-slot.com/SHOP/net25.html
3408,NET コード ルージュ,,,ホームスロット,NET コード・ルージュ 中古パチスロ実機,72300,售完,https://home-slot.net/SHOP/s-net14.html
3411,NET ハーレムエース,,,A-SLOT,NET ハーレムエース 中古パチスロ実機 [4ch対応],138400,售完,https://www.a-slot.com/SHOP/net2.html
3413,PA海物語3R2,,SANYO,ホームスロット,SANYO PA海物語3R2 枠色不問 中古パチンコ実機 [枠名：イルミオ] [4ch対応],52600,有貨,https://home-slot.net/SHOP/p-sanyo215.html
3418,おそ松さん199,,大一,ホームスロット,大一 パチンコおそ松さん199 中古パチンコ実機 [枠名：イマジネーション プラス] [4ch対応],59000,售完,https://home-slot.net/SHOP/p-daiichi102.html
3421,がんばれ!!ロボコン,,Sammy,ホームスロット,サミー パチスロがんばれ!!ロボコン 中古パチスロ実機,36124,售完,https://home-slot.net/SHOP/s-sammy38.html
3422,はぐれ刑事純情派,P,ニューギン,ホームスロット,ニューギン Pはぐれ刑事純情派 中古パチンコ実機 [枠名：黒船] [4ch対応],65300,售完,https://home-slot.net/SHOP/p-newgin260.html
3428,めざせ!ドキドキ島,4号機,オリンピア,A-SLOT,【4号機】オリンピア めざせ！ドキドキ島 中古パチスロ実機 [4ch対応],31342,售完,https://www.a-slot.com/SHOP/heiwa131.html
3430,アイアムコニシキ,,オリンピア,ホームスロット,オリンピア アイアムコニシキ 中古パチスロ実機,35209,售完,https://home-slot.net/SHOP/s-heiwa40.html
3432,アクダマドライブ,スマパチ,SANYO,ホームスロット,SANYO eアクダマドライブ 中古パチンコ実機 [スマパチ] [枠名：マルチフレーム],196300,有貨,https://home-slot.net/SHOP/p-sanyo263.html
3435,アピールプレート 店 A,,,A-SLOT,中古アピールプレート【おすすめ台】 中古スロット販売店　A,72000,售完,https://www.a-slot.com/SHOP/plate_osusume.html
3437,インディジョーズ2,,ロデオ,A-SLOT,ロデオ インディジョーズ2 中古パチスロ実機 [4ch対応],79800,售完,https://www.a-slot.com/SHOP/rodeo51.html
3438,エピソードドライブ,,ニューギン,ホームスロット,ニューギン エピソードドライブ 中古パチスロ実機,96259,售完,https://home-slot.net/SHOP/s-newgin8.html
3441,オリエンタルII,,ユニバーサル,ホームスロット,ユニバーサル オリエンタルII 中古パチスロ実機,50333,售完,https://home-slot.net/SHOP/s-univerasal4.html
3442,カイジ2 新パネル,,ロデオ,A-SLOT,ロデオ カイジ2 新パネル 中古パチスロ実機 [4ch対応],69100,售完,https://www.a-slot.com/SHOP/rodeo20_new.html
3445,ガオガオキング3,P,Sammy,ホームスロット,サミー Pガオガオキング3 中古パチンコ実機 [枠名：銀座闘神] [4ch対応],86000,售完,https://home-slot.net/SHOP/p-sammy215.html
3448,キングパルサーエース,4号機,山佐,A-SLOT,【4号機】山佐 キングパルサーエース 中古パチスロ実機 [4ch対応],89000,售完,https://www.a-slot.com/SHOP/yamasa7.html
3452,ゴブリンスレイヤー,P,藤商事,ホームスロット,JFJ Pゴブリンスレイヤー 中古パチンコ実機 [枠名：クリスタルエアー ゴブリンスレイヤー] [8ch対応],63600,有貨,https://home-slot.net/SHOP/p-jfj239.html
3455,サラリーマン金太郎,P,藤商事,ホームスロット,藤商事 Pサラリーマン金太郎 中古パチンコ実機 [枠名：クリスタルエアー サラリーマン金太郎] [8ch対応],63600,有貨,https://home-slot.net/SHOP/p-fuji234.html
3456,サンセイ 真 牙狼2,P,,ホームスロット,サンセイ P真・牙狼2 中古パチンコ実機 [枠名：金翔 真・牙狼２] [4ch対応],136000,有貨,https://home-slot.net/SHOP/p-sansei244.html
3457,サンダーバードNEO,,藤商事,A-SLOT,藤商事 サンダーバードNEO 中古パチスロ実機,51169,售完,https://www.a-slot.com/SHOP/fuji1.html
3459,ジェイビー 闘将覇伝,P,,ホームスロット,ジェイビー P闘将覇伝 中古パチンコ実機,52600,售完,https://home-slot.net/SHOP/p-jb205.html
3467,ゾンビランドサガ,P,Sammy,ホームスロット,サミー Pゾンビランドサガ 中古パチンコ実機 [枠名：真焔「ウェーブギア」] [4ch対応],92400,有貨,https://home-slot.net/SHOP/p-sammy246.html
3470,ダブルチャレンジ,4号機,ロデオ,A-SLOT,【4号機】ロデオ ダブルチャレンジ 中古パチスロ実機 [4ch対応],98000,有貨,https://www.a-slot.com/SHOP/rodeo27.html
3472,テンションブースター,,北電子,ホームスロット,北電子 テンションブースター 中古パチスロ実機,35100,售完,https://home-slot.net/SHOP/s-kitadensi34.html
3475,デカドンチャン2,,ユニバーサル,ホームスロット,ユニバーサル デカドンチャン2 中古パチスロ実機,40442,售完,https://home-slot.net/SHOP/s-univerasal2.html
3476,デジテンCR獣王,,Sammy,ホームスロット,サミー デジテンCR獣王 中古パチンコ実機 [枠名：聖（クロス）] [4ch対応],52600,售完,https://home-slot.net/SHOP/p-sammy47.html
3478,トリックモンスター,4号機,オリンピア,A-SLOT,【4号機】オリンピア トリックモンスター 中古パチスロ実機 [4ch対応],35000,售完,https://www.a-slot.com/SHOP/heiwa118.html
3484,ハッピージャグラーV,,北電子,ホームスロット,北電子 ハッピージャグラーV 中古パチスロ実機,44000,售完,https://home-slot.net/SHOP/s-kitadensi61.html
3485,バーサス 2ch対応,4号機,ユニバーサル,A-SLOT,【4号機】ユニバーサル バーサス 中古パチスロ実機 [2ch対応],105000,有貨,https://www.a-slot.com/SHOP/univerasal_versus.html
3489,ビスティ CR鉄拳,,,ホームスロット,ビスティ CR鉄拳 中古パチンコ実機,261100,售完,https://home-slot.net/SHOP/p-bisty42.html
3490,ビスティ 東京喰種,スマパチ,,ホームスロット,ビスティ e 東京喰種 中古パチンコ実機 [スマパチ] [枠名：JB フリーダム] [4ch対応],940000,有貨,https://home-slot.net/SHOP/p-bisty241.html
3491,ビートザドラゴン2,4号機,オリンピア,A-SLOT,【4号機】オリンピア ビートザドラゴン2 中古パチスロ実機 [4ch対応],19150,售完,https://www.a-slot.com/SHOP/heiwa117.html
3495,フィーバースーパー戦隊S,P,SANKYO,ホームスロット,SANKYO Pフィーバースーパー戦隊S 枠色不問 中古パチンコ実機,52600,售完,https://home-slot.net/SHOP/p-sankyo215.html
3496,フィーバーマクロスΔF,P,SANKYO,ホームスロット,SANKYO PフィーバーマクロスΔF 枠色不問 中古パチンコ実機,59000,售完,https://home-slot.net/SHOP/p-sankyo222.html
3497,プラネット999,4号機,山佐,A-SLOT,【4号機】山佐 プラネット999 中古パチスロ実機 [4ch対応],125260,售完,https://www.a-slot.com/SHOP/yamasa24.html
3503,マルホン 鳳凰∞LM,P,,ホームスロット,マルホン P鳳凰∞LM 中古パチンコ実機,57700,售完,https://home-slot.net/SHOP/p-maruhon206.html
3504,ミラクルジャグラー,,北電子,ホームスロット,北電子 ミラクルジャグラー 中古パチスロ実機,98500,售完,https://home-slot.net/SHOP/s-kitadensi44.html
3506,ヤーマ がんばれ元気,,,ホームスロット,ヤーマ がんばれ元気 中古パチスロ実機,45475,售完,https://home-slot.net/SHOP/s-yama4.html
3508,ユルビスカス 30,,パイオニア,ホームスロット,パイオニア ユルビスカス-30 中古パチスロ実機,35100,售完,https://home-slot.net/SHOP/s-pioneer36.html
3511,リアルボルテージ2,,ユニバーサル,ホームスロット,ユニバーサル リアルボルテージ2 中古パチスロ実機,28742,售完,https://home-slot.net/SHOP/s-univerasal6.html
3512,リコリス リコイル,スマパチ,ニューギン,ホームスロット,ニューギン eリコリス・リコイル 中古パチンコ実機 [スマパチ] [枠名：LEUKOS] [4ch対応],1104800,有貨,https://home-slot.net/SHOP/p-newgin321.html
3513,リングにかけろ1,P,ニューギン,ホームスロット,ニューギン P リングにかけろ1 中古パチンコ実機 [枠名：黒船 新] [4ch対応],121000,有貨,https://home-slot.net/SHOP/p-newgin302.html
3516,レッツ 2ch対応,4号機,メーシー,A-SLOT,【4号機】メーシー レッツ 中古パチスロ実機 [2ch対応],59400,售完,https://www.a-slot.com/SHOP/mizuho-macy_lets.html
3519,俺の空 2ch対応,4号機,ロデオ,A-SLOT,【4号機】ロデオ 俺の空 中古パチスロ実機 [2ch対応],99800,有貨,https://www.a-slot.com/SHOP/rodeo1.html
3522,元祖!大江戸桜吹雪,,平和,ホームスロット,平和 元祖!大江戸桜吹雪 中古パチスロ実機,37499,售完,https://home-slot.net/SHOP/s-heiwa42.html
3524,初代 北斗の拳 黒王,4号機,Sammy,A-SLOT,【4号機】サミー 初代 北斗の拳（黒王） 中古パチスロ実機 [4ch対応],135000,有貨,https://www.a-slot.com/SHOP/sammy119.html
3525,北斗の拳8 救世主,P,Sammy,ホームスロット,サミー P北斗の拳8 救世主 中古パチンコ実機 [枠名：闘神] [4ch対応],52600,售完,https://home-slot.net/SHOP/p-sammy226.html
3526,北斗の拳SE トキ,4号機,Sammy,A-SLOT,【4号機】サミー 北斗の拳SE（トキ） 中古パチスロ実機 [4ch対応],52800,有貨,https://www.a-slot.com/SHOP/sammy8.html
3527,北斗の拳SE ハート,4号機,Sammy,A-SLOT,【4号機】サミー 北斗の拳SE ハート 中古パチスロ実機 [4ch対応],50800,售完,https://www.a-slot.com/SHOP/sammy7.html
3528,北斗の拳SE レイ,4号機,Sammy,A-SLOT,【4号機】サミー 北斗の拳SE レイ 中古パチスロ実機 [4ch対応],52800,有貨,https://www.a-slot.com/SHOP/sammy4.html
3529,北斗の拳 強敵 LT,P,Sammy,ホームスロット,サミー P北斗の拳 強敵 LT 中古パチンコ実機 [枠名：真焔] [4ch対応],101000,有貨,https://home-slot.net/SHOP/p-sammy243.html
3531,戦国BASARA,P,ニューギン,ホームスロット,ニューギン P戦国BASARA 中古パチンコ実機 [枠名：ReLf] [4ch対応],52600,售完,https://home-slot.net/SHOP/p-newgin232.html
3534,押忍!番長 スウィート,4号機,大都技研,A-SLOT,【4号機】大都技研 押忍!番長（スウィート） 中古パチスロ実機 [4ch対応],99800,售完,https://www.a-slot.com/SHOP/daitogiken4.html
3538,楽シーサーR イエロー K,,SANKYO,A-SLOT,SANKYO 楽シーサーR （イエロー） 中古パチスロ実機 [4ch対応]K,30608,售完,https://www.a-slot.com/SHOP/sankyo12.html
3540,機動戦艦ナデシコ,,SANKYO,ホームスロット,SANKYO パチスロ機動戦艦ナデシコ 中古パチスロ実機,47800,售完,https://home-slot.net/SHOP/s-sankyo27.html
3544,炎のドラム魂GA,P,ニューギン,ホームスロット,ニューギン P炎のドラム魂GA 枠色不問 中古パチンコ実機 [枠名：ReLf] [4ch対応],52600,售完,https://home-slot.net/SHOP/p-newgin231.html
3545,烈火の炎3 甘デジ,P,平和,ホームスロット,平和 P烈火の炎3 甘デジ 中古パチンコ実機,57600,有貨,https://home-slot.net/SHOP/p-heiwa217.html
3548,真 北斗無双 第3章,P,Sammy,ホームスロット,サミー P真・北斗無双 第3章 中古パチンコ実機 [枠名：真焔 北斗無双] [4ch対応],62600,售完,https://home-slot.net/SHOP/p-sammy225.html
3549,真 怪獣王ゴジラ2,P,ニューギン,ホームスロット,ニューギン P真・怪獣王ゴジラ2 中古パチンコ実機 [枠名：黒船 真・怪獣王ゴジラ２] [4ch対応],63600,售完,https://home-slot.net/SHOP/p-newgin264.html
3557,西陣 P V王 GLC,,,ホームスロット,西陣 P V王 GLC 枠色不問 中古パチンコ実機,52600,售完,https://home-slot.net/SHOP/p-nishijinn224.html
3558,西陣 デカビスカス,P,,ホームスロット,西陣 Pデカビスカス 中古パチンコ実機,121100,售完,https://home-slot.net/SHOP/p-nishijinn237.html
3559,西陣 モンキーターンV,P,,ホームスロット,西陣 PモンキーターンV 中古パチンコ実機 [枠名：戦舞 モンキーターンＶ] [4ch対応],89800,有貨,https://home-slot.net/SHOP/p-nishijinn248.html
3560,西陣 春夏秋冬MA,P,,ホームスロット,西陣 P春夏秋冬MA 中古パチンコ実機 [枠名：戦舞 春夏秋冬ＺＢ・ＭＡ] [4ch対応],59000,售完,https://home-slot.net/SHOP/p-nishijinn235.html
3561,西陣 春夏秋冬ZB,P,,ホームスロット,西陣 P春夏秋冬ZB 中古パチンコ実機 [枠名：戦舞 春夏秋冬ＺＢ・ＭＡ] [4ch対応],60200,售完,https://home-slot.net/SHOP/p-nishijinn236.html
3566,銀座 うる星やつら,,,A-SLOT,銀座 うる星やつら 中古パチスロ実機 [4ch対応],45100,售完,https://www.a-slot.com/SHOP/ginza1.html
3567,銀座 シティーハンター,,,ホームスロット,銀座 パチスロ シティーハンター 中古パチスロ実機,47800,售完,https://home-slot.net/SHOP/s-ginza28.html
3568,銀座 七つの大罪2,P,,ホームスロット,銀座 P七つの大罪2 中古パチンコ実機 [枠名：真焔 七つの大罪２] [4ch対応],66600,售完,https://home-slot.net/SHOP/p-ginza211.html
3569,銀座 北斗の拳10,スマパチ,,ホームスロット,銀座 e北斗の拳10 中古パチンコ実機 [スマパチ] [枠名：銀座誓] [4ch対応],57600,有貨,https://home-slot.net/SHOP/p-ginza221.html
3570,銀座 蒼天の拳 天刻,P,,ホームスロット,銀座 P蒼天の拳 天刻 中古パチンコ実機 [枠名：銀座闘神] [4ch対応],65300,售完,https://home-slot.net/SHOP/p-ginza204.html
3571,銀座 蒼天の拳 羅龍,スマパチ,,ホームスロット,銀座 e蒼天の拳 羅龍 中古パチンコ実機 [スマパチ] [枠名：誓] [4ch対応],52600,有貨,https://home-slot.net/SHOP/p-ginza227.html
3572,高尾 CRダークローズ,,,ホームスロット,高尾 パチンコCRダークローズ 中古パチンコ実機,86000,售完,https://home-slot.net/SHOP/p-takao203.html
3575,1. トロピカーナ7,5号機,メーシー,A-SLOT,【1.5号機】メーシー トロピカーナ7 中古パチスロ実機,89100,售完,https://www.a-slot.com/SHOP/macy_tropicana7_kasugai.html
3578,CRアレトロン,,藤商事,ホームスロット,藤商事 ＣＲアレトロン 中古パチンコ実機 [枠名：シャイニングウォール] [4ch対応],52600,售完,https://home-slot.net/SHOP/p-fuji103.html
3579,CRターミネーター2,,平和,ホームスロット,平和 CRターミネーター2 中古パチンコ実機,59000,售完,https://home-slot.net/SHOP/p-heiwa206.html
3580,CRフィーバー海猿,,SANKYO,ホームスロット,SANKYO CRフィーバー海猿 中古パチンコ実機,52935,售完,https://home-slot.net/SHOP/p-sankyo91.html
3581,CR化物語 LV,,Sammy,ホームスロット,サミー CR化物語 LV 中古パチンコ実機 [枠名：転生] [4ch対応],92400,售完,https://home-slot.net/SHOP/p-sammy66.html
3582,CR呪怨FPF,,藤商事,ホームスロット,藤商事 CR呪怨FPF 中古パチンコ実機 [枠名：シャイニングウォール] [4ch対応],231200,售完,https://home-slot.net/SHOP/p-fuji86.html
3583,CR呪怨FPS,,藤商事,ホームスロット,藤商事 CR呪怨FPS 中古パチンコ実機 [枠名：シャイニングウォール] [4ch対応],58638,售完,https://home-slot.net/SHOP/p-fuji88.html
3584,CR嬢王 FPW,,藤商事,ホームスロット,藤商事 CR嬢王 FPW 中古パチンコ実機 [枠名：シャイニングウォール] [4ch対応],92400,售完,https://home-slot.net/SHOP/p-fuji97.html
3585,CR真 花の慶次,,ニューギン,ホームスロット,ニューギン CR真・花の慶次 中古パチンコ実機,302600,售完,https://home-slot.net/SHOP/p-newgin109.html
3587,JPS 2027,,,ホームスロット,JPS 2027 中古パチスロ実機,36400,售完,https://home-slot.net/SHOP/s-jps1.html
3588,JPS どき!すろ,,,ホームスロット,JPS どき！すろ 中古パチスロ実機,168800,售完,https://home-slot.net/SHOP/s-jps206.html
3592,NET GATE,,,ホームスロット,NET パチスロ GATE 中古パチスロ実機,35100,售完,https://home-slot.net/SHOP/s-net57.html
3593,NET ココナナ,,,ホームスロット,NET ココナナ 中古パチスロ実機,27366,售完,https://home-slot.net/SHOP/s-net19.html
3595,NET トーフ2A,4号機,,A-SLOT,【4号機】NET トーフ2A 中古パチスロ実機 [4ch対応],55358,售完,https://www.a-slot.com/SHOP/net26.html
3601,PA押忍!番長2,,大都技研,ホームスロット,大都技研 PA押忍！番長2 枠色不問 中古パチンコ実機,70300,有貨,https://home-slot.net/SHOP/p-daito202.html
3605,えとたま2 神祭,P,メーシー,ホームスロット,メーシー Pえとたま2 神祭 中古パチンコ実機 [枠名：SHINOBI7 えとたま2MY] [8ch対応],97400,有貨,https://home-slot.net/SHOP/p-macy230.html
3606,おそ松さん99,,大一,ホームスロット,大一 パチンコおそ松さん99 中古パチンコ実機 [枠名：イマジネーション プラス] [4ch対応],59000,售完,https://home-slot.net/SHOP/p-daiichi101.html
3608,だよ黄門ちゃま,4号機,平和,A-SLOT,【4号機】平和 パチスロだよ黄門ちゃま 中古パチスロ実機 [4ch対応],59800,售完,https://www.a-slot.com/SHOP/heiwa46.html
3609,だるまっしゅ2,P,ニューギン,ホームスロット,ニューギン Pだるまっしゅ2 中古パチンコ実機 [枠名：黒船] [4ch対応],52600,售完,https://home-slot.net/SHOP/p-newgin262.html
3611,やじきた道中記,P,メーシー,ホームスロット,メーシー Pやじきた道中記 中古パチンコ実機 [枠名：SHINOBI7 やじきた道中記] [8ch対応],62600,有貨,https://home-slot.net/SHOP/p-macy222.html
3617,アラジンAII,,Sammy,A-SLOT,サミー パチスロ アラジンAII 中古パチスロ実機 [4ch対応],51500,有貨,https://www.a-slot.com/SHOP/sammy108.html
3618,アレックス7R,,ユニバーサル,A-SLOT,ユニバーサル アレックス７Ｒ 中古パチスロ実機 [4ch対応],31342,售完,https://www.a-slot.com/SHOP/univerasal10.html
3624,ガメラ 小ガメラ,4号機,ロデオ,A-SLOT,【4号機】ロデオ ガメラ （小ガメラ） 中古パチスロ実機 [4ch対応],59800,售完,https://www.a-slot.com/SHOP/rodeo3.html
3625,ガールフレンド 仮,P,ニューギン,ホームスロット,ニューギン Pガールフレンド（仮） 中古パチンコ実機 [枠名：ReLf] [4ch対応],57600,有貨,https://home-slot.net/SHOP/p-newgin244.html
3626,キングジャック,4号機,岡崎産業,A-SLOT,【4号機】岡崎産業 キングジャック 中古パチスロ実機,67500,售完,https://www.a-slot.com/SHOP/okazaki_kingjack_kasugai.html
3628,クイーンオアシス,,パイオニア,A-SLOT,パイオニア クイーンオアシス 中古パチスロ実機 [8ch対応],51500,售完,https://www.a-slot.com/SHOP/pioneer37.html
3633,ゴーストラッシュ,,ユニバーサル,ホームスロット,ユニバーサル ゴーストラッシュ 中古パチスロ実機,41717,售完,https://home-slot.net/SHOP/s-univerasal3.html
3634,ゴールドチャンス,,高砂,ホームスロット,高砂 ゴールドチャンス 中古パチスロ実機,28999,售完,https://home-slot.net/SHOP/s-takasago7.html
3635,サイバードラゴン,4号機,山佐,A-SLOT,【4号機】山佐 サイバードラゴン 中古パチスロ実機 [4ch対応],99000,有貨,https://www.a-slot.com/SHOP/yamasa108.html
3639,サンセイ 寄生獣,P,,ホームスロット,サンセイ P寄生獣 中古パチンコ実機 [枠名：V-Savior（ブイセイバー）] [4ch対応],59000,有貨,https://home-slot.net/SHOP/p-SANSEI205.html
3640,サンセイ 彼岸島,P,,ホームスロット,サンセイ P彼岸島 中古パチンコ実機 [枠名：V-Savior（ブイセイバー）] [4ch対応],86000,售完,https://home-slot.net/SHOP/p-SANSEI210.html
3641,サンセイ 真 牙狼,P,,ホームスロット,サンセイ P真・牙狼 枠色不問 中古パチンコ実機 [枠名：金翔] [4ch対応],92000,售完,https://home-slot.net/SHOP/p-SANSEI224.html
3644,シャーマンキング,スマパチ,メーシー,ホームスロット,メーシー eシャーマンキング 中古パチンコ実機 [スマパチ] [枠名：ディアマンテ] [8ch対応],106000,有貨,https://home-slot.net/SHOP/p-macy233.html
3645,ジェイビー 大開王,P,,ホームスロット,ジェイビー P大開王 中古パチンコ実機 [枠名：JB NEO STELLA] [4ch対応],52600,有貨,https://home-slot.net/SHOP/p-jb216.html
3646,ジェット ラジオ,4号機,ロデオ,A-SLOT,【4号機】ロデオ ジェットセットラジオ 中古パチスロ実機 [4ch対応],59800,售完,https://www.a-slot.com/SHOP/rodeo34.html
3648,ジャグラーガール 緑,4号機,北電子,A-SLOT,【4号機】 北電子 ジャグラーガール（緑） 中古パチスロ実機 [4ch対応],26758,售完,https://www.a-slot.com/SHOP/kitadenshi1.html
3651,スーパービンゴ 30,4号機,ベルコ,A-SLOT,【4号機】ベルコ スーパービンゴ-30 中古パチスロ実機 [4ch対応],125000,有貨,https://www.a-slot.com/SHOP/bellco10.html
3652,スーパービンゴV Y,,ベルコ,A-SLOT,ベルコ スーパービンゴV 中古パチスロ実機 [4ch対応]Y,34642,售完,https://www.a-slot.com/SHOP/bellco2.html
3654,スーパーピカ吾郎R,4号機,山佐,A-SLOT,【4号機】山佐 スーパーピカ吾郎R 中古パチスロ実機 [4ch対応],31500,售完,https://www.a-slot.com/SHOP/yamasa_superpikagorour_kasugai.html
3656,スーパーリノMAX,,山佐,A-SLOT,【お取り寄せ商品】山佐 スーパーリノMAX 中古パチスロ実機 [4ch対応],102200,有貨,https://www.a-slot.com/SHOP/yamasa_super_reno.html
3661,タイムクロスA,4号機,山佐,A-SLOT,【4号機】山佐 タイムクロスA 中古パチスロ実機 [4ch対応],46651,售完,https://www.a-slot.com/SHOP/yamasa14.html
3663,ダンガンロンパ,P,ニューギン,ホームスロット,ニューギン Pダンガンロンパ 中古パチンコ実機 [枠名：ReLf] [4ch対応],59000,售完,https://home-slot.net/SHOP/p-newgin235.html
3664,ディスクアップ,4号機,Sammy,A-SLOT,【4号機】サミー ディスクアップ 中古パチスロ実機 [4ch対応],108000,有貨,https://www.a-slot.com/SHOP/sammy_discup.html
3665,デジタル所さん,,大一,ホームスロット,大一 デジタル所さん 中古パチスロ実機,35727,售完,https://home-slot.net/SHOP/s-daiichi2.html
3666,デジフラッシュ,4号機,ベルコ,A-SLOT,【4号機】ベルコ デジフラッシュ 中古パチスロ実機 [4ch対応],98000,售完,https://www.a-slot.com/SHOP/bellco11.html
3667,デュアルストーリー,,北電子,ホームスロット,北電子 デュアルストーリー 中古パチスロ実機,68500,售完,https://home-slot.net/SHOP/s-kitadenshi54.html
3675,ハードボイルド2,4号機,Sammy,A-SLOT,【4号機】サミー ハードボイルド2 中古パチスロ実機 [4ch対応],99800,有貨,https://www.a-slot.com/SHOP/sammy32.html
3678,バイオハザード6,スマパチ,七匠,ホームスロット,七匠 e バイオハザード6 中古パチンコ実機 [スマパチ] [枠名：スピネル],70300,有貨,https://home-slot.net/SHOP/p-nanashow206.html
3679,バウンティキラー,,山佐,A-SLOT,山佐 パチスロ バウンティキラー 中古パチスロ実機 [4ch対応],69800,售完,https://www.a-slot.com/SHOP/yamasa28.html
3680,バベル5000,P,ミズホ,ホームスロット,ミズホ Pバベル5000 中古パチンコ実機 [枠名：Uni-Flame] [4ch対応],52600,售完,https://home-slot.net/SHOP/p-mizuho204.html
3683,ビスティ 鉄拳 極,,,ホームスロット,ビスティ 鉄拳 極 枠色不問 中古パチンコ実機,52600,有貨,https://home-slot.net/SHOP/p-bisty204.html
3685,ビッグドリーム3,P,Sammy,ホームスロット,サミー Pビッグドリーム3 中古パチンコ実機 [枠名：真焔 ビッグドリーム] [4ch対応],52600,售完,https://home-slot.net/SHOP/p-sammy236.html
3686,ピカゴロウV B,,山佐,A-SLOT,山佐 ピカゴロウV-B 中古パチスロ実機 [4ch対応],64100,售完,https://www.a-slot.com/SHOP/yamasa34.html
3687,ファイナルバニー,4号機,オリンピア,A-SLOT,【4号機】オリンピア ファイナルバニー 中古パチスロ実機,67500,售完,https://www.a-slot.com/SHOP/olympia_finalbunny_kasugai.html
3689,ベルセルク無双,P,ニューギン,ホームスロット,ニューギン Pベルセルク無双 中古パチンコ実機 [枠名：黒船] [4ch対応],59000,售完,https://home-slot.net/SHOP/p-newgin246.html
3693,マツヤ商会 戦艦,4号機,,A-SLOT,【4号機】マツヤ商会 戦艦 中古パチスロ実機,69300,售完,https://www.a-slot.com/SHOP/matsuya_senkan_kasugai.html
3694,マルホン 天龍∞2,P,,ホームスロット,マルホン P天龍∞2 中古パチンコ実機,52600,售完,https://home-slot.net/SHOP/p-maruhon208.html
3695,マルホン 獅子王,P,,ホームスロット,マルホン P獅子王 中古パチンコ実機,71600,售完,https://home-slot.net/SHOP/p-maruhon210.html
3697,ミリオンゴッド,,ミズホ,ホームスロット,ミズホ ミリオンゴッド 中古パチスロ実機,53542,售完,https://home-slot.net/SHOP/s-mizuho-macy7.html
3705,乃木坂46 II,スマパチ,京楽,ホームスロット,京楽 e 乃木坂46 II 中古パチンコ実機 [スマパチ] [枠名：新枠 e乃木坂46] [4ch対応],91000,有貨,https://home-slot.net/SHOP/p-kyoraku235.html
3707,仮面ライダーV3,4号機,Sammy,A-SLOT,【4号機】サミー 仮面ライダーV3 中古パチスロ実機 [まるごと配送限定],53820,售完,https://www.a-slot.com/SHOP/sammy71.html
3709,仮面ライダー電王,スマパチ,京楽,ホームスロット,京楽 e 仮面ライダー電王 中古パチンコ実機 [スマパチ] [枠名：新枠 仮面ライダー電王KL12] [4ch対応],62600,有貨,https://home-slot.net/SHOP/p-kyoraku234.html
3710,北斗の拳8 覇王,P,Sammy,ホームスロット,サミー P北斗の拳8 覇王 中古パチンコ実機 [枠名：闘神] [4ch対応],55200,售完,https://home-slot.net/SHOP/p-sammy213.html
3711,北斗の拳9 闘神,P,Sammy,ホームスロット,サミー P北斗の拳9 闘神 中古パチンコ実機 [枠名：真焔 北斗の拳９] [4ch対応],71300,有貨,https://home-slot.net/SHOP/p-sammy231.html
3712,北斗の拳 暴凶星,P,Sammy,ホームスロット,サミー P北斗の拳 暴凶星 中古パチンコ実機 [枠名：真焔] [4ch対応],52600,有貨,https://home-slot.net/SHOP/p-sammy238.html
3714,宇宙戦艦ヤマト,,山佐,A-SLOT,山佐 パチスロ「宇宙戦艦ヤマト」 中古パチスロ実機 [4ch対応],51500,售完,https://www.a-slot.com/SHOP/yamasa45.html
3716,忍魂 初期パネル,,大都技研,A-SLOT,大都技研 忍魂 初期パネル 中古パチスロ実機 [4ch対応],67900,售完,https://www.a-slot.com/SHOP/daitogiken24.html
3723,新海物語349,スマパチ,SANYO,ホームスロット,SANYO e新海物語349 中古パチンコ実機 [スマパチ] [枠名：ゴッドウイングSP 新海物語] [4ch対応],57600,有貨,https://home-slot.net/SHOP/p-sanyo248.html
3724,新 遠山の金さん,P,藤商事,ホームスロット,JFJ P新・遠山の金さん 中古パチンコ実機 [枠名：クリスタルエアー 新・遠山の金さん] [8ch対応],65000,有貨,https://home-slot.net/SHOP/p-jfj237.html
3726,未来少年コナン,,ニューギン,ホームスロット,ニューギン 未来少年コナン 中古パチスロ実機,50300,售完,https://home-slot.net/SHOP/s-newgin11.html
3727,格闘美神ウーロン,,Sammy,ホームスロット,サミー パチスロ格闘美神ウーロン 中古パチスロ実機,44375,售完,https://home-slot.net/SHOP/s-sammy33.html
3731,燃えよ!功夫淑女,4号機,山佐,A-SLOT,【4号機】山佐 燃えよ！功夫淑女 中古パチスロ実機 [4ch対応],55000,售完,https://www.a-slot.com/SHOP/yamasa110.html
3732,爆釣 バクチョウ,,メーシー,ホームスロット,メーシー 爆釣（バクチョウ） 中古パチスロ実機,60601,售完,https://home-slot.net/SHOP/s-mizuho-macy6.html
3736,荒野のマンボウ,4号機,オリンピア,A-SLOT,【4号機】オリンピア 荒野のマンボウ 中古パチスロ実機 [4ch対応],53820,售完,https://www.a-slot.com/SHOP/heiwa130.html
3737,蒼天の拳2ZZ,,Sammy,A-SLOT,サミー パチスロ蒼天の拳2ＺＺ 中古パチスロ実機 [4ch対応],64100,售完,https://www.a-slot.com/SHOP/sammy107.html
3739,西陣 刀使ノ巫女,P,,ホームスロット,西陣 P刀使ノ巫女 中古パチンコ実機 [枠名：エース戦舞 刀使ノ巫女] [4ch対応],52600,有貨,https://home-slot.net/SHOP/p-nishijinn256.html
3740,西陣 桃剣閃撃 極,P,,ホームスロット,西陣 P桃剣閃撃 極 中古パチンコ実機 [枠名：戦舞 モモキュンソード極ＺＨ] [4ch対応],65300,售完,https://home-slot.net/SHOP/p-nishijinn267.html
3745,青ドン~花火の匠~,,エレコ,A-SLOT,エレコ 青ドン～花火の匠～ 中古パチスロ実機 [8ch対応],57800,售完,https://www.a-slot.com/SHOP/eleco28.html
3748,高尾 女神ドリーム,P,,ホームスロット,高尾 P女神ドリーム 枠色不問 中古パチンコ実機,55200,售完,https://home-slot.net/SHOP/p-takao234.html
3749,高尾 貞子3D3,P,,ホームスロット,高尾 P貞子3D3 中古パチンコ実機実機 [枠名：KIREPANDA-MODEL] [4ch対応],57600,有貨,https://home-slot.net/SHOP/p-takao250.html
3750,高尾 銭形平次2,P,,ホームスロット,高尾 P銭形平次2 中古パチンコ実機,65300,有貨,https://home-slot.net/SHOP/p-takao211.html
3752,黒ひげ危機一発,,山佐,A-SLOT,山佐 パチスロ「黒ひげ危機一発」 中古パチスロ実機 [4ch対応],60300,售完,https://www.a-slot.com/SHOP/yamasa73.html
3753,CRえとたま,,メーシー,ホームスロット,メーシー CRえとたま 中古パチンコ実機,71600,有貨,https://home-slot.net/SHOP/p-macy3.html
3754,CR未来日記,,ニューギン,ホームスロット,ニューギン CR未来日記 枠色不問 中古パチンコ実機,52600,售完,https://home-slot.net/SHOP/p-newgin208.html
3755,CR究極神判,,七匠,ホームスロット,七匠 CR究極神判 中古パチンコ実機,65300,售完,https://home-slot.net/SHOP/p-nanashow202.html
3756,CR超デコ 機,,ベルコ,ホームスロット,ベルコ CR超デコ 枠色不問 中古パチンコ実機機 [枠名：駆露夢（クロム)] [4ch対応],59000,售完,https://home-slot.net/SHOP/p-bellco200.html
3758,JPS シュート!,,,ホームスロット,JPS シュート! 中古パチスロ実機,35209,售完,https://home-slot.net/SHOP/s-jps10.html
3761,NET 十字架,4号機,,A-SLOT,【4号機】NET 十字架 中古パチスロ実機 [4ch対応],53820,售完,https://www.a-slot.com/SHOP/net7.html
3763,P EXゼウス,,ニューギン,ホームスロット,ニューギン P EXゼウス 枠色不問 中古パチンコ実機,65300,售完,https://home-slot.net/SHOP/p-newgin214.html
3765,T蒼天の拳2,,Sammy,ホームスロット,サミー パチスロT蒼天の拳2 中古パチスロ実機,54100,售完,https://home-slot.net/SHOP/s-sammy107.html
3766,あぶない刑事,P,ニューギン,ホームスロット,ニューギン Pあぶない刑事 中古パチンコ実機 [枠名：黒船 あぶない刑事] [4ch対応],52600,售完,https://home-slot.net/SHOP/p-newgin248.html
3767,どないやねん,P,藤商事,ホームスロット,藤商事 Pどないやねん 中古パチンコ実機 [枠名：クリスタルエアー] [8ch対応],59000,售完,https://home-slot.net/SHOP/p-fuji230.html
3771,アクアマリン,4号機,大都技研,A-SLOT,【4号機】大都技研 アクアマリン 中古パチスロ実機 [4ch対応],62820,售完,https://www.a-slot.com/SHOP/daitogiken16.html
3778,キャッツ アイ,スマパチ,平和,ホームスロット,平和 eキャッツ・アイ 中古パチンコ実機 [スマパチ] [枠名：BLAST ｅキャッツアイ３] [8ch対応],92400,售完,https://home-slot.net/SHOP/p-heiwa235.html
3779,キャッツアイ,4号機,Sammy,A-SLOT,【4号機】サミー キャッツアイ 中古パチスロ実機 [4ch対応],79800,售完,https://www.a-slot.com/SHOP/sammy118.html
3792,スーパーリオエース,,山佐,A-SLOT,山佐 スーパーリオエース 中古パチスロ実機 [4ch対応],52700,有貨,https://www.a-slot.com/SHOP/s-yamasa227.html
3794,セブンバー 30,,高砂,A-SLOT,高砂 セブンバー－30 中古パチスロ実機 [4ch対応],78500,售完,https://www.a-slot.com/SHOP/takasago4.html
3800,ニューオアシス,,パイオニア,A-SLOT,パイオニア ニューオアシス 中古パチスロ実機 [4ch対応],45100,售完,https://www.a-slot.com/SHOP/pioneer_new_oasis.html
3801,ニューシオサイ,,パイオニア,A-SLOT,パイオニア ニューシオサイ 中古パチスロ実機,777000,有貨,https://www.a-slot.com/SHOP/s-pioneer221.html
3807,バリバリ伝説,,平和,A-SLOT,平和 バリバリ伝説 中古パチスロ実機 [4ch対応],65000,售完,https://www.a-slot.com/SHOP/heiwa45.html
3809,パトラッシュ,,SANKYO,ホームスロット,SANKYO パチスロ パトラッシュ 中古パチスロ実機,68500,售完,https://home-slot.net/SHOP/s-sankyo57.html
3810,パル工業 ビガー,,,A-SLOT,パル工業 ビガー 中古パチスロ実機,91320,售完,https://www.a-slot.com/SHOP/palkogyo_vigor_kasugai.html
3811,ヒデキに夢中!!,4号機,オリンピア,A-SLOT,【お取り寄せ商品】【4号機】オリンピア ヒデキに夢中!! 中古パチスロ実機 [4ch対応],108500,有貨,https://www.a-slot.com/SHOP/heiwa89.html
3812,ビスティ 夜王,,,ホームスロット,ビスティ 夜王 中古パチスロ実機,68500,售完,https://home-slot.net/SHOP/s-sankyo60.html
3813,ビッグシオV,,パイオニア,A-SLOT,パイオニア ビッグシオＶ 中古パチスロ実機 [8ch対応],78500,售完,https://www.a-slot.com/SHOP/pioneer8_bigsio_v.html
3814,ピカ吾郎V2,,山佐,A-SLOT,山佐 ピカ吾郎V2 中古パチスロ実機 [4ch対応],71820,售完,https://www.a-slot.com/SHOP/yamasa_pikagorou_v2.html
3815,ピンクパンサー,4号機,山佐,A-SLOT,【4号機】山佐 ピンクパンサー 中古パチスロ実機,49500,售完,https://www.a-slot.com/SHOP/yamasa95.html
3818,ベティ ブープS,4号機,Sammy,A-SLOT,【4号機】サミー ベティ・ブープS 中古パチスロ実機 [4ch対応],95000,售完,https://www.a-slot.com/SHOP/sammy_bettyboop.html
3822,マイジャグラー,,北電子,ホームスロット,北電子 マイジャグラー 中古パチスロ実機,98500,售完,https://home-slot.net/SHOP/s-kitadensi32.html
3825,マルホン 鳳凰∞,P,,ホームスロット,マルホン P鳳凰∞ 中古パチンコ実機,52600,有貨,https://home-slot.net/SHOP/p-maruhon203.html
3829,レキオ2 30,,山佐,A-SLOT,山佐 レキオ2-30 中古パチスロ実機 [4ch対応],40508,售完,https://www.a-slot.com/SHOP/yamasa46.html
3830,ワンバーS 30,,ベルコ,A-SLOT,ベルコ ワンバーS-30 中古パチスロ実機,64100,有貨,https://www.a-slot.com/SHOP/bellco205.html
3831,ワンパンマン,P,ニューギン,ホームスロット,ニューギン Pワンパンマン 中古パチンコ実機 [枠名：黒船 ワンパンマン] [4ch対応],70000,售完,https://home-slot.net/SHOP/p-newgin267.html
3832,ヴァンパイア,,エンターライズ,ホームスロット,エンターライズ ヴァンパイア 中古パチスロ実機,45475,售完,https://home-slot.net/SHOP/s-enta2.html
3834,中森明菜 伝説,,大一,A-SLOT,大一 中森明菜スロット伝説 中古パチスロ実機 [4ch対応],32717,售完,https://www.a-slot.com/SHOP/daiichi3.html
3843,南国育ち 25,4号機,平和,A-SLOT,【4号機】平和 南国育ち-25 中古パチスロ実機 [4ch対応],135000,售完,https://www.a-slot.com/SHOP/heiwa17.html
3844,南国育ち 30,4号機,平和,A-SLOT,【4号機】平和 南国育ち-30 中古パチスロ実機 [4ch対応],135000,售完,https://www.a-slot.com/SHOP/heiwa24_main.html
3845,吉宗S ラブリー,4号機,大都技研,A-SLOT,【4号機】大都技研 吉宗S（ラブリー） 中古パチスロ実機 [4ch対応],135000,有貨,https://www.a-slot.com/SHOP/daitogiken18.html
3846,吉宗S 越後屋,4号機,大都技研,A-SLOT,【4号機】大都技研 吉宗S（越後屋） 中古パチスロ実機 [4ch対応],135000,有貨,https://www.a-slot.com/SHOP/daitogiken11.html
3851,押忍!番長 漢ゆ,4号機,大都技研,A-SLOT,【4号機】大都技研 押忍!番長（漢ゆ） 中古パチスロ実機 [4ch対応],99800,有貨,https://www.a-slot.com/SHOP/daitogiken5.html
3852,新鬼武者 再臨,,ロデオ,ホームスロット,ロデオ 新鬼武者 再臨 中古パチスロ実機,89800,售完,https://home-slot.net/SHOP/s-rodeo46.html
3856,真 座頭市物語,P,ニューギン,ホームスロット,ニューギン P真・座頭市物語 中古パチンコ実機 [枠名：黒船 真・座頭市物語] [4ch対応],117300,售完,https://home-slot.net/SHOP/p-newgin286.html
3857,真 花の慶次3,P,ニューギン,ホームスロット,ニューギン P真・花の慶次3 中古パチンコ実機 [枠名：黒船 真・花の慶次３] [4ch対応],91000,售完,https://home-slot.net/SHOP/p-newgin255.html
3858,真 黄門ちゃま,P,平和,ホームスロット,平和 P真・黄門ちゃま 中古パチンコ実機,86000,有貨,https://home-slot.net/SHOP/p-heiwa215.html
3859,秘宝伝 クレア,4号機,大都技研,A-SLOT,【4号機】大都技研 秘宝伝（クレア） 中古パチスロ実機 [4ch対応],99800,有貨,https://www.a-slot.com/SHOP/daitogiken6.html
3861,蒼天の拳 双龍,P,Sammy,ホームスロット,サミー P蒼天の拳 双龍 枠色不問 中古パチンコ実機 [枠名：闘神] [4ch対応],59000,售完,https://home-slot.net/SHOP/p-sammy218.html
3864,覇穹 封神演義,P,ニューギン,ホームスロット,ニューギン P覇穹 封神演義 中古パチンコ実機 [枠名：黒船] [4ch対応],116000,售完,https://home-slot.net/SHOP/p-newgin278.html
3865,走れコウタロー,,大一,ホームスロット,大一 走れコウタロー 中古パチスロ実機,28742,售完,https://home-slot.net/SHOP/s-daiichi7.html
3871,7cafe,4号機,SANKYO,A-SLOT,【4号機】SANKYO 7cafe 中古パチスロ実機 [4ch対応],16400,售完,https://www.a-slot.com/SHOP/sankyo87.html
3872,CR楓魂L,,大都技研,ホームスロット,大都技研 CR楓魂L 中古パチンコ実機,52600,售完,https://home-slot.net/SHOP/p-daito12.html
3875,おそ松くん,,大一,ホームスロット,大一 おそ松くん 中古パチスロ実機,28742,售完,https://home-slot.net/SHOP/s-daiichi8.html
3879,アラジンA,4号機,Sammy,A-SLOT,【4号機】サミー アラジンA 中古パチスロ実機 [4ch対応],135000,有貨,https://www.a-slot.com/SHOP/sammy74.html
3880,アラジンS,4号機,Sammy,A-SLOT,【4号機】サミー アラジンS 中古パチスロ実機 [4ch対応],99800,售完,https://www.a-slot.com/SHOP/sammy109.html
3883,キュロゴス,4号機,山佐,A-SLOT,【4号機】山佐 キュロゴス 中古パチスロ実機 [4ch対応],51169,售完,https://www.a-slot.com/SHOP/yamasa26.html
3885,ギンギン丸,4号機,ロデオ,A-SLOT,【4号機】ロデオ ギンギン丸 中古パチスロ実機 [4ch対応],59800,有貨,https://www.a-slot.com/SHOP/rodeo38.html
3887,ケータイ少女,,北電子,ホームスロット,北電子 ケータイ少女 中古パチスロ実機,74900,售完,https://home-slot.net/SHOP/s-kitadenshi51.html
3895,サクラ大戦,,エレコ,A-SLOT,エレコ サクラ大戦 中古パチスロ実機 [4ch対応],57800,售完,https://www.a-slot.com/SHOP/eleco6.html
3896,サンダーV2,,メーシー,ホームスロット,メーシー サンダーV2 中古パチスロ実機,46667,售完,https://home-slot.net/SHOP/s-mizuho-macy33.html
3900,スーパービンゴ,4号機,ベルコ,A-SLOT,【4号機】ベルコ スーパービンゴ 中古パチスロ実機 [4ch対応],125000,有貨,https://www.a-slot.com/SHOP/bellco1.html
3904,デビルマン,,エレコ,A-SLOT,エレコ デビルマン 中古パチスロ実機 [4ch対応],62820,售完,https://www.a-slot.com/SHOP/eleco1.html
3905,トリガーゾーン,4号機,山佐,A-SLOT,【4号機】山佐 トリガーゾーン 中古パチスロ実機 [4ch対応],40500,售完,https://www.a-slot.com/SHOP/yamasa_triggerzone.html
3911,ハイビ30,,パイオニア,A-SLOT,パイオニア ハイビ30 中古パチスロ実機 [4ch対応] 中古パチスロ実機 [4ch対応],62820,售完,https://www.a-slot.com/SHOP/pioneer1.html
3913,バニーガール 白,,オリンピア,ホームスロット,オリンピア バニーガール（白） 中古パチスロ実機,73441,售完,https://home-slot.net/SHOP/s-heiwa25.html
3914,バニーガール 赤,,オリンピア,ホームスロット,オリンピア バニーガール（赤） 中古パチスロ実機,74075,售完,https://home-slot.net/SHOP/s-heiwa27.html
3915,プレイボーイ,,山佐,A-SLOT,山佐 プレイボーイ 中古パチスロ実機 [4ch対応],82300,售完,https://www.a-slot.com/SHOP/yamasa11.html
3922,ラスベガス,4号機,オリンピア,A-SLOT,【4号機】オリンピア ラスベガス 中古パチスロ実機 [4ch対応],51233,售完,https://www.a-slot.com/SHOP/heiwa116.html
3926,ルパン三世,4号機,オリンピア,A-SLOT,【4号機】オリンピア ルパン三世 中古パチスロ実機,58500,售完,https://www.a-slot.com/SHOP/olympia_lupinthethird_kasugai.html
3928,主役は銭形,4号機,平和,A-SLOT,【4号機】平和 主役は銭形 中古パチスロ実機 [4ch対応],99800,有貨,https://www.a-slot.com/SHOP/heiwa11.html
3929,地獄少女 四,P,藤商事,ホームスロット,藤商事 P地獄少女 四 中古パチンコ実機 [枠名：クリスタルエアー 地獄少女四] [8ch対応],57600,售完,https://home-slot.net/SHOP/p-fuji219.html
3930,地獄少女 華,P,藤商事,ホームスロット,藤商事 P地獄少女 華 中古パチンコ実機 [枠名：クリスタルエアー 地獄少女 華] [8ch対応],65000,有貨,https://home-slot.net/SHOP/p-fuji228.html
3935,天昇!姫相撲,P,大一,ホームスロット,大一 P天昇！姫相撲 中古パチンコ実機 [枠名：ルナーレス 姫相撲] [4ch対応],52600,售完,https://home-slot.net/SHOP/p-daiichi212.html
3937,愛の不時着,P,メーシー,ホームスロット,メーシー P愛の不時着 中古パチンコ実機 [枠名：SHINOBI7 愛の不時着MF] [8ch対応],63900,有貨,https://home-slot.net/SHOP/p-macy231.html
3939,押忍!番長2,P,大都技研,ホームスロット,大都技研 P押忍！番長2 中古パチンコ実機,61500,有貨,https://home-slot.net/SHOP/p-daito201.html
3940,押忍!番長4,スマスロ,大都技研,ホームスロット,大都技研 押忍！番長4 中古パチスロ実機 [スマスロ] [8ch対応],43100,有貨,https://home-slot.net/SHOP/s-daito214.html
3942,押忍!番長 操,4号機,大都技研,A-SLOT,【4号機】大都技研 押忍!番長（操） 中古パチスロ実機 [4ch対応],99800,有貨,https://www.a-slot.com/SHOP/daitogiken2.html
3943,押忍!番長 轟,4号機,大都技研,A-SLOT,【4号機】大都技研 押忍!番長（轟） 中古パチスロ実機 [4ch対応],99800,有貨,https://www.a-slot.com/SHOP/daitogiken1.html
3946,時空大作戦,,岡崎産業,A-SLOT,岡崎産業 時空大作戦 中古パチスロ実機 [4ch対応],75000,售完,https://www.a-slot.com/SHOP/okazaki17.html
3947,格闘激戦区,,エレコ,A-SLOT,エレコ 格闘激戦区 中古パチスロ実機 [4ch対応],51169,售完,https://www.a-slot.com/SHOP/eleco9.html
3950,浪花桜吹雪,,平和,ホームスロット,平和 浪花桜吹雪 中古パチスロ実機,28742,售完,https://home-slot.net/SHOP/s-heiwa23.html
3953,烈火の炎3,P,平和,ホームスロット,平和 P烈火の炎3 中古パチンコ実機,52600,售完,https://home-slot.net/SHOP/p-heiwa213.html
3955,真 一騎当千,P,大一,ホームスロット,大一 P真・一騎当千 中古パチンコ実機 [枠名：ルナーレス2 一騎当千][4ch対応],62600,有貨,https://home-slot.net/SHOP/p-daiichi220.html
3960,竜馬翔ける!,,岡崎産業,ホームスロット,岡崎産業 竜馬翔ける! 中古パチスロ実機,68500,售完,https://home-slot.net/SHOP/s-okazaki3.html
3964,花の慶次~蓮,P,ニューギン,ホームスロット,ニューギン P花の慶次～蓮 中古パチンコ実機 [枠名：天槍] [4ch対応],57600,有貨,https://home-slot.net/SHOP/p-newgin229.html
3965,花伝説 25,4号機,オリンピア,A-SLOT,【4号機】オリンピア 花伝説-25 中古パチスロ実機 [4ch対応],148000,有貨,https://www.a-slot.com/SHOP/heiwa179.html
3966,花伝説 30,4号機,オリンピア,A-SLOT,【4号機】オリンピア 花伝説-30 中古パチスロ実機 [4ch対応],148000,有貨,https://www.a-slot.com/SHOP/heiwa180.html
3968,超ハネ獣王,P,Sammy,ホームスロット,サミー P超ハネ獣王 枠色不問 中古パチンコ実機 [枠名：闘神] [4ch対応],65300,售完,https://home-slot.net/SHOP/p-sammy227.html
3975,麻雀物語4,P,平和,ホームスロット,平和 P麻雀物語4 中古パチンコ実機 [枠名：BLAST 麻雀物語４] [8ch対応],52600,有貨,https://home-slot.net/SHOP/p-heiwa229.html
3976,CR忍魂,,大都技研,ホームスロット,大都技研 CR忍魂 中古パチンコ実機,92400,售完,https://home-slot.net/SHOP/p-daito9.html
3982,ガンガン,4号機,大都技研,A-SLOT,【4号機】大都技研 ガンガン 中古パチスロ実機 [4ch対応],62820,售完,https://www.a-slot.com/SHOP/daitogiken67.html
3987,シェイク,4号機,大都技研,A-SLOT,【4号機】大都技研 シェイク 中古パチスロ実機 [4ch対応],62820,售完,https://www.a-slot.com/SHOP/daitogiken12.html
3988,スロ原人,,高砂,ホームスロット,高砂 スロ原人 中古パチスロ実機,28742,售完,https://home-slot.net/SHOP/s-takasago5.html
3992,バンドリ!,P,平和,ホームスロット,平和 Pバンドリ！ 中古パチンコ実機 [枠名：BLAST バンドリH1YZ4] [8ch対応],75300,有貨,https://home-slot.net/SHOP/p-heiwa241.html
3993,パチって,,スパイキー,ホームスロット,スパイキー パチってスロット 中古パチスロ実機,38599,售完,https://home-slot.net/SHOP/s-sonota_2.html
3994,ビーチガール,4号機,オリンピア,A-SLOT,【4号機】オリンピア ビーチガール 中古パチスロ実機,40500,售完,https://www.a-slot.com/SHOP/olympia_beachgirl_kasugai.html
3996,ブルース リー,,藤商事,A-SLOT,藤商事 パチスロ ブルース・リー 中古パチスロ実機 [4ch対応],22694,售完,https://www.a-slot.com/SHOP/fuji2.html
4000,レンキン,4号機,Sammy,A-SLOT,【4号機】サミー レンキン 中古パチスロ実機 [4ch対応],53820,售完,https://www.a-slot.com/SHOP/sammy121.html
4004,冥妃転生,スマパチ,メーシー,ホームスロット,メーシー e冥妃転生 中古パチンコ実機 [スマパチ] [枠名：ディアマンテ] [8ch対応],127300,有貨,https://home-slot.net/SHOP/p-macy239.html
4008,吉宗S 姫,4号機,大都技研,A-SLOT,【4号機】大都技研 吉宗S（姫） 中古パチスロ実機 [4ch対応],135000,有貨,https://www.a-slot.com/SHOP/daitogiken10.html
4009,吉宗S 殿,4号機,大都技研,A-SLOT,【4号機】大都技研 吉宗S（殿） 中古パチスロ実機 [4ch対応],137000,售完,https://www.a-slot.com/SHOP/daitogiken9.html
4010,吉宗S 爺,4号機,大都技研,A-SLOT,【4号機】大都技研 吉宗S（爺） 中古パチスロ実機 [4ch対応],135000,有貨,https://www.a-slot.com/SHOP/daitogiken20.html
4012,大漁II,,北電子,ホームスロット,北電子 大漁II 中古パチスロ実機,41500,售完,https://home-slot.net/SHOP/s-kitadenshi57.html
4017,戦国無双,,山佐,A-SLOT,山佐 戦国無双 中古パチスロ実機 [4ch対応],93500,售完,https://www.a-slot.com/SHOP/yamasa2.html
4023,猛獣王G,4号機,Sammy,A-SLOT,【4号機】サミー 猛獣王G 中古パチスロ実機 [4ch対応],79800,售完,https://www.a-slot.com/SHOP/sammy3_r76.html
4024,猛獣王S,4号機,Sammy,A-SLOT,【4号機】サミー 猛獣王S 中古パチスロ実機 [4ch対応],58000,售完,https://www.a-slot.com/SHOP/sammy3.html
4035,頭文字D,P,Sammy,ホームスロット,サミー P頭文字D 中古パチンコ実機 [枠名：真焔 頭文字Ｄ] [4ch対応],42700,售完,https://home-slot.net/SHOP/p-sammy234.html
4036,魁!男塾 Y,,ロデオ,A-SLOT,ロデオ 魁!男塾 中古パチスロ実機 [4ch対応]Y,78500,售完,https://www.a-slot.com/SHOP/rodeo14.html
4038,麻雀物語,4号機,平和,A-SLOT,【4号機】平和 麻雀物語 中古パチスロ実機 [4ch対応],99000,售完,https://www.a-slot.com/SHOP/heiwa92.html
4041,スノーキー,4号機,平和,A-SLOT,【4号機】平和 スノーキー 中古パチスロ実機 [4ch対応],69800,售完,https://www.a-slot.com/SHOP/heiwa126.html
4043,バーグラー,,メーシー,A-SLOT,【お取り寄せ商品】 メーシー バーグラー 中古パチスロ実機 [4ch対応],78500,有貨,https://www.a-slot.com/SHOP/mizuho-macy8.html
4045,三國志,,ニューギン,ホームスロット,ニューギン パチスロ三國志 中古パチスロ実機,41500,售完,https://home-slot.net/SHOP/s-newgin31.html
4048,冒険島,スマパチ,SANYO,ホームスロット,SANYO e冒険島 中古パチンコ実機 [スマパチ] [枠名：ゴッドウイングSP e冒険島 EHLC2] [4ch対応],57600,有貨,https://home-slot.net/SHOP/p-sanyo259.html
4060,秘宝伝,4号機,大都技研,A-SLOT,【4号機】大都技研 秘宝伝 中古パチスロ実機 [4ch対応],99800,有貨,https://www.a-slot.com/SHOP/daitogiken7.html
4068,鉄拳R,4号機,山佐,A-SLOT,【4号機】山佐 鉄拳R 中古パチスロ実機 [4ch対応],89800,有貨,https://www.a-slot.com/SHOP/yamasa13.html
4069,雷蔵伝,4号機,平和,A-SLOT,【4号機】平和 雷蔵伝 中古パチスロ実機 [4ch対応],59800,售完,https://www.a-slot.com/SHOP/heiwa1.html
4071,高尾 沼,P,,ホームスロット,高尾 P沼 中古パチンコ実機,59000,售完,https://home-slot.net/SHOP/p-takao204.html
4073,魁!男塾,,ロデオ,ホームスロット,ロデオ 魁!男塾 中古パチスロ実機,68500,售完,https://home-slot.net/SHOP/s-rodeo14.html
4075,黄金神,4号機,オリンピア,A-SLOT,【4号機】オリンピア 黄金神 中古パチスロ実機 [4ch対応],59800,售完,https://www.a-slot.com/SHOP/heiwa94.html
4082,宝船,4号機,オリンピア,A-SLOT,【4号機】オリンピア 宝船 中古パチスロ実機 [4ch対応],59800,售完,https://www.a-slot.com/SHOP/heiwa107.html
4087,獣王,4号機,Sammy,A-SLOT,【4号機】サミー 獣王 中古パチスロ実機 [4ch対応],135000,售完,https://www.a-slot.com/SHOP/sammy22.html
4088,紅蓮,4号機,パイオニア,A-SLOT,【4号機】パイオニア 紅蓮 中古パチスロ実機 [4ch対応],138000,有貨,https://www.a-slot.com/SHOP/pioneer34.html
4091,貞子,P,藤商事,ホームスロット,藤商事 P貞子 中古パチンコ実機 [枠名：クリスタルエアー 貞子FMD] [8ch対応],57600,有貨,https://home-slot.net/SHOP/p-fuji244.html
4093,鬼火,,ニューギン,ホームスロット,ニューギン 鬼火 中古パチスロ実機,45475,售完,https://home-slot.net/SHOP/s-newgi5.html
4094,A,,,A-SLOT,A,72000,售完,https://www.a-slot.com/SHOP/a-counter-ant.html
