機種名,規格,廠商,站數,有庫存,最低價,最高價,價差,價差%,最便宜店家,ホームスロット 價格,ホームスロット 連結,A-SLOT 價格,A-SLOT 連結,イニシャルP (FC2) 價格,イニシャルP (FC2) 連結
スーパーバニーガール 黒 Y,,オリンピア,2,否,64542,142200,77658,54.6,ホームスロット,64542,https://home-slot.net/SHOP/s-heiwa26.html,142200,https://www.a-slot.com/SHOP/heiwa26.html,,
タイヨーエレック ToHeart2 トゥーハート2,,,2,否,43642,99800,56158,56.3,ホームスロット,43642,https://home-slot.net/SHOP/s-taiyo_elec15.html,99800,https://www.a-slot.com/SHOP/taiyo_elec15.html,,
SNKプレイモア 神たま,,,2,否,28742,78500,49758,63.4,ホームスロット,28742,https://home-slot.net/SHOP/s-snk11.html,78500,https://www.a-slot.com/SHOP/snk11.html,,
タイヨー 一騎当千A 関羽パネル,,,2,否,35727,75100,39373,52.4,ホームスロット,35727,https://home-slot.net/SHOP/s-taiyo7.html,75100,https://www.a-slot.com/SHOP/taiyo7.html,,
設定7基板 極メ 単品 可 店 A,,,2,是,35000,72000,37000,51.4,ホームスロット,35000,https://home-slot.net/SHOP/s-option157.html,72000,https://www.a-slot.com/SHOP/option157.html,,
女番長,,高砂,2,否,29300,59800,30500,51.0,ホームスロット,29300,https://home-slot.net/SHOP/s-takasago3.html,59800,https://www.a-slot.com/SHOP/takasago3.html,,
タイヨーエレック 真 女神転生,,,2,否,44375,71820,27445,38.2,ホームスロット,44375,https://home-slot.net/SHOP/s-taiyo_elec8.html,71820,https://www.a-slot.com/SHOP/taiyo_elec8.html,,
バルテック 一騎当千XX,,,2,否,36583,59500,22917,38.5,ホームスロット,36583,https://home-slot.net/SHOP/s-baltec5.html,59500,https://www.a-slot.com/SHOP/baltec5.html,,
ニイガタ電子 鉄拳X,,山佐,2,否,28742,50220,21478,42.8,ホームスロット,28742,https://home-slot.net/SHOP/s-yamasa29.html,50220,https://www.a-slot.com/SHOP/yamasa29.html,,
範馬刃牙,スマスロ,オリンピア,2,是,47800,69100,21300,30.8,ホームスロット,47800,https://home-slot.net/SHOP/s-olympia239.html,69100,https://www.a-slot.com/SHOP/s-olympia239.html,,
アビリット 鬼浜爆走紅蓮隊 爆音烈士編 初期パネル,,,2,否,28742,49500,20758,41.9,ホームスロット,28742,https://home-slot.net/SHOP/s-ginza9.html,49500,https://www.a-slot.com/SHOP/ginza9.html,,
アリストクラート 恐怖新聞~第二章~,,,2,否,22174,37909,15735,41.5,A-SLOT,37909,https://home-slot.net/SHOP/s-aristocrat12.html,22174,https://www.a-slot.com/SHOP/aristocrat12.html,,
サムライチャンプルー極,,ニューギン,2,否,27675,43408,15733,36.2,A-SLOT,43408,https://home-slot.net/SHOP/s-newgi7.html,27675,https://www.a-slot.com/SHOP/newgi7.html,,
JPS ドルマッチ,,,2,否,23367,38508,15141,39.3,A-SLOT,38508,https://home-slot.net/SHOP/s-jps21.html,23367,https://www.a-slot.com/SHOP/jps21.html,,
舞 HiME,,岡崎産業,2,否,39792,53000,13208,24.9,ホームスロット,39792,https://home-slot.net/SHOP/s-okaaki1.html,53000,https://www.a-slot.com/SHOP/okaaki1.html,,
SNKプレイモア 神たま ~ARTやで!全員集合~,,,2,否,22174,35209,13035,37.0,A-SLOT,35209,https://home-slot.net/SHOP/s-snk15.html,22174,https://www.a-slot.com/SHOP/snk15.html,,
科学忍者隊ガッチャマンGR,,岡崎産業,2,否,22174,35209,13035,37.0,A-SLOT,35209,https://home-slot.net/SHOP/s-okaaki2.html,22174,https://www.a-slot.com/SHOP/okaaki2.html,,
オーイズミ ハネスロ林家一家,,,2,否,22174,35209,13035,37.0,A-SLOT,35209,https://home-slot.net/SHOP/s-oizumi11.html,22174,https://www.a-slot.com/SHOP/oizumi11.html,,
ヤーマ スーパージャックポットN,5号機,,2,否,22174,35209,13035,37.0,A-SLOT,35209,https://home-slot.net/SHOP/s-yama1.html,22174,https://www.a-slot.com/SHOP/yama1.html,,
TRIVY クローズ,,,2,否,22174,35209,13035,37.0,A-SLOT,35209,https://home-slot.net/SHOP/s-trivy4.html,22174,https://www.a-slot.com/SHOP/trivy4.html,,
DAXEL 剣豪,,,2,否,22174,35209,13035,37.0,A-SLOT,35209,https://home-slot.net/SHOP/s-daxel1.html,22174,https://www.a-slot.com/SHOP/daxel1.html,,
湘南爆走族,,大一,2,否,22174,35209,13035,37.0,A-SLOT,35209,https://home-slot.net/SHOP/s-daiichi1.html,22174,https://www.a-slot.com/SHOP/daiichi1.html,,
天誅,,ニューギン,2,否,22174,35209,13035,37.0,A-SLOT,35209,https://home-slot.net/SHOP/s-newgi4.html,22174,https://www.a-slot.com/SHOP/newgi4.html,,
SNKプレイモア アフロのモンチ,,,2,否,27597,40631,13034,32.1,A-SLOT,40631,https://home-slot.net/SHOP/s-snk26.html,27597,https://www.a-slot.com/SHOP/snk26.html,,
SNKプレイモア マキシマムインパクト,,,2,否,25522,38555,13033,33.8,A-SLOT,38555,https://home-slot.net/SHOP/s-snk27.html,25522,https://www.a-slot.com/SHOP/snk27.html,,
SNKプレイモア 超お父さん2,,,2,否,31342,44375,13033,29.4,A-SLOT,44375,https://home-slot.net/SHOP/s-snk18.html,31342,https://www.a-slot.com/SHOP/snk18.html,,
JPS シンゾウニンゲン,,,2,否,23367,36400,13033,35.8,A-SLOT,36400,https://home-slot.net/SHOP/s-jps11.html,23367,https://www.a-slot.com/SHOP/jps11.html,,
エイリアンVSプレデター,,藤商事,2,否,37483,50516,13033,25.8,A-SLOT,50516,https://home-slot.net/SHOP/s-fuji4.html,37483,https://www.a-slot.com/SHOP/fuji4.html,,
スーパー海物語IN沖縄30,,SANYO,2,否,31342,44375,13033,29.4,A-SLOT,44375,https://home-slot.net/SHOP/s-sanyo6.html,31342,https://www.a-slot.com/SHOP/sanyo6.html,,
必勝金閣寺物語~古都絢爛~,,高砂,2,否,77175,90208,13033,14.4,A-SLOT,90208,https://home-slot.net/SHOP/s-takasago2.html,77175,https://www.a-slot.com/SHOP/takasago2.html,,
IGT さすがの猿飛,,,2,否,27675,40708,13033,32.0,A-SLOT,40708,https://home-slot.net/SHOP/s-igt13.html,27675,https://www.a-slot.com/SHOP/igt13.html,,
ファースト マジシャン,,,2,否,16309,29342,13033,44.4,A-SLOT,29342,https://home-slot.net/SHOP/s-first1.html,16309,https://www.a-slot.com/SHOP/first1.html,,
チャレンジマンA,,岡崎産業,2,否,58567,71600,13033,18.2,A-SLOT,71600,https://home-slot.net/SHOP/s-okazaki4.html,58567,https://www.a-slot.com/SHOP/okazaki4.html,,
2号機 アラジン,,Sammy,2,否,90192,103225,13033,12.6,A-SLOT,103225,https://home-slot.net/SHOP/s-sammy26.html,90192,https://www.a-slot.com/SHOP/sammy26.html,,
コルモ シーシー,,,2,否,37483,50516,13033,25.8,A-SLOT,50516,https://home-slot.net/SHOP/s-colmo1.html,37483,https://www.a-slot.com/SHOP/colmo1.html,,
捕物帳 斬,,ベルコ,2,否,32442,45475,13033,28.7,A-SLOT,45475,https://home-slot.net/SHOP/s-bellco4.html,32442,https://www.a-slot.com/SHOP/bellco4.html,,
IGT アダムスファミリー,,,2,否,35820,48000,12180,25.4,A-SLOT,48000,https://home-slot.net/SHOP/s-igt201.html,35820,https://www.a-slot.com/SHOP/igt201.html,,
タイヨー スーパー花浪漫2 30,,,2,否,36566,48684,12118,24.9,A-SLOT,48684,https://home-slot.net/SHOP/s-taiyo14.html,36566,https://www.a-slot.com/SHOP/taiyo14.html,,
タイヨー Piaキャロットへようこそ!!G.O.,,,2,否,33267,45383,12116,26.7,A-SLOT,45383,https://home-slot.net/SHOP/s-taiyo11.html,33267,https://www.a-slot.com/SHOP/taiyo11.html,,
JPS 2027II NEO,,,2,否,24300,36400,12100,33.2,A-SLOT,36400,https://home-slot.net/SHOP/s-jps12.html,24300,https://www.a-slot.com/SHOP/jps12.html,,
JPS 2027II,,,2,否,24300,36400,12100,33.2,A-SLOT,36400,https://home-slot.net/SHOP/s-jps17.html,24300,https://www.a-slot.com/SHOP/jps17.html,,
天誅~Deadly Blow~,,ニューギン,2,否,32167,43367,11200,25.8,A-SLOT,43367,https://home-slot.net/SHOP/s-newgin14.html,32167,https://www.a-slot.com/SHOP/newgin14.html,,
オーイズミ 009 1,,,2,否,22267,33467,11200,33.5,A-SLOT,33467,https://home-slot.net/SHOP/s-oizumi9.html,22267,https://www.a-slot.com/SHOP/oizumi9.html,,
SNKプレイモア スカイラブ2~再会の空~,,,2,否,36000,47075,11075,23.5,A-SLOT,47075,https://home-slot.net/SHOP/s-snk14.html,36000,https://www.a-slot.com/SHOP/snk14.html,,
アリストクラート マッハGoGoGoIII,,,2,否,36730,47700,10970,23.0,ホームスロット,36730,https://home-slot.net/SHOP/s-rodeo13.html,47700,https://www.a-slot.com/SHOP/aristocrat14.html,,
ビスティ トゥームレイダー 緑パネル,,,2,否,28742,39700,10958,27.6,ホームスロット,28742,https://home-slot.net/SHOP/s-sankyo40.html,39700,https://www.a-slot.com/SHOP/sankyo40.html,,
タイヨーエレック ぷよぷよ!M M,,,2,否,71050,82000,10950,13.4,ホームスロット,71050,https://home-slot.net/SHOP/s-taiyo_elec16.html,82000,https://www.a-slot.com/SHOP/taiyo_elec16.html,,
スーパービンゴSP3,,ベルコ,2,否,25566,36309,10743,29.6,A-SLOT,36309,https://home-slot.net/SHOP/s-bellco3.html,25566,https://www.a-slot.com/SHOP/bellco3.html,,
KPE ランブルローズXX,,,2,否,57800,68500,10700,15.6,A-SLOT,68500,https://home-slot.net/SHOP/s-kpe16.html,57800,https://www.a-slot.com/SHOP/s-kpe209.html,,
タイヨー 一騎当千BB外伝,,,2,否,29967,40250,10283,25.5,A-SLOT,40250,https://home-slot.net/SHOP/s-taiyo8.html,29967,https://www.a-slot.com/SHOP/taiyo8.html,,
とある科学の超電磁砲2,スマスロ,藤商事,2,是,94800,105000,10200,9.7,ホームスロット,94800,https://home-slot.net/SHOP/s-fuji209.html,105000,https://www.a-slot.com/SHOP/s-fuji209.html,,
DAXEL まじかるすいーとプリズム ナナ アスカパネル,,,2,否,68500,78500,10000,12.7,ホームスロット,68500,https://home-slot.net/SHOP/s-daxel6.html,78500,https://www.a-slot.com/SHOP/daxel6.html,,
DAXEL まじかるすいーとプリズム ナナ イタルパネル,,,2,否,68500,78500,10000,12.7,ホームスロット,68500,https://home-slot.net/SHOP/s-daxel8.html,78500,https://www.a-slot.com/SHOP/daxel8.html,,
DAXEL まじかるすいーとプリズム ナナ コトネパネル,,,2,否,68500,78500,10000,12.7,ホームスロット,68500,https://home-slot.net/SHOP/s-daxel7.html,78500,https://www.a-slot.com/SHOP/daxel7.html,,
KPE 悪魔城ドラキュラ Lords of Shadow,,,2,否,41500,51500,10000,19.4,ホームスロット,41500,https://home-slot.net/SHOP/s-kpe60.html,51500,https://www.a-slot.com/SHOP/kpe60.html,,
DAXEL まじかるすいーとプリズム ナナ パネル不問,,,2,否,35100,45100,10000,22.2,ホームスロット,35100,https://home-slot.net/SHOP/s-daxel9.html,45100,https://www.a-slot.com/SHOP/daxel9.html,,
KPE アミューズメント ミリオンルーレット 2ch対応,,KONAMI,2,否,35100,45100,10000,22.2,ホームスロット,35100,https://home-slot.net/SHOP/s-kpe202.html,45100,https://www.a-slot.com/SHOP/s-kpe202.html,,
SNKプレイモア ドラゴンギャル~ルーと伝説の黄金龍~,,,2,否,35100,45100,10000,22.2,ホームスロット,35100,https://home-slot.net/SHOP/s-snk29.html,45100,https://www.a-slot.com/SHOP/snk29.html,,
エフ GANTZ極 THE SURVIVAL GAME,,,2,是,35100,45100,10000,22.2,ホームスロット,35100,https://home-slot.net/SHOP/s-f200.html,45100,https://www.a-slot.com/SHOP/f200.html,,
タイヨー 一騎当千2 Brilliant Battle,,,2,否,41500,51500,10000,19.4,ホームスロット,41500,https://home-slot.net/SHOP/s-taiyo2.html,51500,https://www.a-slot.com/SHOP/taiyo2.html,,
DAXEL BASTARD!! バスタード 暗黒の破壊神,,,2,否,54100,64100,10000,15.6,ホームスロット,54100,https://home-slot.net/SHOP/s-daxel3.html,64100,https://www.a-slot.com/SHOP/daxel3.html,,
オッケー. ぱちスロ ウルトラマンタロウ 暴君SPEC,,,2,是,35100,45100,10000,22.2,ホームスロット,35100,https://home-slot.net/SHOP/s-ok200.html,45100,https://www.a-slot.com/SHOP/s-ok200.html,,
セブンリーグ ニューパルサーSP4 with 太鼓の達人,,,2,是,59100,69100,10000,14.5,ホームスロット,59100,https://home-slot.net/SHOP/s-yamasa237.html,69100,https://www.a-slot.com/SHOP/s-yamasa237.html,,
ディ ライト 銀河機攻隊 マジェスティックプリンス,,,2,否,47800,57800,10000,17.3,ホームスロット,47800,https://home-slot.net/SHOP/s-dlight_5.html,57800,https://www.a-slot.com/SHOP/dlight_5.html,,
JPS ドリームジャンボ EE~あの興奮をもう一度~,,,2,否,54100,64100,10000,15.6,ホームスロット,54100,https://home-slot.net/SHOP/s-jps31.html,64100,https://www.a-slot.com/SHOP/jps31.html,,
SNKプレイモア ドラゴンギャル~修羅の野望~ J,,,2,否,35100,45100,10000,22.2,ホームスロット,35100,https://home-slot.net/SHOP/s-snk48.html,45100,https://www.a-slot.com/SHOP/snk48.html,,
SNKプレイモア 戦空のキセキ~SKY LOVE~,,,2,否,143400,153400,10000,6.5,ホームスロット,143400,https://home-slot.net/SHOP/s-snk51.html,153400,https://www.a-slot.com/SHOP/snk51.html,,
カルミナ 探偵オペラ ミルキィホームズ 1 2の奇跡,,,2,否,35100,45100,10000,22.2,ホームスロット,35100,https://home-slot.net/SHOP/s-carmina200.html,45100,https://www.a-slot.com/SHOP/carmina200.html,,
銀座 A SLOT DARTSLIVE ダーツライブ,,,2,否,35100,45100,10000,22.2,ホームスロット,35100,https://home-slot.net/SHOP/s-ginza200.html,45100,https://www.a-slot.com/SHOP/ginza200.html,,
BLACK LAGOON4 ブラックラグーン4,,スパイキー,2,是,35100,45100,10000,22.2,ホームスロット,35100,https://home-slot.net/SHOP/s-spyki_204.html,45100,https://www.a-slot.com/SHOP/spyki_204.html,,
DAXEL ささみさん@がんばらないすろっと,,,2,否,68500,78500,10000,12.7,ホームスロット,68500,https://home-slot.net/SHOP/s-daxel10.html,78500,https://www.a-slot.com/SHOP/daxel10.html,,
DAXEL まじかるすいーとプリズム ナナエース,,,2,否,47800,57800,10000,17.3,ホームスロット,47800,https://home-slot.net/SHOP/s-daxel11.html,57800,https://www.a-slot.com/SHOP/daxel11.html,,
SNKプレイモア ザ キング オブ ファイターズ2,,,2,否,35100,45100,10000,22.2,ホームスロット,35100,https://home-slot.net/SHOP/s-snk42.html,45100,https://www.a-slot.com/SHOP/snk42.html,,
SNKプレイモア ドラゴンギャル~双龍の闘い~,,,2,否,68500,78500,10000,12.7,ホームスロット,68500,https://home-slot.net/SHOP/s-snk56.html,78500,https://www.a-slot.com/SHOP/snk56.html,,
SNKプレイモア メタルスラッグSV 001,,,2,否,68500,78500,10000,12.7,ホームスロット,68500,https://home-slot.net/SHOP/s-snk19.html,78500,https://www.a-slot.com/SHOP/snk19.html,,
SNKプレイモア 餓狼伝説☆双撃 ギース 白 ver.,,,2,否,83500,93500,10000,10.7,ホームスロット,83500,https://home-slot.net/SHOP/s-snk44.html,93500,https://www.a-slot.com/SHOP/snk44.html,,
タイヨー 一騎当千3 Valiant Venus,,,2,否,137300,147300,10000,6.8,ホームスロット,137300,https://home-slot.net/SHOP/s-taiyo12.html,147300,https://www.a-slot.com/SHOP/taiyo12.html,,
ディ ライト ダイナマイトキング極 パネル不問,S,,2,是,37700,47700,10000,21.0,ホームスロット,37700,https://home-slot.net/SHOP/s-dlight_201.html,47700,https://www.a-slot.com/SHOP/dlight_201.html,,
ビスティ 新世紀エヴァンゲリオン 暴走400,,,2,是,45300,55300,10000,18.1,ホームスロット,45300,https://home-slot.net/SHOP/s-sankyo203.html,55300,https://www.a-slot.com/SHOP/sankyo203.html,,
KPE Dororonえん魔くん メ~ラめら,,,2,否,74900,84900,10000,11.8,ホームスロット,74900,https://home-slot.net/SHOP/s-kpe49.html,84900,https://www.a-slot.com/SHOP/kpe49.html,,
KPE アミューズメント エルインカ~黄金文明~,,KONAMI,2,否,41500,51500,10000,19.4,ホームスロット,41500,https://home-slot.net/SHOP/s-kpe200.html,51500,https://www.a-slot.com/SHOP/s-kpe200.html,,
KPE マジカルハロウィン2 メインパネル,,,2,是,54100,64100,10000,15.6,ホームスロット,54100,https://home-slot.net/SHOP/s-kpe14.html,64100,https://www.a-slot.com/SHOP/kpe14.html,,
SNKプレイモア 餓狼伝説PREMIUM,,,2,否,68500,78500,10000,12.7,ホームスロット,68500,https://home-slot.net/SHOP/s-snk53.html,78500,https://www.a-slot.com/SHOP/snk53.html,,
あの日見た花の名前を僕達はまだ知らない。,,Sammy,2,是,41500,51500,10000,19.4,ホームスロット,41500,https://home-slot.net/SHOP/s-sammy206.html,51500,https://www.a-slot.com/SHOP/sammy206.html,,
アビリット サイボーグ009~地上より永遠に~,,,2,否,46500,56500,10000,17.7,ホームスロット,46500,https://home-slot.net/SHOP/s-ginza23.html,56500,https://www.a-slot.com/SHOP/ginza23.html,,
アリストクラート 巨人の星5~汗と涙と根性編~,,,2,否,89800,99800,10000,10.0,ホームスロット,89800,https://home-slot.net/SHOP/s-aristocrat17.html,99800,https://www.a-slot.com/SHOP/aristocrat17.html,,
オーイズミ ひぐらしのなく頃に祭 梨花パネル,,,2,否,108500,118500,10000,8.4,ホームスロット,108500,https://home-slot.net/SHOP/s-oizumi6.html,118500,https://www.a-slot.com/SHOP/oizumi6.html,,
タイヨーエレック フルメタル パニック!TSR,,,2,否,68500,78500,10000,12.7,ホームスロット,68500,https://home-slot.net/SHOP/s-taiyo_elec17.html,78500,https://www.a-slot.com/SHOP/taiyo_elec17.html,,
タイヨーエレック 龍が如く OF THE END,,,2,否,89800,99800,10000,10.0,ホームスロット,89800,https://home-slot.net/SHOP/s-taiyo_elec26.html,99800,https://www.a-slot.com/SHOP/taiyo_elec26.html,,
ビスティ 新世紀エヴァンゲリオン ~魂の共鳴~,,,2,是,35100,45100,10000,22.2,ホームスロット,35100,https://home-slot.net/SHOP/s-sankyo208.html,45100,https://www.a-slot.com/SHOP/sankyo208.html,,
戦国コレクション キラレジェンドバージョン,,高砂,2,否,41500,51500,10000,19.4,ホームスロット,41500,https://home-slot.net/SHOP/s-takasago10.html,51500,https://www.a-slot.com/SHOP/takasago10.html,,
新鬼武者DAWN OF DREAMS 甘デジ,P,平和,2,是,35100,45100,10000,22.2,ホームスロット,35100,https://home-slot.net/SHOP/s-enta203.html,45100,https://www.a-slot.com/SHOP/enta203.html,,
A SLOTツインエンジェルBREAK,,ロデオ,2,否,98500,108500,10000,9.2,ホームスロット,98500,https://home-slot.net/SHOP/s-rodeo200.html,108500,https://www.a-slot.com/SHOP/rodeo200.html,,
EXCITE マジンガーZ 新たな魔神の力,,,2,否,68500,78500,10000,12.7,ホームスロット,68500,https://home-slot.net/SHOP/s-excite19.html,78500,https://www.a-slot.com/SHOP/excite19.html,,
EXCITE 戦国 花の慶次~天を穿つ戦槍~,,,2,是,35100,45100,10000,22.2,ホームスロット,35100,https://home-slot.net/SHOP/s-excite22.html,45100,https://www.a-slot.com/SHOP/excite22.html,,
JPS クイーンズブレイド2 玉座を継ぐ者,,,2,否,68500,78500,10000,12.7,ホームスロット,68500,https://home-slot.net/SHOP/s-jps26.html,78500,https://www.a-slot.com/SHOP/jps26.html,,
KPE アミューズメント GI優駿倶楽部2,,KONAMI,2,是,35100,45100,10000,22.2,ホームスロット,35100,https://home-slot.net/SHOP/s-kpe203.html,45100,https://www.a-slot.com/SHOP/s-kpe203.html,,
NET 天晴!モグモグ風林火山 全国制覇版,,,2,是,40100,50100,10000,20.0,ホームスロット,40100,https://home-slot.net/SHOP/s-net202.html,50100,https://www.a-slot.com/SHOP/net202.html,,
SLOT 魔法少女まどか☆マギカ まどマギ,,メーシー,2,是,103500,113500,10000,8.8,ホームスロット,103500,https://home-slot.net/SHOP/s-mizuho-macy39.html,113500,https://www.a-slot.com/SHOP/mizuho-macy39.html,,
アミューズメント 戦コレ! 太平女君 徳川家康,,KONAMI,2,是,35100,45100,10000,22.2,ホームスロット,35100,https://home-slot.net/SHOP/s-konami200.html,45100,https://www.a-slot.com/SHOP/konami200.html,,
クレアの秘宝伝~はじまりの扉と太陽の石~,,大都技研,2,是,35100,45100,10000,22.2,ホームスロット,35100,https://home-slot.net/SHOP/s-daitogiken43.html,45100,https://www.a-slot.com/SHOP/daitogiken43.html,,
バジリスク~甲賀忍法帖~絆 2015ver.,,エレコ,2,是,52800,62800,10000,15.9,ホームスロット,52800,https://home-slot.net/SHOP/s-eleco62_2015ver.html,62800,https://www.a-slot.com/SHOP/eleco62_2015ver.html,,
バジリスク~甲賀忍法帖~ 絆MK 甲賀ver.,,エレコ,2,是,50800,60800,10000,16.4,ホームスロット,50800,https://home-slot.net/SHOP/s-eleco61.html,60800,https://www.a-slot.com/SHOP/eleco61.html,,
バジリスク~甲賀忍法帖~ 絆TK 伊賀Ver.,,エレコ,2,是,54800,64800,10000,15.4,ホームスロット,54800,https://home-slot.net/SHOP/s-eleco62.html,64800,https://www.a-slot.com/SHOP/eleco62.html,,
ビスティ カードバトル ガンダム クロスオーバー,,,2,是,41500,51500,10000,19.4,ホームスロット,41500,https://home-slot.net/SHOP/s-sankyo204.html,51500,https://www.a-slot.com/SHOP/sankyo204.html,,
ボーダー なめ猫~液晶ないけどなめんじゃねぇ~,,,2,是,225000,235000,10000,4.3,ホームスロット,225000,https://home-slot.net/SHOP/s-border204.html,235000,https://www.a-slot.com/SHOP/s-border204.html,,
ミリオンゴッド 神々の系譜 ZEUSver.,,エレコ,2,是,88500,98500,10000,10.2,ホームスロット,88500,https://home-slot.net/SHOP/s-eleco55.html,98500,https://www.a-slot.com/SHOP/eleco55.html,,
ヴァン ヘルシング~ハンティングラッシュ~,,藤商事,2,否,47800,57800,10000,17.3,ホームスロット,47800,https://home-slot.net/SHOP/s-fuji8.html,57800,https://www.a-slot.com/SHOP/fuji8.html,,
A SLOT エイリヤンエボリューション,,Sammy,2,是,37700,47700,10000,21.0,ホームスロット,37700,https://home-slot.net/SHOP/s-sammy134.html,47700,https://www.a-slot.com/SHOP/sammy134.html,,
DAXEL そらのおとしものフォルテ,,,2,是,35100,45100,10000,22.2,ホームスロット,35100,https://home-slot.net/SHOP/s-daxel15.html,45100,https://www.a-slot.com/SHOP/daxel15.html,,
EXCITE サラリーマン金太郎~MAX~,,,2,是,35100,45100,10000,22.2,ホームスロット,35100,https://home-slot.net/SHOP/s-excite202.html,45100,https://www.a-slot.com/SHOP/excite202.html,,
JFJ 喰霊 零 運命乱~うんめいのみだれ~,S,,2,是,40100,50100,10000,20.0,ホームスロット,40100,https://home-slot.net/SHOP/s-fuji202.html,50100,https://www.a-slot.com/SHOP/fuji202.html,,
KPE G1優駿倶楽部 うままこパネル,,,2,是,45100,55100,10000,18.1,ホームスロット,45100,https://home-slot.net/SHOP/s-kpe207.html,55100,https://www.a-slot.com/SHOP/s-kpe207.html,,
KPE メタルギア ソリッド スネークイーター,,,2,否,128400,138400,10000,7.2,ホームスロット,128400,https://home-slot.net/SHOP/s-kpe55.html,138400,https://www.a-slot.com/SHOP/kpe55.html,,
KPE 麻雀格闘倶楽部 高宮まりパネル,,,2,是,41500,51500,10000,19.4,ホームスロット,41500,https://home-slot.net/SHOP/s-kpe48.html,51500,https://www.a-slot.com/SHOP/kpe48.html,,
Re ゼロから始める異世界生活 リゼロ,,大都技研,2,是,41500,51500,10000,19.4,ホームスロット,41500,https://home-slot.net/SHOP/s-daitogiken202.html,51500,https://www.a-slot.com/SHOP/daitogiken202.html,,
SNKプレイモア 餓狼伝説スペシャル,,,2,否,74900,84900,10000,11.8,ホームスロット,74900,https://home-slot.net/SHOP/s-snk1.html,84900,https://www.a-slot.com/SHOP/snk1.html,,
アクロス ハナビ マットブラックver.,,,2,是,68500,78500,10000,12.7,ホームスロット,68500,https://home-slot.net/SHOP/s-across10.html,78500,https://www.a-slot.com/SHOP/across10.html,,
アクロス 沖ドキ! 30 ラブリーガールver.,,,2,否,68500,78500,10000,12.7,ホームスロット,68500,https://home-slot.net/SHOP/s-across5_lovely.html,78500,https://www.a-slot.com/SHOP/across5_lovely.html,,
アミューズメント マジカルハロウィン7,,KONAMI,2,是,41500,51500,10000,19.4,ホームスロット,41500,https://home-slot.net/SHOP/s-konami204.html,51500,https://www.a-slot.com/SHOP/konami204.html,,
アリストクラート 哲也~雀聖と呼ばれた男~,,,2,否,45300,55300,10000,18.1,ホームスロット,45300,https://home-slot.net/SHOP/s-aristocrat3.html,55300,https://www.a-slot.com/SHOP/rodeo18.html,,
アリストクラート 巨人の星4青春群像編,,,2,否,68500,78500,10000,12.7,ホームスロット,68500,https://home-slot.net/SHOP/s-aristocrat6.html,78500,https://www.a-slot.com/SHOP/aristocrat6.html,,
ゲゲゲの鬼太郎 ~ブラック鬼太郎の野望~,,藤商事,2,否,41500,51500,10000,19.4,ホームスロット,41500,https://home-slot.net/SHOP/s-fuji10.html,51500,https://www.a-slot.com/SHOP/fuji10.html,,
コルモ 天空のシンフォニア~光を求めて~,,,2,否,47800,57800,10000,17.3,ホームスロット,47800,https://home-slot.net/SHOP/s-colmo3.html,57800,https://www.a-slot.com/SHOP/colmo3.html,,
ジャックポットトロピカルバージョン2,,岡崎産業,2,否,35100,45100,10000,22.2,ホームスロット,35100,https://home-slot.net/SHOP/s-okazaki12.html,45100,https://www.a-slot.com/SHOP/okazaki12.html,,
タイヨーエレック BLOOD+ 二人の女王,,,2,否,74900,84900,10000,11.8,ホームスロット,74900,https://home-slot.net/SHOP/s-taiyo_elec29.html,84900,https://www.a-slot.com/SHOP/taiyo_elec29.html,,
ディ ライト ミッションインポッシブル,,,2,否,37700,47700,10000,21.0,ホームスロット,37700,https://home-slot.net/SHOP/s-dlight_1.html,47700,https://www.a-slot.com/SHOP/dlight_1.html,,
ディ ライト 戦国美少女 織田信奈の野望,,,2,否,54100,64100,10000,15.6,ホームスロット,54100,https://home-slot.net/SHOP/s-dlight_12.html,64100,https://www.a-slot.com/SHOP/dlight_12.html,,
ビスティ GTO~Limit Break~,,,2,否,35100,45100,10000,22.2,ホームスロット,35100,https://home-slot.net/SHOP/s-sankyo56.html,45100,https://www.a-slot.com/SHOP/sankyo56.html,,
ビスティ エヴァンゲリヲンAT777,,,2,否,35100,45100,10000,22.2,ホームスロット,35100,https://home-slot.net/SHOP/s-sankyo202.html,45100,https://www.a-slot.com/SHOP/sankyo202.html,,
ボーダー 言い訳はさせないわよ by激壇蜜,,,2,是,50300,60300,10000,16.6,ホームスロット,50300,https://home-slot.net/SHOP/s-border203.html,60300,https://www.a-slot.com/SHOP/s-border203.html,,
新日テクノロジー 織田信奈の野望 全国版,S,,2,是,41500,51500,10000,19.4,ホームスロット,41500,https://home-slot.net/SHOP/s-spyki_209.html,51500,https://www.a-slot.com/SHOP/s-spyki_209.html,,
DAXEL 百花繚乱サムライガールズ,,,2,是,35100,45100,10000,22.2,ホームスロット,35100,https://home-slot.net/SHOP/s-daxel12.html,45100,https://www.a-slot.com/SHOP/daxel12.html,,
EXCITE 戦国 義風堂々!! ~兼続と慶次~,,,2,是,35100,45100,10000,22.2,ホームスロット,35100,https://home-slot.net/SHOP/s-excite201.html,45100,https://www.a-slot.com/SHOP/excite201.html,,
EXCITE 花の慶次~佐渡攻めの章~,スマスロ,,2,是,73500,83500,10000,12.0,ホームスロット,73500,https://home-slot.net/SHOP/s-excite206.html,83500,https://www.a-slot.com/SHOP/s-excite206.html,,
EXCITE 這いよれ!ニャル子さん,,,2,是,35100,45100,10000,22.2,ホームスロット,35100,https://home-slot.net/SHOP/s-excite204.html,45100,https://www.a-slot.com/SHOP/s-excite204.html,,
JPS クイーンズブレイド 流浪の戦士,,,2,否,37700,47700,10000,21.0,ホームスロット,37700,https://home-slot.net/SHOP/s-jps25.html,47700,https://www.a-slot.com/SHOP/jps25.html,,
NET 世界で叩け!モグモグ風林火山,,,2,否,136700,146700,10000,6.8,ホームスロット,136700,https://home-slot.net/SHOP/s-net28.html,146700,https://www.a-slot.com/SHOP/net28.html,,
SNKプレイモア メタルスラッグ3,,,2,否,68500,78500,10000,12.7,ホームスロット,68500,https://home-slot.net/SHOP/s-snk43.html,78500,https://www.a-slot.com/SHOP/snk43.html,,
アナターのオット!?はーです ピンクパネル,,ミズホ,2,是,37100,47100,10000,21.2,ホームスロット,37100,https://home-slot.net/SHOP/s-mizuho-macy213.html,47100,https://www.a-slot.com/SHOP/s-mizuho-macy213.html,,
アミューズメント わたしの幸せな結婚,スマスロ,KONAMI,2,是,35100,45100,10000,22.2,ホームスロット,35100,https://home-slot.net/SHOP/s-konami223.html,45100,https://www.a-slot.com/SHOP/s-konami223.html,,
アミューズメント 戦国コレクション4,,KONAMI,2,是,54100,64100,10000,15.6,ホームスロット,54100,https://home-slot.net/SHOP/s-konami206.html,64100,https://www.a-slot.com/SHOP/konami206.html,,
アミューズメント 麻雀格闘倶楽部 覚醒,スマスロ,KONAMI,2,是,35100,45100,10000,22.2,ホームスロット,35100,https://home-slot.net/SHOP/s-konami202.html,45100,https://www.a-slot.com/SHOP/konami202.html,,
アムテックス 南国育ち~蝶々ver~25φ,,,2,否,74900,84900,10000,11.8,ホームスロット,74900,https://home-slot.net/SHOP/s-amt201.html,84900,https://www.a-slot.com/SHOP/amt201.html,,
アムテックス 南国育ち~蝶々ver~30φ,,,2,否,41500,51500,10000,19.4,ホームスロット,41500,https://home-slot.net/SHOP/s-amt200.html,51500,https://www.a-slot.com/SHOP/amt200.html,,
オーイズミ それいけ!こすみっくヒーローズ,,,2,否,41500,51500,10000,19.4,ホームスロット,41500,https://home-slot.net/SHOP/s-oizumi14.html,51500,https://www.a-slot.com/SHOP/oizumi14.html,,
スマート沖スロ ニューキングハナハナV,スマスロ,パイオニア,2,是,529300,539300,10000,1.9,ホームスロット,529300,https://home-slot.net/SHOP/s-pioneer231.html,539300,https://www.a-slot.com/SHOP/s-pioneer231.html,,
タイヨーエレック 機動新撰組 萌えよ剣,,,2,否,35100,45100,10000,22.2,ホームスロット,35100,https://home-slot.net/SHOP/s-taiyo_elec3.html,45100,https://www.a-slot.com/SHOP/taiyo_elec3.html,,
タイヨーエレック 火曜サスペンス劇場,,,2,否,54100,64100,10000,15.6,ホームスロット,54100,https://home-slot.net/SHOP/s-taiyo_elec30.html,64100,https://www.a-slot.com/SHOP/taiyo_elec30.html,,
バルテック じゃりン子チエ雷蔵伝説,,,2,否,68500,78500,10000,12.7,ホームスロット,68500,https://home-slot.net/SHOP/s-baltec3.html,78500,https://www.a-slot.com/SHOP/baltec3.html,,
ビスティ エヴァンゲリヲン~決意の刻~,,,2,是,45300,55300,10000,18.1,ホームスロット,45300,https://home-slot.net/SHOP/s-sankyo75.html,55300,https://www.a-slot.com/SHOP/sankyo75.html,,
ビスティ ゴジラ対エヴァンゲリオン,スマスロ,,2,是,46500,56500,10000,17.7,ホームスロット,46500,https://home-slot.net/SHOP/s-sankyo222.html,56500,https://www.a-slot.com/SHOP/s-sankyo222.html,,
ビスティ 機動戦士ガンダムユニコーン,,,2,是,35100,45100,10000,22.2,ホームスロット,35100,https://home-slot.net/SHOP/s-sankyo209.html,45100,https://www.a-slot.com/SHOP/s-sankyo209.html,,
ヤーマ スーパービンゴネオクラシック 30,,,2,否,35100,45100,10000,22.2,ホームスロット,35100,https://home-slot.net/SHOP/s-yama202.html,45100,https://www.a-slot.com/SHOP/s-yama202.html,,
聖闘士星矢 海皇覚醒Special,,SANYO,2,是,35100,45100,10000,22.2,ホームスロット,35100,https://home-slot.net/SHOP/s-sanyo201.html,45100,https://www.a-slot.com/SHOP/sanyo201.html,,
鉄拳4アルティメットデビルVer.,,山佐,2,是,40100,50100,10000,20.0,ホームスロット,40100,https://home-slot.net/SHOP/s-yamasa228.html,50100,https://www.a-slot.com/SHOP/s-yamasa228.html,,
DAXEL 結城友奈は勇者である,,,2,否,47800,57800,10000,17.3,ホームスロット,47800,https://home-slot.net/SHOP/s-daxel16.html,57800,https://www.a-slot.com/SHOP/daxel16.html,,
KPE G1優駿倶楽部 凱旋パネル,,,2,否,50100,60100,10000,16.6,ホームスロット,50100,https://home-slot.net/SHOP/s-kpe205.html,60100,https://www.a-slot.com/SHOP/s-kpe205.html,,
SLOT魔法少女まどか☆マギカA,,エレコ,2,是,41500,51500,10000,19.4,ホームスロット,41500,https://home-slot.net/SHOP/s-eleco77.html,51500,https://www.a-slot.com/SHOP/eleco77.html,,
SNKプレイモア シスタークエスト,,,2,否,47800,57800,10000,17.3,ホームスロット,47800,https://home-slot.net/SHOP/s-snk5.html,57800,https://www.a-slot.com/SHOP/snk5.html,,
SNKプレイモア ビーストバスターズ,,,2,否,35100,45100,10000,22.2,ホームスロット,35100,https://home-slot.net/SHOP/s-snk59.html,45100,https://www.a-slot.com/SHOP/snk59.html,,
アイムジャグラーEX グリーンパネル,6号機,北電子,2,是,74900,84900,10000,11.8,ホームスロット,74900,https://home-slot.net/SHOP/s-kitadenshi210.html,84900,https://www.a-slot.com/SHOP/s-kitadenshi210.html,,
アミューズメント 桃太郎電鉄 ~ も定番!~,スマスロ,KONAMI,2,是,41500,51500,10000,19.4,ホームスロット,41500,https://home-slot.net/SHOP/s-konami221.html,51500,https://www.a-slot.com/SHOP/s-konami221.html,,
オーイズミ ライライエイサーEX 30,,,2,否,35100,45100,10000,22.2,ホームスロット,35100,https://home-slot.net/SHOP/s-oizumi210.html,45100,https://www.a-slot.com/SHOP/oizumi210.html,,
オーイズミ 乱嵐エイサーver.100,,,2,否,35100,45100,10000,22.2,ホームスロット,35100,https://home-slot.net/SHOP/s-oizumi29.html,45100,https://www.a-slot.com/SHOP/oizumi29.html,,
キングハナハナ 30 メインパネル,,パイオニア,2,是,59100,69100,10000,14.5,ホームスロット,59100,https://home-slot.net/SHOP/s-pioneer22.html,69100,https://www.a-slot.com/SHOP/pioneer22.html,,
クイーンハナハナ 30 メインパネル,,パイオニア,2,是,41500,51500,10000,19.4,ホームスロット,41500,https://home-slot.net/SHOP/pioneer32.html,51500,https://www.a-slot.com/SHOP/pioneer32.html,,
サボハニ 冴えない彼女の育てかた,スマスロ,,2,是,52800,62800,10000,15.9,ホームスロット,52800,https://home-slot.net/SHOP/s-sabohani207.html,62800,https://www.a-slot.com/SHOP/s-sabohani207.html,,
サンスリー ストライクウィッチーズ2,スマスロ,,2,是,47800,57800,10000,17.3,ホームスロット,47800,https://home-slot.net/SHOP/s-santhree205.html,57800,https://www.a-slot.com/SHOP/s-santhree205.html,,
シーマスター ~ララ 旅立ちのプレリュード~,,山佐,2,否,35100,45100,10000,22.2,ホームスロット,35100,https://home-slot.net/SHOP/s-yamasa102.html,45100,https://www.a-slot.com/SHOP/yamasa102.html,,
タイヨーエレック ベルサイユのばら,,,2,否,46500,56500,10000,17.7,ホームスロット,46500,https://home-slot.net/SHOP/s-taiyo_elec5.html,56500,https://www.a-slot.com/SHOP/taiyo_elec5.html,,
タイヨーエレック 御伽屋HANZO,,,2,否,68500,78500,10000,12.7,ホームスロット,68500,https://home-slot.net/SHOP/s-taiyo_elec24.html,78500,https://www.a-slot.com/SHOP/taiyo_elec24.html,,
トリビー 怪盗天使ツインエンジェル,,,2,否,68500,78500,10000,12.7,ホームスロット,68500,https://home-slot.net/SHOP/s-trivy1.html,78500,https://www.a-slot.com/SHOP/trivy1.html,,
トリビー 残機尽きるまで私は戦う M,,,2,否,168800,178800,10000,5.6,ホームスロット,168800,https://home-slot.net/SHOP/s-trivy7.html,178800,https://www.a-slot.com/SHOP/trivy7.html,,
バルテック ベン トー~半額弁当争奪戦!!~,,,2,否,47800,57800,10000,17.3,ホームスロット,47800,https://home-slot.net/SHOP/s-baltec12.html,57800,https://www.a-slot.com/SHOP/baltec12.html,,
ラブゲッCHU ミラクル声優白書,,岡崎産業,2,否,128400,138400,10000,7.2,ホームスロット,128400,https://home-slot.net/SHOP/s-sonota_1.html,138400,https://www.a-slot.com/SHOP/sonota_1.html,,
大工の源さん~いくぜっ!炎の源祭編~,,SANYO,2,否,36400,46400,10000,21.6,ホームスロット,36400,https://home-slot.net/SHOP/s-sanyo10.html,46400,https://www.a-slot.com/SHOP/sanyo10.html,,
宇宙戦艦ヤマト2~テレサ 愛の導き~,,山佐,2,否,54100,64100,10000,15.6,ホームスロット,54100,https://home-slot.net/SHOP/s-yamasa90.html,64100,https://www.a-slot.com/SHOP/yamasa90.html,,
戦国乙女5 業火を穿つ宿焔の双刃,スマスロ,オリンピア,2,是,1185200,1195200,10000,0.8,ホームスロット,1185200,https://home-slot.net/SHOP/s-olympia240.html,1195200,https://www.a-slot.com/SHOP/s-olympia240.html,,
銀座 ディスクアップ グリーンパネル,,,2,否,78500,88500,10000,11.3,ホームスロット,78500,https://home-slot.net/SHOP/s-ginza203.html,88500,https://www.a-slot.com/SHOP/ginza203.html,,
銀座 ディスクアップ パープルパネル,,,2,否,73500,83500,10000,12.0,ホームスロット,73500,https://home-slot.net/SHOP/s-sammy200.html,83500,https://www.a-slot.com/SHOP/sammy200.html,,
CREA New クレアの秘宝伝,,大都技研,2,是,47800,57800,10000,17.3,ホームスロット,47800,https://home-slot.net/SHOP/s-daito210.html,57800,https://www.a-slot.com/SHOP/s-daito210.html,,
EXCITE 恵比寿マスカッツ,,,2,否,35100,45100,10000,22.2,ホームスロット,35100,https://home-slot.net/SHOP/s-excite20.html,45100,https://www.a-slot.com/SHOP/excite20.html,,
NET Zゴールド インフィニティ,,,2,否,54100,64100,10000,15.6,ホームスロット,54100,https://home-slot.net/SHOP/s-net45.html,64100,https://www.a-slot.com/SHOP/net45.html,,
NET スーパーブラックジャック2,,,2,否,47800,57800,10000,17.3,ホームスロット,47800,https://home-slot.net/SHOP/s-net46.html,57800,https://www.a-slot.com/SHOP/net46.html,,
NET リオスパ Rioの大温泉,,,2,否,41500,51500,10000,19.4,ホームスロット,41500,https://home-slot.net/SHOP/s-net23.html,51500,https://www.a-slot.com/SHOP/net23.html,,
SLOTとある科学の超電磁砲,,藤商事,2,是,47800,57800,10000,17.3,ホームスロット,47800,https://home-slot.net/SHOP/s-fuji206.html,57800,https://www.a-slot.com/SHOP/s-fuji206.html,,
SNKプレイモア スカイラブ3,,,2,否,37700,47700,10000,21.0,ホームスロット,37700,https://home-slot.net/SHOP/s-snk28.html,47700,https://www.a-slot.com/SHOP/snk28.html,,
SNKプレイモア スカイラブ4,,,2,否,35100,45100,10000,22.2,ホームスロット,35100,https://home-slot.net/SHOP/s-snk37.html,45100,https://www.a-slot.com/SHOP/snk37.html,,
SNKプレイモア 餓狼伝説☆双撃,,,2,否,41500,51500,10000,19.4,ホームスロット,41500,https://home-slot.net/SHOP/s-snk38.html,51500,https://www.a-slot.com/SHOP/snk38.html,,
ぱちスロAKB48 バラの儀式,,京楽,2,否,98500,108500,10000,9.2,ホームスロット,98500,https://home-slot.net/SHOP/s-kyoraku5.html,108500,https://www.a-slot.com/SHOP/kyoraku5.html,,
ぱちスロ 仮面ライダーBLACK,,京楽,2,否,41500,51500,10000,19.4,ホームスロット,41500,https://home-slot.net/SHOP/s-kyoraku9.html,51500,https://www.a-slot.com/SHOP/kyoraku9.html,,
アクエリオン ALL STARS,,SANKYO,2,是,35100,45100,10000,22.2,ホームスロット,35100,https://home-slot.net/SHOP/s-sankyo215.html,45100,https://www.a-slot.com/SHOP/s-sankyo215.html,,
アクロス クランキーコレクション,,,2,否,35100,45100,10000,22.2,ホームスロット,35100,https://home-slot.net/SHOP/s-across1.html,45100,https://www.a-slot.com/SHOP/across1.html,,
アクロス サンダーVライトニング,,,2,是,35100,45100,10000,22.2,ホームスロット,35100,https://home-slot.net/SHOP/s-across205.html,45100,https://www.a-slot.com/SHOP/across205.html,,
アクロス 沖ドキ!トロピカル 30,,,2,否,54100,64100,10000,15.6,ホームスロット,54100,https://home-slot.net/SHOP/s-across11.html,64100,https://www.a-slot.com/SHOP/across11.html,,
アクロス 沖ドキ! バカンスver.,,,2,否,56100,66100,10000,15.1,ホームスロット,56100,https://home-slot.net/SHOP/s-across4_vacation.html,66100,https://www.a-slot.com/SHOP/across4_vacation.html,,
アタックNo.1~開幕!世界選手権~,,SANYO,2,否,54100,64100,10000,15.6,ホームスロット,54100,https://home-slot.net/SHOP/s-sanyo15.html,64100,https://www.a-slot.com/SHOP/sanyo15.html,,
アビリット GS美神 極楽大作戦!!,,,2,否,47800,57800,10000,17.3,ホームスロット,47800,https://home-slot.net/SHOP/s-ginza17.html,57800,https://www.a-slot.com/SHOP/ginza17.html,,
アミューズメント ドラゴンホイール,,KONAMI,2,是,35100,45100,10000,22.2,ホームスロット,35100,https://home-slot.net/SHOP/s-konami203.html,45100,https://www.a-slot.com/SHOP/konami203.html,,
アミューズメント 今日から俺は!! 編,スマスロ,KONAMI,2,是,40100,50100,10000,20.0,ホームスロット,40100,https://home-slot.net/SHOP/s-konami219.html,50100,https://www.a-slot.com/SHOP/s-konami219.html,,
オッケー. ぱちスロ ウルトラセブン,,,2,否,68500,78500,10000,12.7,ホームスロット,68500,https://home-slot.net/SHOP/s-ok2.html,78500,https://www.a-slot.com/SHOP/ok2.html,,
サンスリー 笑ゥせぇるすまん 絶笑,S,,2,是,35100,45100,10000,22.2,ホームスロット,35100,https://home-slot.net/SHOP/s-santhree202.html,45100,https://www.a-slot.com/SHOP/santhree202.html,,
セブンリーグ 鉄拳4デビルVer.,,,2,是,35100,45100,10000,22.2,ホームスロット,35100,https://home-slot.net/SHOP/s-yamasa218.html,45100,https://www.a-slot.com/SHOP/yamasa218.html,,
タイヨーエレック あしたのジョー2,,,2,否,41500,51500,10000,19.4,ホームスロット,41500,https://home-slot.net/SHOP/s-taiyo_elec20.html,51500,https://www.a-slot.com/SHOP/taiyo_elec20.html,,
ディ ライト 熱血!華成学園ヒーロー部,,,2,否,68500,78500,10000,12.7,ホームスロット,68500,https://home-slot.net/SHOP/s-dlight_2.html,78500,https://www.a-slot.com/SHOP/dlight_2.html,,
ハナハナホウオウ~天翔~ 紫パネル,,パイオニア,2,是,54100,64100,10000,15.6,ホームスロット,54100,https://home-slot.net/SHOP/s-pioneer216.html,64100,https://www.a-slot.com/SHOP/s-pioneer216.html,,
ブロス SLOTスターオーシャン4,,ユニバーサル,2,否,41500,51500,10000,19.4,ホームスロット,41500,https://home-slot.net/SHOP/s-univerasal15.html,51500,https://www.a-slot.com/SHOP/univerasal15.html,,
ブロス アナザーハナビ弥生ちゃん,,ユニバーサル,2,否,98500,108500,10000,9.2,ホームスロット,98500,https://home-slot.net/SHOP/s-univerasal201.html,108500,https://www.a-slot.com/SHOP/univerasal201.html,,
ブロス ミリオンゴッド 神々の凱旋,,ユニバーサル,2,是,79500,89500,10000,11.2,ホームスロット,79500,https://home-slot.net/SHOP/s-univerasal8.html,89500,https://www.a-slot.com/SHOP/univerasal8.html,,
ンゴロポポス ~ピンチ!捕われの爺~,,大都技研,2,否,98500,108500,10000,9.2,ホームスロット,98500,https://home-slot.net/SHOP/s-daitogiken50.html,108500,https://www.a-slot.com/SHOP/daitogiken50.html,,
北斗の拳 修羅の国篇 羅刹ver.,,Sammy,2,是,35100,45100,10000,22.2,ホームスロット,35100,https://home-slot.net/SHOP/s-sammy138.html,45100,https://www.a-slot.com/SHOP/sammy138.html,,
北斗の拳 転生の章 ジャギパネル,,Sammy,2,否,104800,114800,10000,8.7,ホームスロット,104800,https://home-slot.net/SHOP/s-sammy95.html,114800,https://www.a-slot.com/SHOP/sammy95.html,,
大海物語4withすーぱーそに子,,SANYO,2,是,41500,51500,10000,19.4,ホームスロット,41500,https://home-slot.net/SHOP/s-sanyo200.html,51500,https://www.a-slot.com/SHOP/sanyo200.html,,
戦姫絶唱シンフォギア 勇気の歌,,SANKYO,2,是,54100,64100,10000,15.6,ホームスロット,54100,https://home-slot.net/SHOP/s-sankyo214.html,64100,https://www.a-slot.com/SHOP/s-sankyo214.html,,
新日テクノロジー アカメが斬る! 2,スマスロ,,2,是,45300,55300,10000,18.1,ホームスロット,45300,https://home-slot.net/SHOP/s-spyki_210.html,55300,https://www.a-slot.com/SHOP/s-spyki_210.html,,
笑ゥせぇるすまん3~笑撃のドーン~,,SANYO,2,否,35100,45100,10000,22.2,ホームスロット,35100,https://home-slot.net/SHOP/s-sanyo29.html,45100,https://www.a-slot.com/SHOP/sanyo29.html,,
銀座 ディスクアップ ブルーパネル,,,2,是,70500,80500,10000,12.4,ホームスロット,70500,https://home-slot.net/SHOP/s-ginza204.html,80500,https://www.a-slot.com/SHOP/ginza204.html,,
BADBOYS バッド ボーイズ,,岡崎産業,2,否,47800,57800,10000,17.3,ホームスロット,47800,https://home-slot.net/SHOP/s-okazaki7.html,57800,https://www.a-slot.com/SHOP/okazaki7.html,,
EXCITE ベルセルク無双,スマスロ,,2,是,35100,45100,10000,22.2,ホームスロット,35100,https://home-slot.net/SHOP/s-excite205.html,45100,https://www.a-slot.com/SHOP/s-excite205.html,,
EXCITE 信長の野望 創造,,,2,否,35100,45100,10000,22.2,ホームスロット,35100,https://home-slot.net/SHOP/s-excite21.html,45100,https://www.a-slot.com/SHOP/excite21.html,,
IGT シークレットプリンセス,,,2,否,68500,78500,10000,12.7,ホームスロット,68500,https://home-slot.net/SHOP/s-igt10.html,78500,https://www.a-slot.com/SHOP/igt10.html,,
IGT 信長の野望 天下創世R,,,2,否,68500,78500,10000,12.7,ホームスロット,68500,https://home-slot.net/SHOP/s-igt3.html,78500,https://www.a-slot.com/SHOP/igt3.html,,
JFJ ゴブリンスレイヤーII,スマスロ,,2,是,41500,51500,10000,19.4,ホームスロット,41500,https://home-slot.net/SHOP/s-jfj203.html,51500,https://www.a-slot.com/SHOP/s-jfj203.html,,
KPE マジカルハロウィン3,,,2,是,41500,51500,10000,19.4,ホームスロット,41500,https://home-slot.net/SHOP/s-kpe26.html,51500,https://www.a-slot.com/SHOP/kpe26.html,,
KPE マジカルハロウィン4,,,2,是,57900,67900,10000,14.7,ホームスロット,57900,https://home-slot.net/SHOP/s-kpe44.html,67900,https://www.a-slot.com/SHOP/kpe44.html,,
KPE マジカルハロウィン6,,,2,是,35100,45100,10000,22.2,ホームスロット,35100,https://home-slot.net/SHOP/s-kpe63.html,45100,https://www.a-slot.com/SHOP/kpe63.html,,
NET シンデレラブレイド2,,,2,否,35100,45100,10000,22.2,ホームスロット,35100,https://home-slot.net/SHOP/s-net41.html,45100,https://www.a-slot.com/SHOP/net41.html,,
NET シンデレラブレイド4,,,2,否,35100,45100,10000,22.2,ホームスロット,35100,https://home-slot.net/SHOP/s-net209.html,45100,https://www.a-slot.com/SHOP/net209.html,,
NET 真モグモグ風林火山2,,,2,否,47800,57800,10000,17.3,ホームスロット,47800,https://home-slot.net/SHOP/s-net42.html,57800,https://www.a-slot.com/SHOP/net42.html,,
SLOTファミリースタジアム,,メーシー,2,是,35100,45100,10000,22.2,ホームスロット,35100,https://home-slot.net/SHOP/s-mizuho-macy200.html,45100,https://www.a-slot.com/SHOP/mizuho-macy200.html,,
アクロス スーパージャックポット,,,2,否,35100,45100,10000,22.2,ホームスロット,35100,https://home-slot.net/SHOP/s-across6.html,45100,https://www.a-slot.com/SHOP/across6.html,,
アリストクラート 絶対衝激II,,,2,否,68500,78500,10000,12.7,ホームスロット,68500,https://home-slot.net/SHOP/s-aristocrat20.html,78500,https://www.a-slot.com/SHOP/aristocrat20.html,,
オーイズミ ドリームクルーン500,,,2,否,35100,45100,10000,22.2,ホームスロット,35100,https://home-slot.net/SHOP/s-oizumi31.html,45100,https://www.a-slot.com/SHOP/oizumi31.html,,
オーイズミ ドリームクルーン711,,,2,否,35100,45100,10000,22.2,ホームスロット,35100,https://home-slot.net/SHOP/s-oizumi201.html,45100,https://www.a-slot.com/SHOP/oizumi201.html,,
オッケー. ぱちスロ アベンジャーズ,,,2,否,54100,64100,10000,15.6,ホームスロット,54100,https://home-slot.net/SHOP/s-ok1.html,64100,https://www.a-slot.com/SHOP/ok1.html,,
サムライチャンプルー 流転輪廻,,ニューギン,2,否,37700,47700,10000,21.0,ホームスロット,37700,https://home-slot.net/SHOP/s-newgin29.html,47700,https://www.a-slot.com/SHOP/newgin29.html,,
サンスリー 大工の源さん 超夢源,スマスロ,,2,是,45300,55300,10000,18.1,ホームスロット,45300,https://home-slot.net/SHOP/s-santhree204.html,55300,https://www.a-slot.com/SHOP/s-santhree204.html,,
サンセイR&D 巨人の星~情熱編~,,,2,是,35100,45100,10000,22.2,ホームスロット,35100,https://home-slot.net/SHOP/s_sansei200.html,45100,https://www.a-slot.com/SHOP/s_sansei200.html,,
タイヨーエレック マーベルヒーローズ,,,2,否,98500,108500,10000,9.2,ホームスロット,98500,https://home-slot.net/SHOP/s-taiyo_elec1.html,108500,https://www.a-slot.com/SHOP/taiyo_elec1.html,,
ツインエンジェルBREAK,,Sammy,2,是,47800,57800,10000,17.3,ホームスロット,47800,https://home-slot.net/SHOP/s-sammy133.html,57800,https://www.a-slot.com/SHOP/sammy133.html,,
ディ ライト ああっ女神さまっ,,,2,否,68500,78500,10000,12.7,ホームスロット,68500,https://home-slot.net/SHOP/s-dlight_6.html,78500,https://www.a-slot.com/SHOP/dlight_6.html,,
バルテック ベン トー~狼たちの夜~,,,2,否,68500,78500,10000,12.7,ホームスロット,68500,https://home-slot.net/SHOP/s-baltec201.html,78500,https://www.a-slot.com/SHOP/baltec201.html,,
バルテック ロボットガールズZ,,,2,是,37700,47700,10000,21.0,ホームスロット,37700,https://home-slot.net/SHOP/s-baltec13.html,47700,https://www.a-slot.com/SHOP/baltec13.html,,
パオン ディーピー てぃだどんどん,スマスロ,,2,是,68500,78500,10000,12.7,ホームスロット,68500,https://home-slot.net/SHOP/s-daito219.html,78500,https://www.a-slot.com/SHOP/s-daito219.html,,
ビスティ アベノ橋魔法商店街,,,2,否,68500,78500,10000,12.7,ホームスロット,68500,https://home-slot.net/SHOP/s-sankyo31.html,78500,https://www.a-slot.com/SHOP/sankyo31.html,,
北斗の拳 転生の章 トキパネル,,Sammy,2,否,108600,118600,10000,8.4,ホームスロット,108600,https://home-slot.net/SHOP/s-sammy96.html,118600,https://www.a-slot.com/SHOP/sammy96.html,,
EXCITE うる星やつら,スマスロ,,2,是,40100,50100,10000,20.0,ホームスロット,40100,https://home-slot.net/SHOP/s-excite207.html,50100,https://www.a-slot.com/SHOP/s-excite207.html,,
EXCITE ワンパンマン,スマスロ,,2,是,35100,45100,10000,22.2,ホームスロット,35100,https://home-slot.net/SHOP/s-excite208.html,45100,https://www.a-slot.com/SHOP/s-excite208.html,,
EXCITE 花の慶次~武威,,,2,是,35100,45100,10000,22.2,ホームスロット,35100,https://home-slot.net/SHOP/s-excite203.html,45100,https://www.a-slot.com/SHOP/excite203.html,,
JFJ ゲゲゲの鬼太郎 覚醒,スマスロ,,2,是,41500,51500,10000,19.4,ホームスロット,41500,https://home-slot.net/SHOP/s-jfj202.html,51500,https://www.a-slot.com/SHOP/s-jfj202.html,,
KPE 戦国コレクション2,,,2,否,41500,51500,10000,19.4,ホームスロット,41500,https://home-slot.net/SHOP/s-kpe50.html,51500,https://www.a-slot.com/SHOP/kpe50.html,,
KPE 戦国コレクション3,,,2,是,35100,45100,10000,22.2,ホームスロット,35100,https://home-slot.net/SHOP/s-kpe61.html,45100,https://www.a-slot.com/SHOP/kpe61.html,,
L009 RE CYBORG,スマスロ,ニューギン,2,是,40100,50100,10000,20.0,ホームスロット,40100,https://home-slot.net/SHOP/s-newgin203.html,50100,https://www.a-slot.com/SHOP/s-newgin203.html,,
NET もっと!チバリヨ 25,,,2,是,35100,45100,10000,22.2,ホームスロット,35100,https://home-slot.net/SHOP/s-net214.html,45100,https://www.a-slot.com/SHOP/s-net214.html,,
NET もっと!チバリヨ 30,,,2,是,35100,45100,10000,22.2,ホームスロット,35100,https://home-slot.net/SHOP/s-net213.html,45100,https://www.a-slot.com/SHOP/s-net213.html,,
NET シンデレラ×ブレイド,,,2,否,41500,51500,10000,19.4,ホームスロット,41500,https://home-slot.net/SHOP/s-net30.html,51500,https://www.a-slot.com/SHOP/net30.html,,
NET プリシラと魔法の本,,,2,是,41500,51500,10000,19.4,ホームスロット,41500,https://home-slot.net/SHOP/s-net50.html,51500,https://www.a-slot.com/SHOP/net50.html,,
SLOTメイドインアビス,,ミズホ,2,是,49500,59500,10000,16.8,ホームスロット,49500,https://home-slot.net/SHOP/s-mizuho-macy218.html,59500,https://www.a-slot.com/SHOP/s-mizuho-macy218.html,,
SNKプレイモア 龍虎の拳,,,2,否,68500,78500,10000,12.7,ホームスロット,68500,https://home-slot.net/SHOP/s-snk46.html,78500,https://www.a-slot.com/SHOP/snk46.html,,
アクロス サンダーVリボルト,,,2,否,47800,57800,10000,17.3,ホームスロット,47800,https://home-slot.net/SHOP/s-across9.html,57800,https://www.a-slot.com/SHOP/across9.html,,
アクロス 沖ドキ!DUO 30,,,2,是,35100,45100,10000,22.2,ホームスロット,35100,https://home-slot.net/SHOP/s-across207.html,45100,https://www.a-slot.com/SHOP/across207.html,,
アクロス 沖ドキ!バケーション,,,2,否,47800,57800,10000,17.3,ホームスロット,47800,https://home-slot.net/SHOP/s-across201.html,57800,https://www.a-slot.com/SHOP/across201.html,,
アムテックス 南国娘2 30,,,2,是,41500,51500,10000,19.4,ホームスロット,41500,https://home-slot.net/SHOP/s-amt204.html,51500,https://www.a-slot.com/SHOP/amt204.html,,
アムテックス 南国物語30,,,2,否,35100,45100,10000,22.2,ホームスロット,35100,https://home-slot.net/SHOP/s-amt210.html,45100,https://www.a-slot.com/SHOP/amt210.html,,
アムテックス 南国育ち 30,,,2,否,35100,45100,10000,22.2,ホームスロット,35100,https://home-slot.net/SHOP/s-amt208.html,45100,https://www.a-slot.com/SHOP/amt208.html,,
ウルトラミラクルジャグラー,,北電子,2,是,1864500,1874500,10000,0.5,ホームスロット,1864500,https://home-slot.net/SHOP/s-kitadenshi218.html,1874500,https://www.a-slot.com/SHOP/s-kitadenshi218.html,,
エマ ニューペガサス 2014,,,2,否,98500,108500,10000,9.2,ホームスロット,98500,https://home-slot.net/SHOP/s-ema4.html,108500,https://www.a-slot.com/SHOP/ema4.html,,
オーイズミ 元祖ハネスロ再び,,,2,是,35100,45100,10000,22.2,ホームスロット,35100,https://home-slot.net/SHOP/s-oizumi25.html,45100,https://www.a-slot.com/SHOP/oizumi25.html,,
オッケー. ご~やちゃんぷる~ 25φ,S,,2,否,35100,45100,10000,22.2,ホームスロット,35100,https://home-slot.net/SHOP/s-ok203.html,45100,https://www.a-slot.com/SHOP/s-ok203.html,,
オッケー. ご~やちゃんぷる~ 30φ,S,,2,否,35100,45100,10000,22.2,ホームスロット,35100,https://home-slot.net/SHOP/s-ok202.html,45100,https://www.a-slot.com/SHOP/s-ok202.html,,
オレンジ ゴブリンスレイヤー,スマスロ,,2,是,35100,45100,10000,22.2,ホームスロット,35100,https://home-slot.net/SHOP/s-orange200.html,45100,https://www.a-slot.com/SHOP/s-orange200.html,,
カルミナ 魔法少女育成計画,,,2,否,78500,88500,10000,11.3,ホームスロット,78500,https://home-slot.net/SHOP/s-carmina203.html,88500,https://www.a-slot.com/SHOP/s-carmina203.html,,
コルモ 天空のシンフォニア,,,2,否,47800,57800,10000,17.3,ホームスロット,47800,https://home-slot.net/SHOP/s-colmo2.html,57800,https://www.a-slot.com/SHOP/colmo2.html,,
サボハニ 吉宗RISING,スマスロ,,2,是,41500,51500,10000,19.4,ホームスロット,41500,https://home-slot.net/SHOP/s-sabohani206.html,51500,https://www.a-slot.com/SHOP/s-sabohani206.html,,
サンスリー アクダマドライブ,スマスロ,,2,是,62900,72900,10000,13.7,ホームスロット,62900,https://home-slot.net/SHOP/s-santhree207.html,72900,https://www.a-slot.com/SHOP/s-santhree207.html,,
スカイガールズ~よろしく!ゼロ~,,高砂,2,否,59200,69200,10000,14.5,ホームスロット,59200,https://home-slot.net/SHOP/s-kpe42.html,69200,https://www.a-slot.com/SHOP/kpe42.html,,
セブンリーグ ハイパーラッシュ,,,2,是,41500,51500,10000,19.4,ホームスロット,41500,https://home-slot.net/SHOP/s-yamasa240.html,51500,https://www.a-slot.com/SHOP/s-yamasa240.html,,
タイヨーエレック BLOOD+,,,2,是,37700,47700,10000,21.0,ホームスロット,37700,https://home-slot.net/SHOP/s-taiyo_elec7.html,47700,https://www.a-slot.com/SHOP/taiyo_elec7.html,,
タイヨーエレック カメレオン,,,2,否,38900,48900,10000,20.4,ホームスロット,38900,https://home-slot.net/SHOP/s-taiyo_elec22.html,48900,https://www.a-slot.com/SHOP/taiyo_elec22.html,,
タイヨーエレック 七つの大罪,,,2,是,41500,51500,10000,19.4,ホームスロット,41500,https://home-slot.net/SHOP/s-taiyo_elec201.html,51500,https://www.a-slot.com/SHOP/taiyo_elec201.html,,
タイヨー ハイサイ蝶特急ターボ,,,2,否,35100,45100,10000,22.2,ホームスロット,35100,https://home-slot.net/SHOP/s-taiyo18.html,45100,https://www.a-slot.com/SHOP/taiyo18.html,,
タイヨー ビッグボーナスX64,,,2,否,35100,45100,10000,22.2,ホームスロット,35100,https://home-slot.net/SHOP/s-taiyo17.html,45100,https://www.a-slot.com/SHOP/taiyo17.html,,
ニューキングハナハナV 30,,パイオニア,2,是,596000,606000,10000,1.7,ホームスロット,596000,https://home-slot.net/SHOP/s-pioneer230.html,606000,https://www.a-slot.com/SHOP/s-pioneer230.html,,
ハナハナホウオウ~天翔~ 30,,パイオニア,2,是,41500,51500,10000,19.4,ホームスロット,41500,https://home-slot.net/SHOP/s-pioneer212.html,51500,https://www.a-slot.com/SHOP/pioneer212.html,,
バジリスク~甲賀忍法帖~II,,メーシー,2,是,35100,45100,10000,22.2,ホームスロット,35100,https://home-slot.net/SHOP/s-mizuho-macy31.html,45100,https://www.a-slot.com/SHOP/mizuho-macy31.html,,
バトルアスリーテス大運動会,,ニューギン,2,否,35100,45100,10000,22.2,ホームスロット,35100,https://home-slot.net/SHOP/s-newgi2.html,45100,https://www.a-slot.com/SHOP/newgi2.html,,
バルテック 沖ワニマル 25,,,2,否,41500,51500,10000,19.4,ホームスロット,41500,https://home-slot.net/SHOP/s-baltec203.html,51500,https://www.a-slot.com/SHOP/baltec203.html,,
ビスティ フィーバークィーンII,,,2,否,35100,45100,10000,22.2,ホームスロット,35100,https://home-slot.net/SHOP/s-sankyo201.html,45100,https://www.a-slot.com/SHOP/sankyo201.html,,
ピーセカンド ラストユートピア,,パイオニア,2,是,41500,51500,10000,19.4,ホームスロット,41500,https://home-slot.net/SHOP/s-pioneer218.html,51500,https://www.a-slot.com/SHOP/s-pioneer218.html,,
ブロス コンチネンタルゼロ,,ユニバーサル,2,是,35100,45100,10000,22.2,ホームスロット,35100,https://home-slot.net/SHOP/s-univerasal17.html,45100,https://www.a-slot.com/SHOP/univerasal17.html,,
マジカル 魔法少女隊アルス,,藤商事,2,否,41500,51500,10000,19.4,ホームスロット,41500,https://home-slot.net/SHOP/s-fuji6.html,51500,https://www.a-slot.com/SHOP/fuji6.html,,
ルパン三世 大航海者の秘宝,スマスロ,平和,2,是,40100,50100,10000,20.0,ホームスロット,40100,https://home-slot.net/SHOP/s-heiwa223.html,50100,https://www.a-slot.com/SHOP/s-heiwa223.html,,
ロード オブ ヴァーミリオンRe,,七匠,2,是,37700,47700,10000,21.0,ホームスロット,37700,https://home-slot.net/SHOP/s-nanashow201.html,47700,https://www.a-slot.com/SHOP/nanashow201.html,,
入手困難 イレブン 夜勤病棟,,,2,否,68500,78500,10000,12.7,ホームスロット,68500,https://home-slot.net/SHOP/eleven2.html,78500,https://www.a-slot.com/SHOP/eleven2.html,,
大海物語withT ARA,,SANYO,2,否,68500,78500,10000,12.7,ホームスロット,68500,https://home-slot.net/SHOP/s-sankyo78.html,78500,https://www.a-slot.com/SHOP/sankyo78.html,,
天下無敵!サラリーマン金太郎,,ロデオ,2,否,47800,57800,10000,17.3,ホームスロット,47800,https://home-slot.net/SHOP/s-rodeo22.html,57800,https://www.a-slot.com/SHOP/rodeo22.html,,
娘娘娘 にゃんにゃんむすめ,,岡崎産業,2,否,35100,45100,10000,22.2,ホームスロット,35100,https://home-slot.net/SHOP/s-okazaki8.html,45100,https://www.a-slot.com/SHOP/okazaki8.html,,
緑ドン VIVA!情熱南米編,,エレコ,2,否,98500,108500,10000,9.2,ホームスロット,98500,https://home-slot.net/SHOP/s-eleco31.html,108500,https://www.a-slot.com/SHOP/eleco31.html,,
銀座 星羅はお告げがお好き,,,2,否,68500,78500,10000,12.7,ホームスロット,68500,https://home-slot.net/SHOP/s-ginza22.html,78500,https://www.a-slot.com/SHOP/ginza22.html,,
銀座 盾の勇者の成り上がり,,,2,是,47800,57800,10000,17.3,ホームスロット,47800,https://home-slot.net/SHOP/s-ginza209.html,57800,https://www.a-slot.com/SHOP/s-ginza209.html,,
鬼浜爆走紅蓮隊~友情挽歌編~,,ベルコ,2,否,47800,57800,10000,17.3,ホームスロット,47800,https://home-slot.net/SHOP/s-bellco6.html,57800,https://www.a-slot.com/SHOP/bellco6.html,,
鬼浜爆走紅蓮隊 狂闘旅情編,,ベルコ,2,是,40100,50100,10000,20.0,ホームスロット,40100,https://home-slot.net/SHOP/s-bellco208.html,50100,https://www.a-slot.com/SHOP/bellco208.html,,
EXCITE らんま1 2,,,2,否,45300,55300,10000,18.1,ホームスロット,45300,https://home-slot.net/SHOP/s-excite200.html,55300,https://www.a-slot.com/SHOP/excite200.html,,
KPE ランブルローズ3D,,,2,否,47800,57800,10000,17.3,ホームスロット,47800,https://home-slot.net/SHOP/s-kpe40.html,57800,https://www.a-slot.com/SHOP/kpe40.html,,
LBプレミアムうまい棒,スマスロ,オリンピア,2,是,45300,55300,10000,18.1,ホームスロット,45300,https://home-slot.net/SHOP/s-olympia237.html,55300,https://www.a-slot.com/SHOP/s-olympia237.html,,
NET チバリヨ2プラス,スマスロ,,2,是,35100,45100,10000,22.2,ホームスロット,35100,https://home-slot.net/SHOP/s-net222.html,45100,https://www.a-slot.com/SHOP/s-net222.html,,
NET ドリスタせかんど,,,2,是,35100,45100,10000,22.2,ホームスロット,35100,https://home-slot.net/SHOP/s-net52.html,45100,https://www.a-slot.com/SHOP/net52.html,,
NET ニューチバリヨ 30,,,2,是,41500,51500,10000,19.4,ホームスロット,41500,https://home-slot.net/SHOP/s-net207.html,51500,https://www.a-slot.com/SHOP/net207.html,,
NET 最胸伝奇 パイ遊記,,,2,否,41500,51500,10000,19.4,ホームスロット,41500,https://home-slot.net/SHOP/s-net43.html,51500,https://www.a-slot.com/SHOP/net43.html,,
SLOTアルドノア ゼロ,,エレコ,2,是,35100,45100,10000,22.2,ホームスロット,35100,https://home-slot.net/SHOP/s-eleco200.html,45100,https://www.a-slot.com/SHOP/eleco200.html,,
SNKプレイモア コブラ,,,2,否,74900,84900,10000,11.8,ホームスロット,74900,https://home-slot.net/SHOP/s-snk54.html,84900,https://www.a-slot.com/SHOP/snk54.html,,
ぱちすろ けものフレンズ,,ロデオ,2,否,35100,45100,10000,22.2,ホームスロット,35100,https://home-slot.net/SHOP/s-rodeo201.html,45100,https://www.a-slot.com/SHOP/s-rodeo201.html,,
アクロス キングジャック,,,2,否,35100,45100,10000,22.2,ホームスロット,35100,https://home-slot.net/SHOP/s-across8.html,45100,https://www.a-slot.com/SHOP/across8.html,,
アクロス リバティベルV,,,2,否,37700,47700,10000,21.0,ホームスロット,37700,https://home-slot.net/SHOP/s-across3.html,47700,https://www.a-slot.com/SHOP/across3.html,,
アムテックス アバサー30,S,,2,否,41500,51500,10000,19.4,ホームスロット,41500,https://home-slot.net/SHOP/s-amt211.html,51500,https://www.a-slot.com/SHOP/s-amt211.html,,
アムテックス 不二子BT,スマスロ,,2,是,218700,228700,10000,4.4,ホームスロット,218700,https://home-slot.net/SHOP/s-amt215.html,228700,https://www.a-slot.com/SHOP/s-amt215.html,,
アリストクラート 頑固一徹,,,2,否,54100,64100,10000,15.6,ホームスロット,54100,https://home-slot.net/SHOP/s-aristocrat15.html,64100,https://www.a-slot.com/SHOP/aristocrat15.html,,
エフ リングにかけろ1 V,スマスロ,,2,是,40100,50100,10000,20.0,ホームスロット,40100,https://home-slot.net/SHOP/s-f202.html,50100,https://www.a-slot.com/SHOP/s-f202.html,,
オーイズミ 1000ちゃん,,,2,是,41500,51500,10000,19.4,ホームスロット,41500,https://home-slot.net/SHOP/s-oizumi204.html,51500,https://www.a-slot.com/SHOP/oizumi204.html,,
オーイズミ LB GALFY,スマスロ,,2,是,173800,183800,10000,5.4,ホームスロット,173800,https://home-slot.net/SHOP/s-oizumi220.html,183800,https://www.a-slot.com/SHOP/s-oizumi220.html,,
オーイズミ かまいたちの夜,,,2,是,35100,45100,10000,22.2,ホームスロット,35100,https://home-slot.net/SHOP/s-oizumi209.html,45100,https://www.a-slot.com/SHOP/oizumi209.html,,
オーイズミ ドリームクルーン2,,,2,否,68500,78500,10000,12.7,ホームスロット,68500,https://home-slot.net/SHOP/s-oizumi203.html,78500,https://www.a-slot.com/SHOP/oizumi203.html,,
オーイズミ 乱嵐エイサー 30,,,2,否,35100,45100,10000,22.2,ホームスロット,35100,https://home-slot.net/SHOP/s-oizumi26.html,45100,https://www.a-slot.com/SHOP/oizumi26.html,,
オーイズミ 東京レイヴンズ,,,2,是,45300,55300,10000,18.1,ホームスロット,45300,https://home-slot.net/SHOP/s-oizumi207.html,55300,https://www.a-slot.com/SHOP/s-oizumi207.html,,
シークレットハイビスカス,,パイオニア,2,是,35100,45100,10000,22.2,ホームスロット,35100,https://home-slot.net/SHOP/s-pioneer47.html,45100,https://www.a-slot.com/SHOP/pioneer47.html,,
ジェイビー マクロスデルタ,,,2,是,54100,64100,10000,15.6,ホームスロット,54100,https://home-slot.net/SHOP/s-sankyo213.html,64100,https://www.a-slot.com/SHOP/s-sankyo213.html,,
スター 2027リヴァイズ,,,2,否,74900,84900,10000,11.8,ホームスロット,74900,https://home-slot.net/SHOP/s-star2.html,84900,https://www.a-slot.com/SHOP/star2.html,,
スーパービンゴネオS2 30,,ベルコ,2,否,68500,78500,10000,12.7,ホームスロット,68500,https://home-slot.net/SHOP/s-bellco9.html,78500,https://www.a-slot.com/SHOP/bellco9.html,,
タイヨーエレック ガメラ2,,,2,是,41500,51500,10000,19.4,ホームスロット,41500,https://home-slot.net/SHOP/s-taiyo_elec208.html,51500,https://www.a-slot.com/SHOP/s-taiyo_elec208.html,,
タイヨーエレック ドカベン,,,2,否,37700,47700,10000,21.0,ホームスロット,37700,https://home-slot.net/SHOP/s-taiyo_elec19.html,47700,https://www.a-slot.com/SHOP/taiyo_elec19.html,,
タイヨーエレック 銀と金2,,,2,否,54100,64100,10000,15.6,ホームスロット,54100,https://home-slot.net/SHOP/s-taiyo_elec27.html,64100,https://www.a-slot.com/SHOP/taiyo_elec27.html,,
タイヨー コクッチーブラック,,,2,否,41500,51500,10000,19.4,ホームスロット,41500,https://home-slot.net/SHOP/s-taiyo23.html,51500,https://www.a-slot.com/SHOP/taiyo23.html,,
タイヨー コクッチーマスターズ,,,2,否,93600,103600,10000,9.7,ホームスロット,93600,https://home-slot.net/SHOP/s-taiyo22.html,103600,https://www.a-slot.com/SHOP/taiyo22.html,,
タイヨー ハイサイ蝶特急2,,,2,否,68500,78500,10000,12.7,ホームスロット,68500,https://home-slot.net/SHOP/s-taiyo13.html,78500,https://www.a-slot.com/SHOP/taiyo13.html,,
タイヨー 続回胴のジャンゴ,,,2,否,35100,45100,10000,22.2,ホームスロット,35100,https://home-slot.net/SHOP/s-taiyo16.html,45100,https://www.a-slot.com/SHOP/taiyo16.html,,
ディ ライト おそ松さん~驚~,,,2,是,35100,45100,10000,22.2,ホームスロット,35100,https://home-slot.net/SHOP/s-dlight_200.html,45100,https://www.a-slot.com/SHOP/dlight_200.html,,
ディ ライト ギルティギア,,,2,否,68500,78500,10000,12.7,ホームスロット,68500,https://home-slot.net/SHOP/s-dlight_4.html,78500,https://www.a-slot.com/SHOP/dlight_4.html,,
デュエルドラゴンプラス,,メーシー,2,是,47800,57800,10000,17.3,ホームスロット,47800,https://home-slot.net/SHOP/s-mizuho-macy201.html,57800,https://www.a-slot.com/SHOP/mizuho-macy201.html,,
トラッドサンダーブラック,,岡崎産業,2,否,68500,78500,10000,12.7,ホームスロット,68500,https://home-slot.net/SHOP/s-okazaki14.html,78500,https://www.a-slot.com/SHOP/okazaki14.html,,
ニューハナハナゴールド 30,,パイオニア,2,是,54100,64100,10000,15.6,ホームスロット,54100,https://home-slot.net/SHOP/s-pioneer208.html,64100,https://www.a-slot.com/SHOP/pioneer208.html,,
ネオアイムジャグラーEX,,北電子,2,是,2034200,2044200,10000,0.5,ホームスロット,2034200,https://home-slot.net/SHOP/s-kitadenshi220.html,2044200,https://www.a-slot.com/SHOP/s-kitadenshi220.html,,
バルテック お庭deドン!.,,,2,否,35100,45100,10000,22.2,ホームスロット,35100,https://home-slot.net/SHOP/s-baltec6.html,45100,https://www.a-slot.com/SHOP/baltec6.html,,
バルテック 金のかぼちゃ,,,2,否,47800,57800,10000,17.3,ホームスロット,47800,https://home-slot.net/SHOP/s-baltec207.html,57800,https://www.a-slot.com/SHOP/s-baltec207.html,,
ブロス タロットエンペラー,,ユニバーサル,2,是,37700,47700,10000,21.0,ホームスロット,37700,https://home-slot.net/SHOP/s-univerasal16.html,47700,https://www.a-slot.com/SHOP/univerasal16.html,,
ブロス 沖ドキ!トロピカル,,ユニバーサル,2,是,35100,45100,10000,22.2,ホームスロット,35100,https://home-slot.net/SHOP/s-univerasal11.html,45100,https://www.a-slot.com/SHOP/univerasal11.html,,
マクロスフロンティア3,,SANKYO,2,是,41500,51500,10000,19.4,ホームスロット,41500,https://home-slot.net/SHOP/s-sankyo95.html,51500,https://www.a-slot.com/SHOP/sankyo95.html,,
ミリオンゴッド~神々の系譜~,,ミズホ,2,是,98500,108500,10000,9.2,ホームスロット,98500,https://home-slot.net/SHOP/s-mizuho-macy26.html,108500,https://www.a-slot.com/SHOP/mizuho-macy26.html,,
モンスターハンター 月下雷鳴,,エンターライズ,2,是,104800,114800,10000,8.7,ホームスロット,104800,https://home-slot.net/SHOP/s-enta9.html,114800,https://www.a-slot.com/SHOP/enta9.html,,
モンスターハンター~狂竜戦線~,,エンターライズ,2,是,35100,45100,10000,22.2,ホームスロット,35100,https://home-slot.net/SHOP/s-enta15.html,45100,https://www.a-slot.com/SHOP/enta15.html,,
ルパン三世 イタリアの夢,,平和,2,是,83500,93500,10000,10.7,ホームスロット,83500,https://home-slot.net/SHOP/s-heiwa208.html,93500,https://www.a-slot.com/SHOP/heiwa208.html,,
創聖のアクエリオンII,,SANKYO,2,否,47800,57800,10000,17.3,ホームスロット,47800,https://home-slot.net/SHOP/s-sankyo70.html,57800,https://www.a-slot.com/SHOP/sankyo70.html,,
天元突破グレンラガン極,,スパイキー,2,是,35100,45100,10000,22.2,ホームスロット,35100,https://home-slot.net/SHOP/s-nanashow203.html,45100,https://www.a-slot.com/SHOP/nanashow203.html,,
旋風の用心棒~胡蝶の記憶,,ロデオ,2,否,68500,78500,10000,12.7,ホームスロット,68500,https://home-slot.net/SHOP/s-rodeo35.html,78500,https://www.a-slot.com/SHOP/rodeo35.html,,
銀座 回胴黙示録カイジ3,,,2,否,83500,93500,10000,10.7,ホームスロット,83500,https://home-slot.net/SHOP/s-rodeo47.html,93500,https://www.a-slot.com/SHOP/rodeo47.html,,
魁!!男塾 天挑五輪大武會編,,ロデオ,2,否,68500,78500,10000,12.7,ホームスロット,68500,https://home-slot.net/SHOP/s-rodeo45.html,78500,https://www.a-slot.com/SHOP/rodeo45.html,,
魔法少女リリカルなのは,,SANYO,2,否,68500,78500,10000,12.7,ホームスロット,68500,https://home-slot.net/SHOP/s-sanyo22.html,78500,https://www.a-slot.com/SHOP/sanyo22.html,,
A SLOT 北斗の拳 将,,Sammy,2,是,41500,51500,10000,19.4,ホームスロット,41500,https://home-slot.net/SHOP/s-sammy123.html,51500,https://www.a-slot.com/SHOP/sammy123.html,,
EXCITE 未来日記,,,2,否,54100,64100,10000,15.6,ホームスロット,54100,https://home-slot.net/SHOP/s-excite17.html,64100,https://www.a-slot.com/SHOP/excite17.html,,
HEY!鏡 ガールズパネル,,大都技研,2,是,43500,53500,10000,18.7,ホームスロット,43500,https://home-slot.net/SHOP/s-daitogiken201_girls.html,53500,https://www.a-slot.com/SHOP/daitogiken201_girls.html,,
JIN メイドルナイト,,,2,否,68500,78500,10000,12.7,ホームスロット,68500,https://home-slot.net/SHOP/s-jin_2.html,78500,https://www.a-slot.com/SHOP/jin_2.html,,
JPS S2027DB,,,2,是,54100,64100,10000,15.6,ホームスロット,54100,https://home-slot.net/SHOP/s-jps214.html,64100,https://www.a-slot.com/SHOP/s-jps214.html,,
JPS ドリームジャンボ,,,2,否,41500,51500,10000,19.4,ホームスロット,41500,https://home-slot.net/SHOP/s-jps28.html,51500,https://www.a-slot.com/SHOP/jps28.html,,
KPE GI優駿倶楽部,,,2,是,42700,52700,10000,19.0,ホームスロット,42700,https://home-slot.net/SHOP/s-kpe57.html,52700,https://www.a-slot.com/SHOP/kpe57.html,,
LBトリプルクラウン,スマスロ,岡崎産業,2,是,41500,51500,10000,19.4,ホームスロット,41500,https://home-slot.net/SHOP/s-okazaki202.html,51500,https://www.a-slot.com/SHOP/s-okazaki202.html,,
NET スナイパイ72,,,2,否,50300,60300,10000,16.6,ホームスロット,50300,https://home-slot.net/SHOP/s-net35.html,60300,https://www.a-slot.com/SHOP/net35.html,,
SLOTデビルマンX,,エレコ,2,是,47800,57800,10000,17.3,ホームスロット,47800,https://home-slot.net/SHOP/s-eleco76.html,57800,https://www.a-slot.com/SHOP/eleco76.html,,
SLOTドルアーガの塔,,ミズホ,2,是,109800,119800,10000,8.3,ホームスロット,109800,https://home-slot.net/SHOP/s-mizuho-macy226.html,119800,https://www.a-slot.com/SHOP/s-mizuho-macy226.html,,
まじかる☆タルるートくん,,ニューギン,2,否,35100,45100,10000,22.2,ホームスロット,35100,https://home-slot.net/SHOP/s-newgin30.html,45100,https://www.a-slot.com/SHOP/newgin30.html,,
アイ電子 SOLAR7,,,2,否,93600,103600,10000,9.7,ホームスロット,93600,https://home-slot.net/SHOP/s-aidensi.html,103600,https://www.a-slot.com/SHOP/aidensi.html,,
アオハル♪操 A LIVE,,大都技研,2,是,68500,78500,10000,12.7,ホームスロット,68500,https://home-slot.net/SHOP/s-daito215.html,78500,https://www.a-slot.com/SHOP/s-daito215.html,,
アクロス ゲッターマウス,,,2,是,35100,45100,10000,22.2,ホームスロット,35100,https://home-slot.net/SHOP/s-across12.html,45100,https://www.a-slot.com/SHOP/across12.html,,
アクロス ドンちゃん2,,,2,是,35100,45100,10000,22.2,ホームスロット,35100,https://home-slot.net/SHOP/s-across203.html,45100,https://www.a-slot.com/SHOP/across203.html,,
アクロス 沖ドキ!2 30,,,2,是,35100,45100,10000,22.2,ホームスロット,35100,https://home-slot.net/SHOP/s-across206.html,45100,https://www.a-slot.com/SHOP/across206.html,,
アクロス 沖ドキ!DUO,,,2,是,41500,51500,10000,19.4,ホームスロット,41500,https://home-slot.net/SHOP/s-across208.html,51500,https://www.a-slot.com/SHOP/across208.html,,
アナターのオット!?はーです,,ミズホ,2,是,35100,45100,10000,22.2,ホームスロット,35100,https://home-slot.net/SHOP/s-mizuho-macy206.html,45100,https://www.a-slot.com/SHOP/mizuho-macy206.html,,
アムテックス うまい棒,,,2,是,41500,51500,10000,19.4,ホームスロット,41500,https://home-slot.net/SHOP/s-amt209.html,51500,https://www.a-slot.com/SHOP/amt209.html,,
アムテックス 南国娘2,,,2,是,35100,45100,10000,22.2,ホームスロット,35100,https://home-slot.net/SHOP/s-amt203.html,45100,https://www.a-slot.com/SHOP/amt203.html,,
アムテックス 島漢 30,,,2,否,35100,45100,10000,22.2,ホームスロット,35100,https://home-slot.net/SHOP/s-amt202.html,45100,https://www.a-slot.com/SHOP/amt202.html,,
アムテックス 花伝 30,,,2,否,35100,45100,10000,22.2,ホームスロット,35100,https://home-slot.net/SHOP/s-amt206.html,45100,https://www.a-slot.com/SHOP/amt206.html,,
アラジンAクラシック,,Sammy,2,是,35100,45100,10000,22.2,ホームスロット,35100,https://home-slot.net/SHOP/s-sammy218.html,45100,https://www.a-slot.com/SHOP/sammy218.html,,
エマ イミソーレ3V‐30,,,2,否,72300,82300,10000,12.2,ホームスロット,72300,https://home-slot.net/SHOP/s-ema6.html,82300,https://www.a-slot.com/SHOP/ema6.html,,
オズ SOZ1 AA 30,,,2,否,68500,78500,10000,12.7,ホームスロット,68500,https://home-slot.net/SHOP/s-oz201.html,78500,https://www.a-slot.com/SHOP/s-oz201.html,,
カルミナ プリズムナナ,スマスロ,,2,是,210100,220100,10000,4.5,ホームスロット,210100,https://home-slot.net/SHOP/s-carmina208.html,220100,https://www.a-slot.com/SHOP/s-carmina208.html,,
ガールズ&パンツァー 劇場版,,平和,2,是,35100,45100,10000,22.2,ホームスロット,35100,https://home-slot.net/SHOP/s-heiwa215.html,45100,https://www.a-slot.com/SHOP/heiwa215.html,,
クロスアルファ 犬夜叉,,,2,是,35100,45100,10000,22.2,ホームスロット,35100,https://home-slot.net/SHOP/s-crossalpha200.html,45100,https://www.a-slot.com/SHOP/s-crossalpha200.html,,
サボハニ 吉宗 姫パネル,スマスロ,,2,是,45100,55100,10000,18.1,ホームスロット,45100,https://home-slot.net/SHOP/s-daito224.html,55100,https://www.a-slot.com/SHOP/s-daito224.html,,
ストリートファイターIV,,エンターライズ,2,否,54100,64100,10000,15.6,ホームスロット,54100,https://home-slot.net/SHOP/s-enta5.html,64100,https://www.a-slot.com/SHOP/enta5.html,,
スーパービンゴギャラクシー,,ベルコ,2,是,47800,57800,10000,17.3,ホームスロット,47800,https://home-slot.net/SHOP/s-bellco203.html,57800,https://www.a-slot.com/SHOP/bellco203.html,,
スーパー海物語IN沖縄2,,SANYO,2,否,35100,45100,10000,22.2,ホームスロット,35100,https://home-slot.net/SHOP/s-sanyo26.html,45100,https://www.a-slot.com/SHOP/sanyo26.html,,
セブンリーグ ケロット4,,,2,是,40100,50100,10000,20.0,ホームスロット,40100,https://home-slot.net/SHOP/s-yamasa212.html,50100,https://www.a-slot.com/SHOP/yamasa212.html,,
セブンリーグ 天下布武4,,,2,是,35100,45100,10000,22.2,ホームスロット,35100,https://home-slot.net/SHOP/s-yamasa210.html,45100,https://www.a-slot.com/SHOP/yamasa210.html,,
タイヨーエレック 銀と金,,,2,否,54100,64100,10000,15.6,ホームスロット,54100,https://home-slot.net/SHOP/s-taiyo_elec13.html,64100,https://www.a-slot.com/SHOP/taiyo_elec13.html,,
ディ ライト BOOWY,,,2,是,46500,56500,10000,17.7,ホームスロット,46500,https://home-slot.net/SHOP/s-dlight_202.html,56500,https://www.a-slot.com/SHOP/s-dlight_202.html,,
トリビー がんばれ満月姫!,,,2,否,68500,78500,10000,12.7,ホームスロット,68500,https://home-slot.net/SHOP/s-trivy5.html,78500,https://www.a-slot.com/SHOP/trivy5.html,,
ニュースモモチャン 30,,ニューギン,2,否,198700,208700,10000,4.8,ホームスロット,198700,https://home-slot.net/SHOP/s-newgin36.html,208700,https://www.a-slot.com/SHOP/newgin36.html,,
ニューパルサーSPIII,,山佐,2,是,35100,45100,10000,22.2,ホームスロット,35100,https://home-slot.net/SHOP/s-yamasa216.html,45100,https://www.a-slot.com/SHOP/yamasa216.html,,
ハッピージャックポット,,岡崎産業,2,否,35100,45100,10000,22.2,ホームスロット,35100,https://home-slot.net/SHOP/s-okazaki13.html,45100,https://www.a-slot.com/SHOP/okazaki13.html,,
ハナハナホウオウ~天翔~,,パイオニア,2,是,35100,45100,10000,22.2,ホームスロット,35100,https://home-slot.net/SHOP/s-pioneer213.html,45100,https://www.a-slot.com/SHOP/pioneer213.html,,
バーニングエクスプレス,スマスロ,北電子,2,是,35100,45100,10000,22.2,ホームスロット,35100,https://home-slot.net/SHOP/s-kitadenshi221.html,45100,https://www.a-slot.com/SHOP/s-kitadenshi221.html,,
バルテック スペリオーレ,,,2,否,698700,708700,10000,1.4,ホームスロット,698700,https://home-slot.net/SHOP/s-baltec202.html,708700,https://www.a-slot.com/SHOP/baltec202.html,,
化物語 ヒロインパネル,,Sammy,2,否,88500,98500,10000,10.2,ホームスロット,88500,https://home-slot.net/SHOP/s-sammy102.html,98500,https://www.a-slot.com/SHOP/sammy102.html,,
戦場のヴァルキュリア,,Sammy,2,是,35100,45100,10000,22.2,ホームスロット,35100,https://home-slot.net/SHOP/s-sammy137.html,45100,https://www.a-slot.com/SHOP/sammy137.html,,
戦姫絶唱シンフォギア,,SANKYO,2,是,37700,47700,10000,21.0,ホームスロット,37700,https://home-slot.net/SHOP/s-sankyo92.html,47700,https://www.a-slot.com/SHOP/sankyo92.html,,
押忍!サラリーマン番長2,,大都技研,2,是,35100,45100,10000,22.2,ホームスロット,35100,https://home-slot.net/SHOP/s-daitogiken207.html,45100,https://www.a-slot.com/SHOP/daitogiken207.html,,
押忍!番長2 鋼鉄パネル,,大都技研,2,否,89800,99800,10000,10.0,ホームスロット,89800,https://home-slot.net/SHOP/s-daitogiken40.html,99800,https://www.a-slot.com/SHOP/daitogiken40.html,,
押忍!番長3 対決パネル,,大都技研,2,是,69100,79100,10000,12.6,ホームスロット,69100,https://home-slot.net/SHOP/s-daitogiken61_taiketu.html,79100,https://www.a-slot.com/SHOP/daitogiken61_taiketu.html,,
海物語ミラクルマリン,,SANYO,2,否,41500,51500,10000,19.4,ホームスロット,41500,https://home-slot.net/SHOP/s-sanyo8.html,51500,https://www.a-slot.com/SHOP/sanyo8.html,,
煩悩BREAKER禅,,山佐,2,否,35100,45100,10000,22.2,ホームスロット,35100,https://home-slot.net/SHOP/s-yamasa115.html,45100,https://www.a-slot.com/SHOP/yamasa115.html,,
真田純勇士すぺしゃる,,ニューギン,2,否,68500,78500,10000,12.7,ホームスロット,68500,https://home-slot.net/SHOP/s-newgin15.html,78500,https://www.a-slot.com/SHOP/newgin15.html,,
聖闘士星矢 黄金激闘編,,SANYO,2,否,54100,64100,10000,15.6,ホームスロット,54100,https://home-slot.net/SHOP/s-sanyo17.html,64100,https://www.a-slot.com/SHOP/sanyo17.html,,
荒野のコトブキ飛行隊,スマスロ,スパイキー,2,是,183700,193700,10000,5.2,ホームスロット,183700,https://home-slot.net/SHOP/s-spyki212.html,193700,https://www.a-slot.com/SHOP/s-spyki212.html,,
超GANTZ 超ガンツ,,スパイキー,2,否,83500,93500,10000,10.7,ホームスロット,83500,https://home-slot.net/SHOP/s-spyki_10.html,93500,https://www.a-slot.com/SHOP/spyki_10.html,,
鬼浜外伝 ハヤト疾風伝,,高砂,2,否,68500,78500,10000,12.7,ホームスロット,68500,https://home-slot.net/SHOP/s-takasago1.html,78500,https://www.a-slot.com/SHOP/takasago1.html,,
JIN 夜勤病棟 壱 Y,,,2,否,57900,67900,10000,14.7,ホームスロット,57900,https://home-slot.net/SHOP/s-jin_1.html,67900,https://www.a-slot.com/SHOP/jin_1.html,,
JPS サマージャンボ,,,2,否,68500,78500,10000,12.7,ホームスロット,68500,https://home-slot.net/SHOP/s-jps30.html,78500,https://www.a-slot.com/SHOP/jps30.html,,
KPE ラッキーベガス,,,2,否,35100,45100,10000,22.2,ホームスロット,35100,https://home-slot.net/SHOP/s-kpe59.html,45100,https://www.a-slot.com/SHOP/kpe59.html,,
NET スーパードラゴン,,,2,是,40100,50100,10000,20.0,ホームスロット,40100,https://home-slot.net/SHOP/s-net203.html,50100,https://www.a-slot.com/SHOP/net203.html,,
NET チバリヨ 25,,,2,是,40100,50100,10000,20.0,ホームスロット,40100,https://home-slot.net/SHOP/s-net211.html,50100,https://www.a-slot.com/SHOP/s-net211.html,,
NET ニューチバリヨ,,,2,否,59200,69200,10000,14.5,ホームスロット,59200,https://home-slot.net/SHOP/s-net49.html,69200,https://www.a-slot.com/SHOP/net49.html,,
NET ハーレムエース2,,,2,否,47800,57800,10000,17.3,ホームスロット,47800,https://home-slot.net/SHOP/s-net17.html,57800,https://www.a-slot.com/SHOP/net17.html,,
NET ビキニパイ2,,,2,否,45300,55300,10000,18.1,ホームスロット,45300,https://home-slot.net/SHOP/s-net31.html,55300,https://www.a-slot.com/SHOP/net31.html,,
NET 燃えチバ 30,,,2,是,40100,50100,10000,20.0,ホームスロット,40100,https://home-slot.net/SHOP/s-net218.html,50100,https://www.a-slot.com/SHOP/s-net218.html,,
SLOTタブー タトゥー,,ミズホ,2,是,41500,51500,10000,19.4,ホームスロット,41500,https://home-slot.net/SHOP/s-mizuho-macy208.html,51500,https://www.a-slot.com/SHOP/mizuho-macy208.html,,
S Lucky海物語,,SANYO,2,是,41500,51500,10000,19.4,ホームスロット,41500,https://home-slot.net/SHOP/s-sanyo202.html,51500,https://www.a-slot.com/SHOP/sanyo202.html,,
ぱちスロ 必殺仕事人,,京楽,2,是,46500,56500,10000,17.7,ホームスロット,46500,https://home-slot.net/SHOP/s-kyoraku4.html,56500,https://www.a-slot.com/SHOP/kyoraku4.html,,
アクロス アレックス,,,2,否,37700,47700,10000,21.0,ホームスロット,37700,https://home-slot.net/SHOP/s-across202.html,47700,https://www.a-slot.com/SHOP/across202.html,,
アクロス 沖ドキ! 30,,,2,否,68500,78500,10000,12.7,ホームスロット,68500,https://home-slot.net/SHOP/s-across5.html,78500,https://www.a-slot.com/SHOP/across5.html,,
アステカ 太陽の紋章,,エレコ,2,否,98500,108500,10000,9.2,ホームスロット,98500,https://home-slot.net/SHOP/s-eleco72.html,108500,https://www.a-slot.com/SHOP/eleco72.html,,
ウルトラちゃぶ 返し,,ベルコ,2,否,98500,108500,10000,9.2,ホームスロット,98500,https://home-slot.net/SHOP/s-bellco210.html,108500,https://www.a-slot.com/SHOP/s-bellco210.html,,
キングクリエーター30,,北電子,2,是,46500,56500,10000,17.7,ホームスロット,46500,https://home-slot.net/SHOP/s-kitadenshi214.html,56500,https://www.a-slot.com/SHOP/s-kitadenshi214.html,,
クイーンジャックネオ,,岡崎産業,2,否,68500,78500,10000,12.7,ホームスロット,68500,https://home-slot.net/SHOP/s-okazaki11.html,78500,https://www.a-slot.com/SHOP/okazaki11.html,,
クロノス~刻の支配者~,,ベルコ,2,否,35100,45100,10000,22.2,ホームスロット,35100,https://home-slot.net/SHOP/s-bellco201.html,45100,https://www.a-slot.com/SHOP/bellco201.html,,
サイレントメビウス,,岡崎産業,2,否,68500,78500,10000,12.7,ホームスロット,68500,https://home-slot.net/SHOP/s-okazaki9.html,78500,https://www.a-slot.com/SHOP/okazaki9.html,,
サンセイR&D 沖っ娘,S,,2,否,37700,47700,10000,21.0,ホームスロット,37700,https://home-slot.net/SHOP/s_sansei201.html,47700,https://www.a-slot.com/SHOP/s_sansei201.html,,
ジャグラーガールズSS,,北電子,2,是,1324600,1334600,10000,0.7,ホームスロット,1324600,https://home-slot.net/SHOP/s-kitadenshi215.html,1334600,https://www.a-slot.com/SHOP/s-kitadenshi215.html,,
スター 2027III,,,2,否,47800,57800,10000,17.3,ホームスロット,47800,https://home-slot.net/SHOP/s-star3.html,57800,https://www.a-slot.com/SHOP/star3.html,,
スーパーハナハナ2 30,,パイオニア,2,是,41500,51500,10000,19.4,ホームスロット,41500,https://home-slot.net/SHOP/s-pioneer215.html,51500,https://www.a-slot.com/SHOP/s-pioneer215.html,,
スーパー海物語IN沖縄,,SANYO,2,否,68500,78500,10000,12.7,ホームスロット,68500,https://home-slot.net/SHOP/s-sanyo5.html,78500,https://www.a-slot.com/SHOP/sanyo5.html,,
チェインクロニクル,,Sammy,2,是,35100,45100,10000,22.2,ホームスロット,35100,https://home-slot.net/SHOP/s-sammy202.html,45100,https://www.a-slot.com/SHOP/sammy202.html,,
ネクスト スターパルサー,,山佐,2,是,35100,45100,10000,22.2,ホームスロット,35100,https://home-slot.net/SHOP/s-yamasa221.html,45100,https://www.a-slot.com/SHOP/yamasa221.html,,
ハイハイシオサイ2,,パイオニア,2,否,35100,45100,10000,22.2,ホームスロット,35100,https://home-slot.net/SHOP/s-pioneer211.html,45100,https://www.a-slot.com/SHOP/pioneer211.html,,
バルテック バツ&テリー,,,2,否,68500,78500,10000,12.7,ホームスロット,68500,https://home-slot.net/SHOP/s-baltec4.html,78500,https://www.a-slot.com/SHOP/baltec4.html,,
パオン ディーピー 秘宝伝,スマスロ,,2,是,40100,50100,10000,20.0,ホームスロット,40100,https://home-slot.net/SHOP/s-paon206.html,50100,https://www.a-slot.com/SHOP/s-paon206.html,,
ボンバーパワフルII,,SANKYO,2,否,35100,45100,10000,22.2,ホームスロット,35100,https://home-slot.net/SHOP/s-sankyo71.html,45100,https://www.a-slot.com/SHOP/sankyo71.html,,
マイケル ジャクソン,,SANKYO,2,否,168800,178800,10000,5.6,ホームスロット,168800,https://home-slot.net/SHOP/s-sankyo131.html,178800,https://www.a-slot.com/SHOP/sankyo131.html,,
マイジャグラーIII,,北電子,2,是,47800,57800,10000,17.3,ホームスロット,47800,https://home-slot.net/SHOP/s-kitadenshi74.html,57800,https://www.a-slot.com/SHOP/kitadensi74.html,,
マッハGoGoGo,,七匠,2,否,47800,57800,10000,17.3,ホームスロット,47800,https://home-slot.net/SHOP/s-nanashow200.html,57800,https://www.a-slot.com/SHOP/nanashow200.html,,
ヤーマ トラッド480,,,2,否,68500,78500,10000,12.7,ホームスロット,68500,https://home-slot.net/SHOP/s-yam6.html,78500,https://www.a-slot.com/SHOP/yam6.html,,
リング 呪いの7日間,,藤商事,2,否,54100,64100,10000,15.6,ホームスロット,54100,https://home-slot.net/SHOP/s-fuji11.html,64100,https://www.a-slot.com/SHOP/fuji11.html,,
ロリポップチェーンソー,,藤商事,2,否,45300,55300,10000,18.1,ホームスロット,45300,https://home-slot.net/SHOP/s-fuji17.html,55300,https://www.a-slot.com/SHOP/fuji17.html,,
ワイワイマハロ 30,,北電子,2,是,47800,57800,10000,17.3,ホームスロット,47800,https://home-slot.net/SHOP/s-kitadenshi67.html,57800,https://www.a-slot.com/SHOP/kitadenshi67.html,,
ワードオブライツII,,エレコ,2,是,43900,53900,10000,18.6,ホームスロット,43900,https://home-slot.net/SHOP/s-eleco205.html,53900,https://www.a-slot.com/SHOP/s-eleco205.html,,
ワンダフルジャック,,岡崎産業,2,否,35100,45100,10000,22.2,ホームスロット,35100,https://home-slot.net/SHOP/s-okazaki16.html,45100,https://www.a-slot.com/SHOP/okazaki16.html,,
北斗の拳 新伝説創造,,Sammy,2,是,35100,45100,10000,22.2,ホームスロット,35100,https://home-slot.net/SHOP/s-sammy135.html,45100,https://www.a-slot.com/SHOP/sammy135.html,,
咲 Saki 頂上決戦,スマスロ,SANYO,2,是,35100,45100,10000,22.2,ホームスロット,35100,https://home-slot.net/SHOP/s-sanyo205.html,45100,https://www.a-slot.com/SHOP/s-sanyo205.html,,
天~天和通りの快男児~,,藤商事,2,否,37700,47700,10000,21.0,ホームスロット,37700,https://home-slot.net/SHOP/s-fuji7.html,47700,https://www.a-slot.com/SHOP/fuji7.html,,
忍魂参 ~奥義皆伝ノ章~,スマスロ,大都技研,2,是,51500,61500,10000,16.3,ホームスロット,51500,https://home-slot.net/SHOP/s-daito213.html,61500,https://www.a-slot.com/SHOP/s-daito213.html,,
戦国BASARA2,,エンターライズ,2,否,47800,57800,10000,17.3,ホームスロット,47800,https://home-slot.net/SHOP/s-enta6.html,57800,https://www.a-slot.com/SHOP/enta6.html,,
戦国BASARA3,,エンターライズ,2,否,54100,64100,10000,15.6,ホームスロット,54100,https://home-slot.net/SHOP/s-enta10.html,64100,https://www.a-slot.com/SHOP/enta10.html,,
戦国乙女TYPE A+,,オリンピア,2,是,41500,51500,10000,19.4,ホームスロット,41500,https://home-slot.net/SHOP/s-heiwa202.html,51500,https://www.a-slot.com/SHOP/heiwa202.html,,
押忍!サラリーマン番長,,大都技研,2,是,47800,57800,10000,17.3,ホームスロット,47800,https://home-slot.net/SHOP/s-daitogiken51.html,57800,https://www.a-slot.com/SHOP/daitogiken51.html,,
押忍!番長2 操パネル,,大都技研,2,否,134800,144800,10000,6.9,ホームスロット,134800,https://home-slot.net/SHOP/s-daitogiken38.html,144800,https://www.a-slot.com/SHOP/daitogiken38.html,,
押忍!番長2 轟パネル,,大都技研,2,否,89800,99800,10000,10.0,ホームスロット,89800,https://home-slot.net/SHOP/s-daitogiken37.html,99800,https://www.a-slot.com/SHOP/daitogiken37.html,,
押忍!番長4 操パネル,スマスロ,大都技研,2,是,45100,55100,10000,18.1,ホームスロット,45100,https://home-slot.net/SHOP/s-daito217.html,55100,https://www.a-slot.com/SHOP/s-daito217.html,,
沖ドキ!GOLD 30,,ミズホ,2,是,41500,51500,10000,19.4,ホームスロット,41500,https://home-slot.net/SHOP/s-mizuho-macy215.html,51500,https://www.a-slot.com/SHOP/s-mizuho-macy215.html,,
沖ドキ!ゴージャス 25φ,,エレコ,2,是,1248600,1258600,10000,0.8,ホームスロット,1248600,https://home-slot.net/SHOP/s-eleco208.html,1258600,https://www.a-slot.com/SHOP/s-eleco208.html,,
沖ドキ!ゴージャス 30φ,,エレコ,2,是,1970800,1980800,10000,0.5,ホームスロット,1970800,https://home-slot.net/SHOP/s-eleco207.html,1980800,https://www.a-slot.com/SHOP/s-eleco207.html,,
笑ゥせぇるすまん2,,SANYO,2,否,54100,64100,10000,15.6,ホームスロット,54100,https://home-slot.net/SHOP/s-sanyo16.html,64100,https://www.a-slot.com/SHOP/sanyo16.html,,
笑ゥせぇるすまん4,S,SANYO,2,是,35100,45100,10000,22.2,ホームスロット,35100,https://home-slot.net/SHOP/s-sanyo204.html,45100,https://www.a-slot.com/SHOP/s-sanyo204.html,,
聖闘士星矢 冥王復活,S,SANYO,2,是,35100,45100,10000,22.2,ホームスロット,35100,https://home-slot.net/SHOP/s-sanyo203.html,45100,https://www.a-slot.com/SHOP/sanyo203.html,,
聖闘士星矢 女神聖戦,,SANYO,2,否,36400,46400,10000,21.6,ホームスロット,36400,https://home-slot.net/SHOP/s-sanyo23.html,46400,https://www.a-slot.com/SHOP/sanyo23.html,,
銀座 うる星やつら3,,,2,否,93600,103600,10000,9.7,ホームスロット,93600,https://home-slot.net/SHOP/s-ginza30.html,103600,https://www.a-slot.com/SHOP/ginza30.html,,
銀座 リングにかけろ,,,2,否,57900,67900,10000,14.7,ホームスロット,57900,https://home-slot.net/SHOP/s-ginza2.html,67900,https://www.a-slot.com/SHOP/ginza2.html,,
頭文字D 啓介パネル,,Sammy,2,是,38100,48100,10000,20.8,ホームスロット,38100,https://home-slot.net/SHOP/s-sammy211_keisuke.html,48100,https://www.a-slot.com/SHOP/sammy211_keisuke.html,,
A SLOT 偽物語,,Sammy,2,否,68500,78500,10000,12.7,ホームスロット,68500,https://home-slot.net/SHOP/s-sammy124.html,78500,https://www.a-slot.com/SHOP/sammy124.html,,
IGT 夢幻の如く,,,2,否,45300,55300,10000,18.1,ホームスロット,45300,https://home-slot.net/SHOP/s-igt11.html,55300,https://www.a-slot.com/SHOP/igt11.html,,
KPE 激闘!西遊記,,,2,否,54100,64100,10000,15.6,ホームスロット,54100,https://home-slot.net/SHOP/s-kpe45.html,64100,https://www.a-slot.com/SHOP/kpe45.html,,
KPE 魂斗羅3D,,,2,否,35100,45100,10000,22.2,ホームスロット,35100,https://home-slot.net/SHOP/s-kpe43.html,45100,https://www.a-slot.com/SHOP/kpe43.html,,
NET なでしこ侍,,,2,否,41500,51500,10000,19.4,ホームスロット,41500,https://home-slot.net/SHOP/s-net37.html,51500,https://www.a-slot.com/SHOP/net37.html,,
NET チバリヨ2,スマスロ,,2,是,35100,45100,10000,22.2,ホームスロット,35100,https://home-slot.net/SHOP/s-net220.html,45100,https://www.a-slot.com/SHOP/s-net220.html,,
SLOTえとたま,,メーシー,2,是,45300,55300,10000,18.1,ホームスロット,45300,https://home-slot.net/SHOP/s-mizuho-macy211.html,55300,https://www.a-slot.com/SHOP/s-mizuho-macy211.html,,
SLOTギャラガ,,メーシー,2,是,35100,45100,10000,22.2,ホームスロット,35100,https://home-slot.net/SHOP/s-mizuho-macy203.html,45100,https://www.a-slot.com/SHOP/mizuho-macy203.html,,
おとめ妖怪ざくろ,,北電子,2,是,37700,47700,10000,21.0,ホームスロット,37700,https://home-slot.net/SHOP/s-kitadenshi72.html,47700,https://www.a-slot.com/SHOP/kitadensi72.html,,
からくりサーカス2,スマスロ,SANKYO,2,是,513600,523600,10000,1.9,ホームスロット,513600,https://home-slot.net/SHOP/s-sankyo235.html,523600,https://www.a-slot.com/SHOP/s-sankyo235.html,,
ぱちスロ ギャグダー,,京楽,2,是,54100,64100,10000,15.6,ホームスロット,54100,https://home-slot.net/SHOP/s-kyoraku204.html,64100,https://www.a-slot.com/SHOP/kyoraku204.html,,
ぱちスロ水戸黄門,,京楽,2,否,78700,88700,10000,11.3,ホームスロット,78700,https://home-slot.net/SHOP/s-kyoraku7.html,88700,https://www.a-slot.com/SHOP/kyoraku7.html,,
みうのおしゃべり,,岡崎産業,2,是,54100,64100,10000,15.6,ホームスロット,54100,https://home-slot.net/SHOP/s-okazaki200.html,64100,https://www.a-slot.com/SHOP/okazaki200.html,,
やじきた道中記乙,,ミズホ,2,否,68500,78500,10000,12.7,ホームスロット,68500,https://home-slot.net/SHOP/s-mizuho-macy43.html,78500,https://www.a-slot.com/SHOP/mizuho-macy43.html,,
アクロス B MAX,,,2,否,35100,45100,10000,22.2,ホームスロット,35100,https://home-slot.net/SHOP/s-across2.html,45100,https://www.a-slot.com/SHOP/across2.html,,
アムテックス 花伝,,,2,否,35100,45100,10000,22.2,ホームスロット,35100,https://home-slot.net/SHOP/s-amt205.html,45100,https://www.a-slot.com/SHOP/amt205.html,,
エマ イミソーレ2R,,,2,否,68500,78500,10000,12.7,ホームスロット,68500,https://home-slot.net/SHOP/s-ema5.html,78500,https://www.a-slot.com/SHOP/ema5.html,,
クランキークレスト,,ミズホ,2,是,46500,56500,10000,17.7,ホームスロット,46500,https://home-slot.net/SHOP/s-mizuho-macy220.html,56500,https://www.a-slot.com/SHOP/s-mizuho-macy220.html,,
サボハニ いざ!番長,スマスロ,,2,是,35100,45100,10000,22.2,ホームスロット,35100,https://home-slot.net/SHOP/s-daito221.html,45100,https://www.a-slot.com/SHOP/s-daito221.html,,
シャドウハーツII,,ミズホ,2,否,35100,45100,10000,22.2,ホームスロット,35100,https://home-slot.net/SHOP/s-mizuho-macy13.html,45100,https://www.a-slot.com/SHOP/mizuho-macy13.html,,
スターハナハナ 30,,パイオニア,2,是,50300,60300,10000,16.6,ホームスロット,50300,https://home-slot.net/SHOP/s-pioneer226.html,60300,https://www.a-slot.com/SHOP/s-pioneer226.html,,
スーパーハナハナ‐30,,パイオニア,2,否,41500,51500,10000,19.4,ホームスロット,41500,https://home-slot.net/SHOP/s-pioneer209.html,51500,https://www.a-slot.com/SHOP/pioneer209.html,,
スーパービンゴリゾート,,ベルコ,2,否,35100,45100,10000,22.2,ホームスロット,35100,https://home-slot.net/SHOP/s-bellco14.html,45100,https://www.a-slot.com/SHOP/bellco14.html,,
スーパービンゴリバース,,ベルコ,2,否,37700,47700,10000,21.0,ホームスロット,37700,https://home-slot.net/SHOP/s-bellco202.html,47700,https://www.a-slot.com/SHOP/bellco202.html,,
タイヨー 一騎当千A,,,2,否,54100,64100,10000,15.6,ホームスロット,54100,https://home-slot.net/SHOP/s-taiyo_elec4.html,64100,https://www.a-slot.com/SHOP/taiyo_elec4.html,,
ディスクアップ2,,Sammy,2,是,59100,69100,10000,14.5,ホームスロット,59100,https://home-slot.net/SHOP/s-sammy217.html,69100,https://www.a-slot.com/SHOP/sammy217.html,,
ニューゲッターマウス,,エレコ,2,是,35100,45100,10000,22.2,ホームスロット,35100,https://home-slot.net/SHOP/s-eleco204.html,45100,https://www.a-slot.com/SHOP/s-eleco204.html,,
ニュースモモチャン,,ニューギン,2,是,35100,45100,10000,22.2,ホームスロット,35100,https://home-slot.net/SHOP/s-newgin35.html,45100,https://www.a-slot.com/SHOP/newgin35.html,,
ハイハイシオサイ,,パイオニア,2,否,38900,48900,10000,20.4,ホームスロット,38900,https://home-slot.net/SHOP/s-pioneer204.html,48900,https://www.a-slot.com/SHOP/pioneer204.html,,
ハイビリターン 30,,パイオニア,2,否,183700,193700,10000,5.2,ホームスロット,183700,https://home-slot.net/SHOP/s-pioneer229.html,193700,https://www.a-slot.com/SHOP/s-pioneer229.html,,
バーサスリヴァイズ,,エレコ,2,是,47800,57800,10000,17.3,ホームスロット,47800,https://home-slot.net/SHOP/s-eleco203.html,57800,https://www.a-slot.com/SHOP/eleco203.html,,
バーストエンジェル,,山佐,2,否,54100,64100,10000,15.6,ホームスロット,54100,https://home-slot.net/SHOP/s-yamasa100.html,64100,https://www.a-slot.com/SHOP/yamasa100.html,,
ファイヤードリフト,,Sammy,2,是,40100,50100,10000,20.0,ホームスロット,40100,https://home-slot.net/SHOP/s-rodeo206.html,50100,https://www.a-slot.com/SHOP/s-rodeo206.html,,
プレミアムビンゴ,,ベルコ,2,否,38100,48100,10000,20.8,ホームスロット,38100,https://home-slot.net/SHOP/s-bellco12.html,48100,https://www.a-slot.com/SHOP/bellco12.html,,
ボンバーパワフル3,,SANKYO,2,是,35100,45100,10000,22.2,ホームスロット,35100,https://home-slot.net/SHOP/s-sankyo210.html,45100,https://www.a-slot.com/SHOP/s-sankyo210.html,,
マイフラワー2 30,,北電子,2,是,40100,50100,10000,20.0,ホームスロット,40100,https://home-slot.net/SHOP/s-kitadenshi211.html,50100,https://www.a-slot.com/SHOP/s-kitadenshi211.html,,
ヤーマ ビッグアップ,,,2,否,35100,45100,10000,22.2,ホームスロット,35100,https://home-slot.net/SHOP/s-yam7.html,45100,https://www.a-slot.com/SHOP/yam7.html,,
ロストアイランド,,Sammy,2,否,168800,178800,10000,5.6,ホームスロット,168800,https://home-slot.net/SHOP/s-sammy106.html,178800,https://www.a-slot.com/SHOP/sammy106.html,,
巨人の星 猛虎花形,,スパイキー,2,否,89800,99800,10000,10.0,ホームスロット,89800,https://home-slot.net/SHOP/s-spyki_8.html,99800,https://www.a-slot.com/SHOP/spyki_8.html,,
戦律のストラタス,,高砂,2,否,83500,93500,10000,10.7,ホームスロット,83500,https://home-slot.net/SHOP/s-takasago11.html,93500,https://www.a-slot.com/SHOP/takasago11.html,,
攻殻機動隊S.A.C.,,Sammy,2,否,89800,99800,10000,10.0,ホームスロット,89800,https://home-slot.net/SHOP/s-sammy88.html,99800,https://www.a-slot.com/SHOP/sammy88.html,,
沖ドキ!BLACK,,ミズホ,2,是,762000,772000,10000,1.3,ホームスロット,762000,https://home-slot.net/SHOP/s-mizuho-macy222.html,772000,https://www.a-slot.com/SHOP/s-mizuho-macy222.html,,
涼宮ハルヒの憂鬱,,SANKYO,2,否,47800,57800,10000,17.3,ホームスロット,47800,https://home-slot.net/SHOP/s-sankyo93.html,57800,https://www.a-slot.com/SHOP/sankyo93.html,,
無双OROCHI,,山佐,2,否,54100,64100,10000,15.6,ホームスロット,54100,https://home-slot.net/SHOP/s-yamasa116.html,64100,https://www.a-slot.com/SHOP/yamasa116.html,,
猛獣王 王者の咆哮,,Sammy,2,是,35100,45100,10000,22.2,ホームスロット,35100,https://home-slot.net/SHOP/s-sammy205.html,45100,https://www.a-slot.com/SHOP/sammy205.html,,
笑ゥせぇるすまん,,SANYO,2,否,74900,84900,10000,11.8,ホームスロット,74900,https://home-slot.net/SHOP/s-sanyo7.html,84900,https://www.a-slot.com/SHOP/sanyo7.html,,
紅き魂は桜の如く,,ベルコ,2,否,41500,51500,10000,19.4,ホームスロット,41500,https://home-slot.net/SHOP/s-bellco18.html,51500,https://www.a-slot.com/SHOP/bellco18.html,,
鬼武者3 時空天翔,,Sammy,2,否,37700,47700,10000,21.0,ホームスロット,37700,https://home-slot.net/SHOP/s-sammy116.html,47700,https://www.a-slot.com/SHOP/sammy116.html,,
鬼浜爆走紅蓮隊 愛,,ベルコ,2,否,35100,45100,10000,22.2,ホームスロット,35100,https://home-slot.net/SHOP/s-bellco15.html,45100,https://www.a-slot.com/SHOP/bellco15.html,,
KPE スロドル,,,2,是,35100,45100,10000,22.2,ホームスロット,35100,https://home-slot.net/SHOP/s-kpe211.html,45100,https://www.a-slot.com/SHOP/s-kpe211.html,,
L黄門ちゃま天,スマスロ,オリンピア,2,是,59100,69100,10000,14.5,ホームスロット,59100,https://home-slot.net/SHOP/s-olympia228.html,69100,https://www.a-slot.com/SHOP/s-olympia228.html,,
NET スゴスロ,,,2,否,35100,45100,10000,22.2,ホームスロット,35100,https://home-slot.net/SHOP/s-net38.html,45100,https://www.a-slot.com/SHOP/net38.html,,
NET 十字架2,,,2,否,44000,54000,10000,18.5,ホームスロット,44000,https://home-slot.net/SHOP/s-net32.html,54000,https://www.a-slot.com/SHOP/net32.html,,
NET 十字架3,,,2,否,35100,45100,10000,22.2,ホームスロット,35100,https://home-slot.net/SHOP/s-net47.html,45100,https://www.a-slot.com/SHOP/net47.html,,
NET 十字架4,,,2,否,71100,81100,10000,12.3,ホームスロット,71100,https://home-slot.net/SHOP/s-net200.html,81100,https://www.a-slot.com/SHOP/net200.html,,
NET 十字架5,,,2,是,41500,51500,10000,19.4,ホームスロット,41500,https://home-slot.net/SHOP/s-net210.html,51500,https://www.a-slot.com/SHOP/s-net210.html,,
SLOT魁!!男塾,,ミズホ,2,是,45300,55300,10000,18.1,ホームスロット,45300,https://home-slot.net/SHOP/s-mizuho-macy66.html,55300,https://www.a-slot.com/SHOP/mizuho-macy66.html,,
からくりサーカス,スマスロ,SANKYO,2,是,52800,62800,10000,15.9,ホームスロット,52800,https://home-slot.net/SHOP/s-sankyo218.html,62800,https://www.a-slot.com/SHOP/s-sankyo218.html,,
みんなで楽シーサー,,SANKYO,2,否,35100,45100,10000,22.2,ホームスロット,35100,https://home-slot.net/SHOP/s-sankyo94.html,45100,https://www.a-slot.com/SHOP/sankyo94.html,,
アイ電子 鬼神7,,,2,否,35100,45100,10000,22.2,ホームスロット,35100,https://home-slot.net/SHOP/s-aidensi1.html,45100,https://www.a-slot.com/SHOP/aidensi1.html,,
アクロス バーサス,,,2,否,35100,45100,10000,22.2,ホームスロット,35100,https://home-slot.net/SHOP/s-across13.html,45100,https://www.a-slot.com/SHOP/across13.html,,
アニマル ドッチ,スマスロ,北電子,2,是,248600,258600,10000,3.9,ホームスロット,248600,https://home-slot.net/SHOP/s-kitadenshi222.html,258600,https://www.a-slot.com/SHOP/s-kitadenshi222.html,,
ウルトラセブン,,山佐,2,否,35100,45100,10000,22.2,ホームスロット,35100,https://home-slot.net/SHOP/s-yamasa68.html,45100,https://www.a-slot.com/SHOP/yamasa68.html,,
ウルトラマン ザ,,山佐,2,否,35100,45100,10000,22.2,ホームスロット,35100,https://home-slot.net/SHOP/s-nanashow3.html,45100,https://www.a-slot.com/SHOP/nanashow3.html,,
クロスバレット,,ニューギン,2,否,68500,78500,10000,12.7,ホームスロット,68500,https://home-slot.net/SHOP/s-newgin13.html,78500,https://www.a-slot.com/SHOP/newgin13.html,,
グラップラー刃牙,,七匠,2,否,37700,47700,10000,21.0,ホームスロット,37700,https://home-slot.net/SHOP/s-nanashow6.html,47700,https://www.a-slot.com/SHOP/nanashow6.html,,
サイボーグ009,,SANYO,2,否,89800,99800,10000,10.0,ホームスロット,89800,https://home-slot.net/SHOP/s-sanyo18.html,99800,https://www.a-slot.com/SHOP/sanyo18.html,,
サイレントヒル,,高砂,2,否,41500,51500,10000,19.4,ホームスロット,41500,https://home-slot.net/SHOP/s-takasago15.html,51500,https://www.a-slot.com/SHOP/takasago15.html,,
スーパービンゴネオ,スマスロ,ベルコ,2,是,113500,123500,10000,8.1,ホームスロット,113500,https://home-slot.net/SHOP/s-bellco213.html,123500,https://www.a-slot.com/SHOP/s-bellco213.html,,
スーパーリオエース2,スマスロ,山佐,2,是,109800,119800,10000,8.3,ホームスロット,109800,https://home-slot.net/SHOP/s-yamasa250.html,119800,https://www.a-slot.com/SHOP/s-yamasa250.html,,
スモモチャンV,,ニューギン,2,否,68500,78500,10000,12.7,ホームスロット,68500,https://home-slot.net/SHOP/s-newgi3.html,78500,https://www.a-slot.com/SHOP/newgi3.html,,
センゴク回胴記,,ニューギン,2,否,54100,64100,10000,15.6,ホームスロット,54100,https://home-slot.net/SHOP/s-newgin10.html,64100,https://www.a-slot.com/SHOP/newgin10.html,,
ダンガンロンパ,,ニューギン,2,否,47800,57800,10000,17.3,ホームスロット,47800,https://home-slot.net/SHOP/s-newgin200.html,57800,https://www.a-slot.com/SHOP/newgin200.html,,
ニューパルサーBT,スマスロ,山佐,2,是,35100,45100,10000,22.2,ホームスロット,35100,https://home-slot.net/SHOP/s-yamasa246.html,45100,https://www.a-slot.com/SHOP/s-yamasa246.html,,
ネオプラネット,スマスロ,山佐,2,是,35100,45100,10000,22.2,ホームスロット,35100,https://home-slot.net/SHOP/s-yamasa247.html,45100,https://www.a-slot.com/SHOP/s-yamasa247.html,,
バイオハザード5,,エンターライズ,2,否,171200,181200,10000,5.5,ホームスロット,171200,https://home-slot.net/SHOP/s-enta7.html,181200,https://www.a-slot.com/SHOP/enta7.html,,
パイレーツワールド,,大都技研,2,否,68500,78500,10000,12.7,ホームスロット,68500,https://home-slot.net/SHOP/s-daitogiken39.html,78500,https://www.a-slot.com/SHOP/daitogiken39.html,,
ビッグシオ 30,,パイオニア,2,否,41500,51500,10000,19.4,ホームスロット,41500,https://home-slot.net/SHOP/pioneer205.html,51500,https://www.a-slot.com/SHOP/pioneer205.html,,
プロゴルファー猿,,スパイキー,2,否,68500,78500,10000,12.7,ホームスロット,68500,https://home-slot.net/SHOP/s-spyki_3.html,78500,https://www.a-slot.com/SHOP/spyki_3.html,,
マタドールIII,スマスロ,北電子,2,是,40100,50100,10000,20.0,ホームスロット,40100,https://home-slot.net/SHOP/s-kitadenshi219.html,50100,https://www.a-slot.com/SHOP/s-kitadenshi219.html,,
ミスタージャグラー,,北電子,2,是,1147200,1157200,10000,0.9,ホームスロット,1147200,https://home-slot.net/SHOP/s-kitadenshi217.html,1157200,https://www.a-slot.com/SHOP/s-kitadenshi217.html,,
モンキーターンIV,,山佐,2,是,41500,51500,10000,19.4,ホームスロット,41500,https://home-slot.net/SHOP/s-yamasa213.html,51500,https://www.a-slot.com/SHOP/yamasa213.html,,
モンスターハンター,,ロデオ,2,是,67800,77800,10000,12.9,ホームスロット,67800,https://home-slot.net/SHOP/s-rodeo41.html,77800,https://www.a-slot.com/SHOP/rodeo41.html,,
ヨルムンガンド,スマスロ,山佐,2,是,46500,56500,10000,17.7,ホームスロット,46500,https://home-slot.net/SHOP/s-yamasa249.html,56500,https://www.a-slot.com/SHOP/s-yamasa249.html,,
ラブ嬢2プラス,,オリンピア,2,是,35100,45100,10000,22.2,ホームスロット,35100,https://home-slot.net/SHOP/s-heiwa213.html,45100,https://www.a-slot.com/SHOP/heiwa213.html,,
ワンバーワン 30,,ベルコ,2,否,47800,57800,10000,17.3,ホームスロット,47800,https://home-slot.net/SHOP/s-bellco16.html,57800,https://www.a-slot.com/SHOP/bellco16.html,,
乙女魂~光と無月~,,高砂,2,否,47800,57800,10000,17.3,ホームスロット,47800,https://home-slot.net/SHOP/s-takasago13.html,57800,https://www.a-slot.com/SHOP/takasago13.html,,
押し順ケロルン,,山佐,2,否,35100,45100,10000,22.2,ホームスロット,35100,https://home-slot.net/SHOP/s-yamasa105.html,45100,https://www.a-slot.com/SHOP/yamasa105.html,,
月面兎兵器ミーナ,,スパイキー,2,否,93600,103600,10000,9.7,ホームスロット,93600,https://home-slot.net/SHOP/s-sonota_3.html,103600,https://www.a-slot.com/SHOP/sonota_3.html,,
沖ドキ!GOLD,,ミズホ,2,是,54100,64100,10000,15.6,ホームスロット,54100,https://home-slot.net/SHOP/s-mizuho-macy216.html,64100,https://www.a-slot.com/SHOP/s-mizuho-macy216.html,,
炎炎ノ消防隊2,スマスロ,SANKYO,2,是,469200,479200,10000,2.1,ホームスロット,469200,https://home-slot.net/SHOP/s-sankyo234.html,479200,https://www.a-slot.com/SHOP/s-sankyo234.html,,
獣王 王者の帰還,,Sammy,2,否,93600,103600,10000,9.7,ホームスロット,93600,https://home-slot.net/SHOP/s-sammy100.html,103600,https://www.a-slot.com/SHOP/sammy100.html,,
蒼穹のファフナー,,SANKYO,2,否,47800,57800,10000,17.3,ホームスロット,47800,https://home-slot.net/SHOP/s-sankyo79.html,57800,https://www.a-slot.com/SHOP/sankyo79.html,,
貞子vs伽椰子,,藤商事,2,否,41500,51500,10000,19.4,ホームスロット,41500,https://home-slot.net/SHOP/s-fuji26.html,51500,https://www.a-slot.com/SHOP/fuji26.html,,
闘え!サラリーマン,,ロデオ,2,否,54100,64100,10000,15.6,ホームスロット,54100,https://home-slot.net/SHOP/s-rodeo54.html,64100,https://www.a-slot.com/SHOP/rodeo54.html,,
黄門ちゃま喝2,S,平和,2,是,35100,45100,10000,22.2,ホームスロット,35100,https://home-slot.net/SHOP/s-heiwa221.html,45100,https://www.a-slot.com/SHOP/s-heiwa221.html,,
HIT128,,岡崎産業,2,否,35100,45100,10000,22.2,ホームスロット,35100,https://home-slot.net/SHOP/s-okazaki201.html,45100,https://www.a-slot.com/SHOP/okazaki201.html,,
JPS 大花満,,,2,是,37700,47700,10000,21.0,ホームスロット,37700,https://home-slot.net/SHOP/s-jps215.html,47700,https://www.a-slot.com/SHOP/s-jps215.html,,
KPE 喧嘩祭,,,2,否,47800,57800,10000,17.3,ホームスロット,47800,https://home-slot.net/SHOP/s-kpe46.html,57800,https://www.a-slot.com/SHOP/kpe46.html,,
SLOT牙狼,,エレコ,2,否,45300,55300,10000,18.1,ホームスロット,45300,https://home-slot.net/SHOP/s-eleco56.html,55300,https://www.a-slot.com/SHOP/eleco56.html,,
アカメが斬る!,,七匠,2,是,41500,51500,10000,19.4,ホームスロット,41500,https://home-slot.net/SHOP/s-nanashow204.html,51500,https://www.a-slot.com/SHOP/nanashow204.html,,
アスラズ ラース,,エンターライズ,2,否,37700,47700,10000,21.0,ホームスロット,37700,https://home-slot.net/SHOP/s-enta12.html,47700,https://www.a-slot.com/SHOP/enta12.html,,
エフ 犬夜叉2,スマスロ,,2,是,35100,45100,10000,22.2,ホームスロット,35100,https://home-slot.net/SHOP/s-f203.html,45100,https://www.a-slot.com/SHOP/s-f203.html,,
オーイズミ QP,,,2,否,37700,47700,10000,21.0,ホームスロット,37700,https://home-slot.net/SHOP/s-oizumi17.html,47700,https://www.a-slot.com/SHOP/oizumi17.html,,
キャッツ アイ,S,平和,2,是,37700,47700,10000,21.0,ホームスロット,37700,https://home-slot.net/SHOP/s-heiwa220.html,47700,https://www.a-slot.com/SHOP/s-heiwa220.html,,
キュロゴス2,,山佐,2,否,41500,51500,10000,19.4,ホームスロット,41500,https://home-slot.net/SHOP/s-yamasa83.html,51500,https://www.a-slot.com/SHOP/yamasa83.html,,
キングパルサー,スマスロ,山佐,2,是,35100,45100,10000,22.2,ホームスロット,35100,https://home-slot.net/SHOP/s-yamasa235.html,45100,https://www.a-slot.com/SHOP/s-yamasa235.html,,
サボハニ 吉宗,スマスロ,,2,是,40100,50100,10000,20.0,ホームスロット,40100,https://home-slot.net/SHOP/s-daito220.html,50100,https://www.a-slot.com/SHOP/s-daito220.html,,
スター REVO,,,2,否,35100,45100,10000,22.2,ホームスロット,35100,https://home-slot.net/SHOP/s-star1.html,45100,https://www.a-slot.com/SHOP/star1.html,,
スタードライバー,,山佐,2,否,143400,153400,10000,6.5,ホームスロット,143400,https://home-slot.net/SHOP/s-yamasa96.html,153400,https://www.a-slot.com/SHOP/yamasa96.html,,
スーパーリノXX,,山佐,2,是,35100,45100,10000,22.2,ホームスロット,35100,https://home-slot.net/SHOP/s-yamasa203.html,45100,https://www.a-slot.com/SHOP/yamasa203.html,,
ゼーガペイン2,,山佐,2,是,41500,51500,10000,19.4,ホームスロット,41500,https://home-slot.net/SHOP/s-yamasa224.html,51500,https://www.a-slot.com/SHOP/s-yamasa224.html,,
タイガーマスク,,SANKYO,2,否,68500,78500,10000,12.7,ホームスロット,68500,https://home-slot.net/SHOP/s-sankyo73.html,78500,https://www.a-slot.com/SHOP/sankyo73.html,,
プチマーメイド,,北電子,2,是,35100,45100,10000,22.2,ホームスロット,35100,https://home-slot.net/SHOP/s-kitadenshi77.html,45100,https://www.a-slot.com/SHOP/kitadensi77.html,,
ボーダー 咲桜弁慶,,,2,否,68500,78500,10000,12.7,ホームスロット,68500,https://home-slot.net/SHOP/s-border201.html,78500,https://www.a-slot.com/SHOP/border201.html,,
ボーダー 雷雷弁慶,,,2,否,50300,60300,10000,16.6,ホームスロット,50300,https://home-slot.net/SHOP/s-border200.html,60300,https://www.a-slot.com/SHOP/border200.html,,
ボーダー 鬼若弁慶,,,2,是,68500,78500,10000,12.7,ホームスロット,68500,https://home-slot.net/SHOP/s-border1.html,78500,https://www.a-slot.com/SHOP/border1.html,,
ヤーマ シリウス,,,2,是,35100,45100,10000,22.2,ホームスロット,35100,https://home-slot.net/SHOP/s-yama201.html,45100,https://www.a-slot.com/SHOP/s-yama201.html,,
ヤーマ トラッド,,,2,否,35100,45100,10000,22.2,ホームスロット,35100,https://home-slot.net/SHOP/s-yam5.html,45100,https://www.a-slot.com/SHOP/yam5.html,,
ヴィーナスゾーン,,パイオニア,2,否,35100,45100,10000,22.2,ホームスロット,35100,https://home-slot.net/SHOP/s-pioneer217.html,45100,https://www.a-slot.com/SHOP/s-pioneer217.html,,
主役は銭形3,,平和,2,是,35100,45100,10000,22.2,ホームスロット,35100,https://home-slot.net/SHOP/s-heiwa218.html,45100,https://www.a-slot.com/SHOP/heiwa218.html,,
主役は銭形4,スマスロ,オリンピア,2,是,54100,64100,10000,15.6,ホームスロット,54100,https://home-slot.net/SHOP/s-olympia224.html,64100,https://www.a-slot.com/SHOP/s-olympia224.html,,
主役は銭形5,スマスロ,オリンピア,2,是,46500,56500,10000,17.7,ホームスロット,46500,https://home-slot.net/SHOP/s-olympia238.html,56500,https://www.a-slot.com/SHOP/s-olympia238.html,,
兎 野性の闘牌,,ニューギン,2,否,72300,82300,10000,12.2,ホームスロット,72300,https://home-slot.net/SHOP/s-newgin16.html,82300,https://www.a-slot.com/SHOP/newgin16.html,,
北斗の拳 天昇,,Sammy,2,是,35100,45100,10000,22.2,ホームスロット,35100,https://home-slot.net/SHOP/s-sammy207.html,45100,https://www.a-slot.com/SHOP/sammy207.html,,
北斗の拳 宿命,,Sammy,2,是,35100,45100,10000,22.2,ホームスロット,35100,https://home-slot.net/SHOP/s-sammy212.html,45100,https://www.a-slot.com/SHOP/sammy212.html,,
北斗の拳 強敵,,Sammy,2,是,68500,78500,10000,12.7,ホームスロット,68500,https://home-slot.net/SHOP/s-sammy113.html,78500,https://www.a-slot.com/SHOP/sammy113.html,,
呪怨 再誕AT,S,藤商事,2,是,41500,51500,10000,19.4,ホームスロット,41500,https://home-slot.net/SHOP/s-fuji201.html,51500,https://www.a-slot.com/SHOP/fuji201.html,,
地獄少女 宵伽,,藤商事,2,否,74900,84900,10000,11.8,ホームスロット,74900,https://home-slot.net/SHOP/s-fuji21.html,84900,https://www.a-slot.com/SHOP/fuji21.html,,
炎炎ノ消防隊,スマスロ,SANKYO,2,是,35100,45100,10000,22.2,ホームスロット,35100,https://home-slot.net/SHOP/s-sankyo223.html,45100,https://www.a-slot.com/SHOP/s-sankyo223.html,,
西陣 春夏秋冬,,,2,否,37700,47700,10000,21.0,ホームスロット,37700,https://home-slot.net/SHOP/s-nisijin1.html,47700,https://www.a-slot.com/SHOP/nisijin1.html,,
遠山の金さん,,大一,2,否,168800,178800,10000,5.6,ホームスロット,168800,https://home-slot.net/SHOP/s-daiichi4.html,178800,https://www.a-slot.com/SHOP/daiichi4.html,,
黄門ちゃまV,,オリンピア,2,是,35100,45100,10000,22.2,ホームスロット,35100,https://home-slot.net/SHOP/s-heiwa200.html,45100,https://www.a-slot.com/SHOP/heiwa200.html,,
G SPIN,,ユニバーサル,2,否,35100,45100,10000,22.2,ホームスロット,35100,https://home-slot.net/SHOP/s-universal-1.html,45100,https://www.a-slot.com/SHOP/universal-1.html,,
NET 花笠,スマスロ,,2,是,114900,124900,10000,8.0,ホームスロット,114900,https://home-slot.net/SHOP/s-net223.html,124900,https://www.a-slot.com/SHOP/s-net223.html,,
らんま1 2,,SANKYO,2,否,93600,103600,10000,9.7,ホームスロット,93600,https://home-slot.net/SHOP/s-sankyo67.html,103600,https://www.a-slot.com/SHOP/sankyo67.html,,
イースI&II,,ロデオ,2,否,36400,46400,10000,21.6,ホームスロット,36400,https://home-slot.net/SHOP/s-rodeo55.html,46400,https://www.a-slot.com/SHOP/rodeo55.html,,
キン肉マン,,山佐,2,否,98500,108500,10000,9.2,ホームスロット,98500,https://home-slot.net/SHOP/s-yamasa17.html,108500,https://www.a-slot.com/SHOP/yamasa17.html,,
ゴッドイーター,,山佐,2,否,47800,57800,10000,17.3,ホームスロット,47800,https://home-slot.net/SHOP/s-yamasa104.html,57800,https://www.a-slot.com/SHOP/yamasa104.html,,
ゴルゴ13,,オリンピア,2,是,41500,51500,10000,19.4,ホームスロット,41500,https://home-slot.net/SHOP/s-sankyo97.html,51500,https://www.a-slot.com/SHOP/sankyo97.html,,
サイバーブルー,,SANYO,2,否,35100,45100,10000,22.2,ホームスロット,35100,https://home-slot.net/SHOP/s-sanyo19.html,45100,https://www.a-slot.com/SHOP/sanyo19.html,,
ドリフターズ,,Sammy,2,是,40100,50100,10000,20.0,ホームスロット,40100,https://home-slot.net/SHOP/s-sammy219.html,50100,https://www.a-slot.com/SHOP/s-sammy219.html,,
バットマン,,エレコ,2,是,68500,78500,10000,12.7,ホームスロット,68500,https://home-slot.net/SHOP/s-eleco65.html,78500,https://www.a-slot.com/SHOP/eleco65.html,,
ベヨネッタ,,Sammy,2,否,98500,108500,10000,9.2,ホームスロット,98500,https://home-slot.net/SHOP/s-sammy114.html,108500,https://www.a-slot.com/SHOP/sammy114.html,,
ペルソナ5,,ロデオ,2,是,59200,69200,10000,14.5,ホームスロット,59200,https://home-slot.net/SHOP/s-rodeo202.html,69200,https://www.a-slot.com/SHOP/s-rodeo202.html,,
ヤッターマン,,SANYO,2,否,54100,64100,10000,15.6,ホームスロット,54100,https://home-slot.net/SHOP/s-sanyo25.html,64100,https://www.a-slot.com/SHOP/sanyo25.html,,
ラーゼフォン,,ロデオ,2,否,47800,57800,10000,17.3,ホームスロット,47800,https://home-slot.net/SHOP/s-rodeo39.html,57800,https://www.a-slot.com/SHOP/rodeo39.html,,
リノヘブン,スマスロ,山佐,2,是,40100,50100,10000,20.0,ホームスロット,40100,https://home-slot.net/SHOP/s-yamasa229.html,50100,https://www.a-slot.com/SHOP/s-yamasa229.html,,
ワンバーワン,,ベルコ,2,否,35100,45100,10000,22.2,ホームスロット,35100,https://home-slot.net/SHOP/s-bellco17.html,45100,https://www.a-slot.com/SHOP/bellco17.html,,
大神~回胴編~,,エンターライズ,2,否,235000,245000,10000,4.1,ホームスロット,235000,https://home-slot.net/SHOP/s-enta200.html,245000,https://www.a-slot.com/SHOP/enta200.html,,
天下布武3,,山佐,2,是,35100,45100,10000,22.2,ホームスロット,35100,https://home-slot.net/SHOP/s-yamasa127.html,45100,https://www.a-slot.com/SHOP/yamasa127.html,,
戦国無双2,,山佐,2,否,54100,64100,10000,15.6,ホームスロット,54100,https://home-slot.net/SHOP/s-yamasa91.html,64100,https://www.a-slot.com/SHOP/yamasa91.html,,
新鬼武者2,,エンターライズ,2,是,35100,45100,10000,22.2,ホームスロット,35100,https://home-slot.net/SHOP/s-enta208.html,45100,https://www.a-slot.com/SHOP/s-enta208.html,,
楽シーサー30Φ,,SANKYO,2,否,35100,45100,10000,22.2,ホームスロット,35100,https://home-slot.net/SHOP/s-sankyo132.html,45100,https://www.a-slot.com/SHOP/sankyo132.html,,
湘南純愛組!,,ニューギン,2,否,54100,64100,10000,15.6,ホームスロット,54100,https://home-slot.net/SHOP/s-newgin27.html,64100,https://www.a-slot.com/SHOP/newgin27.html,,
真 一騎当千,スマスロ,大一,2,是,46500,56500,10000,17.7,ホームスロット,46500,https://home-slot.net/SHOP/s-daiichi202.html,56500,https://www.a-slot.com/SHOP/s-daiichi202.html,,
真 北斗無双,,Sammy,2,是,35100,45100,10000,22.2,ホームスロット,35100,https://home-slot.net/SHOP/s-sammy210.html,45100,https://www.a-slot.com/SHOP/sammy210.html,,
真天下布武,,山佐,2,是,40100,50100,10000,20.0,ホームスロット,40100,https://home-slot.net/SHOP/s-yamasa231.html,50100,https://www.a-slot.com/SHOP/s-yamasa231.html,,
真田純勇士,,ニューギン,2,否,89800,99800,10000,10.0,ホームスロット,89800,https://home-slot.net/SHOP/s-newgi6.html,99800,https://www.a-slot.com/SHOP/newgi6.html,,
西陣 春一番,,,2,否,41500,51500,10000,19.4,ホームスロット,41500,https://home-slot.net/SHOP/s-nisijin200.html,51500,https://www.a-slot.com/SHOP/nisijin200.html,,
鉄拳3rd,,山佐,2,否,68500,78500,10000,12.7,ホームスロット,68500,https://home-slot.net/SHOP/s-yamasa99.html,78500,https://www.a-slot.com/SHOP/yamasa99.html,,
銀座 ガメラ,,,2,是,41500,51500,10000,19.4,ホームスロット,41500,https://home-slot.net/SHOP/s-ginza207.html,51500,https://www.a-slot.com/SHOP/ginza207.html,,
銀座 化物語,スマスロ,,2,是,233700,243700,10000,4.1,ホームスロット,233700,https://home-slot.net/SHOP/s-ginza213.html,243700,https://www.a-slot.com/SHOP/s-ginza213.html,,
麻雀物語4,,オリンピア,2,是,35100,45100,10000,22.2,ホームスロット,35100,https://home-slot.net/SHOP/s-heiwa216.html,45100,https://www.a-slot.com/SHOP/heiwa216.html,,
HEY!鏡,,大都技研,2,是,41500,51500,10000,19.4,ホームスロット,41500,https://home-slot.net/SHOP/s-daitogiken201.html,51500,https://www.a-slot.com/SHOP/daitogiken201.html,,
アレジン,,藤商事,2,否,41500,51500,10000,19.4,ホームスロット,41500,https://home-slot.net/SHOP/s-fuji12.html,51500,https://www.a-slot.com/SHOP/fuji12.html,,
ガン×ソード,,高砂,2,否,68500,78500,10000,12.7,ホームスロット,68500,https://home-slot.net/SHOP/s-takasago12.html,78500,https://www.a-slot.com/SHOP/takasago12.html,,
ナイツ2,,山佐,2,否,74900,84900,10000,11.8,ホームスロット,74900,https://home-slot.net/SHOP/s-yamasa125.html,84900,https://www.a-slot.com/SHOP/yamasa125.html,,
バンドリ!,スマスロ,オリンピア,2,是,41500,51500,10000,19.4,ホームスロット,41500,https://home-slot.net/SHOP/s-olympia231.html,51500,https://www.a-slot.com/SHOP/s-olympia231.html,,
ミラクル,,エレコ,2,否,41500,51500,10000,19.4,ホームスロット,41500,https://home-slot.net/SHOP/s-eleco70.html,51500,https://www.a-slot.com/SHOP/eleco70.html,,
ラブ嬢2,,オリンピア,2,是,92200,102200,10000,9.8,ホームスロット,92200,https://home-slot.net/SHOP/s-heiwa206.html,102200,https://www.a-slot.com/SHOP/heiwa206.html,,
ローティス,スマスロ,北電子,2,是,52800,62800,10000,15.9,ホームスロット,52800,https://home-slot.net/SHOP/s-kitadenshi223.html,62800,https://www.a-slot.com/SHOP/s-kitadenshi223.html,,
修羅の刻,,SANKYO,2,否,57900,67900,10000,14.7,ホームスロット,57900,https://home-slot.net/SHOP/s-sankyo80.html,67900,https://www.a-slot.com/SHOP/sankyo80.html,,
南国育ち,スマスロ,オリンピア,2,是,40100,50100,10000,20.0,ホームスロット,40100,https://home-slot.net/SHOP/s-olympia226.html,50100,https://www.a-slot.com/SHOP/s-olympia226.html,,
吉宗 A3,,大都技研,2,否,98500,108500,10000,9.2,ホームスロット,98500,https://home-slot.net/SHOP/s-daitogiken49.html,108500,https://www.a-slot.com/SHOP/daitogiken49.html,,
幼女戦記,,Sammy,2,是,68500,78500,10000,12.7,ホームスロット,68500,https://home-slot.net/SHOP/s-sammy223.html,78500,https://www.a-slot.com/SHOP/s-sammy223.html,,
新ハナビ,,エレコ,2,是,41500,51500,10000,19.4,ホームスロット,41500,https://home-slot.net/SHOP/s-eleco201.html,51500,https://www.a-slot.com/SHOP/eleco201.html,,
東京喰種,スマスロ,スパイキー,2,是,827800,837800,10000,1.2,ホームスロット,827800,https://home-slot.net/SHOP/s-spyki209.html,837800,https://www.a-slot.com/SHOP/s-spyki209.html,,
真俺の空,,スパイキー,2,是,47800,57800,10000,17.3,ホームスロット,47800,https://home-slot.net/SHOP/s-spyki_208.html,57800,https://www.a-slot.com/SHOP/s-spyki_208.html,,
真打 吉宗,スマスロ,大都技研,2,是,957100,967100,10000,1.0,ホームスロット,957100,https://home-slot.net/SHOP/s-daito225.html,967100,https://www.a-slot.com/SHOP/s-daito225.html,,
美ラメキ!,,藤商事,2,否,35100,45100,10000,22.2,ホームスロット,35100,https://home-slot.net/SHOP/s-fuji200.html,45100,https://www.a-slot.com/SHOP/fuji200.html,,
覇王伝 零,,SANKYO,2,否,159900,169900,10000,5.9,ホームスロット,159900,https://home-slot.net/SHOP/s-sankyo61.html,169900,https://www.a-slot.com/SHOP/sankyo61.html,,
赤ドン雅,,エレコ,2,否,54100,64100,10000,15.6,ホームスロット,54100,https://home-slot.net/SHOP/s-eleco44.html,64100,https://www.a-slot.com/SHOP/eleco44.html,,
頭文字D,,Sammy,2,是,35100,45100,10000,22.2,ホームスロット,35100,https://home-slot.net/SHOP/s-sammy211.html,45100,https://www.a-slot.com/SHOP/sammy211.html,,
麻雀物語,スマスロ,オリンピア,2,是,35100,45100,10000,22.2,ホームスロット,35100,https://home-slot.net/SHOP/s-olympia235.html,45100,https://www.a-slot.com/SHOP/s-olympia235.html,,
ゴジラ,スマスロ,ニューギン,2,是,40100,50100,10000,20.0,ホームスロット,40100,https://home-slot.net/SHOP/s-newgin204.html,50100,https://www.a-slot.com/SHOP/s-newgin204.html,,
化物語,,Sammy,2,否,73500,83500,10000,12.0,ホームスロット,73500,https://home-slot.net/SHOP/s-sammy97.html,83500,https://www.a-slot.com/SHOP/sammy97.html,,
戦国嵐,,SANYO,2,否,68500,78500,10000,12.7,ホームスロット,68500,https://home-slot.net/SHOP/s-sanyo14.html,78500,https://www.a-slot.com/SHOP/sanyo14.html,,
政宗2,,大都技研,2,是,68500,78500,10000,12.7,ホームスロット,68500,https://home-slot.net/SHOP/s-daitogiken65.html,78500,https://www.a-slot.com/SHOP/daitogiken65.html,,
政宗3,,大都技研,2,是,41500,51500,10000,19.4,ホームスロット,41500,https://home-slot.net/SHOP/s-daitogiken208.html,51500,https://www.a-slot.com/SHOP/daitogiken208.html,,
月華 雅,,エンターライズ,2,否,35100,45100,10000,22.2,ホームスロット,35100,https://home-slot.net/SHOP/s-enta207.html,45100,https://www.a-slot.com/SHOP/s-enta207.html,,
討鬼伝,,七匠,2,否,68500,78500,10000,12.7,ホームスロット,68500,https://home-slot.net/SHOP/s-nanashow7.html,78500,https://www.a-slot.com/SHOP/nanashow7.html,,
鉄拳4,,山佐,2,是,35100,45100,10000,22.2,ホームスロット,35100,https://home-slot.net/SHOP/s-yamasa207.html,45100,https://www.a-slot.com/SHOP/yamasa207.html,,
鉄拳6,スマスロ,山佐,2,是,40100,50100,10000,20.0,ホームスロット,40100,https://home-slot.net/SHOP/s-yamasa248.html,50100,https://www.a-slot.com/SHOP/s-yamasa248.html,,
鬼の城,,メーシー,2,否,83500,93500,10000,10.7,ホームスロット,83500,https://home-slot.net/SHOP/s-mizuho-macy34.html,93500,https://www.a-slot.com/SHOP/mizuho-macy34.html,,
まめ,,ベルコ,2,否,35100,45100,10000,22.2,ホームスロット,35100,https://home-slot.net/SHOP/s-bellco19.html,45100,https://www.a-slot.com/SHOP/bellco19.html,,
凄忍,,ユニバーサル,2,否,35100,45100,10000,22.2,ホームスロット,35100,https://home-slot.net/SHOP/s-univerasal1.html,45100,https://www.a-slot.com/SHOP/univerasal1.html,,
呪怨,,藤商事,2,是,46500,56500,10000,17.7,ホームスロット,46500,https://home-slot.net/SHOP/s-fuji18.html,56500,https://www.a-slot.com/SHOP/fuji18.html,,
泡盛,,エレコ,2,否,98500,108500,10000,9.2,ホームスロット,98500,https://home-slot.net/SHOP/s-eleco202.html,108500,https://www.a-slot.com/SHOP/eleco202.html,,
華祭,,パイオニア,2,否,35100,45100,10000,22.2,ホームスロット,35100,https://home-slot.net/SHOP/s-pioneer207.html,45100,https://www.a-slot.com/SHOP/pioneer207.html,,
青鬼,,オリンピア,2,是,35100,45100,10000,22.2,ホームスロット,35100,https://home-slot.net/SHOP/s-heiwa209.html,45100,https://www.a-slot.com/SHOP/heiwa209.html,,
SNKプレイモア ハイパー娘,,,2,否,32717,42176,9459,22.4,A-SLOT,42176,https://home-slot.net/SHOP/s-snk33.html,32717,https://www.a-slot.com/SHOP/snk33.html,,
IGT トリコロールα,,,2,否,35820,43967,8147,18.5,A-SLOT,43967,https://home-slot.net/SHOP/s-igt200.html,35820,https://www.a-slot.com/SHOP/igt200.html,,
ハナペカ,,ニューギン,2,是,37700,45100,7400,16.4,ホームスロット,37700,https://home-slot.net/SHOP/s-newgin202.html,45100,https://www.a-slot.com/SHOP/snewgin202.html,,
ビューティフルジョー Y,,エンターライズ,2,否,35209,40874,5665,13.9,ホームスロット,35209,https://home-slot.net/SHOP/s-enta3.html,40874,https://www.a-slot.com/SHOP/enta3.html,,
カイジ バニーパネル,,ロデオ,2,否,51500,57150,5650,9.9,A-SLOT,57150,https://home-slot.net/SHOP/s-rodeo7_1.html,51500,https://www.a-slot.com/SHOP/rodeo7_1.html,,
清龍ゲームジャパン トリプルクラウンG‐30,,,2,否,90000,93600,3600,3.8,A-SLOT,93600,https://home-slot.net/SHOP/s-seiryu201.html,90000,https://www.a-slot.com/SHOP/seiryu201_triplecrown-g-30.html,,
バルテック マネーゲーム,,,2,否,26483,29708,3225,10.9,A-SLOT,29708,https://home-slot.net/SHOP/s-baltec9.html,26483,https://www.a-slot.com/SHOP/baltec9.html,,
SNKプレイモア ドラゴンギャル,,,2,否,44280,47320,3040,6.4,ホームスロット,44280,https://home-slot.net/SHOP/s-snk58.html,47320,https://www.a-slot.com/SHOP/snk58.html,,
タイヨー 一騎当千A 青パネル,,,2,否,35820,38555,2735,7.1,A-SLOT,38555,https://home-slot.net/SHOP/s-taiyo4.html,35820,https://www.a-slot.com/SHOP/taiyo_elec21.html,,
アリストクラート 哲也 新宿vs上野DX,,,2,否,37958,40508,2550,6.3,ホームスロット,37958,https://home-slot.net/SHOP/s-aristocrat10.html,40508,https://www.a-slot.com/SHOP/aristocrat10.html,,
タイヨーエレック 伝説の巫女,,,2,否,32717,35209,2492,7.1,A-SLOT,35209,https://home-slot.net/SHOP/s-taiyo_elec2.html,32717,https://www.a-slot.com/SHOP/taiyo_elec2.html,,
アカギ~永続の闘牌~,,藤商事,2,否,35209,37483,2274,6.1,ホームスロット,35209,https://home-slot.net/SHOP/s-fuji3.html,37483,https://www.a-slot.com/SHOP/fuji3.html,,
アタックNo.1,,SANYO,2,否,40500,40983,483,1.2,A-SLOT,40983,https://home-slot.net/SHOP/s-sanyo3.html,40500,https://www.a-slot.com/SHOP/sanyo3.html,,
聖闘士星矢 女神パネル,,SANYO,2,否,36000,36124,124,0.3,A-SLOT,36124,https://home-slot.net/SHOP/s-sanyo11.html,36000,https://www.a-slot.com/SHOP/sanyo11.html,,
設定7基板 スタンダード 単品 可,,,2,是,29000,29000,0,0.0,ホームスロット,29000,https://home-slot.net/SHOP/s-option169.html,29000,https://www.a-slot.com/SHOP/option169.html,,
設定7基板 プレミアム 単品 可,,,2,是,32000,32000,0,0.0,ホームスロット,32000,https://home-slot.net/SHOP/s-option158.html,32000,https://www.a-slot.com/SHOP/option158.html,,
コンチ4XZ 2ch対応,4号機,ユニバーサル,2,是,99500,99500,0,0.0,A-SLOT,99500,https://home-slot.net/SHOP/s-univerasal7.html,99500,https://www.a-slot.com/SHOP/univerasal19.html,,
スリム両替機 架 付き 2024年の新札と現行のお札に対応してます。 省スペース,,,1,是,133500,133500,0,0.0,A-SLOT,,,133500,https://www.a-slot.com/SHOP/slim-exchange.html,,
デー太郎Ω オメガ 大型液晶 タッチパネル 画面カスタマイズ 動画演出機能搭載,,,1,是,39800,39800,0,0.0,A-SLOT,,,39800,https://www.a-slot.com/SHOP/deta_ro_omega.html,,
ビスティ CRエヴァンゲリヲン10 PREMIUM MODEL 枠色不問,,,1,否,92400,92400,0,0.0,ホームスロット,92400,https://home-slot.net/SHOP/p-bisty55.html,,,,
エレクスランプ EL V1 差枚数 インパクトボタン 美氷レンズ ぷくセグ,,,1,否,19900,19900,0,0.0,A-SLOT,,,19900,https://www.a-slot.com/SHOP/elecs_el-v1.html,,
デー太郎ランプGIGA11 差枚数 ART機能 大型GIGA SEG搭載,,,1,是,19900,19900,0,0.0,A-SLOT,,,19900,https://www.a-slot.com/SHOP/dataro_giga11.html,,
ビスティ PA新世紀エヴァンゲリオン 決戦 プレミアムモデル 枠色不問,,,1,是,57600,57600,0,0.0,ホームスロット,57600,https://home-slot.net/SHOP/p-bisty215_zzz.html,,,,
ビスティ 新世紀エヴァンゲリオン~シト 新生~PREMIUM MODEL,,,1,是,59000,59000,0,0.0,ホームスロット,59000,https://home-slot.net/SHOP/p-bisty212.html,,,,
西陣 CR交響詩篇エウレカセブン~真の約束の地~アネモネver.GLZ,,,1,否,92400,92400,0,0.0,ホームスロット,92400,https://home-slot.net/SHOP/p-nishijinn82.html,,,,
タイヨーエレック CRA機動新撰組 萌えよ剣 疾風怒濤編STX 甘デジ,,,1,否,95000,95000,0,0.0,ホームスロット,95000,https://home-slot.net/SHOP/p-taiyo15.html,,,,
タイヨー 一騎当千2 Brilliant Battle 全員集合パネル,,,1,否,35209,35209,0,0.0,ホームスロット,35209,https://home-slot.net/SHOP/s-taiyo10.html,,,,
ハイライツ エンタテインメント トロピカルKISSスウィートVer,,,1,否,41500,41500,0,0.0,ホームスロット,41500,https://home-slot.net/SHOP/s-highligahts5.html,,,,
ビスティ CRエヴァンゲリヲン8 Premium Battle 白枠,,,1,否,59000,59000,0,0.0,ホームスロット,59000,https://home-slot.net/SHOP/p-bisty43.html,,,,
ビスティ CRエヴァンゲリヲン~始まりの福音~Light ver.II,,,1,否,86000,86000,0,0.0,ホームスロット,86000,https://home-slot.net/SHOP/p-bisty17.html,,,,
ビスティ CR新世紀エヴァンゲリオン~最後のシ者~SFWS 枠色不問,,,1,否,131000,131000,0,0.0,ホームスロット,131000,https://home-slot.net/SHOP/p-bisty7.html,,,,
西陣 CR桃剣斬鬼 あたし!鬼にはめっぽう強いんですぅGL 枠色不問,,,1,否,52600,52600,0,0.0,ホームスロット,52600,https://home-slot.net/SHOP/p-nishijinn127.html,,,,
高尾 P DD北斗の拳2ついでに愛をとりもどせ!! ラオウ199Ver.,,,1,是,52600,52600,0,0.0,ホームスロット,52600,https://home-slot.net/SHOP/p-takao233.html,,,,
A コンバーター 深夜でもイヤホンで迫力ある音を大音量で楽しめます!,,,1,是,19800,19800,0,0.0,A-SLOT,,,19800,https://www.a-slot.com/SHOP/a-converter-8ch.html,,
CR燃える闘魂アントニオ猪木~格闘技世界一決定戦~ 399ver.,,平和,1,否,330200,330200,0,0.0,ホームスロット,330200,https://home-slot.net/SHOP/p-heiwa128.html,,,,
タイヨーエレック デジハネCRペルソナ4 the PACHINKO,,,1,否,111100,111100,0,0.0,ホームスロット,111100,https://home-slot.net/SHOP/p-taiyo52.html,,,,
ビスティ CRエヴァンゲリヲン7 Smile Model 枠色不問,,,1,否,71600,71600,0,0.0,ホームスロット,71600,https://home-slot.net/SHOP/p-bisty39.html,,,,
ビスティ 新世紀エヴァンゲリオン~まごころを 君に~2 アスカパネル,,,1,否,41100,41100,0,0.0,ホームスロット,41100,https://home-slot.net/SHOP/s-sankyo130.html,,,,
ビスティ 新世紀エヴァンゲリオン~まごころを 君に~2 メインパネル,,,1,是,40100,40100,0,0.0,ホームスロット,40100,https://home-slot.net/SHOP/s-sankyo128.html,,,,
西陣 CRモモキュンソード~星と黄金の太刀~LIGHT MIDDLE,,,1,否,52600,52600,0,0.0,ホームスロット,52600,https://home-slot.net/SHOP/p-nishijinn54.html,,,,
PACHISLOT NINJA GAIDEN ニンジャガイデン,,七匠,1,否,41500,41500,0,0.0,ホームスロット,41500,https://home-slot.net/SHOP/s-nanashow2.html,,,,
SanThree CR勇者王ガオガイガー149バージョンSWB,,,1,否,36231,36231,0,0.0,ホームスロット,36231,https://home-slot.net/SHOP/p-santhree5.html,,,,
SanThree CR戦国無双 強ミドル259ver 枠色不問,,,1,否,86000,86000,0,0.0,ホームスロット,86000,https://home-slot.net/SHOP/p-santhree17.html,,,,
SNKプレイモア DARKER THAN BLACK 黒の契約者,,,1,否,35100,35100,0,0.0,ホームスロット,35100,https://home-slot.net/SHOP/s-snk40.html,,,,
SNKプレイモア 幕末浪漫 月華の剣士外伝~あかりと七つの妖珠~,,,1,否,68500,68500,0,0.0,ホームスロット,68500,https://home-slot.net/SHOP/s-snk21.html,,,,
ディ ライト 天才バカボン 人類ウナギイヌ化計画を阻止するのだ!,,,1,否,37700,37700,0,0.0,ホームスロット,37700,https://home-slot.net/SHOP/s-dlight_3.html,,,,
ハイライツ エンタテインメント トロピカルKISSビターVer,,,1,否,35100,35100,0,0.0,ホームスロット,35100,https://home-slot.net/SHOP/s-highligahts6.html,,,,
パオン ディーピー もっと!クレアの秘宝伝 女神の歌声と太陽の子供達,,,1,是,41500,41500,0,0.0,ホームスロット,41500,https://home-slot.net/SHOP/s-paon201.html,,,,
ビスティ CRエヴァンゲリヲン8 Extreme Battle,,,1,否,92400,92400,0,0.0,ホームスロット,92400,https://home-slot.net/SHOP/p-bisty44.html,,,,
ビスティ CR新世紀エヴァンゲリオン~使徒 再び~SFW 枠色不問,,,1,否,86000,86000,0,0.0,ホームスロット,86000,https://home-slot.net/SHOP/p-bisty1.html,,,,
ビスティ CR浜崎あゆみ物語 Sweet Version 甘デジ,,,1,否,122300,122300,0,0.0,ホームスロット,122300,https://home-slot.net/SHOP/p-bisty32.html,,,,
ビスティ 新世紀エヴァンゲリオン まごころを 君に アスカVer.,,,1,否,45300,45300,0,0.0,ホームスロット,45300,https://home-slot.net/SHOP/s-sankyo3.html,,,,
豊丸 CR豊丸とソフトオンデマンドの最新作319M 枠色不問,,,1,否,52600,52600,0,0.0,ホームスロット,52600,https://home-slot.net/SHOP/p-toyomaru73.html,,,,
豊丸 PA SUPER電役ナナシーSPECIAL66 Ver2.0,,,1,否,71600,71600,0,0.0,ホームスロット,71600,https://home-slot.net/SHOP/p-toyomaru236.html,,,,
CRデッドオアアライブエクストリーム129VERSION,,大一,1,否,52600,52600,0,0.0,ホームスロット,52600,https://home-slot.net/SHOP/p-daiichi202.html,,,,
CRデッドオアアライブエクストリーム259VERSION,,大一,1,否,52600,52600,0,0.0,ホームスロット,52600,https://home-slot.net/SHOP/p-daiichi201.html,,,,
DAXEL 探偵歌劇 ミルキィホームズTD 消えた7と奇跡の歌,,,1,否,47800,47800,0,0.0,ホームスロット,47800,https://home-slot.net/SHOP/s-daxel13.html,,,,
SanThree CRアタックNo.1 feat.はるな愛&照英,,,1,否,52600,52600,0,0.0,ホームスロット,52600,https://home-slot.net/SHOP/p-santhree15.html,,,,
SanThree PAドラム海物語IN JAPAN 枠色不問,,,1,是,52600,52600,0,0.0,ホームスロット,52600,https://home-slot.net/SHOP/p-santhree209.html,,,,
SanThree ドラム海物語IN沖縄 桜バージョン 枠色不問,P,,1,否,96200,96200,0,0.0,ホームスロット,96200,https://home-slot.net/SHOP/p-santhree205.html,,,,
SNKプレイモア シスタークエスト2~魔剣の騎士と白銀の巫女~,,,1,否,47800,47800,0,0.0,ホームスロット,47800,https://home-slot.net/SHOP/s-snk23.html,,,,
アイムジャグラーEX AnniversaryEdition,,北電子,1,是,47800,47800,0,0.0,ホームスロット,47800,https://home-slot.net/SHOP/s-kitadenshi82.html,,,,
アクロス ハナビ マットブラックver. FINAL白夜パネル,,,1,否,73500,73500,0,0.0,ホームスロット,73500,https://home-slot.net/SHOP/s-across10_finalbyakuya.html,,,,
アビリット コウヘイ最凶伝~地獄の閻魔覚醒の刻~ メインパネル,,,1,否,46500,46500,0,0.0,ホームスロット,46500,https://home-slot.net/SHOP/s-ginza20.html,,,,
オーイズミ ハネスロリラックマ ダラダラリラックスのまいにち,,,1,否,47767,47767,0,0.0,ホームスロット,47767,https://home-slot.net/SHOP/s-oizumi10.html,,,,
タイヨーエレック CRブラックラグーン2 2400FZ 枠色不問,,,1,否,152300,152300,0,0.0,ホームスロット,152300,https://home-slot.net/SHOP/p-taiyo41.html,,,,
タイヨーエレック CR火曜サスペンス劇場 真相の扉~22の過ち~,,,1,否,65300,65300,0,0.0,ホームスロット,65300,https://home-slot.net/SHOP/p-taiyo57.html,,,,
タイヨーエレック ToHeart2 トゥーハート2 バカンスパネル,,,1,否,98500,98500,0,0.0,ホームスロット,98500,https://home-slot.net/SHOP/s-taiyo_elec18.html,,,,
タイヨーエレック デジハネCRブラックラグーン2 2400AX,,,1,否,107300,107300,0,0.0,ホームスロット,107300,https://home-slot.net/SHOP/p-taiyo44.html,,,,
ビスティ CRエヴァンゲリヲン10 SPEED IMPACT,,,1,否,52600,52600,0,0.0,ホームスロット,52600,https://home-slot.net/SHOP/p-bisty57.html,,,,
ビスティ CRエヴァンゲリヲン7 Light Ver.ピンク枠,,,1,否,86000,86000,0,0.0,ホームスロット,86000,https://home-slot.net/SHOP/p-bisty36.html,,,,
ビスティ CRエヴァンゲリヲン9 8号機プレミアム甘ver.,,,1,否,62800,62800,0,0.0,ホームスロット,62800,https://home-slot.net/SHOP/p-bisty47.html,,,,
ビスティ EVANGELION エヴァンゲリオン 2ch対応,,,1,是,47700,47700,0,0.0,A-SLOT,,,47700,https://www.a-slot.com/SHOP/sankyo68.html,,
卓上アイムジャグラーEX 5倍BET機能搭載でインカムUP,,,1,否,385000,385000,0,0.0,A-SLOT,,,385000,https://www.a-slot.com/SHOP/taku_juggler.html,,
用 A カスタムロム 大当り直撃 オートプレイ機能搭載 単品 もOK!,,,1,是,39000,39000,0,0.0,ホームスロット,39000,https://home-slot.net/SHOP/p-a_custom_rom.html,,,,
用 デー太郎ランプ11 スランプグラフ機能 GIGA SEG搭載,,,1,否,23000,23000,0,0.0,ホームスロット,23000,https://home-slot.net/SHOP/p-dataro_11.html,,,,
西陣 CR交響詩篇エウレカセブンspec2 GLA 枠色不問,,,1,否,55200,55200,0,0.0,ホームスロット,55200,https://home-slot.net/SHOP/p-nishijinn42.html,,,,
西陣 ちょいパチさくらももこ劇場 ミラくるずきんちゃん39,,,1,否,52600,52600,0,0.0,ホームスロット,52600,https://home-slot.net/SHOP/p-nishijinn103.html,,,,
高尾 ぱちんこCR一騎当千サバイバルソルジャー319Ver.,,,1,否,52600,52600,0,0.0,ホームスロット,52600,https://home-slot.net/SHOP/p-takao112.html,,,,
高尾 安心ぱちんこキレパンダinリゾート 79Ver. 枠色不問,P,,1,否,59000,59000,0,0.0,ホームスロット,59000,https://home-slot.net/SHOP/p-takao225.html,,,,
高尾 銭形平次3 DENKOUSEKKA 平次Ver. 枠色不問,P,,1,是,52600,52600,0,0.0,ホームスロット,52600,https://home-slot.net/SHOP/p-takao246.html,,,,
CRAもっと!レレレにおまかせ!もういっかい! 分割配送不可,,大一,1,否,55200,55200,0,0.0,ホームスロット,55200,https://home-slot.net/SHOP/p-daiichi55.html,,,,
CRちょいパチアクエリオンEVOL 39ver. 枠色不問,,SANKYO,1,否,92400,92400,0,0.0,ホームスロット,92400,https://home-slot.net/SHOP/p-sankyo127.html,,,,
DAXEL まじかるすいーとプリズム ナナ おめでとうパネル,,,1,否,98500,98500,0,0.0,ホームスロット,98500,https://home-slot.net/SHOP/s-daxel5.html,,,,
P Re ゼロから始める異世界生活 鬼がかりver. 枠色不問,,大都技研,1,是,62600,62600,0,0.0,ホームスロット,62600,https://home-slot.net/SHOP/p-daito207.html,,,,
SanThree CR GO!GO!マリン ミラクル★バケーション,,,1,否,65300,65300,0,0.0,ホームスロット,65300,https://home-slot.net/SHOP/p-santhree18.html,,,,
SanThree CR戦国無双 くのいちバージョン 枠色不問,,,1,否,86000,86000,0,0.0,ホームスロット,86000,https://home-slot.net/SHOP/p-santhree19.html,,,,
SNKプレイモア シスタークエスト3~黄金の大地と東の勇者~,,,1,否,89800,89800,0,0.0,ホームスロット,89800,https://home-slot.net/SHOP/s-snk35.html,,,,
お取り寄せ商品 清龍ゲームジャパン トリプルクラウンV 30,,,1,是,103600,103600,0,0.0,A-SLOT,,,103600,https://www.a-slot.com/SHOP/seiryu201.html,,
タイヨーエレック CRAギャラクシーエンジェル ATX 甘デジ,,,1,否,116000,116000,0,0.0,ホームスロット,116000,https://home-slot.net/SHOP/p-taiyo3.html,,,,
タイヨーエレック CR八代亜紀 心の故郷帰りませんか HTX,,,1,否,41935,41935,0,0.0,ホームスロット,41935,https://home-slot.net/SHOP/p-taiyo5.html,,,,
タイヨーエレック CR機動新撰組萌えよ剣 疾風怒濤編 HTZ,,,1,否,52600,52600,0,0.0,ホームスロット,52600,https://home-slot.net/SHOP/p-taiyo2.html,,,,
タイヨーエレック CR米米CLUB大収穫祭MSZ 枠色不問,,,1,否,116000,116000,0,0.0,ホームスロット,116000,https://home-slot.net/SHOP/p-taiyo33.html,,,,
タイヨーエレック デジハネCR龍が如く見参!天照祗園編 女心,,,1,否,92400,92400,0,0.0,ホームスロット,92400,https://home-slot.net/SHOP/p-taiyo46.html,,,,
ダンジョンに出会いを求めるのは間違っているだろうか2,,北電子,1,是,52800,52800,0,0.0,ホームスロット,52800,https://home-slot.net/SHOP/s-kitadenshi216.html,,,,
ビスティ CR ayumi hamasaki 2 浜崎あゆみ2,,,1,否,52600,52600,0,0.0,ホームスロット,52600,https://home-slot.net/SHOP/p-bisty45.html,,,,
ビスティ エヴァンゲリヲン13 エクストラモデル 枠色不問,,,1,是,52600,52600,0,0.0,ホームスロット,52600,https://home-slot.net/SHOP/p-bisty206.html,,,,
ビスティ エヴァンゲリヲン 真実の翼 パネル不問 2ch対応,,,1,否,64100,64100,0,0.0,A-SLOT,,,64100,https://www.a-slot.com/SHOP/sankyo36.html,,
ビスティ エヴァンゲリヲン 真実の翼 零号機カラー オレンジ色,,,1,否,54100,54100,0,0.0,ホームスロット,54100,https://home-slot.net/SHOP/s-sankyo37.html,,,,
マルホン CR戦国KIZUNA第三陣 暁の鬼MX 枠色不問,,,1,否,41426,41426,0,0.0,ホームスロット,41426,https://home-slot.net/SHOP/p-maruhon25.html,,,,
用 デー太郎ランプ10 タッチパネル スランプグラフ機能搭載,,,1,是,19900,19900,0,0.0,ホームスロット,19900,https://home-slot.net/SHOP/p-option146.html,,,,
西陣 CR春夏秋冬2400 withさくらももこ劇場FB,,,1,否,52600,52600,0,0.0,ホームスロット,52600,https://home-slot.net/SHOP/p-nishijinn125.html,,,,
豊丸 CRA SUPER電役ドラゴン伝説77VN 枠色不問,,,1,否,52600,52600,0,0.0,ホームスロット,52600,https://home-slot.net/SHOP/p-toyomaru75.html,,,,
豊丸 CRバーストエンジェルインフィニティ199MYST,,,1,否,216200,216200,0,0.0,ホームスロット,216200,https://home-slot.net/SHOP/p-toyomaru18.html,,,,
高尾 P ROKUROKU 2400ちょい恐Ver. 枠色不問,,,1,否,65300,65300,0,0.0,ホームスロット,65300,https://home-slot.net/SHOP/p-takao224.html,,,,
高尾 あっぱれ!夏物語 ドカン!!と一発7000Ver. 枠色不問,P,,1,否,52600,52600,0,0.0,ホームスロット,52600,https://home-slot.net/SHOP/p-takao245.html,,,,
高尾 リアル鬼ごっこ2 全力疾走チャージ王様Ver.枠色不問,P,,1,否,52600,52600,0,0.0,ホームスロット,52600,https://home-slot.net/SHOP/p-takao244.html,,,,
CRルパン三世~I'm a super hero~394ver.,,平和,1,否,160900,160900,0,0.0,ホームスロット,160900,https://home-slot.net/SHOP/p-heiwa136.html,,,,
CR黄門ちゃま 超寿 日本漫遊2700km 199ver.,,平和,1,否,57700,57700,0,0.0,ホームスロット,57700,https://home-slot.net/SHOP/p-heiwa125.html,,,,
CR黄門ちゃま 超寿 日本漫遊2700km 299ver.,,平和,1,否,71600,71600,0,0.0,ホームスロット,71600,https://home-slot.net/SHOP/p-heiwa126.html,,,,
PA究極神判 Sweet Judgement 99ver.,,七匠,1,否,65300,65300,0,0.0,ホームスロット,65300,https://home-slot.net/SHOP/p-nanashow200.html,,,,
SanThree CRドラム海物語BLACK 枠色不問,,,1,否,52600,52600,0,0.0,ホームスロット,52600,https://home-slot.net/SHOP/p-santhree33.html,,,,
SanThree CRヤッターマンMAX ver. 枠色不問,,,1,否,75400,75400,0,0.0,ホームスロット,75400,https://home-slot.net/SHOP/p-santhree21.html,,,,
SanThree CR戦国無双 マックスタイプ 枠色不問,,,1,否,152300,152300,0,0.0,ホームスロット,152300,https://home-slot.net/SHOP/p-santhree16.html,,,,
お取り寄せ商品 ビスティ ウルトラマンウォーズ 2ch対応,,,1,是,57800,57800,0,0.0,A-SLOT,,,57800,https://www.a-slot.com/SHOP/sankyo72.html,,
アビリット CR妖怪人間べムMM 枠名 ハイパーフラッシュ,,,1,否,49015,49015,0,0.0,ホームスロット,49015,https://home-slot.net/SHOP/p-abilit9.html,,,,
アビリット CR妖怪人間ベムLL 枠名 ハイパーフラッシュ,,,1,否,46213,46213,0,0.0,ホームスロット,46213,https://home-slot.net/SHOP/p-abilit8.html,,,,
アミューズメント ~ガールズケイリン~G1フェアリーグランプリ,,KONAMI,1,是,35100,35100,0,0.0,ホームスロット,35100,https://home-slot.net/SHOP/s-konami207.html,,,,
タイヨーエレック CR火曜サスペンス劇場MTZ 枠色不問,,,1,否,101000,101000,0,0.0,ホームスロット,101000,https://home-slot.net/SHOP/p-taiyo34.html,,,,
ニューパルサーSP 20thAnnibersaryパネル,,山佐,1,否,98500,98500,0,0.0,ホームスロット,98500,https://home-slot.net/SHOP/s-yamasa101.html,,,,
ビスティ CRエヴァンゲリヲン9 改2号機ミドルver.,,,1,否,65300,65300,0,0.0,ホームスロット,65300,https://home-slot.net/SHOP/p-bisty48.html,,,,
ビスティ CRエヴァンゲリヲン9 暴走ループ199ver.,,,1,否,92400,92400,0,0.0,ホームスロット,92400,https://home-slot.net/SHOP/p-bisty53.html,,,,
ビスティ CRエヴァンゲリヲン9 零号機暴走ループver.,,,1,否,71600,71600,0,0.0,ホームスロット,71600,https://home-slot.net/SHOP/p-bisty49.html,,,,
ビスティ CR戦国BASARA3 関ヶ原の戦い 枠色不問,,,1,否,36843,36843,0,0.0,ホームスロット,36843,https://home-slot.net/SHOP/p-bisty37.html,,,,
ビスティ CR浜崎あゆみ物語 Light Version,,,1,否,42648,42648,0,0.0,ホームスロット,42648,https://home-slot.net/SHOP/p-bisty33.html,,,,
ビスティ エヴァンゲリヲン 真実の翼 激レア!! の2号機カラー,,,1,否,50059,50059,0,0.0,ホームスロット,50059,https://home-slot.net/SHOP/s-sankyo49.html,,,,
ビスティ モードぱちんこ エヴァンゲリヲン~超覚醒~ 枠色不問,,,1,否,65300,65300,0,0.0,ホームスロット,65300,https://home-slot.net/SHOP/p-bisty203.html,,,,
マルホン ファンキードクター 天使ver. 枠名 R5 MODEL,P,,1,否,145900,145900,0,0.0,ホームスロット,145900,https://home-slot.net/SHOP/p-maruhon220.html,,,,
単品 用 ボックスユニット 多機能 外付けタイプの ユニット,スマパチ,,1,是,27800,27800,0,0.0,ホームスロット,27800,https://home-slot.net/SHOP/sp-unit-box.html,,,,
西陣 CRAさくらももこ劇場 ミラくるずきんちゃんGL,,,1,否,64000,64000,0,0.0,ホームスロット,64000,https://home-slot.net/SHOP/p-nishijinn98.html,,,,
西陣 CRAベルサイユのばら 遥かな時を超えてGLST,,,1,否,52600,52600,0,0.0,ホームスロット,52600,https://home-slot.net/SHOP/p-nishijinn90.html,,,,
豊丸 CRセクシーフォールセカンドシーズン319F 枠色不問,,,1,否,52600,52600,0,0.0,ホームスロット,52600,https://home-slot.net/SHOP/p-toyomaru68.html,,,,
豊丸 CRバーストエンジェルインフィニティ399XST,,,1,否,770300,770300,0,0.0,ホームスロット,770300,https://home-slot.net/SHOP/p-toyomaru17.html,,,,
豊丸 CRバーストエンジェルインフィニティ99V 甘デジ,,,1,否,186300,186300,0,0.0,ホームスロット,186300,https://home-slot.net/SHOP/p-toyomaru19.html,,,,
高尾 CRおしおきピラミッ伝with丸高愛美in沖縄,,,1,否,52600,52600,0,0.0,ホームスロット,52600,https://home-slot.net/SHOP/p-takao65.html,,,,
高尾 CR弾球黙示録カイジ HIGH&LOW 319Ver.,,,1,否,52600,52600,0,0.0,ホームスロット,52600,https://home-slot.net/SHOP/p-takao200.html,,,,
高尾 CR銭形平次withでんぱ組.inc199ver.,,,1,否,399400,399400,0,0.0,ホームスロット,399400,https://home-slot.net/SHOP/p-takao105.html,,,,
高尾 P DD北斗の拳 主役はジャギ!! ユリアVer.枠色不問,,,1,否,52600,52600,0,0.0,ホームスロット,52600,https://home-slot.net/SHOP/p-takao215.html,,,,
高尾 ちょいパチ弾球黙示録カイジ3WCA39 枠色不問,,,1,否,86000,86000,0,0.0,ホームスロット,86000,https://home-slot.net/SHOP/p-takao92.html,,,,
高尾 白魔女学園 オワリトハジマリ~白魔女Ver.~ 枠色不問,P,,1,否,59000,59000,0,0.0,ホームスロット,59000,https://home-slot.net/SHOP/p-takao209.html,,,,
CRAハクション大魔王 出ましたアクビちゃんVer.,,七匠,1,是,92400,92400,0,0.0,ホームスロット,92400,https://home-slot.net/SHOP/p-nanashow03.html,,,,
CR ENTER THE MATRIX NL マトリックス,,大一,1,否,38539,38539,0,0.0,ホームスロット,38539,https://home-slot.net/SHOP/p-daiichi34.html,,,,
CRひぐらしのなく頃に頂~MAXver.~ 分割配送不可,,大一,1,否,256300,256300,0,0.0,ホームスロット,256300,https://home-slot.net/SHOP/p-daiichi52.html,,,,
CRひぐらしのなく頃に頂?ライトver? 分割配送不可,,大一,1,否,101000,101000,0,0.0,ホームスロット,101000,https://home-slot.net/SHOP/p-daiichi53.html,,,,
CRフィーバーアクエリオンEVOL 99ver. 枠色不問,,SANKYO,1,否,65300,65300,0,0.0,ホームスロット,65300,https://home-slot.net/SHOP/p-sankyo126.html,,,,
CRフィーバー倖田來未III~Love Romance~S,,SANKYO,1,否,122300,122300,0,0.0,ホームスロット,122300,https://home-slot.net/SHOP/p-sankyo75.html,,,,
CRルパン三世~Lupin The End~319ver.,,平和,1,否,70300,70300,0,0.0,ホームスロット,70300,https://home-slot.net/SHOP/p-heiwa150.html,,,,
CR中森明菜 歌姫伝説 ~情熱Edition~ LIGHT,,大一,1,否,86000,86000,0,0.0,ホームスロット,86000,https://home-slot.net/SHOP/p-daiichi63.html,,,,
CR天外魔境卍MARU MTH 枠名 フラッシュリング,,SANYO,1,否,116000,116000,0,0.0,ホームスロット,116000,https://home-slot.net/SHOP/p-sanyo1.html,,,,
CR熱響!乙女フェスティバル ファン大感謝祭LIVE,,平和,1,否,86000,86000,0,0.0,ホームスロット,86000,https://home-slot.net/SHOP/p-heiwa139.html,,,,
SanThree CRAドラム海物語229バージョン,,,1,否,75400,75400,0,0.0,ホームスロット,75400,https://home-slot.net/SHOP/p-santhree30.html,,,,
SanThree CRボウリング革命P★LARGUE,,,1,否,65300,65300,0,0.0,ホームスロット,65300,https://home-slot.net/SHOP/p-santhree200.html,,,,
SanThree CRヤッターマン~われら天才ドロンボー~,,,1,否,92400,92400,0,0.0,ホームスロット,92400,https://home-slot.net/SHOP/p-santhree28.html,,,,
SanThree PAドラム海物語IN沖縄 枠色不問,,,1,是,52600,52600,0,0.0,ホームスロット,52600,https://home-slot.net/SHOP/p-santhree203.html,,,,
SanThree ちょいパチヤッターマン39 枠色不問,,,1,否,52600,52600,0,0.0,ホームスロット,52600,https://home-slot.net/SHOP/p-santhree27.html,,,,
SNKプレイモア KOF3 ザ キング オブ ファイターズ3,,,1,否,68500,68500,0,0.0,ホームスロット,68500,https://home-slot.net/SHOP/s-snk39.html,,,,
SNKプレイモア 神たま2~あっぱれ超みこし祭~ グリーン,,,1,否,39150,39150,0,0.0,ホームスロット,39150,https://home-slot.net/SHOP/s-snk30.html,,,,
アビリット CR鬼浜 走死走命編 枠名 ハイパーフラッシュ,,,1,否,44074,44074,0,0.0,ホームスロット,44074,https://home-slot.net/SHOP/p-abilit4.html,,,,
アリストクラート 絶対衝激~PLATONIC HEART~,,,1,否,98500,98500,0,0.0,ホームスロット,98500,https://home-slot.net/SHOP/s-aristocrat8.html,,,,
タイヨーエレック CRフルメタル パニック!TSR FRX,,,1,否,47741,47741,0,0.0,ホームスロット,47741,https://home-slot.net/SHOP/p-taiyo23.html,,,,
タイヨーエレック デジハネCRブラックラグーン2ASX,,,1,否,59000,59000,0,0.0,ホームスロット,59000,https://home-slot.net/SHOP/p-taiyo45.html,,,,
タイヨーエレック ビッグドリームinロストアイランド2,,,1,是,89800,89800,0,0.0,ホームスロット,89800,https://home-slot.net/SHOP/s-taiyo_elec28.html,,,,
タイヨー ハローサンタアルティメットマシンガンバージョン,,,1,否,45100,45100,0,0.0,A-SLOT,,,45100,https://www.a-slot.com/SHOP/taiyo15.html,,
タイヨー バビロン with桜丘ショコラ ショコラパネル,,,1,否,37700,37700,0,0.0,ホームスロット,37700,https://home-slot.net/SHOP/s-taiyo20.html,,,,
タイヨー バビロン with桜丘ショコラ バビロンパネル,,,1,否,68500,68500,0,0.0,ホームスロット,68500,https://home-slot.net/SHOP/s-taiyo21.html,,,,
ビスティ CRエヴァンゲリヲン11S~いま 目覚めの時~,,,1,否,111100,111100,0,0.0,ホームスロット,111100,https://home-slot.net/SHOP/p-bisty59.html,,,,
ビスティ CRコードギアス 反逆のルルーシュ~エンペラーロード~,,,1,否,71600,71600,0,0.0,ホームスロット,71600,https://home-slot.net/SHOP/p-bisty62.html,,,,
マルホン CR戦国KIZUNA第三陣 暁の鬼A 甘デジ,,,1,否,52600,52600,0,0.0,ホームスロット,52600,https://home-slot.net/SHOP/p-maruhon30.html,,,,
学園黙示録 HIGH SCHOOL OF THE DEAD,,スパイキー,1,否,76100,76100,0,0.0,ホームスロット,76100,https://home-slot.net/SHOP/s-spyki_6.html,,,,
西陣 CR交響詩篇エウレカセブン ~真の約束の地~ GLA,,,1,否,52600,52600,0,0.0,ホームスロット,52600,https://home-slot.net/SHOP/p-nishijinn53.html,,,,
西陣 CR桃剣斬鬼 あたし!鬼にはめっぽう強いんですぅ,,,1,否,52600,52600,0,0.0,ホームスロット,52600,https://home-slot.net/SHOP/p-nishijinn120.html,,,,
豊丸 CR SUPER電役ナナシーDX121F 枠色不問,,,1,否,52600,52600,0,0.0,ホームスロット,52600,https://home-slot.net/SHOP/p-toyomaru53.html,,,,
豊丸 CR豊丸とソフトオンデマンドの最新作169L,,,1,否,71600,71600,0,0.0,ホームスロット,71600,https://home-slot.net/SHOP/p-toyomaru72.html,,,,
豊丸 PAコマコマ倶楽部with坂本冬美99ver.,,,1,否,89800,89800,0,0.0,ホームスロット,89800,https://home-slot.net/SHOP/p-toyomaru228.html,,,,
豊丸 ちょいパチ SUPER電役ナナシーDXII G39,P,,1,否,52600,52600,0,0.0,ホームスロット,52600,https://home-slot.net/SHOP/p-toyomaru205.html,,,,
豊丸 華牌RRwith清水あいり 150de遊タイム,P,,1,否,55200,55200,0,0.0,ホームスロット,55200,https://home-slot.net/SHOP/p-toyomaru232.html,,,,
高尾 CRAグレムリンSTV クリスマスモデル 甘デジ,,,1,否,51713,51713,0,0.0,ホームスロット,51713,https://home-slot.net/SHOP/p-takao8.html,,,,
高尾 CRA弾球黙示録カイジ 沼 ざわっ 甘デジ 枠色不問,,,1,否,89800,89800,0,0.0,ホームスロット,89800,https://home-slot.net/SHOP/p-takao14.html,,,,
高尾 CR弾球黙示録カイジ沼3 利根川Ver. 枠色不問,,,1,否,71600,71600,0,0.0,ホームスロット,71600,https://home-slot.net/SHOP/p-takao101.html,,,,
高尾 CR銭形平次withでんぱ組.inc99ver.,,,1,否,52600,52600,0,0.0,ホームスロット,52600,https://home-slot.net/SHOP/p-takao104.html,,,,
高尾 ぱちんこCRおしおきくのいち忍法帖 28Ver.,,,1,否,52600,52600,0,0.0,ホームスロット,52600,https://home-slot.net/SHOP/p-takao205.html,,,,
高尾 クイーンズブレイド美闘士カーニバル ナナエルVer.,P,,1,是,52600,52600,0,0.0,ホームスロット,52600,https://home-slot.net/SHOP/p-takao206.html,,,,
高尾 弾球黙示録カイジ5 電撃チャージVer.A 枠色不問,P,,1,否,59000,59000,0,0.0,ホームスロット,59000,https://home-slot.net/SHOP/p-takao230.html,,,,
高尾 貞子3D2 Light~呪われた12時間~ 枠色不問,P,,1,否,86000,86000,0,0.0,ホームスロット,86000,https://home-slot.net/SHOP/p-takao227.html,,,,
3号機 NET 日活興業 スペーススペクター ピンクパネル,,,1,否,222500,222500,0,0.0,A-SLOT,,,222500,https://www.a-slot.com/SHOP/net_spacespecter_kasugai.html,,
3号機 NET 日活興業 スペースバトル ホワイトパネル,,,1,否,98300,98300,0,0.0,A-SLOT,,,98300,https://www.a-slot.com/SHOP/net_spacebattle_kasugai.html,,
3号機 アークテクニコ ワイルドキャッツ 白 2ch対応,,,1,否,86400,86400,0,0.0,A-SLOT,,,86400,https://www.a-slot.com/SHOP/ark3.html,,
CRAはねものUFOwithピンク レディー 甘デジ,,大一,1,否,49015,49015,0,0.0,ホームスロット,49015,https://home-slot.net/SHOP/p-daiichi13.html,,,,
CRAサイボーグ009~未知なる加速へ~N TC 甘デジ,,ニューギン,1,否,51713,51713,0,0.0,ホームスロット,51713,https://home-slot.net/SHOP/p-newgin40.html,,,,
CRAルパン三世 ~主役は銭形~ 99.9ver 枠色不問,,平和,1,否,92400,92400,0,0.0,ホームスロット,92400,https://home-slot.net/SHOP/p-heiwa118.html,,,,
CRA麻雀物語2~めざせ!雀ドル決定戦!~99.9ver.,,平和,1,否,86000,86000,0,0.0,ホームスロット,86000,https://home-slot.net/SHOP/p-heiwa135.html,,,,
CR JAWS再臨 SHARK PANIC AGAIN,,平和,1,否,59000,59000,0,0.0,ホームスロット,59000,https://home-slot.net/SHOP/p-heiwa169.html,,,,
CRフィーバー宇宙戦艦ヤマト ONLY ONE 枠色不問,,SANKYO,1,否,71600,71600,0,0.0,ホームスロット,71600,https://home-slot.net/SHOP/p-sankyo121.html,,,,
CRフィーバー宇宙戦艦ヤマト復活篇 立ち上がれヤマト,,SANKYO,1,否,183700,183700,0,0.0,ホームスロット,183700,https://home-slot.net/SHOP/p-sankyo66.html,,,,
CRルパン三世~Lupin The End~99ver.,,平和,1,否,52600,52600,0,0.0,ホームスロット,52600,https://home-slot.net/SHOP/p-heiwa156.html,,,,
CR氷川きよし2 ~今度はきよしとふれあいましょう~,,大一,1,否,101000,101000,0,0.0,ホームスロット,101000,https://home-slot.net/SHOP/p-daiichi61.html,,,,
CR黄門ちゃま~神盛JUDGMENT~99.9ver.,,平和,1,否,86000,86000,0,0.0,ホームスロット,86000,https://home-slot.net/SHOP/p-heiwa203.html,,,,
PAさくらももこ劇場コジコジ2N2 K4 枠色不問,,ニューギン,1,否,52600,52600,0,0.0,ホームスロット,52600,https://home-slot.net/SHOP/p-newgin209.html,,,,
PA海物語3R3 枠名 クリスタルシェル 2ch対応,,SANYO,1,是,242500,242500,0,0.0,ホームスロット,242500,https://home-slot.net/SHOP/p-sanyo258.html,,,,
SanThree CRAドラム海物語99バージョン,,,1,否,52600,52600,0,0.0,ホームスロット,52600,https://home-slot.net/SHOP/p-santhree29.html,,,,
SanThree CRA風魔の小次郎159ver.,,,1,否,86000,86000,0,0.0,ホームスロット,86000,https://home-slot.net/SHOP/p-santhree24.html,,,,
お取り寄せ商品 WORLD JPS ハクション大魔王,,,1,是,47700,47700,0,0.0,A-SLOT,,,47700,https://www.a-slot.com/SHOP/jps203.html,,
お取り寄せ商品 ビスティ エヴァンゲリヲン 希望の槍,,,1,是,51500,51500,0,0.0,A-SLOT,,,51500,https://www.a-slot.com/SHOP/sankyo121.html,,
お取り寄せ商品 沖縄フェスティバル 30 2022年,,パイオニア,1,是,47700,47700,0,0.0,A-SLOT,,,47700,https://www.a-slot.com/SHOP/s-pioneer214.html,,
キュインぱちすろ南国育ち 1st vacation,,オリンピア,1,否,65300,65300,0,0.0,ホームスロット,65300,https://home-slot.net/SHOP/s-heiwa81.html,,,,
スリム両替機 架 のみ カラーは選べるブラック&ホワイト,,,1,是,38500,38500,0,0.0,A-SLOT,,,38500,https://www.a-slot.com/SHOP/slim-exchange-kadai.html,,
タイヨーエレック CRA兎 野性の闘牌 デジハネタイプ,,,1,否,52600,52600,0,0.0,ホームスロット,52600,https://home-slot.net/SHOP/p-taiyo37.html,,,,
タイヨーエレック CRビッグドリーム~神撃259ver.,,,1,否,86000,86000,0,0.0,ホームスロット,86000,https://home-slot.net/SHOP/p-taiyo50.html,,,,
タイヨーエレック CRビッグドリーム~神撃399ver.,,,1,否,372241,372241,0,0.0,ホームスロット,372241,https://home-slot.net/SHOP/p-taiyo51.html,,,,
ハイライツ エンタテインメント 神の左手悪魔の右目,,,1,否,45100,45100,0,0.0,ホームスロット,45100,https://home-slot.net/SHOP/s-highligahts4.html,,,,
パオン ディービー クレアの秘宝伝 女神の夢と魔法の遺跡,,大都技研,1,是,47800,47800,0,0.0,ホームスロット,47800,https://home-slot.net/SHOP/s-daitogiken200.html,,,,
ビスティ 新世紀エヴァンゲリオン 決戦 ~真紅~ 枠色不問,,,1,是,55200,55200,0,0.0,ホームスロット,55200,https://home-slot.net/SHOP/p-bisty213.html,,,,
マルホン CR NINJA BLADE LMX 枠色不問,,,1,否,41426,41426,0,0.0,ホームスロット,41426,https://home-slot.net/SHOP/p-maruhon35.html,,,,
マルホン CRちょいパチシャカンナーF29 枠色不問,,,1,否,52600,52600,0,0.0,ホームスロット,52600,https://home-slot.net/SHOP/p-maruhon57.html,,,,
マルホン CRゼブラーマン ゼブラシティの逆襲AS2,,,1,否,59000,59000,0,0.0,ホームスロット,59000,https://home-slot.net/SHOP/p-maruhon24.html,,,,
マルホン はねものファインプレー 枠名 R5 MODEL,P,,1,是,191300,191300,0,0.0,ホームスロット,191300,https://home-slot.net/SHOP/p-maruhon225.html,,,,
奥村 CR闘牌伝説アカギ狂気編 枠名 クリスタライズ,,,1,否,205500,205500,0,0.0,ホームスロット,205500,https://home-slot.net/SHOP/p-okumura3.html,,,,
清龍ゲームジャパン トリプルクラウンZERO1 30,,,1,否,80000,80000,0,0.0,A-SLOT,,,80000,https://www.a-slot.com/SHOP/seiryu201_triplecrownzero01-30.html,,
激安!9 800円以下 アリストクラート ゲットザランカー,,,1,否,28742,28742,0,0.0,ホームスロット,28742,https://home-slot.net/SHOP/s-aristocrat19.html,,,,
西陣 CR春一番~こいこい八でありんす~GL 枠色不問,,,1,否,52600,52600,0,0.0,ホームスロット,52600,https://home-slot.net/SHOP/p-nishijinn75.html,,,,
西陣 ベルサイユのばら~革命への序曲~GLB 枠色不問,P,,1,否,65300,65300,0,0.0,ホームスロット,65300,https://home-slot.net/SHOP/p-nishijinn220.html,,,,
豊丸 CRA SUPER電役ナナシーDXII 77NV,,,1,否,65300,65300,0,0.0,ホームスロット,65300,https://home-slot.net/SHOP/p-toyomaru85.html,,,,
豊丸 CR SUPER電役ナナシーDX99V 枠色不問,,,1,否,52600,52600,0,0.0,ホームスロット,52600,https://home-slot.net/SHOP/p-toyomaru54.html,,,,
豊丸 CR豊丸とソフトオンデマンドの最新作99V,,,1,否,52600,52600,0,0.0,ホームスロット,52600,https://home-slot.net/SHOP/p-toyomaru74.html,,,,
豊丸 PA SUPER電役ナナシーSPECIAL66,,,1,是,55200,55200,0,0.0,ホームスロット,55200,https://home-slot.net/SHOP/p-toyomaru219.html,,,,
豊丸 コマコマ倶楽部with坂本冬美199ver.,P,,1,否,52600,52600,0,0.0,ホームスロット,52600,https://home-slot.net/SHOP/p-toyomaru229.html,,,,
高尾 CR弾球黙示録カイジ 沼 57億の孤独 枠色不問,,,1,否,49371,49371,0,0.0,ホームスロット,49371,https://home-slot.net/SHOP/p-takao10.html,,,,
高尾 らんま1 2 熱血格闘遊戯 199ver. 枠色不問,P,,1,是,59000,59000,0,0.0,ホームスロット,59000,https://home-slot.net/SHOP/p-takao238.html,,,,
高尾 弾球黙示録カイジ HIGH&LOW ざわっ ver.,P,,1,否,71600,71600,0,0.0,ホームスロット,71600,https://home-slot.net/SHOP/p-takao202.html,,,,
高尾 白魔女学園 オワリトハジマリ~赤き騎士団Ver.~,P,,1,否,44000,44000,0,0.0,ホームスロット,44000,https://home-slot.net/SHOP/p-takao208.html,,,,
3号機 アークテクニコ クレイジーバブルス 2ch対応,,,1,否,69300,69300,0,0.0,A-SLOT,,,69300,https://www.a-slot.com/SHOP/arktechnico_crazybubbles_kasugai.html,,
CRA加山雄三~海とエレキと若大将~SAM 甘デジ,,SANYO,1,否,41935,41935,0,0.0,ホームスロット,41935,https://home-slot.net/SHOP/p-sanyo9.html,,,,
CRA牙狼金色になれ~ザルバとの契約~ 枠名 ザルバ,,,1,否,92400,92400,0,0.0,ホームスロット,92400,https://home-slot.net/SHOP/p-SANSEI82.html,,,,
CRバァーンダマシイ MSA 枠名 フラッシュリング,,SANYO,1,否,41222,41222,0,0.0,ホームスロット,41222,https://home-slot.net/SHOP/p-sanyo30.html,,,,
CRフィーバーアクエリオンEVOL Type245,,SANKYO,1,否,52600,52600,0,0.0,ホームスロット,52600,https://home-slot.net/SHOP/p-sankyo117.html,,,,
CRフィーバーアクエリオンEVOL Type319,,SANKYO,1,否,86000,86000,0,0.0,ホームスロット,86000,https://home-slot.net/SHOP/p-sankyo118.html,,,,
CRフィーバー バイオハザード リベレーションズ 枠色不問,,SANKYO,1,否,65300,65300,0,0.0,ホームスロット,65300,https://home-slot.net/SHOP/p-sankyo208.html,,,,
CRフィーバー創聖のアクエリオンIIIYα 枠色不問,,SANKYO,1,否,65300,65300,0,0.0,ホームスロット,65300,https://home-slot.net/SHOP/p-sankyo72.html,,,,
CRミッションインポッシブルNS 分割配送不可,,大一,1,否,39491,39491,0,0.0,ホームスロット,39491,https://home-slot.net/SHOP/p-daiichi49.html,,,,
CR不二子~Lupin The End~199ver.,,平和,1,否,71600,71600,0,0.0,ホームスロット,71600,https://home-slot.net/SHOP/p-sanyo207.html,,,,
CR不二子~Lupin The End~99.9ver.,,平和,1,否,71600,71600,0,0.0,ホームスロット,71600,https://home-slot.net/SHOP/p-heiwa201.html,,,,
CR中森明菜 歌姫伝説 ~情熱Edition~ MAX,,大一,1,否,86000,86000,0,0.0,ホームスロット,86000,https://home-slot.net/SHOP/p-daiichi62.html,,,,
CR吉宗3 越後屋らんどOPENの巻99ver.,,大都技研,1,否,89800,89800,0,0.0,ホームスロット,89800,https://home-slot.net/SHOP/p-daito16.html,,,,
CR忍者ハットリくん~科学忍法VS忍の術~ BL V,,大一,1,否,53900,53900,0,0.0,ホームスロット,53900,https://home-slot.net/SHOP/p-daiichi74.html,,,,
CR氷川きよし~きよしの前に座りましょう~ NM F,,大一,1,否,111100,111100,0,0.0,ホームスロット,111100,https://home-slot.net/SHOP/p-daiichi24.html,,,,
KPE G1優駿倶楽部 アルティメットまこパネル,,,1,否,65100,65100,0,0.0,A-SLOT,,,65100,https://www.a-slot.com/SHOP/s-kpe206.html,,
KPE マジカルハロウィン2 マジカルバニーパネル,,,1,是,69100,69100,0,0.0,A-SLOT,,,69100,https://www.a-slot.com/SHOP/kpe17.html,,
PAさくらももこ劇場コジコジ2N2 K 枠色不問,,ニューギン,1,是,65300,65300,0,0.0,ホームスロット,65300,https://home-slot.net/SHOP/p-newgin210.html,,,,
PA ガンスリンガー ストラトス 遊撃ver. 枠色不問,,大都技研,1,是,65300,65300,0,0.0,ホームスロット,65300,https://home-slot.net/SHOP/p-daito205.html,,,,
Re ゼロから始める異世界生活 リゼロ レムパネル,,大都技研,1,是,35100,35100,0,0.0,ホームスロット,35100,https://home-slot.net/SHOP/s-daitogiken205.html,,,,
SanThree CRAヤッターマン99バージョン,,,1,否,92400,92400,0,0.0,ホームスロット,92400,https://home-slot.net/SHOP/p-santhree25.html,,,,
SanThree CRA風魔の小次郎77ver.,,,1,否,92400,92400,0,0.0,ホームスロット,92400,https://home-slot.net/SHOP/p-santhree23.html,,,,
SanThree PAヤッターマンVVV 枠色不問,,,1,否,52600,52600,0,0.0,ホームスロット,52600,https://home-slot.net/SHOP/p-santhree208.html,,,,
SanThree ちょいパチ清流物語3 枠色不問,P,,1,否,71600,71600,0,0.0,ホームスロット,71600,https://home-slot.net/SHOP/p-santhree206.html,,,,
SLOT STEINS;GATE シュタインズ ゲート,,メーシー,1,否,40100,40100,0,0.0,ホームスロット,40100,https://home-slot.net/SHOP/s-mizuho-macy212.html,,,,
TRIVY 怪盗天使ツインエンジェル 怪盗パネル,,,1,否,68500,68500,0,0.0,ホームスロット,68500,https://home-slot.net/SHOP/s-trivy2.html,,,,
お取り寄せ商品 NET チバリヨ 30 琉球紫パネル,,,1,是,56500,56500,0,0.0,A-SLOT,,,56500,https://www.a-slot.com/SHOP/s-net212.html,,
お取り寄せ商品 アクロス クランキーセレブレーション,,,1,是,64100,64100,0,0.0,A-SLOT,,,64100,https://www.a-slot.com/SHOP/across14.html,,
アピールプレート 設定4以上 Let's Enjoy 店 A,,,1,否,72000,72000,0,0.0,A-SLOT,,,72000,https://www.a-slot.com/SHOP/plate_settei4_enjoy.html,,
アピールプレート 設定5以上 Let's Enjoy 店 A,,,1,否,72000,72000,0,0.0,A-SLOT,,,72000,https://www.a-slot.com/SHOP/plate_settei5_enjoy.html,,
サンセイ CR牙狼GOLDSTORM翔 枠名 金翔,,,1,是,91000,91000,0,0.0,ホームスロット,91000,https://home-slot.net/SHOP/p-SANSEI98.html,,,,
スターオーシャン4 SWEET PREMIUM ver.,P,メーシー,1,否,57600,57600,0,0.0,ホームスロット,57600,https://home-slot.net/SHOP/p-macy203.html,,,,
タイヨーエレック CRどっキュンリゾート ハワイへん,,,1,否,52600,52600,0,0.0,ホームスロット,52600,https://home-slot.net/SHOP/p-taiyo43.html,,,,
タイヨーエレック CRサムライチャンプルー2MTZ,,,1,否,167200,167200,0,0.0,ホームスロット,167200,https://home-slot.net/SHOP/p-taiyo25.html,,,,
タイヨーエレック CRサムライチャンプルー3LSX,,,1,否,52600,52600,0,0.0,ホームスロット,52600,https://home-slot.net/SHOP/p-taiyo39.html,,,,
タイヨーエレック CRビッグドリーム~神撃99ver.,,,1,否,168537,168537,0,0.0,ホームスロット,168537,https://home-slot.net/SHOP/p-taiyo56.html,,,,
タイヨーエレック CR米米CLUB大収穫祭KSX,,,1,否,76871,76871,0,0.0,ホームスロット,76871,https://home-slot.net/SHOP/p-taiyo36.html,,,,
タイヨーエレック CR龍が如く見参!天照祗園編 漢心,,,1,否,398112,398112,0,0.0,ホームスロット,398112,https://home-slot.net/SHOP/p-taiyo47.html,,,,
タイヨーエレック 蒼き鋼のアルペジオ アルス ノヴァ,,,1,否,54100,54100,0,0.0,ホームスロット,54100,https://home-slot.net/SHOP/s-taiyo_elec31.html,,,,
ダイナミックサンダーV ビッグサンダーver.パネル,,エレコ,1,否,28742,28742,0,0.0,ホームスロット,28742,https://home-slot.net/SHOP/s-eleco43.html,,,,
ハードボイルド~グリフォンの幻影~プレミアムパネル,,Sammy,1,否,119800,119800,0,0.0,ホームスロット,119800,https://home-slot.net/SHOP/s-sammy29.html,,,,
ビスティ EVANGELION エヴァンゲリオン,,,1,是,37700,37700,0,0.0,ホームスロット,37700,https://home-slot.net/SHOP/s-sankyo68.html,,,,
ビスティ エヴァンゲリヲン13 プレミアムモデル,,,1,否,65300,65300,0,0.0,ホームスロット,65300,https://home-slot.net/SHOP/p-bisty207.html,,,,
ビスティ エヴァンゲリヲン~生命の鼓動~ 2ch対応,,,1,是,99800,99800,0,0.0,A-SLOT,,,99800,https://www.a-slot.com/SHOP/sankyo52.html,,
マルホン CRゼブラーマン ゼブラシティの逆襲MX,,,1,否,52600,52600,0,0.0,ホームスロット,52600,https://home-slot.net/SHOP/p-maruhon51.html,,,,
マルホン CR大シャカRUSH7 KCL 枠色不問,,,1,否,40916,40916,0,0.0,ホームスロット,40916,https://home-slot.net/SHOP/p-maruhon34.html,,,,
マルホン CR戦国KIZUNA第三陣 暁の鬼LM,,,1,否,60166,60166,0,0.0,ホームスロット,60166,https://home-slot.net/SHOP/p-maruhon26.html,,,,
マルホン CR野菜の王国~サニーとルナの大収穫祭~A,,,1,否,56400,56400,0,0.0,ホームスロット,56400,https://home-slot.net/SHOP/p-maruhon48.html,,,,
固定 ラウンドキャスター付き 安定 移動ラクラク 店 A,,,1,是,64800,64800,0,0.0,A-SLOT,,,64800,https://www.a-slot.com/SHOP/slot_round_caster.html,,
緑ドン VIVA!情熱南米編 ファビオ&マリアパネル,,エレコ,1,否,113500,113500,0,0.0,ホームスロット,113500,https://home-slot.net/SHOP/s-eleco38.html,,,,
西陣 CRベルサイユのばら 遥かな時を超えてFA,,,1,否,52600,52600,0,0.0,ホームスロット,52600,https://home-slot.net/SHOP/p-nishijinn83.html,,,,
西陣 CR春夏秋冬~HIGHビスカス~GL 枠色不問,,,1,否,52600,52600,0,0.0,ホームスロット,52600,https://home-slot.net/SHOP/p-nishijinn110.html,,,,
西陣 CR春夏秋冬 with さくらももこ劇場GL,,,1,否,152300,152300,0,0.0,ホームスロット,152300,https://home-slot.net/SHOP/p-nishijinn131.html,,,,
西陣 PAモモキュンtheドラム GLA 枠色不問,,,1,否,52600,52600,0,0.0,ホームスロット,52600,https://home-slot.net/SHOP/p-nishijinn208.html,,,,
西陣 ベルサイユのばら~革命への序曲~MA 枠色不問,P,,1,否,86000,86000,0,0.0,ホームスロット,86000,https://home-slot.net/SHOP/p-nishijinn212.html,,,,
豊丸 CRAセクシーフォールセカンドシーズン99VM,,,1,否,86000,86000,0,0.0,ホームスロット,86000,https://home-slot.net/SHOP/p-toyomaru66.html,,,,
豊丸 CRAピカイチ@インターナショナル49VV新,,,1,否,52600,52600,0,0.0,ホームスロット,52600,https://home-slot.net/SHOP/p-toyomaru45.html,,,,
豊丸 CRウィッチブレイド 399WST 枠色不問,,,1,否,42444,42444,0,0.0,ホームスロット,42444,https://home-slot.net/SHOP/p-toyomaru21.html,,,,
豊丸 CR餃子の王将3 大盛5000SS 枠色不問,,,1,否,52600,52600,0,0.0,ホームスロット,52600,https://home-slot.net/SHOP/p-toyomaru84.html,,,,
豊丸 ちょいパチSUPER電役ドラゴン伝説39,,,1,否,286400,286400,0,0.0,ホームスロット,286400,https://home-slot.net/SHOP/p-toyomaru801.html,,,,
高尾 CR弾球黙示録カイジ 運否天賦 HDR 甘デジ,,,1,否,41682,41682,0,0.0,ホームスロット,41682,https://home-slot.net/SHOP/p-takao13.html,,,,
高尾 P ROKUROKU 6000Ver. 枠色不問,,,1,否,52600,52600,0,0.0,ホームスロット,52600,https://home-slot.net/SHOP/p-takao216.html,,,,
高尾 クイーンズブレイド3 ナナエルVer. 枠色不問,P,,1,是,57600,57600,0,0.0,ホームスロット,57600,https://home-slot.net/SHOP/p-takao219.html,,,,
高尾 安心ぱちんこキレパンダinリゾート 枠色不問,P,,1,否,71600,71600,0,0.0,ホームスロット,71600,https://home-slot.net/SHOP/p-takao226.html,,,,
高尾 弾球黙示録カイジ沼4 カイジVer. 枠色不問,P,,1,否,62800,62800,0,0.0,ホームスロット,62800,https://home-slot.net/SHOP/p-takao214.html,,,,
CRAフィーバー覇王伝 零 その甘さが命取り 甘デジ,,SANKYO,1,否,40204,40204,0,0.0,ホームスロット,40204,https://home-slot.net/SHOP/p-sankyo70.html,,,,
CRA天才バカモン~V!V!バカボット!~99ver.,,大一,1,否,67800,67800,0,0.0,ホームスロット,67800,https://home-slot.net/SHOP/p-daiichi93.html,,,,
CRFマクロスフロンティア 魂 キラッ☆ 枠色不問,,SANKYO,1,否,57700,57700,0,0.0,ホームスロット,57700,https://home-slot.net/SHOP/p-sankyo60.html,,,,
CR T.M.Revolution MAXスペック,,大一,1,否,179900,179900,0,0.0,ホームスロット,179900,https://home-slot.net/SHOP/p-daiichi67.html,,,,
CR TVアニメーション 弱虫ペダル221ver.,,平和,1,否,65300,65300,0,0.0,ホームスロット,65300,https://home-slot.net/SHOP/p-heiwa155.html,,,,
CRちょい得ピンク レディー2011 SWEET,,大一,1,否,59963,59963,0,0.0,ホームスロット,59963,https://home-slot.net/SHOP/p-daiichi40.html,,,,
CRぱちんこAKB48 枠名 BIGサプライズ,,京楽,1,否,101600,101600,0,0.0,ホームスロット,101600,https://home-slot.net/SHOP/p-kyoraku58.html,,,,
CRぱちんこ太王四神記 枠名 BIGサプライズ,,京楽,1,否,59000,59000,0,0.0,ホームスロット,59000,https://home-slot.net/SHOP/p-kyoraku62.html,,,,
CRスーパーマンリターンズ?正義のヒーロー? 分割配送不可,,大一,1,否,261100,261100,0,0.0,ホームスロット,261100,https://home-slot.net/SHOP/p-daiichi50.html,,,,
CRファイヤーダイナマイトキング 分割配送不可,,大一,1,否,75400,75400,0,0.0,ホームスロット,75400,https://home-slot.net/SHOP/p-daiichi54.html,,,,
CRフィーバーa nation99ver. 枠色不問,,SANKYO,1,否,59000,59000,0,0.0,ホームスロット,59000,https://home-slot.net/SHOP/p-sankyo134.html,,,,
CRフィーバータイガーマスク3 ONLY ONE YR,,SANKYO,1,否,52600,52600,0,0.0,ホームスロット,52600,https://home-slot.net/SHOP/p-sankyo137.html,,,,
CRフィーバーマクロスフロンティア2W 枠色不問,,SANKYO,1,否,59000,59000,0,0.0,ホームスロット,59000,https://home-slot.net/SHOP/p-sankyo113.html,,,,
CRフィーバー創聖のアクエリオン 転翅篇α 枠色不問,,SANKYO,1,否,116000,116000,0,0.0,ホームスロット,116000,https://home-slot.net/SHOP/p-sankyo46.html,,,,
CRモンキー パンチ~漫画活動大写真~129ver.,,大一,1,否,52600,52600,0,0.0,ホームスロット,52600,https://home-slot.net/SHOP/p-daiichi85.html,,,,
CRモンキー パンチ~漫画活動大写真~199ver.,,大一,1,否,52600,52600,0,0.0,ホームスロット,52600,https://home-slot.net/SHOP/p-daiichi83.html,,,,
CRモンキー パンチ~漫画活動大写真~399ver.,,大一,1,否,92400,92400,0,0.0,ホームスロット,92400,https://home-slot.net/SHOP/p-daiichi82.html,,,,
CR南国育ちin沖縄M7AX 枠名 ルピナスX,,平和,1,否,59000,59000,0,0.0,ホームスロット,59000,https://home-slot.net/SHOP/p-heiwa73.html,,,,
CR天才バカボン~V!V!バカボット!~199ver.,,大一,1,否,92400,92400,0,0.0,ホームスロット,92400,https://home-slot.net/SHOP/p-daiichi89.html,,,,
CR天才バカボン~V!V!バカボット!~219ver.,,大一,1,否,55200,55200,0,0.0,ホームスロット,55200,https://home-slot.net/SHOP/p-daiichi88.html,,,,
CR天才バカボン~V!V!バカボット!~319ver.,,大一,1,否,59000,59000,0,0.0,ホームスロット,59000,https://home-slot.net/SHOP/p-daiichi90.html,,,,
CR石川さゆりNL S~あなたのために歌います~,,大一,1,否,59000,59000,0,0.0,ホームスロット,59000,https://home-slot.net/SHOP/p-daiichi4.html,,,,
CR私立!戦国学園 MTA 枠名 フラッシュリング,,SANYO,1,否,33301,33301,0,0.0,ホームスロット,33301,https://home-slot.net/SHOP/p-sanyo18.html,,,,
CR釣りバカ日誌MTC 枠名 フラッシュリング,,SANYO,1,否,41935,41935,0,0.0,ホームスロット,41935,https://home-slot.net/SHOP/p-sanyo21.html,,,,
CR鉄拳伝タフ MSAS 枠名 フラッシュリング,,SANYO,1,否,261100,261100,0,0.0,ホームスロット,261100,https://home-slot.net/SHOP/p-sanyo26.html,,,,
CR雪物語2MMA 枠名 クジラッキー 2ch対応,,SANYO,1,否,49065,49065,0,0.0,ホームスロット,49065,https://home-slot.net/SHOP/p-sanyo60.html,,,,
EXCITE 戦国 花の慶次~戦極めし傾奇者の宴~,,,1,否,37700,37700,0,0.0,ホームスロット,37700,https://home-slot.net/SHOP/s-excite15.html,,,,
PAフィーバースーパー戦隊LIGHT ver. 枠色不問,,SANKYO,1,是,55200,55200,0,0.0,ホームスロット,55200,https://home-slot.net/SHOP/p-sankyo227.html,,,,
SanThree CRおそ松くん99バージョン,,,1,否,52600,52600,0,0.0,ホームスロット,52600,https://home-slot.net/SHOP/p-santhree11.html,,,,
SanThree CRバァーンダマシイ2XLA,,,1,否,45907,45907,0,0.0,ホームスロット,45907,https://home-slot.net/SHOP/p-santhree9.html,,,,
SanThree CR勇者王ガオガイガーMWB,,,1,否,53954,53954,0,0.0,ホームスロット,53954,https://home-slot.net/SHOP/p-santhree3.html,,,,
SanThree CR真 三國無双 猛将伝YLA,,,1,否,59000,59000,0,0.0,ホームスロット,59000,https://home-slot.net/SHOP/p-santhree12.html,,,,
SanThree CR装甲騎兵ボトムズXLA,,,1,否,186300,186300,0,0.0,ホームスロット,186300,https://home-slot.net/SHOP/p-santhree14.html,,,,
お取り寄せ商品 オーゼキ ハイパーブラックジャック,,,1,是,50100,50100,0,0.0,A-SLOT,,,50100,https://www.a-slot.com/SHOP/net205.html,,
お取り寄せ商品 クラシックジャグラー 2ch対応,,北電子,1,是,57800,57800,0,0.0,A-SLOT,,,57800,https://www.a-slot.com/SHOP/kitadenshi28.html,,
アナザーゴッドハーデス NO MORE DOG ver.,,ミズホ,1,是,83500,83500,0,0.0,ホームスロット,83500,https://home-slot.net/SHOP/s-mizuho-macy46.html,,,,
アミューズメント 戦国コレクション4 復刻パネル,,KONAMI,1,否,67100,67100,0,0.0,A-SLOT,,,67100,https://www.a-slot.com/SHOP/konami206_Reproduction.html,,
アミューズメント 麻雀格闘倶楽部参 ピンクパネル,,KONAMI,1,否,50100,50100,0,0.0,A-SLOT,,,50100,https://www.a-slot.com/SHOP/konami202_pink.html,,
アリストクラート ストリートファイター2 2ch対応,4号機,,1,否,85000,85000,0,0.0,A-SLOT,,,85000,https://www.a-slot.com/SHOP/aristocrat27.html,,
アリストクラート 巨人の星2 青パネル 2ch対応,4号機,,1,否,65000,65000,0,0.0,A-SLOT,,,65000,https://www.a-slot.com/SHOP/aristocrat_kyojinnohosi2_ao.html,,
オーイズミ ひぐらしのなく頃に祭 魅音☆詩音ver.,,,1,否,98500,98500,0,0.0,ホームスロット,98500,https://home-slot.net/SHOP/s-oizumi8.html,,,,
キングパルサーDOT PULSAR ドットパルサー,,山佐,1,否,41500,41500,0,0.0,ホームスロット,41500,https://home-slot.net/SHOP/s-yamasa123.html,,,,
サンセイ 忍術決戦CR双影FF 枠名 G GATE,,,1,否,37250,37250,0,0.0,ホームスロット,37250,https://home-slot.net/SHOP/p-SANSEI37.html,,,,
ジェイビー CRフィーバーパワフル2018ZERO,,,1,否,52600,52600,0,0.0,ホームスロット,52600,https://home-slot.net/SHOP/p-jb27.html,,,,
タイヨーエレック CRAひかる源氏ATX 甘デジ,,,1,否,39287,39287,0,0.0,ホームスロット,39287,https://home-slot.net/SHOP/p-taiyo17.html,,,,
タイヨーエレック CRカメレオン ひかるバージョン,,,1,否,75400,75400,0,0.0,ホームスロット,75400,https://home-slot.net/SHOP/p-taiyo30.html,,,,
タイヨーエレック CRサムライチャンプルー ASW,,,1,否,42954,42954,0,0.0,ホームスロット,42954,https://home-slot.net/SHOP/p-taiy14.html,,,,
タイヨーエレック CR機動新撰組萌えよ剣 STX,,,1,否,122300,122300,0,0.0,ホームスロット,122300,https://home-slot.net/SHOP/p-taiy12.html,,,,
タイヨーエレック CR秘密戦隊ゴレンジャーL2X,,,1,否,71600,71600,0,0.0,ホームスロット,71600,https://home-slot.net/SHOP/p-taiyo38.html,,,,
タイヨーエレック デジハネCRA逃亡者おりん3,,,1,否,59000,59000,0,0.0,ホームスロット,59000,https://home-slot.net/SHOP/p-taiyo61.html,,,,
タイヨーエレック 仮面ライダー UNLIMITED,,,1,否,37700,37700,0,0.0,ホームスロット,37700,https://home-slot.net/SHOP/s-taiyo_elec23.html,,,,
ニューアイムジャグラーEX KT クリスタルパネル,,北電子,1,否,35100,35100,0,0.0,ホームスロット,35100,https://home-slot.net/SHOP/s-kitadenshi68_crystal.html,,,,
ビスティ CRエヴァンゲリヲン9 180ver.,,,1,否,111100,111100,0,0.0,ホームスロット,111100,https://home-slot.net/SHOP/p-bisty58.html,,,,
ビスティ CR機動戦艦ナデシコ お気楽バージョン,,,1,否,59000,59000,0,0.0,ホームスロット,59000,https://home-slot.net/SHOP/p-bisty54.html,,,,
ビスティ EVANGELION 30φMODEL,,,1,否,41500,41500,0,0.0,ホームスロット,41500,https://home-slot.net/SHOP/s-sankyo127.html,,,,
ビスティ 新世紀エヴァンゲリオン アスカVer,,,1,否,54100,54100,0,0.0,ホームスロット,54100,https://home-slot.net/SHOP/s-sankyo4.html,,,,
ビスティ 新世紀エヴァンゲリオン シンジVer.,,,1,否,54100,54100,0,0.0,ホームスロット,54100,https://home-slot.net/SHOP/s-sankyo9.html,,,,
フィーバーアクエリオンW 最終決戦ver. 枠色不問,P,SANKYO,1,否,55200,55200,0,0.0,ホームスロット,55200,https://home-slot.net/SHOP/p-sankyo213.html,,,,
フィーバー機動戦士ガンダムSEED 枠名 フリーダム,P,SANKYO,1,是,57600,57600,0,0.0,ホームスロット,57600,https://home-slot.net/SHOP/p-sankyo269.html,,,,
マクロスフロンティア はじまりの歌 銀河に響け!,,SANKYO,1,否,54100,54100,0,0.0,ホームスロット,54100,https://home-slot.net/SHOP/s-sankyo54.html,,,,
マジックモンスター3 ぶっちぎり!魔界グランプリ,,オリンピア,1,否,46500,46500,0,0.0,ホームスロット,46500,https://home-slot.net/SHOP/s-heiwa106.html,,,,
マルホン CR坂本冬美 いい女になりたくて LM,,,1,否,52600,52600,0,0.0,ホームスロット,52600,https://home-slot.net/SHOP/p-maruhon41.html,,,,
マルホン CR銀河鉄道物語~永遠への分岐点~MX,,,1,否,51916,51916,0,0.0,ホームスロット,51916,https://home-slot.net/SHOP/p-maruhon37.html,,,,
マルホン シャカRUSH Z 枠名 R5 MODEL,P,,1,是,76600,76600,0,0.0,ホームスロット,76600,https://home-slot.net/SHOP/p-maruhon221.html,,,,
ルパン三世 ロイヤルロード~金海に染まる黄金神殿~,,オリンピア,1,否,83500,83500,0,0.0,ホームスロット,83500,https://home-slot.net/SHOP/s-heiwa124.html,,,,
快盗天使ツインエンジェル3 ファントムパネル,,Sammy,1,否,56500,56500,0,0.0,ホームスロット,56500,https://home-slot.net/SHOP/s-sammy66.html,,,,
西陣 CRモモキュンソード3 FA 1 319ver.,,,1,否,52600,52600,0,0.0,ホームスロット,52600,https://home-slot.net/SHOP/p-nishijinn93.html,,,,
西陣 CRモモキュンソード3 MA 1 199ver.,,,1,否,64000,64000,0,0.0,ホームスロット,64000,https://home-slot.net/SHOP/p-nishijinn92.html,,,,
西陣 CRモモキュンソード~星と黄金の太刀~MAX,,,1,否,52600,52600,0,0.0,ホームスロット,52600,https://home-slot.net/SHOP/p-nishijinn55.html,,,,
西陣 CRモンキーターン 神速の勝利者MB 枠色不問,,,1,否,52600,52600,0,0.0,ホームスロット,52600,https://home-slot.net/SHOP/p-nishijinn88.html,,,,
西陣 P13日の金曜日 枠名 戦舞 13日の金曜日,,,1,否,71600,71600,0,0.0,ホームスロット,71600,https://home-slot.net/SHOP/p-nishijinn233.html,,,,
豊丸 CRAデラマイッタ3rd99v 枠色不問,,,1,否,52600,52600,0,0.0,ホームスロット,52600,https://home-slot.net/SHOP/p-toyomaru65.html,,,,
豊丸 CR GOD AND DEATH 399MAX,,,1,否,311000,311000,0,0.0,ホームスロット,311000,https://home-slot.net/SHOP/p-toyomaru47.html,,,,
豊丸 CRセクシーフォールセカンドシーズン199L,,,1,否,52600,52600,0,0.0,ホームスロット,52600,https://home-slot.net/SHOP/p-toyomaru67.html,,,,
豊丸 P ANOTHER WILD ~スギちゃんっス~,,ロデオ,1,否,59000,59000,0,0.0,ホームスロット,59000,https://home-slot.net/SHOP/p-toyomaru230.html,,,,
豊丸 PAコマコマ倶楽部@エイジセレクトY2F,,,1,否,59000,59000,0,0.0,ホームスロット,59000,https://home-slot.net/SHOP/p-toyomaru212.html,,,,
豊丸 P SUPER電役ナナシーDXII 189M,,,1,否,52600,52600,0,0.0,ホームスロット,52600,https://home-slot.net/SHOP/p-toyomaru204.html,,,,
豊丸 絶超電役ドラドラ天国2400 99Ver.,P,,1,否,64000,64000,0,0.0,ホームスロット,64000,https://home-slot.net/SHOP/p-toyomaru224.html,,,,
豊丸 遊moreLT エガブレイブVVV 枠不問,P,,1,是,121000,121000,0,0.0,ホームスロット,121000,https://home-slot.net/SHOP/p-toyomaru260.html,,,,
銀座 デジハネP 頭文字D せかんど 枠名 銀座真焔,,,1,是,57600,57600,0,0.0,ホームスロット,57600,https://home-slot.net/SHOP/p-ginza230.html,,,,
高尾 CRおしおきピラミッ伝with丸高愛実,,,1,否,62800,62800,0,0.0,ホームスロット,62800,https://home-slot.net/SHOP/p-takao62.html,,,,
高尾 CR一騎当千 SS2 WAA 甘デジ 枠色不問,,,1,否,71600,71600,0,0.0,ホームスロット,71600,https://home-slot.net/SHOP/p-takao61.html,,,,
高尾 リアル鬼ごっこ2 全力疾走チャージ鬼Ver.,P,,1,否,86000,86000,0,0.0,ホームスロット,86000,https://home-slot.net/SHOP/p-takao236.html,,,,
高尾 一騎当千サバイバルソルジャー 甘デジVer.,P,,1,否,52600,52600,0,0.0,ホームスロット,52600,https://home-slot.net/SHOP/p-takao210.html,,,,
高尾 閃乱カグラ2 胸躍る199Ver.枠色不問,P,,1,否,59000,59000,0,0.0,ホームスロット,59000,https://home-slot.net/SHOP/p-takao223.html,,,,
2号機 アークテクニコ アニマル 茶色 2ch対応,,,1,否,79265,79265,0,0.0,A-SLOT,,,79265,https://www.a-slot.com/SHOP/ark4.html,,
3号機 パル工業 ペガサスEXA No.5997,,,1,是,199500,199500,0,0.0,A-SLOT,,,199500,https://www.a-slot.com/SHOP/palkogyo_pegasusexa_kasugai.html,,
BLACK LAGOON2 ブラックラグーン2,,スパイキー,1,否,89800,89800,0,0.0,ホームスロット,89800,https://home-slot.net/SHOP/s-spyki_9.html,,,,
CR009 RE CYBORG NR K 枠色不問,,ニューギン,1,否,59000,59000,0,0.0,ホームスロット,59000,https://home-slot.net/SHOP/p-newgin123.html,,,,
CRAもっと!レレレにおまかせ!HS T 甘デジ,,大一,1,否,52600,52600,0,0.0,ホームスロット,52600,https://home-slot.net/SHOP/p-daiichi19.html,,,,
CRAガールズ&パンツァー ガルパン 99.9ver.,,平和,1,否,65300,65300,0,0.0,ホームスロット,65300,https://home-slot.net/SHOP/p-heiwa148.html,,,,
CRA義風堂々!!~兼続と慶次~99ver. 枠色不問,,ニューギン,1,否,52600,52600,0,0.0,ホームスロット,52600,https://home-slot.net/SHOP/p-newgin141.html,,,,
CRF機動戦艦ナデシコM.O.E‐RX 枠色不問,,SANKYO,1,否,86000,86000,0,0.0,ホームスロット,86000,https://home-slot.net/SHOP/p-sankyo29.html,,,,
CR TVアニメーション 弱虫ペダル99ver.,,平和,1,否,86000,86000,0,0.0,ホームスロット,86000,https://home-slot.net/SHOP/p-heiwa163.html,,,,
CRひぐらしのなく頃に戯?BS? 分割配送不可,,大一,1,否,71600,71600,0,0.0,ホームスロット,71600,https://home-slot.net/SHOP/p-daiichi57.html,,,,
CRコブラ~追憶のシンフォニア~N T 枠色不問,,ニューギン,1,否,52600,52600,0,0.0,ホームスロット,52600,https://home-slot.net/SHOP/p-newgin159.html,,,,
CRシティーハンター~XYZ 心の叫び~99ver.,,平和,1,否,86000,86000,0,0.0,ホームスロット,86000,https://home-slot.net/SHOP/p-heiwa161.html,,,,
CRダーカーザンブラック 黒の契約者 88ver.,,メーシー,1,否,65300,65300,0,0.0,ホームスロット,65300,https://home-slot.net/SHOP/p-macy8.html,,,,
CRハクション大魔王 出ました大魔王Ver.,,七匠,1,否,86000,86000,0,0.0,ホームスロット,86000,https://home-slot.net/SHOP/p-nanashow02.html,,,,
CRピンク レディー2011 SWEET 甘デジ,,大一,1,否,49371,49371,0,0.0,ホームスロット,49371,https://home-slot.net/SHOP/p-daiichi39.html,,,,
CRフィーバーらんま1 2温泉アスレチック編 天,,SANKYO,1,否,89800,89800,0,0.0,ホームスロット,89800,https://home-slot.net/SHOP/p-sankyo44.html,,,,
CRフィーバースレイヤーズREVOLUTION,,SANKYO,1,否,261100,261100,0,0.0,ホームスロット,261100,https://home-slot.net/SHOP/p-sankyo88.html,,,,
CRフィーバーマクロスフロンティア3 枠色不問,,SANKYO,1,是,116000,116000,0,0.0,ホームスロット,116000,https://home-slot.net/SHOP/p-sankyo214.html,,,,
CRフィーバー機動戦士ガンダム2R V作戦発動,,SANKYO,1,否,86000,86000,0,0.0,ホームスロット,86000,https://home-slot.net/SHOP/p-sankyo105.html,,,,
CR大海物語4 枠名 マリンシェル 2ch対応,,SANYO,1,否,52600,52600,0,0.0,ホームスロット,52600,https://home-slot.net/SHOP/p-sanyo135.html,,,,
CR天才バカボン4?決断の瞬間? 分割配送不可,,大一,1,否,116000,116000,0,0.0,ホームスロット,116000,https://home-slot.net/SHOP/p-daiichi44.html,,,,
CR秘宝伝 MAX Ver.C2N3 オレンジ枠,,大都技研,1,否,38269,38269,0,0.0,ホームスロット,38269,https://home-slot.net/SHOP/p-daito5.html,,,,
CR秘宝伝 ミドル Ver.C2N7 オレンジ枠,,大都技研,1,否,41935,41935,0,0.0,ホームスロット,41935,https://home-slot.net/SHOP/p-daito7.html,,,,
CR餓狼伝説?双撃?1 99ver. 分割配送不可,,大一,1,否,52600,52600,0,0.0,ホームスロット,52600,https://home-slot.net/SHOP/p-daiichi48.html,,,,
CR餓狼伝説?双撃?MAXタイプ 分割配送不可,,大一,1,否,216200,216200,0,0.0,ホームスロット,216200,https://home-slot.net/SHOP/p-daiichi45.html,,,,
CR餓狼伝説?双撃?ミドルタイプ 分割配送不可,,大一,1,否,46213,46213,0,0.0,ホームスロット,46213,https://home-slot.net/SHOP/p-daiichi46.html,,,,
KPE マジカルハロウィンJC メインパネル,,,1,否,68500,68500,0,0.0,ホームスロット,68500,https://home-slot.net/SHOP/s-kpe3.html,,,,
NET ドリスターミントのヒロイン救出大作戦,,,1,否,143400,143400,0,0.0,ホームスロット,143400,https://home-slot.net/SHOP/s-net1.html,,,,
PAナムココレクション2 スイートゲームver.,,メーシー,1,是,65300,65300,0,0.0,ホームスロット,65300,https://home-slot.net/SHOP/p-macy218.html,,,,
PAナムココレクション89ver. 枠色不問,,メーシー,1,否,52600,52600,0,0.0,ホームスロット,52600,https://home-slot.net/SHOP/p-macy214.html,,,,
Persona4 The SLOT ペルソナ4,,ニューギン,1,否,83500,83500,0,0.0,ホームスロット,83500,https://home-slot.net/SHOP/s-newgin24.html,,,,
SanThree CR戦国無双 猛将伝YCE,,,1,否,52600,52600,0,0.0,ホームスロット,52600,https://home-slot.net/SHOP/p-santhree26.html,,,,
SLOT魔法少女まどか☆マギカ2 まどマギ2,,メーシー,1,否,124800,124800,0,0.0,ホームスロット,124800,https://home-slot.net/SHOP/s-mizuho-macy60.html,,,,
SNKプレイモア 極お父さん~舞い降りた天使???~,,,1,否,35209,35209,0,0.0,ホームスロット,35209,https://home-slot.net/SHOP/s-snk22.html,,,,
お取り寄せ商品 KPE マジカルハロウィンR,,,1,是,108500,108500,0,0.0,A-SLOT,,,108500,https://www.a-slot.com/SHOP/kpe8.html,,
お取り寄せ商品 オーイズミ うみねこのなく頃に,,,1,是,153400,153400,0,0.0,A-SLOT,,,153400,https://www.a-slot.com/SHOP/oizumi19.html,,
お取り寄せ商品 サンスリー ヤッターマン絶対正義,S,,1,是,45100,45100,0,0.0,A-SLOT,,,45100,https://www.a-slot.com/SHOP/santhree201.html,,
お取り寄せ商品 ハッピージャグラーV 2ch対応,,北電子,1,是,54000,54000,0,0.0,A-SLOT,,,54000,https://www.a-slot.com/SHOP/kitadensi61.html,,
お取り寄せ商品 ビッグハイビ 30 2ch対応,,パイオニア,1,是,93500,93500,0,0.0,A-SLOT,,,93500,https://www.a-slot.com/SHOP/pioneer_big_haibi.html,,
お取り寄せ商品 ミラクルジャグラー 2ch対応,,北電子,1,是,108500,108500,0,0.0,A-SLOT,,,108500,https://www.a-slot.com/SHOP/kitadensi44.html,,
アナザーゴッドハーデス 奪われたZEUSver.,,ミズホ,1,是,47800,47800,0,0.0,ホームスロット,47800,https://home-slot.net/SHOP/s-mizuho-macy41.html,,,,
アピールプレート 設定6 Let's Enjoy 店 A,,,1,否,72000,72000,0,0.0,A-SLOT,,,72000,https://www.a-slot.com/SHOP/plate_settei6_enjoy.html,,
アムテックス 範馬刃牙 枠名 Neo Peace,スマパチ,,1,是,106000,106000,0,0.0,ホームスロット,106000,https://home-slot.net/SHOP/p-amutex248.html,,,,
オーイズミ ひぐらしのなく頃に祭 メインパネル,,,1,否,98500,98500,0,0.0,ホームスロット,98500,https://home-slot.net/SHOP/s-oizumi5.html,,,,
サンセイ CRA天下烈伝RR 枠名 G GATE,,,1,否,52600,52600,0,0.0,ホームスロット,52600,https://home-slot.net/SHOP/p-SANSEI43.html,,,,
サンセイ CR牙狼闇を照らす者XX 枠名 金狼,,,1,否,92400,92400,0,0.0,ホームスロット,92400,https://home-slot.net/SHOP/p-SANSEI93.html,,,,
サンセイ CR牡丹と薔薇RR 枠名 G GATE,,,1,否,52600,52600,0,0.0,ホームスロット,52600,https://home-slot.net/SHOP/p-SANSEI35.html,,,,
サンセイ 牙狼MUSEUM 枠色不問 枠名 金翔,P,,1,否,70300,70300,0,0.0,ホームスロット,70300,https://home-slot.net/SHOP/p-sansei243.html,,,,
サンセイ 牙狼コレクション 枠色不問 枠名 金翔,P,,1,否,52600,52600,0,0.0,ホームスロット,52600,https://home-slot.net/SHOP/p-SANSEI215.html,,,,
サンセイ 牙狼冴島鋼牙XX 枠色不問 枠名 金翔,P,,1,是,63600,63600,0,0.0,ホームスロット,63600,https://home-slot.net/SHOP/p-SANSEI211.html,,,,
ジェイビー CRフィーバークィーン2018ZERO,,,1,否,52600,52600,0,0.0,ホームスロット,52600,https://home-slot.net/SHOP/p-jb29.html,,,,
タイヨーエレック CR萌えよ剣3 2400MZ,,,1,否,65300,65300,0,0.0,ホームスロット,65300,https://home-slot.net/SHOP/p-taiyo40.html,,,,
デジハネPAガオガオキング3 枠名 銀座闘神,,Sammy,1,否,52600,52600,0,0.0,ホームスロット,52600,https://home-slot.net/SHOP/p-sammy214.html,,,,
トリビー 怪盗天使ツインエンジェル 天使パネル,,,1,否,78500,78500,0,0.0,A-SLOT,,,78500,https://www.a-slot.com/SHOP/trivy2.html,,
パオン ディーピー 押忍!番長ZERO メインパネル,,,1,是,50100,50100,0,0.0,A-SLOT,,,50100,https://www.a-slot.com/SHOP/s-paon202.html,,
ビスティ CRエヴァンゲリヲン ~始まりの福音~,,,1,否,92400,92400,0,0.0,ホームスロット,92400,https://home-slot.net/SHOP/p-bisty13.html,,,,
ビスティ CR機動戦艦ナデシコ MAXタイプ,,,1,否,65300,65300,0,0.0,ホームスロット,65300,https://home-slot.net/SHOP/p-bisty51.html,,,,
ビスティ CR機動戦艦ナデシコ ミドルタイプ,,,1,否,52600,52600,0,0.0,ホームスロット,52600,https://home-slot.net/SHOP/p-bisty50.html,,,,
ビスティ CR浜崎あゆみ物語 序章 オレンジ枠,,,1,否,41935,41935,0,0.0,ホームスロット,41935,https://home-slot.net/SHOP/p-bisty29.html,,,,
ビスティ 鉄拳 極 SWEET COMBO VER.,,,1,否,52600,52600,0,0.0,ホームスロット,52600,https://home-slot.net/SHOP/p-bisty211.html,,,,
フィーバーゴルゴ13Light ver. 枠色不問,P,SANKYO,1,否,52600,52600,0,0.0,ホームスロット,52600,https://home-slot.net/SHOP/p-sankyo220.html,,,,
ブロス SLOTシャドウハーツII 運命の道標,,ユニバーサル,1,否,35100,35100,0,0.0,ホームスロット,35100,https://home-slot.net/SHOP/s-univerasal9.html,,,,
マックスアライド マニーハニー ハスラー状態ver.,,,1,否,70000,70000,0,0.0,A-SLOT,,,70000,https://www.a-slot.com/SHOP/maxaride_moneyhoney.html,,
マブラヴ オルタネイティヴ トータル イクリプス,,SANKYO,1,否,74900,74900,0,0.0,ホームスロット,74900,https://home-slot.net/SHOP/s-sankyo91.html,,,,
マルホン CRAカナカナ with 桃乃木かな,,,1,否,116000,116000,0,0.0,ホームスロット,116000,https://home-slot.net/SHOP/p-maruhon62.html,,,,
大海物語5 枠名 クリスタルシェル 2ch対応,P,SANYO,1,否,106000,106000,0,0.0,ホームスロット,106000,https://home-slot.net/SHOP/p-sanyo243.html,,,,
専用 攻略 ユニット+データカウンタ が選べるお得 !,スマスロ,,1,是,24600,24600,0,0.0,A-SLOT,,,24600,https://www.a-slot.com/SHOP/member-set-counter1_ss.html,,
英雄伝説空の軌跡 THE ANIMATION,,ニューギン,1,否,68500,68500,0,0.0,ホームスロット,68500,https://home-slot.net/SHOP/s-newgin20.html,,,,
西陣 CRモモキュンソード3 GL 1 89ver.,,,1,否,86000,86000,0,0.0,ホームスロット,86000,https://home-slot.net/SHOP/p-nishijinn99.html,,,,
西陣 CRモモキュンソード~星と黄金の太刀~GL,,,1,否,65300,65300,0,0.0,ホームスロット,65300,https://home-slot.net/SHOP/p-nishijinn59.html,,,,
西陣 CR交響詩篇エウレカセブンZC 白黒枠,,,1,否,49015,49015,0,0.0,ホームスロット,49015,https://home-slot.net/SHOP/p-nishijinn1.html,,,,
西陣 春夏秋冬GLB 枠名 戦舞 春夏秋冬GLB,P,,1,是,52600,52600,0,0.0,ホームスロット,52600,https://home-slot.net/SHOP/p-nishijinn234.html,,,,
西陣 春夏秋冬MA 枠名 戦舞 春夏秋冬ZB MA,P,,1,否,59000,59000,0,0.0,ホームスロット,59000,https://home-slot.net/SHOP/p-nishijinn235.html,,,,
豊丸 CR SUPER電役ナナシーDX66VV,,,1,否,52600,52600,0,0.0,ホームスロット,52600,https://home-slot.net/SHOP/p-toyomaru55.html,,,,
豊丸 CRウサビッチ の時間66VV 枠色不問,,,1,否,101000,101000,0,0.0,ホームスロット,101000,https://home-slot.net/SHOP/p-toyomaru61.html,,,,
豊丸 CR餃子の王将2 特盛5000 枠色不問,,,1,否,45704,45704,0,0.0,ホームスロット,45704,https://home-slot.net/SHOP/p-toyomaru41.html,,,,
豊丸 CR餃子の王将3 凄盛2000 枠色不問,,,1,否,59000,59000,0,0.0,ホームスロット,59000,https://home-slot.net/SHOP/p-toyomaru58.html,,,,
豊丸 江頭2 50inナナシーLT 枠名 T16S,P,,1,是,76600,76600,0,0.0,ホームスロット,76600,https://home-slot.net/SHOP/p-toyomaru247.html,,,,
豊丸 華牌R ~猿渡翔がローズテイルにやってきた~,P,,1,否,71600,71600,0,0.0,ホームスロット,71600,https://home-slot.net/SHOP/p-toyomaru210.html,,,,
銀座 いくさの子 織田三郎信長伝 枠名 銀座真焔,P,,1,是,57600,57600,0,0.0,ホームスロット,57600,https://home-slot.net/SHOP/p-ginza222.html,,,,
高尾 CR DD北斗の拳 三兄弟ver. 枠色不問,,,1,否,92400,92400,0,0.0,ホームスロット,92400,https://home-slot.net/SHOP/p-takao91.html,,,,
高尾 CRクイーンズブレイド ナナエル 枠色不問,,,1,否,101000,101000,0,0.0,ホームスロット,101000,https://home-slot.net/SHOP/p-takao46.html,,,,
高尾 CR弾球黙示録カイジ 人喰い沼 枠色不問,,,1,否,49371,49371,0,0.0,ホームスロット,49371,https://home-slot.net/SHOP/p-takao1.html,,,,
高尾 CR弾球黙示録カイジ沼3 ざわっ Ver.,,,1,否,527056,527056,0,0.0,ホームスロット,527056,https://home-slot.net/SHOP/p-takao108.html,,,,
高尾 CR弾球黙示録カイジ沼3 カイジVer.,,,1,否,62800,62800,0,0.0,ホームスロット,62800,https://home-slot.net/SHOP/p-takao109.html,,,,
高尾 CR弾球黙示録カイジ 沼 天啓っ ! 枠色不問,,,1,否,42138,42138,0,0.0,ホームスロット,42138,https://home-slot.net/SHOP/p-takao5.html,,,,
高尾 CR新宇宙年代記ゼロデザイズZ15A,,,1,否,93981,93981,0,0.0,ホームスロット,93981,https://home-slot.net/SHOP/p-takao42.html,,,,
高尾 弾球黙示録カイジ5 電撃チャージVer.B,P,,1,否,67800,67800,0,0.0,ホームスロット,67800,https://home-slot.net/SHOP/p-takao229.html,,,,
CR3×3EYES 大帰滅への道99ver.,,大都技研,1,否,101000,101000,0,0.0,ホームスロット,101000,https://home-slot.net/SHOP/p-daito20.html,,,,
CRAフィーバーモーレツ宇宙海賊YR 枠色不問,,SANKYO,1,否,101000,101000,0,0.0,ホームスロット,101000,https://home-slot.net/SHOP/p-sankyo92.html,,,,
CRA着信アリFPWZ 枠名 エアーキャノン,,藤商事,1,否,71600,71600,0,0.0,ホームスロット,71600,https://home-slot.net/SHOP/p-fuji126.html,,,,
CRA花の慶次~雲のかなたに~N VC 甘デジ,,ニューギン,1,否,41935,41935,0,0.0,ホームスロット,41935,https://home-slot.net/SHOP/p-newgin32.html,,,,
CRお江戸deモンスターM60Z 枠名 NS,,竹屋,1,否,47741,47741,0,0.0,ホームスロット,47741,https://home-slot.net/SHOP/p-takeya6.html,,,,
CRくるくるぱちんこ新EX麻雀2H KX,,ニューギン,1,否,57700,57700,0,0.0,ホームスロット,57700,https://home-slot.net/SHOP/p-newgin100.html,,,,
CRエキサイトFPSZ 枠名 エアーキャノン,,藤商事,1,否,86000,86000,0,0.0,ホームスロット,86000,https://home-slot.net/SHOP/p-fuji121.html,,,,
CRガールズ&パンツァー ガルパン 319ver.,,平和,1,是,86000,86000,0,0.0,ホームスロット,86000,https://home-slot.net/SHOP/p-heiwa145.html,,,,
CRフィーバーX JAPAN 紅MAX 枠色不問,,SANKYO,1,否,38539,38539,0,0.0,ホームスロット,38539,https://home-slot.net/SHOP/p-sankyo41.html,,,,
CRフィーバータイガーマスク 虎魂!カウント50,,SANKYO,1,否,37454,37454,0,0.0,ホームスロット,37454,https://home-slot.net/SHOP/p-sankyo40.html,,,,
CRフィーバー戦姫絶唱シンフォギア 初期セル,,SANKYO,1,否,114400,114400,0,0.0,ホームスロット,114400,https://home-slot.net/SHOP/p-sankyo139.html,,,,
CRフィーバー機動戦士ZガンダムY 枠色不問,,SANKYO,1,否,116000,116000,0,0.0,ホームスロット,116000,https://home-slot.net/SHOP/p-sankyo200.html,,,,
CRフィーバー機動戦士ガンダム v作戦発動 Y,,SANKYO,1,否,52600,52600,0,0.0,ホームスロット,52600,https://home-slot.net/SHOP/p-sankyo115.html,,,,
CRフィーバー革命機ヴァルヴレイヴ 枠色不問,,SANKYO,1,是,55200,55200,0,0.0,ホームスロット,55200,https://home-slot.net/SHOP/p-sankyo202.html,,,,
CR南国育ち 羽根 枠名 AMTルピナスハート,,平和,1,否,86000,86000,0,0.0,ホームスロット,86000,https://home-slot.net/SHOP/p-heiwa158.html,,,,
CR呪怨FPWZ 枠名 シャイニングウォール,,藤商事,1,否,58638,58638,0,0.0,ホームスロット,58638,https://home-slot.net/SHOP/p-fuji88.html,,,,
CR戦国乙女3 H9AY 枠名 ルピナスハート,,平和,1,否,52600,52600,0,0.0,ホームスロット,52600,https://home-slot.net/SHOP/p-heiwa99.html,,,,
CR烈火の炎H9AZ1 枠名 ルピナスハート,,平和,1,否,152300,152300,0,0.0,ホームスロット,152300,https://home-slot.net/SHOP/p-heiwa103.html,,,,
CR百花繚乱サムライブライド 99ver.,,平和,1,否,52600,52600,0,0.0,ホームスロット,52600,https://home-slot.net/SHOP/p-heiwa205.html,,,,
CR秘宝伝 秘められし時の鼓動 99ver.,,大都技研,1,否,65300,65300,0,0.0,ホームスロット,65300,https://home-slot.net/SHOP/p-daito28.html,,,,
CR黄門ちゃま寿H0AZ 枠名 ルピナスX,,平和,1,否,37047,37047,0,0.0,ホームスロット,37047,https://home-slot.net/SHOP/p-heiwa80.html,,,,
JPS クイーンズブレイド闘~バトルバージョン~,,,1,否,44600,44600,0,0.0,ホームスロット,44600,https://home-slot.net/SHOP/s-jps27.html,,,,
KPE マジカルハロウィンJC バニーパネル,,,1,否,68500,68500,0,0.0,ホームスロット,68500,https://home-slot.net/SHOP/s-kpe6.html,,,,
KPE マジカルハロウィンJC パネル不問,,,1,否,78500,78500,0,0.0,A-SLOT,,,78500,https://www.a-slot.com/SHOP/kpe3_zzz.html,,
KPE 悪魔城ドラキュラ アンジェラVer.,,,1,否,113500,113500,0,0.0,ホームスロット,113500,https://home-slot.net/SHOP/s-kpe11.html,,,,
P Re ゼロから始める異世界生活 枠色不問,,大都技研,1,是,65300,65300,0,0.0,ホームスロット,65300,https://home-slot.net/SHOP/p-daito206.html,,,,
SanThree CRクジラッキー 枠色不問,,,1,否,52600,52600,0,0.0,ホームスロット,52600,https://home-slot.net/SHOP/p-santhree202.html,,,,
SanThree PA清流物語3 枠色不問,,,1,否,52600,52600,0,0.0,ホームスロット,52600,https://home-slot.net/SHOP/p-santhree204.html,,,,
SNKプレイモア ザ キング オブ ファイターズ,,,1,否,84900,84900,0,0.0,A-SLOT,,,84900,https://www.a-slot.com/SHOP/snk_kof1.html,,
お取り寄せ商品 SLOTギルティクラウン,,エレコ,1,是,138400,138400,0,0.0,A-SLOT,,,138400,https://www.a-slot.com/SHOP/eleco75.html,,
お取り寄せ商品 アミューズメント ボンバーガール,,KONAMI,1,是,51500,51500,0,0.0,A-SLOT,,,51500,https://www.a-slot.com/SHOP/s-konami212.html,,
お取り寄せ商品 ネクスト ニューパルサーDX3,,山佐,1,是,45100,45100,0,0.0,A-SLOT,,,45100,https://www.a-slot.com/SHOP/yamasa220.html,,
お取り寄せ商品 バルテック 沖ワニマル 30,,,1,是,50200,50200,0,0.0,A-SLOT,,,50200,https://www.a-slot.com/SHOP/baltec204.html,,
お取り寄せ商品 パオン ディーピー いろはに愛姫,,,1,是,64100,64100,0,0.0,A-SLOT,,,64100,https://www.a-slot.com/SHOP/paon200.html,,
お取り寄せ商品 鬼浜爆走紅蓮隊 激闘謳歌編,,ベルコ,1,是,45100,45100,0,0.0,A-SLOT,,,45100,https://www.a-slot.com/SHOP/bellco209.html,,
ぱちんこCR北斗の拳6天翔百裂 枠名 転生,,Sammy,1,否,59000,59000,0,0.0,ホームスロット,59000,https://home-slot.net/SHOP/p-sammy80.html,,,,
ぱちんこCR北斗の拳7 百裂乱舞 枠名 闘神,,Sammy,1,否,52600,52600,0,0.0,ホームスロット,52600,https://home-slot.net/SHOP/p-sammy200.html,,,,
ぱちんこCR渡る世間は鬼ばかり 枠名 闘神,,Sammy,1,否,71600,71600,0,0.0,ホームスロット,71600,https://home-slot.net/SHOP/p-sammy100.html,,,,
ぱちスロ PSYCHO PASS サイコパス,,京楽,1,否,35100,35100,0,0.0,ホームスロット,35100,https://home-slot.net/SHOP/s-kyoraku8.html,,,,
アピールプレート CR北斗の拳 ケンシロウ 店 A,,,1,否,72000,72000,0,0.0,A-SLOT,,,72000,https://www.a-slot.com/SHOP/plate_cr_hokuto.html,,
アミューズメント スカイガールズ~ゼロノツバサ~,,KONAMI,1,是,45100,45100,0,0.0,A-SLOT,,,45100,https://www.a-slot.com/SHOP/konami205.html,,
コードギアス反逆のルルーシュR2 C.C.ver.,,Sammy,1,否,41500,41500,0,0.0,ホームスロット,41500,https://home-slot.net/SHOP/s-sammy136.html,,,,
サンセイ CR天下烈伝VV 枠名 G GATE,,,1,否,46213,46213,0,0.0,ホームスロット,46213,https://home-slot.net/SHOP/p-SANSEI50.html,,,,
サンセイ CR天下烈伝ZZ 枠名 G GATE,,,1,否,71600,71600,0,0.0,ホームスロット,71600,https://home-slot.net/SHOP/p-SANSEI49.html,,,,
サンセイ CR武神烈伝SS 枠名 G GATE,,,1,否,37963,37963,0,0.0,ホームスロット,37963,https://home-slot.net/SHOP/p-SANSEI19.html,,,,
サンセイ CR牙狼金色になれXX 枠名 金狼,,,1,是,145900,145900,0,0.0,ホームスロット,145900,https://home-slot.net/SHOP/p-SANSEI69.html,,,,
ジェイビー CRAパッションモンスターASJ,,,1,否,59000,59000,0,0.0,ホームスロット,59000,https://home-slot.net/SHOP/p-jb9.html,,,,
タイヨーエレック CRA匠の道 ASW 甘デジ,,,1,否,41222,41222,0,0.0,ホームスロット,41222,https://home-slot.net/SHOP/p-taiyo11.html,,,,
タイヨーエレック CRブラックラグーンFTX,,,1,否,43157,43157,0,0.0,ホームスロット,43157,https://home-slot.net/SHOP/p-taiyo26.html,,,,
デジハネCRAガオガオキング2 枠名 闘神,,Sammy,1,否,52600,52600,0,0.0,ホームスロット,52600,https://home-slot.net/SHOP/p-sammy88.html,,,,
デジハネCR渡る世間は鬼ばかり 枠名 闘神,,Sammy,1,否,86000,86000,0,0.0,ホームスロット,86000,https://home-slot.net/SHOP/p-sammy107.html,,,,
ドラゴンクロス スナイパークロス 2ch対応,4号機,岡崎産業,1,是,79800,79800,0,0.0,A-SLOT,,,79800,https://www.a-slot.com/SHOP/okazaki_dragoncross.html,,
ニューアイムジャグラーEX C ブラックパネル,,北電子,1,是,158400,158400,0,0.0,A-SLOT,,,158400,https://www.a-slot.com/SHOP/kitadensi71.html,,
パオン ディーピー 押忍!番長ZERO 操恵パネル,,,1,否,42100,42100,0,0.0,ホームスロット,42100,https://home-slot.net/SHOP/s-paon204.html,,,,
ビスティ CRエヴァンゲリヲン7 パープル枠,,,1,否,34907,34907,0,0.0,ホームスロット,34907,https://home-slot.net/SHOP/p-bisty34.html,,,,
ビスティ エヴァンゲリオン フェスティバル,,,1,否,35100,35100,0,0.0,ホームスロット,35100,https://home-slot.net/SHOP/s-sankyo205.html,,,,
ビスティ 新世紀エヴァンゲリオン~シト 新生~,,,1,否,52600,52600,0,0.0,ホームスロット,52600,https://home-slot.net/SHOP/p-bisty205.html,,,,
ビスティ 新世紀エヴァンゲリオン~約束の時~,,,1,否,54100,54100,0,0.0,ホームスロット,54100,https://home-slot.net/SHOP/s-toriyose7.html,,,,
フィーバーマクロスΔA 設定付きVer. 枠色不問,P,SANKYO,1,否,59000,59000,0,0.0,ホームスロット,59000,https://home-slot.net/SHOP/p-sankyo221.html,,,,
フィーバーマクロスΔ V ラッシュver. 枠色不問,P,SANKYO,1,否,52600,52600,0,0.0,ホームスロット,52600,https://home-slot.net/SHOP/p-sankyo230.html,,,,
プレイボーイ LimitedEdition,,山佐,1,否,71600,71600,0,0.0,ホームスロット,71600,https://home-slot.net/SHOP/s-yamasa18.html,,,,
マルホン CRAファインプレーSP 枠色不問,,,1,否,59000,59000,0,0.0,ホームスロット,59000,https://home-slot.net/SHOP/p-maruhon46.html,,,,
マルホン CR@ほぉ~むカフェ LH1 枠色不問,,,1,否,101000,101000,0,0.0,ホームスロット,101000,https://home-slot.net/SHOP/p-maruhon39.html,,,,
マルホン CR超シャカ RUSH R 枠色不問,,,1,否,59000,59000,0,0.0,ホームスロット,59000,https://home-slot.net/SHOP/p-maruhon38.html,,,,
ワニワニパニック~キミのハートをワニづかみ~,,大一,1,否,78500,78500,0,0.0,A-SLOT,,,78500,https://www.a-slot.com/SHOP/daiichi5.html,,
亜人~衝戟の全突フルスペック!~319ver.,P,平和,1,是,52600,52600,0,0.0,ホームスロット,52600,https://home-slot.net/SHOP/p-heiwa212.html,,,,
専用 静音 ユニット+A コンバーター が選べるお得 !,スマスロ,,1,是,19600,19600,0,0.0,A-SLOT,,,19600,https://www.a-slot.com/SHOP/member-set-ear1_ss.html,,
戦国BASARA HEROES PARTY,,エンターライズ,1,否,35100,35100,0,0.0,ホームスロット,35100,https://home-slot.net/SHOP/s-enta202.html,,,,
機動戦士ガンダムIII~めぐりあい宇宙編~,,山佐,1,否,41500,41500,0,0.0,ホームスロット,41500,https://home-slot.net/SHOP/s-yamasa40.html,,,,
清龍ゲームジャパン トリプルクラウンフォーユー,,,1,是,500000,500000,0,0.0,A-SLOT,,,500000,https://www.a-slot.com/SHOP/s-seiryu202.html,,
西陣 CRAサンバDEソヨリーナ DA 甘デジ,,,1,是,52600,52600,0,0.0,ホームスロット,52600,https://home-slot.net/SHOP/p-nishijinn20.html,,,,
西陣 CRAモンキーターン 神速の勝利者GLB,,,1,否,56400,56400,0,0.0,ホームスロット,56400,https://home-slot.net/SHOP/p-nishijinn94.html,,,,
西陣 CRA築地魚河岸三代目GLC 甘デジ,,,1,否,41935,41935,0,0.0,ホームスロット,41935,https://home-slot.net/SHOP/p-nishijinn35.html,,,,
西陣 CRぷらちなGL 織田信奈の野望II,,,1,否,52600,52600,0,0.0,ホームスロット,52600,https://home-slot.net/SHOP/p-nishijinn207.html,,,,
西陣 CRぷらちなGL 金の花満開 枠色不問,,,1,否,52600,52600,0,0.0,ホームスロット,52600,https://home-slot.net/SHOP/p-nishijinn202.html,,,,
西陣 CRモモキュンソード~パカパカ8~GLS,,,1,否,52600,52600,0,0.0,ホームスロット,52600,https://home-slot.net/SHOP/p-nishijinn58.html,,,,
豊丸 CR GOD AND DEATH 199L,,,1,否,52600,52600,0,0.0,ホームスロット,52600,https://home-slot.net/SHOP/p-toyomaru46.html,,,,
豊丸 CR GOD AND DEATH 99VM,,,1,否,52600,52600,0,0.0,ホームスロット,52600,https://home-slot.net/SHOP/p-toyomaru49.html,,,,
豊丸 PAロードファラオ~神の一撃~連撃Ver.,,,1,否,59000,59000,0,0.0,ホームスロット,59000,https://home-slot.net/SHOP/p-toyomaru213.html,,,,
豊丸 ほのかとクールポコと ときどき武藤敬司,P,,1,否,65300,65300,0,0.0,ホームスロット,65300,https://home-slot.net/SHOP/p-toyomaru211.html,,,,
豊丸 ドラドラ天国さんきゅー2000Ver.,P,,1,否,52600,52600,0,0.0,ホームスロット,52600,https://home-slot.net/SHOP/p-toyomaru223.html,,,,
豊丸産業 CRローズテイルEX309MTP,,,1,否,43259,43259,0,0.0,ホームスロット,43259,https://home-slot.net/SHOP/p-toyomaru15.html,,,,
銀座 ぱちんこCRどらきゅあ! 枠名 銀座闘神,,,1,否,52600,52600,0,0.0,ホームスロット,52600,https://home-slot.net/SHOP/p-ginza6.html,,,,
銀座 デジハネCRどらきゅあ! 枠名 銀座闘神,,,1,否,52600,52600,0,0.0,ホームスロット,52600,https://home-slot.net/SHOP/p-ginza5.html,,,,
銀座 デジハネP蒼天の拳 双龍 枠名 銀座闘神,,,1,否,65300,65300,0,0.0,ホームスロット,65300,https://home-slot.net/SHOP/p-ginza208.html,,,,
高尾 CRA一騎当千SS暴 甘デジ 枠色不問,,,1,否,42954,42954,0,0.0,ホームスロット,42954,https://home-slot.net/SHOP/p-takao40.html,,,,
高尾 CRクイーンズブレイド美闘士カーニバル,,,1,否,52600,52600,0,0.0,ホームスロット,52600,https://home-slot.net/SHOP/p-takao110.html,,,,
高尾 CRダブルライディーンWLA 枠色不問,,,1,否,52600,52600,0,0.0,ホームスロット,52600,https://home-slot.net/SHOP/p-takao63.html,,,,
高尾 CRブラックスパイダーマン 衝動 甘デジ,,,1,否,104800,104800,0,0.0,ホームスロット,104800,https://home-slot.net/SHOP/p-takao34.html,,,,
高尾 CR銭形平次withでんぱ組.inc,,,1,否,89800,89800,0,0.0,ホームスロット,89800,https://home-slot.net/SHOP/p-takao99.html,,,,
高尾 怪談ぱちんこ CR稲川淳二 怪談ナイト,,,1,否,92400,92400,0,0.0,ホームスロット,92400,https://home-slot.net/SHOP/p-takao64.html,,,,
高尾 貞子3D2~呪われた12時間~ 枠色不問,P,,1,否,116000,116000,0,0.0,ホームスロット,116000,https://home-slot.net/SHOP/p-takao218.html,,,,
BLACK LAGOON ブラックラグーン,,スパイキー,1,否,89800,89800,0,0.0,ホームスロット,89800,https://home-slot.net/SHOP/s-spyki_4.html,,,,
CRAそれゆけ野生の王国N K 枠色不問,,ニューギン,1,否,52600,52600,0,0.0,ホームスロット,52600,https://home-slot.net/SHOP/p-newgin153.html,,,,
CRA戦国恋姫FPW 枠名 エアーキャノン,,藤商事,1,否,71600,71600,0,0.0,ホームスロット,71600,https://home-slot.net/SHOP/p-fuji133.html,,,,
CRそれゆけ野生の王国H2 K 枠色不問,,ニューギン,1,否,52600,52600,0,0.0,ホームスロット,52600,https://home-slot.net/SHOP/p-newgin139.html,,,,
CRそれゆけ野生の王国H3 T 枠色不問,,ニューギン,1,否,86000,86000,0,0.0,ホームスロット,86000,https://home-slot.net/SHOP/p-newgin140.html,,,,
CRぱちんこ真田純勇士う ゙ぃくとり~M K,,ニューギン,1,否,52600,52600,0,0.0,ホームスロット,52600,https://home-slot.net/SHOP/p-newgin143.html,,,,
CRめぞん一刻~好きなのに...~299ver.,,平和,1,否,101000,101000,0,0.0,ホームスロット,101000,https://home-slot.net/SHOP/p-heiwa123.html,,,,
CRめぞん一刻~好きなのに...~392ver.,,平和,1,否,59000,59000,0,0.0,ホームスロット,59000,https://home-slot.net/SHOP/p-heiwa122.html,,,,
CRめぞん一刻~好きなのに...~99.9ver.,,平和,1,否,86000,86000,0,0.0,ホームスロット,86000,https://home-slot.net/SHOP/p-heiwa129.html,,,,
CRアレトロン 枠名 シャイニングウォール,,藤商事,1,否,52600,52600,0,0.0,ホームスロット,52600,https://home-slot.net/SHOP/p-fuji103.html,,,,
CRサイボーグ009~未知なる加速へ~M T,,ニューギン,1,否,65300,65300,0,0.0,ホームスロット,65300,https://home-slot.net/SHOP/p-newgin27.html,,,,
CRザ キング オブ ファイターズ99ver.,,大一,1,否,101000,101000,0,0.0,ホームスロット,101000,https://home-slot.net/SHOP/p-daiichi91.html,,,,
CRバイオハザード0 ライトミドルタイプ,,大一,1,否,89800,89800,0,0.0,ホームスロット,89800,https://home-slot.net/SHOP/p-daiichi79.html,,,,
CRフィーバーa nation159ver.,,SANKYO,1,否,86000,86000,0,0.0,ホームスロット,86000,https://home-slot.net/SHOP/p-sankyo129.html,,,,
CRフィーバーa nation319ver.,,SANKYO,1,否,101000,101000,0,0.0,ホームスロット,101000,https://home-slot.net/SHOP/p-sankyo128.html,,,,
CRフィーバータイガーマスク2 甘デジタイプ,,SANKYO,1,否,107300,107300,0,0.0,ホームスロット,107300,https://home-slot.net/SHOP/p-sankyo87.html,,,,
CRフィーバーマイケル ジャクソン 枠色不問,,SANKYO,1,否,86000,86000,0,0.0,ホームスロット,86000,https://home-slot.net/SHOP/p-sankyo142.html,,,,
CR一世風靡セピア~前略 道の上より~L K,,ニューギン,1,否,44074,44074,0,0.0,ホームスロット,44074,https://home-slot.net/SHOP/p-newgin71.html,,,,
CR加山雄三~海とエレキと若大将~MTJ,,SANYO,1,否,92400,92400,0,0.0,ホームスロット,92400,https://home-slot.net/SHOP/p-sanyo2.html,,,,
CR南国育ちML 枠色不問 枠名 ルピナス,,平和,1,否,40509,40509,0,0.0,ホームスロット,40509,https://home-slot.net/SHOP/p-heiwa55.html,,,,
CR地獄少女 弐FPL 枠名 エアーキャノン,,藤商事,1,否,89800,89800,0,0.0,ホームスロット,89800,https://home-slot.net/SHOP/p-fuji114.html,,,,
CR嬢王 FPW 枠名 シャイニングウォール,,藤商事,1,否,92400,92400,0,0.0,ホームスロット,92400,https://home-slot.net/SHOP/p-fuji97.html,,,,
CR怨み屋本舗FPM 枠名 エアーキャノン,,藤商事,1,否,86000,86000,0,0.0,ホームスロット,86000,https://home-slot.net/SHOP/p-fuji120.html,,,,
CR戦国乙女2 M9AX 枠名 ルピナスX,,平和,1,否,116000,116000,0,0.0,ホームスロット,116000,https://home-slot.net/SHOP/p-heiwa69.html,,,,
CR新大江戸日記~月夜に咲く華~MR TG,,ニューギン,1,否,62800,62800,0,0.0,ホームスロット,62800,https://home-slot.net/SHOP/p-newgin47.html,,,,
CR雀鬼~桜井章一伝説~Light ver.,,大一,1,否,101000,101000,0,0.0,ホームスロット,101000,https://home-slot.net/SHOP/p-daiichi87.html,,,,
CR黄門ちゃま~神盛JUDGEMENT~,,平和,1,否,62800,62800,0,0.0,ホームスロット,62800,https://home-slot.net/SHOP/p-heiwa166.html,,,,
EXCITE 真田純勇士~ラブストライク~,,,1,否,71500,71500,0,0.0,ホームスロット,71500,https://home-slot.net/SHOP/s-excite16.html,,,,
JAWS~it's a SHARK PANIC~,,オリンピア,1,否,47800,47800,0,0.0,ホームスロット,47800,https://home-slot.net/SHOP/s-heiwa137.html,,,,
KPE マジカルハロウィン5 マジハロ5,,,1,是,55300,55300,0,0.0,A-SLOT,,,55300,https://www.a-slot.com/SHOP/kpe53.html,,
SanThree CRおそ松くんHMA,,,1,否,72900,72900,0,0.0,ホームスロット,72900,https://home-slot.net/SHOP/p-santhree7.html,,,,
SanThree CRおそ松くんYSA,,,1,否,65300,65300,0,0.0,ホームスロット,65300,https://home-slot.net/SHOP/p-santhree8.html,,,,
SanThree CRヤッターマンYMA,,,1,否,71600,71600,0,0.0,ホームスロット,71600,https://home-slot.net/SHOP/p-santhree20.html,,,,
SanThree CR新清流物語YMB,,,1,否,52600,52600,0,0.0,ホームスロット,52600,https://home-slot.net/SHOP/p-santhree13.html,,,,
SanThree CR清流物語3WCB,,,1,否,65300,65300,0,0.0,ホームスロット,65300,https://home-slot.net/SHOP/p-santhree201.html,,,,
SanThree CR無双OROCHI,,,1,否,86000,86000,0,0.0,ホームスロット,86000,https://home-slot.net/SHOP/p-santhree31.html,,,,
お取り寄せ商品 JFJ リング 恐襲ノ連鎖,S,,1,是,51500,51500,0,0.0,A-SLOT,,,51500,https://www.a-slot.com/SHOP/jfj200.html,,
お取り寄せ商品 KPE 麻雀格闘倶楽部2,,,1,是,51500,51500,0,0.0,A-SLOT,,,51500,https://www.a-slot.com/SHOP/kpe56.html,,
お取り寄せ商品 アイムジャグラーEX AE,,北電子,1,是,60800,60800,0,0.0,A-SLOT,,,60800,https://www.a-slot.com/SHOP/kitadensi86.html,,
お取り寄せ商品 アミューズメント 武装神姫,,KONAMI,1,是,62800,62800,0,0.0,A-SLOT,,,62800,https://www.a-slot.com/SHOP/s-konami217.html,,
お取り寄せ商品 アムテックス バハマ30,S,,1,是,57800,57800,0,0.0,A-SLOT,,,57800,https://www.a-slot.com/SHOP/s-amt214.html,,
お取り寄せ商品 サボハニ バンバンクロス,,,1,是,51500,51500,0,0.0,A-SLOT,,,51500,https://www.a-slot.com/SHOP/sabohani200.html,,
お取り寄せ商品 ディ ライト 薄桜鬼蒼焔録,,,1,是,59100,59100,0,0.0,A-SLOT,,,59100,https://www.a-slot.com/SHOP/dlight_9.html,,
お取り寄せ商品 ハッピージャグラーVIII,,北電子,1,是,69100,69100,0,0.0,A-SLOT,,,69100,https://www.a-slot.com/SHOP/s-kitadenshi209.html,,
お取り寄せ商品 マイジャグラー 2ch対応,,北電子,1,是,108500,108500,0,0.0,A-SLOT,,,108500,https://www.a-slot.com/SHOP/kitadensi32.html,,
お取り寄せ商品 秘宝伝~太陽を求める者達~,,大都技研,1,是,64100,64100,0,0.0,A-SLOT,,,64100,https://www.a-slot.com/SHOP/daitogiken44.html,,
お取り寄せ商品 西陣 モモキュンソードDX,S,,1,是,57800,57800,0,0.0,A-SLOT,,,57800,https://www.a-slot.com/SHOP/s-nisijin201.html,,
お取り寄せ商品 銀座 回胴黙示録カイジ~沼~,,,1,是,51500,51500,0,0.0,A-SLOT,,,51500,https://www.a-slot.com/SHOP/ginza206.html,,
ちょいパチ神獣王2 39ver. 枠名 転生,,Sammy,1,否,101000,101000,0,0.0,ホームスロット,101000,https://home-slot.net/SHOP/p-sammy91.html,,,,
ぱちんこCRガオガオキング2 枠名 闘神,,Sammy,1,否,52600,52600,0,0.0,ホームスロット,52600,https://home-slot.net/SHOP/p-sammy89.html,,,,
ぱちんこCRハクション大魔王 枠名 転生,,Sammy,1,否,52600,52600,0,0.0,ホームスロット,52600,https://home-slot.net/SHOP/p-sammy72.html,,,,
ぱちんこCRビッグガチンコ7 枠名 転生,,Sammy,1,否,52600,52600,0,0.0,ホームスロット,52600,https://home-slot.net/SHOP/p-sammy99.html,,,,
ぱちんこCRモンスターハンター4 枠名 闘神,,Sammy,1,否,86000,86000,0,0.0,ホームスロット,86000,https://home-slot.net/SHOP/p-sammy92.html,,,,
ぱちんこCR北斗の拳百裂 枠名 聖 クロス,,Sammy,1,否,92400,92400,0,0.0,ホームスロット,92400,https://home-slot.net/SHOP/p-sammy36.html,,,,
ぱちんこCR真 北斗無双 第2章 枠名 闘神,,Sammy,1,否,59000,59000,0,0.0,ホームスロット,59000,https://home-slot.net/SHOP/p-sammy202.html,,,,
ぱちんこCR蒼天の拳HTVA 枠名 転生,,Sammy,1,否,42138,42138,0,0.0,ホームスロット,42138,https://home-slot.net/SHOP/p-sammy61.html,,,,
ぱちんこ 乃木坂46 枠名 激震 乃木坂46,,京楽,1,否,76600,76600,0,0.0,ホームスロット,76600,https://home-slot.net/SHOP/p-kyoraku220.html,,,,
エマ めんそーれ30 2004年 雷電パネル,4号機,,1,否,135000,135000,0,0.0,A-SLOT,,,135000,https://www.a-slot.com/SHOP/ema2.html,,
オレンジ 一方通行 とある魔術の禁書目録,スマスロ,,1,是,41500,41500,0,0.0,ホームスロット,41500,https://home-slot.net/SHOP/s-orange202.html,,,,
サンセイ CR牙狼魔戒ノ花XX 枠名 金狼,,,1,否,237500,237500,0,0.0,ホームスロット,237500,https://home-slot.net/SHOP/p-SANSEI80.html,,,,
サンセイ 激デジ真 牙狼 枠色不問 枠名 金翔,P,,1,否,52600,52600,0,0.0,ホームスロット,52600,https://home-slot.net/SHOP/p-sansei242.html,,,,
ジェイビー CRパッションモンスターHZJ,,,1,否,52600,52600,0,0.0,ホームスロット,52600,https://home-slot.net/SHOP/p-jb8.html,,,,
ジェイビー CRパトラッシュJ GREEN,,,1,否,52600,52600,0,0.0,ホームスロット,52600,https://home-slot.net/SHOP/p-jb17.html,,,,
スーパーストリートファイターIV エディション,,エンターライズ,1,是,37700,37700,0,0.0,ホームスロット,37700,https://home-slot.net/SHOP/s-enta201.html,,,,
タイヨーエレック CRAひかる源氏 MTX,,,1,否,43463,43463,0,0.0,ホームスロット,43463,https://home-slot.net/SHOP/p-taiyo22.html,,,,
タイヨーエレック CRハムナプトラ KSZ,,,1,否,59000,59000,0,0.0,ホームスロット,59000,https://home-slot.net/SHOP/p-taiyo4.html,,,,
タイヨーエレック CR兎 野性の闘牌 LSX,,,1,否,52600,52600,0,0.0,ホームスロット,52600,https://home-slot.net/SHOP/p-taiyo31.html,,,,
タイヨーエレック CR兎 野性の闘牌 MSZ,,,1,否,66600,66600,0,0.0,ホームスロット,66600,https://home-slot.net/SHOP/p-taiyo32.html,,,,
ターミネーター2~連撃FULL AUTO VER.~,P,平和,1,是,59000,59000,0,0.0,ホームスロット,59000,https://home-slot.net/SHOP/p-heiwa209.html,,,,
デジハネCRモンスターハンター4 枠名 闘神,,Sammy,1,否,92400,92400,0,0.0,ホームスロット,92400,https://home-slot.net/SHOP/p-sammy101.html,,,,
デジハネCR攻殻機動隊S.A.C 枠名 闘神,,Sammy,1,否,59000,59000,0,0.0,ホームスロット,59000,https://home-slot.net/SHOP/p-sammy105.html,,,,
デビルメイクライ4 アウトオブリミット,P,メーシー,1,否,52600,52600,0,0.0,ホームスロット,52600,https://home-slot.net/SHOP/p-macy206.html,,,,
ドラゴンハナハナ 30 BLACKパネル,,パイオニア,1,是,54500,54500,0,0.0,A-SLOT,,,54500,https://www.a-slot.com/SHOP/pioneer24.html,,
ネオモンスターハウスMXL 枠名 SWGT,P,竹屋,1,是,70300,70300,0,0.0,ホームスロット,70300,https://home-slot.net/SHOP/p-takeya204.html,,,,
ハナハナホウオウ 30 プレミアムパネル,,パイオニア,1,否,50800,50800,0,0.0,ホームスロット,50800,https://home-slot.net/SHOP/s-pioneer31-premium.html,,,,
ビスティ CR鉄拳2 風神ver. 枠色不問,,,1,否,116000,116000,0,0.0,ホームスロット,116000,https://home-slot.net/SHOP/p-bisty60.html,,,,
ビスティ アイドルマスター ミリオンライブ!,,,1,否,54100,54100,0,0.0,ホームスロット,54100,https://home-slot.net/SHOP/s-sankyo207.html,,,,
ビスティ エヴァンゲリヲン 勝利への願い,,,1,是,47800,47800,0,0.0,ホームスロット,47800,https://home-slot.net/SHOP/s-sankyo125.html,,,,
ビスティ エヴァンゲリヲン 魂を繋ぐもの,,,1,是,64100,64100,0,0.0,A-SLOT,,,64100,https://www.a-slot.com/SHOP/sankyo122.html,,
ビーストサップ イラストパネル 2ch対応,4号機,エレコ,1,否,41400,41400,0,0.0,A-SLOT,,,41400,https://www.a-slot.com/SHOP/eleco_beastsapp.html,,
フィーバーアクエリオンW 気持ちいい~!ver.,P,SANKYO,1,否,65300,65300,0,0.0,ホームスロット,65300,https://home-slot.net/SHOP/p-sankyo225.html,,,,
マルホン CRソルジャーSRT1 枠色不問,,,1,否,59000,59000,0,0.0,ホームスロット,59000,https://home-slot.net/SHOP/p-maruhon56.html,,,,
大工の源さん~桜満開!源DREAM ver.~,,SANYO,1,否,98500,98500,0,0.0,ホームスロット,98500,https://home-slot.net/SHOP/s-sanyo20.html,,,,
大東音響 リズムボーイズマスター 2ch対応,4号機,,1,否,82020,82020,0,0.0,A-SLOT,,,82020,https://www.a-slot.com/SHOP/daitoonkyo1.html,,
戦国乙女~剣戟に舞う白き剣聖~西国参戦編,,オリンピア,1,否,98500,98500,0,0.0,ホームスロット,98500,https://home-slot.net/SHOP/s-heiwa108.html,,,,
戦国 花の慶次~天に愛されし漢~ 松風パネル,,ニューギン,1,否,98500,98500,0,0.0,ホームスロット,98500,https://home-slot.net/SHOP/s-newgin21.html,,,,
戦国 花の慶次~天に愛されし漢~ 秀吉パネル,,ニューギン,1,否,98500,98500,0,0.0,ホームスロット,98500,https://home-slot.net/SHOP/s-newgin18.html,,,,
西陣 CR ALL2025 with 100,,,1,否,52600,52600,0,0.0,ホームスロット,52600,https://home-slot.net/SHOP/p-nishijinn122.html,,,,
西陣 CR交響詩篇エウレカセブンF 白枠,,,1,否,40844,40844,0,0.0,ホームスロット,40844,https://home-slot.net/SHOP/p-nishijinn18.html,,,,
西陣 ベルサイユのばら~革命への序曲~FA,P,,1,否,52600,52600,0,0.0,ホームスロット,52600,https://home-slot.net/SHOP/p-nishijinn213.html,,,,
西陣 刀使ノ巫女 枠名 エース戦舞 刀使ノ巫女,P,,1,是,52600,52600,0,0.0,ホームスロット,52600,https://home-slot.net/SHOP/p-nishijinn256.html,,,,
豊丸 CRAバーストエンジェル VV 甘デジ,,,1,否,171000,171000,0,0.0,ホームスロット,171000,https://home-slot.net/SHOP/p-toyomaru4.html,,,,
豊丸 CRコマコマ倶楽部@エイジセレクト,,,1,否,52600,52600,0,0.0,ホームスロット,52600,https://home-slot.net/SHOP/p-toyomaru202.html,,,,
豊丸 CRダルマゲドン299F 枠色不問,,,1,否,39898,39898,0,0.0,ホームスロット,39898,https://home-slot.net/SHOP/p-toyomaru30.html,,,,
豊丸 CRナポレオン 獅子の時代 ZIII,,,1,否,70556,70556,0,0.0,ホームスロット,70556,https://home-slot.net/SHOP/p-toyomaru20.html,,,,
豊丸 CR天地を喰らう299M 枠色不問,,,1,否,43463,43463,0,0.0,ホームスロット,43463,https://home-slot.net/SHOP/p-toyomaru25.html,,,,
踊る CRピンク レディー2011 枠色不問,,大一,1,否,41935,41935,0,0.0,ホームスロット,41935,https://home-slot.net/SHOP/p-daiichi38.html,,,,
銀座 七つの大罪2 枠名 真焔 七つの大罪2,P,,1,否,66600,66600,0,0.0,ホームスロット,66600,https://home-slot.net/SHOP/p-ginza211.html,,,,
高尾 CR BRAVE10 SXA 枠色不問,,,1,否,65300,65300,0,0.0,ホームスロット,65300,https://home-slot.net/SHOP/p-takao71.html,,,,
高尾 CR弾球黙示録カイジ2 兵藤 甘デジ,,,1,否,52600,52600,0,0.0,ホームスロット,52600,https://home-slot.net/SHOP/p-takao43.html,,,,
高尾 CR弾球黙示録カイジ沼2 人喰い沼,,,1,否,186300,186300,0,0.0,ホームスロット,186300,https://home-slot.net/SHOP/p-takao47.html,,,,
高尾 CR弾球黙示録カイジ沼2 欲望の沼,,,1,否,40407,40407,0,0.0,ホームスロット,40407,https://home-slot.net/SHOP/p-takao49.html,,,,
高尾 CR閃乱カグラ99Ver. 枠色不問,,,1,否,86000,86000,0,0.0,ホームスロット,86000,https://home-slot.net/SHOP/p-takao103.html,,,,
高尾 らんま1 2 熱血格闘遊戯 99Ver.,P,,1,否,71600,71600,0,0.0,ホームスロット,71600,https://home-slot.net/SHOP/p-takao243.html,,,,
高尾 一球魂GOLDピラミッ伝 枠色不問,P,,1,否,52600,52600,0,0.0,ホームスロット,52600,https://home-slot.net/SHOP/p-takao242.html,,,,
高尾 一騎当千SS斬 呂蒙Ver. 枠色不問,P,,1,是,52600,52600,0,0.0,ホームスロット,52600,https://home-slot.net/SHOP/p-takao217.html,,,,
高尾 弾球黙示録カイジ沼4 ざわっ...Ver.,P,,1,否,52600,52600,0,0.0,ホームスロット,52600,https://home-slot.net/SHOP/p-takao220.html,,,,
高尾 閃乱カグラ2 パイまみれ99Ver.,P,,1,否,71600,71600,0,0.0,ホームスロット,71600,https://home-slot.net/SHOP/p-takao231.html,,,,
2号機 キューティーフルーツS No.5998,,Sammy,1,否,70200,70200,0,0.0,A-SLOT,,,70200,https://www.a-slot.com/SHOP/sammy_cutyfruits_kasugai.html,,
3号機 スーパープラネット ホワイトパネル,,山佐,1,是,89000,89000,0,0.0,A-SLOT,,,89000,https://www.a-slot.com/SHOP/yamasa_superplanett_white.html,,
CR0009 RE CYBORG S K1,,ニューギン,1,否,52600,52600,0,0.0,ホームスロット,52600,https://home-slot.net/SHOP/p-newgin133.html,,,,
CR009 RE CYBORG S2R K,,ニューギン,1,否,89800,89800,0,0.0,ホームスロット,89800,https://home-slot.net/SHOP/p-newgin108.html,,,,
CRAリング 終焉ノ刻FPW 枠名 井戸,,藤商事,1,是,59000,59000,0,0.0,ホームスロット,59000,https://home-slot.net/SHOP/p-fuji153.html,,,,
CRコブラ~追憶のシンフォニア~N2 T,,ニューギン,1,否,52600,52600,0,0.0,ホームスロット,52600,https://home-slot.net/SHOP/p-newgin158.html,,,,
CRデッドオアアライブ 分割配送不可,,大一,1,否,37250,37250,0,0.0,ホームスロット,37250,https://home-slot.net/SHOP/p-daiichi51.html,,,,
CRバジリスク~甲賀忍法帖~弦之介の章,,メーシー,1,否,65300,65300,0,0.0,ホームスロット,65300,https://home-slot.net/SHOP/p-macy11.html,,,,
CRフィーバーLADY GAGA 枠色不問,,SANKYO,1,否,52600,52600,0,0.0,ホームスロット,52600,https://home-slot.net/SHOP/p-sankyo141.html,,,,
CRフィーバーX JAPAN 紅魂 枠色不問,,SANKYO,1,否,92400,92400,0,0.0,ホームスロット,92400,https://home-slot.net/SHOP/p-sankyo58.html,,,,
CRフィーバーマクロスフロンティア2F,,SANKYO,1,否,52600,52600,0,0.0,ホームスロット,52600,https://home-slot.net/SHOP/p-sankyo119.html,,,,
CRフィーバーモーレツ宇宙海賊S 枠色不問,,SANKYO,1,否,104800,104800,0,0.0,ホームスロット,104800,https://home-slot.net/SHOP/p-sankyo93.html,,,,
CRフィーバー大夏祭り MF T もえVer,,SANKYO,1,否,86000,86000,0,0.0,ホームスロット,86000,https://home-slot.net/SHOP/p-sankyo5.html,,,,
CRフィーバー涼宮ハルヒの憂鬱 枠色不問,,SANKYO,1,否,116000,116000,0,0.0,ホームスロット,116000,https://home-slot.net/SHOP/p-sankyo94.html,,,,
CRフィーバー覇王伝 零 これで終わり ??魂7,,SANKYO,1,否,39287,39287,0,0.0,ホームスロット,39287,https://home-slot.net/SHOP/p-sankyo71.html,,,,
CRフィーバー超時空要塞マクロスSFW,,SANKYO,1,否,43988,43988,0,0.0,ホームスロット,43988,https://home-slot.net/SHOP/p-sankyo19.html,,,,
CRマッハGoGoGo GP7000,,七匠,1,否,52600,52600,0,0.0,ホームスロット,52600,https://home-slot.net/SHOP/p-nanashow201.html,,,,
CRロトパチ15ver. 枠名 イルミオ,,SANYO,1,否,116000,116000,0,0.0,ホームスロット,116000,https://home-slot.net/SHOP/p-sanyo95.html,,,,
CRロトパチ25ver. 枠名 イルミオ,,SANYO,1,否,55200,55200,0,0.0,ホームスロット,55200,https://home-slot.net/SHOP/p-sanyo96.html,,,,
CR中川翔子~アニソンは世界をつなぐ~,,ニューギン,1,否,71600,71600,0,0.0,ホームスロット,71600,https://home-slot.net/SHOP/p-newgin157.html,,,,
CR中森明菜 歌姫伝説~恋も二度目なら~,,大一,1,否,111100,111100,0,0.0,ホームスロット,111100,https://home-slot.net/SHOP/p-daiichi30.html,,,,
CR吉宗3 越後屋らんどOPENの巻,,大都技研,1,否,116000,116000,0,0.0,ホームスロット,116000,https://home-slot.net/SHOP/p-daito14.html,,,,
CR吉宗4 天昇飛躍の極 219ver.,,大都技研,1,否,52600,52600,0,0.0,ホームスロット,52600,https://home-slot.net/SHOP/p-daito27.html,,,,
CR哲也~雀聖と呼ばれた男~天運Ver,,大一,1,否,37963,37963,0,0.0,ホームスロット,37963,https://home-slot.net/SHOP/p-daiichi25.html,,,,
CR喰霊 零 FPL 枠名 クリスタルエアー,,藤商事,1,否,92400,92400,0,0.0,ホームスロット,92400,https://home-slot.net/SHOP/p-fuji151.html,,,,
CR天下一閃?完全突破1600ver.,,大一,1,否,72900,72900,0,0.0,ホームスロット,72900,https://home-slot.net/SHOP/p-daiichi111.html,,,,
CR海物語アクア MLB 枠名 イルミオ,,SANYO,1,否,86000,86000,0,0.0,ホームスロット,86000,https://home-slot.net/SHOP/p-sanyo73.html,,,,
CR着信アリFPF 枠名 エアーキャノン,,藤商事,1,否,137300,137300,0,0.0,ホームスロット,137300,https://home-slot.net/SHOP/p-fuji118.html,,,,
CR秘宝伝 MAX Ver.C2N2 赤枠,,大都技研,1,否,41935,41935,0,0.0,ホームスロット,41935,https://home-slot.net/SHOP/p-daito4.html,,,,
CR秘宝伝 ミドル Ver.C2N6 赤枠,,大都技研,1,否,41935,41935,0,0.0,ホームスロット,41935,https://home-slot.net/SHOP/p-daito6.html,,,,
CR花の慶次~斬H6‐V プレミアム仕様,,ニューギン,1,否,160900,160900,0,0.0,ホームスロット,160900,https://home-slot.net/SHOP/p-newgin4.html,,,,
D light 哲也 枠名 ルナーレス 哲也4,P,,1,是,76600,76600,0,0.0,ホームスロット,76600,https://home-slot.net/SHOP/p-dlight218.html,,,,
EXCITE ZETMAN ゼットマン,,,1,否,78500,78500,0,0.0,A-SLOT,,,78500,https://www.a-slot.com/SHOP/excite18.html,,
KPE ビートマニア beatmania,,,1,否,98500,98500,0,0.0,ホームスロット,98500,https://home-slot.net/SHOP/s-kpe22.html,,,,
KPE 悪魔城ドラキュラ ラルフVer.,,,1,否,98500,98500,0,0.0,ホームスロット,98500,https://home-slot.net/SHOP/s-kpe9.html,,,,
KPE 戦国コレクション2 サマーVer.,,,1,否,54100,54100,0,0.0,ホームスロット,54100,https://home-slot.net/SHOP/s-kpe51.html,,,,
PAガラスの仮面N K1 枠名 ReLf,,ニューギン,1,是,52600,52600,0,0.0,ホームスロット,52600,https://home-slot.net/SHOP/p-newgin234.html,,,,
P ROAD TO EDEN 枠名 銀座闘神,,Sammy,1,否,52600,52600,0,0.0,ホームスロット,52600,https://home-slot.net/SHOP/p-sammy222.html,,,,
SLOTバジリスク~甲賀忍法帖~III,,エレコ,1,否,35100,35100,0,0.0,ホームスロット,35100,https://home-slot.net/SHOP/s-eleco73.html,,,,
SNKプレイモア ドキドキあかずきん,,,1,否,48226,48226,0,0.0,ホームスロット,48226,https://home-slot.net/SHOP/s-snk9.html,,,,
SNKプレイモア 神たま 龍神様Ver,,,1,否,38599,38599,0,0.0,ホームスロット,38599,https://home-slot.net/SHOP/s-snk12.html,,,,
お取り寄せ商品 KPE 麻雀格闘倶楽部,,,1,是,47700,47700,0,0.0,A-SLOT,,,47700,https://www.a-slot.com/SHOP/kpe47.html,,
お取り寄せ商品 NET スナイパイ71,,,1,是,51500,51500,0,0.0,A-SLOT,,,51500,https://www.a-slot.com/SHOP/net204.html,,
お取り寄せ商品 ぱちスロ テラフォーマーズ,,京楽,1,是,47700,47700,0,0.0,A-SLOT,,,47700,https://www.a-slot.com/SHOP/kyoraku6.html,,
お取り寄せ商品 イノキロードトゥゴッド,,ミズホ,1,是,47700,47700,0,0.0,A-SLOT,,,47700,https://www.a-slot.com/SHOP/mizuho-macy63.html,,
お取り寄せ商品 カルミナ ハイドラ 30,,,1,是,64100,64100,0,0.0,A-SLOT,,,64100,https://www.a-slot.com/SHOP/carmina201.html,,
お取り寄せ商品 サボハニ 秘宝伝Rev.,,,1,是,78500,78500,0,0.0,A-SLOT,,,78500,https://www.a-slot.com/SHOP/sabohani1.html,,
お取り寄せ商品 スーハナライジング 30,,パイオニア,1,是,61500,61500,0,0.0,A-SLOT,,,61500,https://www.a-slot.com/SHOP/s-pioneer220.html,,
お取り寄せ商品 ディ ライト おそ松くん,,,1,是,45100,45100,0,0.0,A-SLOT,,,45100,https://www.a-slot.com/SHOP/dlight_11.html,,
お取り寄せ商品 ドラゴンハナハナ~閃光~,,パイオニア,1,是,683300,683300,0,0.0,A-SLOT,,,683300,https://www.a-slot.com/SHOP/s-pioneer224.html,,
お取り寄せ商品 ラッキージャックポット,,岡崎産業,1,是,64100,64100,0,0.0,A-SLOT,,,64100,https://www.a-slot.com/SHOP/okazaki10.html,,
お取り寄せ商品 鉄拳3rdエンジェル,,山佐,1,是,45100,45100,0,0.0,A-SLOT,,,45100,https://www.a-slot.com/SHOP/yamasa122.html,,
にこパチ豆MNK 機 枠名 駆露夢 クロム,P,ベルコ,1,否,173600,173600,0,0.0,ホームスロット,173600,https://home-slot.net/SHOP/p-bellco204.html,,,,
ぱちすろ黄門ちゃま~光れ!正義の印籠編!~,,オリンピア,1,否,68500,68500,0,0.0,ホームスロット,68500,https://home-slot.net/SHOP/s-heiwa70.html,,,,
ぱちんこCR北斗の拳5 百裂 枠名 転生,,Sammy,1,否,65300,65300,0,0.0,ホームスロット,65300,https://home-slot.net/SHOP/p-sammy63.html,,,,
ぱちんこCR北斗の拳5 覇者 枠名 転生,,Sammy,1,否,126000,126000,0,0.0,ホームスロット,126000,https://home-slot.net/SHOP/p-sammy54.html,,,,
ぱちんこCR北斗の拳6宿命 枠名 転生,,Sammy,1,否,160900,160900,0,0.0,ホームスロット,160900,https://home-slot.net/SHOP/p-sammy70.html,,,,
ぱちんこCR北斗の拳6拳王 枠名 転生,,Sammy,1,否,131000,131000,0,0.0,ホームスロット,131000,https://home-slot.net/SHOP/p-sammy69.html,,,,
ぱちんこCR北斗の拳7 転生 枠名 闘神,,Sammy,1,否,71600,71600,0,0.0,ホームスロット,71600,https://home-slot.net/SHOP/p-sammy98.html,,,,
ぱちんこCR蒼天の拳2 枠名 聖 クロス,,Sammy,1,否,186300,186300,0,0.0,ホームスロット,186300,https://home-slot.net/SHOP/p-sammy45.html,,,,
みどりのマキバオー 届け!!日本一のゴールへ!!,,オリンピア,1,否,41500,41500,0,0.0,ホームスロット,41500,https://home-slot.net/SHOP/s-heiwa110.html,,,,
アミューズメント 七つの魔剣が支配する,スマスロ,KONAMI,1,是,41500,41500,0,0.0,ホームスロット,41500,https://home-slot.net/SHOP/s-konami222.html,,,,
アミューズメント 実況BINGO倶楽部,,KONAMI,1,是,45100,45100,0,0.0,A-SLOT,,,45100,https://www.a-slot.com/SHOP/konami201.html,,
アラジン2エボリューション 復刻パネル,4号機,Sammy,1,是,64800,64800,0,0.0,A-SLOT,,,64800,https://www.a-slot.com/SHOP/sammy43.html,,
アリストクラート 巨人の星3 2ch対応,4号機,,1,否,69820,69820,0,0.0,A-SLOT,,,69820,https://www.a-slot.com/SHOP/aristocrat23.html,,
ガオガオフェスティバルS 2ch対応,,SANKYO,1,否,51500,51500,0,0.0,A-SLOT,,,51500,https://www.a-slot.com/SHOP/sankyo16.html,,
ガメラ ハイグレードビジョン 2ch対応,,ロデオ,1,是,99800,99800,0,0.0,A-SLOT,,,99800,https://www.a-slot.com/SHOP/rodeo5.html,,
クイーンハナハナ 30 クリスタルパネル,,パイオニア,1,否,44500,44500,0,0.0,ホームスロット,44500,https://home-slot.net/SHOP/pioneer33.html,,,,
クレアの秘宝伝~眠りの塔とめざめの石~,,大都技研,1,否,47800,47800,0,0.0,ホームスロット,47800,https://home-slot.net/SHOP/s-daitogiken58.html,,,,
グレートキングハナハナ 30 パネル不問,,パイオニア,1,否,114800,114800,0,0.0,A-SLOT,,,114800,https://www.a-slot.com/SHOP/pioneer43_zzz.html,,
サンスリー スーパー海物語IN JAPAN祭,S,,1,是,51500,51500,0,0.0,A-SLOT,,,51500,https://www.a-slot.com/SHOP/s-santhree203.html,,
ジェイビー CRパトラッシュJ BLUE,,,1,否,52600,52600,0,0.0,ホームスロット,52600,https://home-slot.net/SHOP/p-jb19.html,,,,
ジェイビー CRフィーバーパワフル2018,,,1,否,65300,65300,0,0.0,ホームスロット,65300,https://home-slot.net/SHOP/p-jb28.html,,,,
セブンリーグ ゴッドイーター ジ アニメーション,,,1,是,45300,45300,0,0.0,ホームスロット,45300,https://home-slot.net/SHOP/s-yamasa215.html,,,,
セブンリーグ ゴッドイーター リザレクション,スマスロ,,1,是,59100,59100,0,0.0,ホームスロット,59100,https://home-slot.net/SHOP/s-yamasa238.html,,,,
タイヨーエレック Angel Beats!,,,1,否,83500,83500,0,0.0,ホームスロット,83500,https://home-slot.net/SHOP/s-taiyo_elec202.html,,,,
タイヨーエレック CR BLOOD+ ATX,,,1,否,65300,65300,0,0.0,ホームスロット,65300,https://home-slot.net/SHOP/p-taiy13.html,,,,
タイヨーエレック CR BLOOD+ MTZ,,,1,否,41935,41935,0,0.0,ホームスロット,41935,https://home-slot.net/SHOP/p-taiy19.html,,,,
タイヨーエレック CRカメレオンLRT,,,1,否,40407,40407,0,0.0,ホームスロット,40407,https://home-slot.net/SHOP/p-taiyo29.html,,,,
タイヨーエレック CRビッグorスモール,,,1,否,71600,71600,0,0.0,ホームスロット,71600,https://home-slot.net/SHOP/p-taiyo62.html,,,,
タイヨーエレック CRペルソナ3 MTZ,,,1,否,43777,43777,0,0.0,ホームスロット,43777,https://home-slot.net/SHOP/p-taiyo10.html,,,,
タイヨーエレック CR萌えよ剣3 STX,,,1,否,55200,55200,0,0.0,ホームスロット,55200,https://home-slot.net/SHOP/p-taiyo42.html,,,,
デジハネ7CR化物語 STJ 枠名 転生,,Sammy,1,否,55200,55200,0,0.0,ホームスロット,55200,https://home-slot.net/SHOP/p-sammy76.html,,,,
デジハネCRA蒼天の拳天帰 枠名 闘神,,Sammy,1,否,65300,65300,0,0.0,ホームスロット,65300,https://home-slot.net/SHOP/p-sammy106.html,,,,
デジハネCR北斗の拳6慈母 枠名 転生,,Sammy,1,否,59000,59000,0,0.0,ホームスロット,59000,https://home-slot.net/SHOP/p-sammy84.html,,,,
デビルマンII 悪魔復活 サタンver.,,エレコ,1,否,47800,47800,0,0.0,ホームスロット,47800,https://home-slot.net/SHOP/s-eleco33.html,,,,
バジリスク 甲賀忍法帖 破幻の瞳パネル,,ミズホ,1,否,37909,37909,0,0.0,ホームスロット,37909,https://home-slot.net/SHOP/s-mizuho-macy22.html,,,,
バベル5000 枠名 Uni Flame,P,ミズホ,1,否,52600,52600,0,0.0,ホームスロット,52600,https://home-slot.net/SHOP/p-mizuho204.html,,,,
ビスティ CRエヴァンゲリヲン7 赤枠,,,1,否,76600,76600,0,0.0,ホームスロット,76600,https://home-slot.net/SHOP/p-bisty31.html,,,,
ビスティ エヴァンゲリヲン~生命の鼓動~,,,1,否,89800,89800,0,0.0,ホームスロット,89800,https://home-slot.net/SHOP/s-sankyo52.html,,,,
ブロス SLOTデッドオアアライブ5,,ユニバーサル,1,是,47700,47700,0,0.0,A-SLOT,,,47700,https://www.a-slot.com/SHOP/univerasal14.html,,
マクロスフロンティア2 クランパネル,,SANKYO,1,否,101000,101000,0,0.0,ホームスロット,101000,https://home-slot.net/SHOP/s-sankyo77.html,,,,
マルホン CRAシャカンナーF 枠色不問,,,1,否,52600,52600,0,0.0,ホームスロット,52600,https://home-slot.net/SHOP/p-maruhon54.html,,,,
マルホン CR@ほぉ~むカフェ A 枠色不問,,,1,否,56400,56400,0,0.0,ホームスロット,56400,https://home-slot.net/SHOP/p-maruhon40.html,,,,
ミニミニモンスター4LM 枠名 SWGT,P,竹屋,1,否,65300,65300,0,0.0,ホームスロット,65300,https://home-slot.net/SHOP/p-takeya202.html,,,,
ルパン三世 ルパン一族の秘宝 青パネル,,平和,1,否,35209,35209,0,0.0,ホームスロット,35209,https://home-slot.net/SHOP/s-heiwa69.html,,,,
ロックマン アビリティ 史上最大の試練,,スパイキー,1,否,37700,37700,0,0.0,ホームスロット,37700,https://home-slot.net/SHOP/s-spyki_202.html,,,,
北斗の拳2 ネクストゾーン将 初期パネル,,Sammy,1,否,57900,57900,0,0.0,ホームスロット,57900,https://home-slot.net/SHOP/s-sammy27.html,,,,
地獄少女 あとはあなたが決めることよ,S,藤商事,1,否,47800,47800,0,0.0,ホームスロット,47800,https://home-slot.net/SHOP/s-fuji203.html,,,,
戦国乙女~剣戟に舞う白き剣聖~ 枠色不問,,オリンピア,1,是,99800,99800,0,0.0,A-SLOT,,,99800,https://www.a-slot.com/SHOP/heiwa103.html,,
戦国 花の慶次~これより我ら修羅に入る~,,ニューギン,1,否,54100,54100,0,0.0,ホームスロット,54100,https://home-slot.net/SHOP/s-newgin26.html,,,,
戦国 花の慶次~天を穿つ戦槍~剛弓ver.,,ニューギン,1,否,35100,35100,0,0.0,ホームスロット,35100,https://home-slot.net/SHOP/s-newgin201.html,,,,
横穴あり ビーキッズクラブ No.5550,4号機,オリンピア,1,是,72000,72000,0,0.0,A-SLOT,,,72000,https://www.a-slot.com/SHOP/olympia_beekidsclub_kasugai.html,,
西陣 CRA甦りぱちんこ~春夏秋冬~GL,,,1,否,65300,65300,0,0.0,ホームスロット,65300,https://home-slot.net/SHOP/p-nishijinn84.html,,,,
西陣 CRA甦りぱちんこ~春夏秋冬~MA,,,1,否,52600,52600,0,0.0,ホームスロット,52600,https://home-slot.net/SHOP/p-nishijinn73.html,,,,
西陣 CRA甦りぱちんこ~花満開~GLA,,,1,否,52600,52600,0,0.0,ホームスロット,52600,https://home-slot.net/SHOP/p-nishijinn71.html,,,,
西陣 CRゴールデンゲート~BLACK~GL,,,1,否,52600,52600,0,0.0,ホームスロット,52600,https://home-slot.net/SHOP/p-nishijinn102.html,,,,
西陣 CRゴールデンゲート~BLACK~ZC,,,1,否,59000,59000,0,0.0,ホームスロット,59000,https://home-slot.net/SHOP/p-nishijinn101.html,,,,
西陣 CRモンキーターン 誰よりも速く!GL,,,1,否,52600,52600,0,0.0,ホームスロット,52600,https://home-slot.net/SHOP/p-nishijinn63.html,,,,
西陣 CR春夏秋冬~HIGHビスカス~Z,,,1,否,52600,52600,0,0.0,ホームスロット,52600,https://home-slot.net/SHOP/p-nishijinn107.html,,,,
西陣 CR織田信奈の野望MA 枠色不問,,,1,否,52600,52600,0,0.0,ホームスロット,52600,https://home-slot.net/SHOP/p-nishijinn91.html,,,,
西陣 PAモモキュンtheドラム ME,,,1,否,52600,52600,0,0.0,ホームスロット,52600,https://home-slot.net/SHOP/p-nishijinn209.html,,,,
西陣 P V王 Legend MC 枠色不問,,,1,否,86000,86000,0,0.0,ホームスロット,86000,https://home-slot.net/SHOP/p-nishijinn216.html,,,,
西陣 P V王 Legend XA 枠色不問,,,1,否,52600,52600,0,0.0,ホームスロット,52600,https://home-slot.net/SHOP/p-nishijinn217.html,,,,
西陣 ちょいパチ モモキュンソード3 39,,,1,否,52600,52600,0,0.0,ホームスロット,52600,https://home-slot.net/SHOP/p-nishijinn105.html,,,,
豊丸 CRデラマイッタ3rd199R,,,1,否,52600,52600,0,0.0,ホームスロット,52600,https://home-slot.net/SHOP/p-toyomaru64.html,,,,
豊丸 CR悪代官299FST 枠色不問,,,1,否,42444,42444,0,0.0,ホームスロット,42444,https://home-slot.net/SHOP/p-toyomaru22.html,,,,
豊丸 CR餃子の王将2 おかわり777,,,1,否,65300,65300,0,0.0,ホームスロット,65300,https://home-slot.net/SHOP/p-toyomaru39.html,,,,
豊丸 CR餃子の王将2 メガ盛7000,,,1,否,55200,55200,0,0.0,ホームスロット,55200,https://home-slot.net/SHOP/p-toyomaru43.html,,,,
豊丸 CR餃子の王将3 メガ盛7000,,,1,否,119000,119000,0,0.0,ホームスロット,119000,https://home-slot.net/SHOP/p-toyomaru57.html,,,,
豊丸 バーストエンジェル3 199Ver.,P,,1,否,56400,56400,0,0.0,ホームスロット,56400,https://home-slot.net/SHOP/p-toyomaru216.html,,,,
豊丸 バーストエンジェルEX 99ver.,P,,1,否,59000,59000,0,0.0,ホームスロット,59000,https://home-slot.net/SHOP/p-toyomaru234.html,,,,
銀座 化物語 199ver. 枠名 銀座真焔,P,,1,是,64000,64000,0,0.0,ホームスロット,64000,https://home-slot.net/SHOP/p-ginza217.html,,,,
銀座 化物語 319ver. 枠名 銀座真焔,P,,1,否,57600,57600,0,0.0,ホームスロット,57600,https://home-slot.net/SHOP/p-ginza218.html,,,,
闘魂継承アントニオ猪木という名の 機,,オリンピア,1,否,41500,41500,0,0.0,ホームスロット,41500,https://home-slot.net/SHOP/s-heiwa207.html,,,,
高尾 CRクイーンズブレイド2 アルドラ,,,1,否,89800,89800,0,0.0,ホームスロット,89800,https://home-slot.net/SHOP/p-takao89.html,,,,
高尾 CRクイーンズブレイド2 ナナエル,,,1,否,86000,86000,0,0.0,ホームスロット,86000,https://home-slot.net/SHOP/p-takao97.html,,,,
高尾 CRライディーン フェードイン 甘デジ,,,1,否,62800,62800,0,0.0,ホームスロット,62800,https://home-slot.net/SHOP/p-takao29.html,,,,
高尾 CRリアル鬼ごっこ199ver.,,,1,否,59000,59000,0,0.0,ホームスロット,59000,https://home-slot.net/SHOP/p-takao86.html,,,,
高尾 CRリアル鬼ごっこ273ver.,,,1,否,86000,86000,0,0.0,ホームスロット,86000,https://home-slot.net/SHOP/p-takao81.html,,,,
高尾 CRリアル鬼ごっこ387ver.,,,1,否,105898,105898,0,0.0,ホームスロット,105898,https://home-slot.net/SHOP/p-takao82.html,,,,
高尾 CRワシズ閻魔の闘牌99ver.,,,1,否,92400,92400,0,0.0,ホームスロット,92400,https://home-slot.net/SHOP/p-takao78.html,,,,
高尾 CR弾球黙示録カイジ欲望 XF2,,,1,否,43777,43777,0,0.0,ホームスロット,43777,https://home-slot.net/SHOP/p-takao12.html,,,,
高尾 CR貞子3D 99ver. 枠色不問,,,1,否,52600,52600,0,0.0,ホームスロット,52600,https://home-slot.net/SHOP/p-takao84.html,,,,
高尾 ちょいパチ美男ですねVCA39,,,1,否,52600,52600,0,0.0,ホームスロット,52600,https://home-slot.net/SHOP/p-takao100.html,,,,
高尾 クイーンズブレイド3 レイナVer.,P,,1,否,57600,57600,0,0.0,ホームスロット,57600,https://home-slot.net/SHOP/p-takao212.html,,,,
高尾 怪談ぱちんこCR稲川淳二 SAA,,,1,否,52600,52600,0,0.0,ホームスロット,52600,https://home-slot.net/SHOP/p-takao66.html,,,,
高尾 怪談ぱちんこCR稲川淳二 SLB,,,1,否,290556,290556,0,0.0,ホームスロット,290556,https://home-slot.net/SHOP/p-takao67.html,,,,
麻雀物語4 枠名 BLAST 麻雀物語4,P,平和,1,是,52600,52600,0,0.0,ホームスロット,52600,https://home-slot.net/SHOP/p-heiwa229.html,,,,
黄門ちゃまV女神盛 MEGAMORI,,オリンピア,1,否,40100,40100,0,0.0,ホームスロット,40100,https://home-slot.net/SHOP/s-heiwa204.html,,,,
2号機 エーアイ サファリラリー 青パネル,,,1,否,89100,89100,0,0.0,A-SLOT,,,89100,https://www.a-slot.com/SHOP/ai_safarirally_kasugai.html,,
3×3EYES サザンアイズ 聖魔覚醒,,大都技研,1,否,84900,84900,0,0.0,A-SLOT,,,84900,https://www.a-slot.com/SHOP/daitogiken59.html,,
3号機 コンチネンタル3 2ch対応,,メーシー,1,否,99500,99500,0,0.0,A-SLOT,,,99500,https://www.a-slot.com/SHOP/mizuho-macy10.html,,
CRAミニスカポリス2 KS 甘デジ,,大一,1,否,49015,49015,0,0.0,ホームスロット,49015,https://home-slot.net/SHOP/p-daiichi12.html,,,,
CRA大夏祭り にゃ七ver. 甘デジ,,SANKYO,1,否,49120,49120,0,0.0,ホームスロット,49120,https://home-slot.net/SHOP/p-sankyo15.html,,,,
CRA忍者ハットリくん NS 甘デジ,,大一,1,否,42138,42138,0,0.0,ホームスロット,42138,https://home-slot.net/SHOP/p-daiichi22.html,,,,
CRF機動戦艦ナデシコM.O.E‐NX,,SANKYO,1,否,122300,122300,0,0.0,ホームスロット,122300,https://home-slot.net/SHOP/p-sankyo25.html,,,,
CRちょいパチ天才バカボン5 29,,大一,1,否,86000,86000,0,0.0,ホームスロット,86000,https://home-slot.net/SHOP/p-daiichi96.html,,,,
CRぱちんこ必殺仕事人V 枠名 激震,,京楽,1,否,97400,97400,0,0.0,ホームスロット,97400,https://home-slot.net/SHOP/p-kyoraku87.html,,,,
CRアナザーゴッドハーデスアドベント,,メーシー,1,否,62800,62800,0,0.0,ホームスロット,62800,https://home-slot.net/SHOP/p-macy7.html,,,,
CRカウボーイビバップ 299ver.,,平和,1,否,101000,101000,0,0.0,ホームスロット,101000,https://home-slot.net/SHOP/p-heiwa116.html,,,,
CRカウボーイビバップ 399ver.,,平和,1,否,160900,160900,0,0.0,ホームスロット,160900,https://home-slot.net/SHOP/p-heiwa115.html,,,,
CRカウボーイビバップ99.9ver.,,平和,1,否,71600,71600,0,0.0,ホームスロット,71600,https://home-slot.net/SHOP/p-heiwa124.html,,,,
CRバイオハザード0 スウィートver.,,大一,1,否,89800,89800,0,0.0,ホームスロット,89800,https://home-slot.net/SHOP/p-daiichi86.html,,,,
CRバジリスク~甲賀忍法帖~天膳の章,,メーシー,1,否,86000,86000,0,0.0,ホームスロット,86000,https://home-slot.net/SHOP/p-macy201.html,,,,
CRバックトゥザフューチャー FVWA,,Sammy,1,否,201200,201200,0,0.0,ホームスロット,201200,https://home-slot.net/SHOP/p-sammy5.html,,,,
CRフィーバーアクエリオンW 枠色不問,,SANKYO,1,否,59000,59000,0,0.0,ホームスロット,59000,https://home-slot.net/SHOP/p-sankyo201.html,,,,
CRフィーバーバニー&バニー114. over.,,SANKYO,1,否,52600,52600,0,0.0,ホームスロット,52600,https://home-slot.net/SHOP/p-sankyo131.html,,,,
CRフィーバー覇 LORD 2S 枠色不問,,SANKYO,1,否,52600,52600,0,0.0,ホームスロット,52600,https://home-slot.net/SHOP/p-sankyo80.html,,,,
CRモンスターハンター EWN 枠名 転生,,Sammy,1,否,86000,86000,0,0.0,ホームスロット,86000,https://home-slot.net/SHOP/p-sammy64.html,,,,
CR不二子~Lupin The End~,,平和,1,否,59000,59000,0,0.0,ホームスロット,59000,https://home-slot.net/SHOP/p-heiwa165.html,,,,
CR吉宗4 天昇飛躍の極 99ver.,,大都技研,1,否,65300,65300,0,0.0,ホームスロット,65300,https://home-slot.net/SHOP/p-daito200.html,,,,
CR嘉門達夫のたのしい昔話N TX,,ニューギン,1,否,49015,49015,0,0.0,ホームスロット,49015,https://home-slot.net/SHOP/p-newgin22.html,,,,
CR押忍!ど根性ガエル239ver.,,大都技研,1,否,71600,71600,0,0.0,ホームスロット,71600,https://home-slot.net/SHOP/p-daito18.html,,,,
CR押忍!ど根性ガエル319ver.,,大都技研,1,否,137300,137300,0,0.0,ホームスロット,137300,https://home-slot.net/SHOP/p-daito17.html,,,,
CR楽園むすめH5 TX パステル枠,,ニューギン,1,否,58334,58334,0,0.0,ホームスロット,58334,https://home-slot.net/SHOP/p-newgin95.html,,,,
CR薄桜鬼 緋焔録BH 分割配送不可,,大一,1,否,35009,35009,0,0.0,ホームスロット,35009,https://home-slot.net/SHOP/p-daiichi56.html,,,,
CR逃亡者おりん FV 枠名 焔 ホムラ,,Sammy,1,否,38269,38269,0,0.0,ホームスロット,38269,https://home-slot.net/SHOP/p-sammy4.html,,,,
CR銀河乙女 399ver. 枠色不問,,平和,1,否,186300,186300,0,0.0,ホームスロット,186300,https://home-slot.net/SHOP/p-heiwa120.html,,,,
CR鞍馬天狗 FPH 枠名 オーバルワン,,藤商事,1,否,38539,38539,0,0.0,ホームスロット,38539,https://home-slot.net/SHOP/p-huji10.html,,,,
CR風雲維新ダイショーグンちはる式,,大一,1,否,52600,52600,0,0.0,ホームスロット,52600,https://home-slot.net/SHOP/p-daiichi69.html,,,,
CR麻雀物語2~めざせ!雀ドル決定戦!~,,平和,1,否,71600,71600,0,0.0,ホームスロット,71600,https://home-slot.net/SHOP/p-heiwa131.html,,,,
DAXEL ウィッチクラフトワークス,,,1,否,35100,35100,0,0.0,ホームスロット,35100,https://home-slot.net/SHOP/s-daxel14.html,,,,
JPS どんまい!!ちゅ~吉 メインパネル,,,1,否,54584,54584,0,0.0,ホームスロット,54584,https://home-slot.net/SHOP/s-jps18.html,,,,
KPE G1優駿倶楽部 メインパネル,,,1,是,463733,463733,0,0.0,A-SLOT,,,463733,https://www.a-slot.com/SHOP/s-kpe204.html,,
SLOTアカギ~闇に降り立った天才~,,メーシー,1,否,68500,68500,0,0.0,ホームスロット,68500,https://home-slot.net/SHOP/s-mizuho-macy61.html,,,,
WORLD JPS ハクション大魔王,,,1,否,37700,37700,0,0.0,ホームスロット,37700,https://home-slot.net/SHOP/s-jps203.html,,,,
あぶない刑事 枠名 黒船 あぶない刑事,P,ニューギン,1,否,52600,52600,0,0.0,ホームスロット,52600,https://home-slot.net/SHOP/p-newgin248.html,,,,
お取り寄せ商品 CTザクザク七福神,,山佐,1,是,84900,84900,0,0.0,A-SLOT,,,84900,https://www.a-slot.com/SHOP/yamasa205.html,,
お取り寄せ商品 KPE セブンスビート,,,1,是,57800,57800,0,0.0,A-SLOT,,,57800,https://www.a-slot.com/SHOP/kpe54.html,,
お取り寄せ商品 NET 凪のあすから,,,1,否,108500,108500,0,0.0,A-SLOT,,,108500,https://www.a-slot.com/SHOP/net51.html,,
お取り寄せ商品 ぱちスロ ゲッターロボ,,京楽,1,是,47700,47700,0,0.0,A-SLOT,,,47700,https://www.a-slot.com/SHOP/kyoraku201.html,,
お取り寄せ商品 ぱちスロ冬のソナタ,,京楽,1,是,78500,78500,0,0.0,A-SLOT,,,78500,https://www.a-slot.com/SHOP/kyoraku202.html,,
お取り寄せ商品 アムテックス アバサー,S,,1,是,45100,45100,0,0.0,A-SLOT,,,45100,https://www.a-slot.com/SHOP/s-amt212.html,,
お取り寄せ商品 キングオブジャック,,ベルコ,1,是,57800,57800,0,0.0,A-SLOT,,,57800,https://www.a-slot.com/SHOP/bellco204.html,,
お取り寄せ商品 サンスリー 咲 Saki,,,1,是,47100,47100,0,0.0,A-SLOT,,,47100,https://www.a-slot.com/SHOP/santhree200.html,,
お取り寄せ商品 シオラー30 Ver2,,パイオニア,1,是,99800,99800,0,0.0,A-SLOT,,,99800,https://www.a-slot.com/SHOP/pioneer5.html,,
お取り寄せ商品 スーパービンゴネオS7,,ベルコ,1,是,93500,93500,0,0.0,A-SLOT,,,93500,https://www.a-slot.com/SHOP/bellco8.html,,
お取り寄せ商品 ドリームハナハナ 30,,パイオニア,1,是,45100,45100,0,0.0,A-SLOT,,,45100,https://www.a-slot.com/SHOP/pioneer38.html,,
お取り寄せ商品 ビスティ サムライ7,,,1,是,55300,55300,0,0.0,A-SLOT,,,55300,https://www.a-slot.com/SHOP/sankyo42.html,,
お取り寄せ商品 回胴性ミリオンアーサー,,ミズホ,1,是,51500,51500,0,0.0,A-SLOT,,,51500,https://www.a-slot.com/SHOP/mizuho-macy64.html,,
お取り寄せ商品 回胴黙示録カイジ4,,Sammy,1,是,45100,45100,0,0.0,A-SLOT,,,45100,https://www.a-slot.com/SHOP/sammy203.html,,
お取り寄せ商品 戦国無双 パネル不問,,山佐,1,是,93500,93500,0,0.0,A-SLOT,,,93500,https://www.a-slot.com/SHOP/yamasa2_zzz.html,,
お取り寄せ商品 番長外伝 盗忍!剛衛門,,大都技研,1,是,64100,64100,0,0.0,A-SLOT,,,64100,https://www.a-slot.com/SHOP/daitogiken66.html,,
ぱちんこCRあしたのジョー 枠名 闘神,,Sammy,1,否,62800,62800,0,0.0,ホームスロット,62800,https://home-slot.net/SHOP/p-sammy209.html,,,,
ぱちんこCR蒼天の拳天帰 枠名 闘神,,Sammy,1,否,52600,52600,0,0.0,ホームスロット,52600,https://home-slot.net/SHOP/p-sammy103.html,,,,
アイムジャグラーSP ホワイトパネル,,北電子,1,否,68500,68500,0,0.0,ホームスロット,68500,https://home-slot.net/SHOP/s-kitadensi43.html,,,,
アクダマドライブ 枠名 マルチフレーム,スマパチ,SANYO,1,是,196300,196300,0,0.0,ホームスロット,196300,https://home-slot.net/SHOP/p-sanyo263.html,,,,
アクロス 沖ドキ! 30 バカンスver.,,,1,是,78500,78500,0,0.0,A-SLOT,,,78500,https://www.a-slot.com/SHOP/across5_vacation.html,,
アナザーゴッドハーデス ジャッジメント,P,メーシー,1,否,65300,65300,0,0.0,ホームスロット,65300,https://home-slot.net/SHOP/p-macy204.html,,,,
アナザーゴッドハーデス ダークネスver.,,ミズホ,1,是,78500,78500,0,0.0,ホームスロット,78500,https://home-slot.net/SHOP/s-mizuho-macy42.html,,,,
アナザーゴッドポセイドン 怒濤の神撃,P,メーシー,1,否,86000,86000,0,0.0,ホームスロット,86000,https://home-slot.net/SHOP/p-macy211.html,,,,
アナザーゴッドポセイドン 海皇の参戦,,エレコ,1,否,68500,68500,0,0.0,ホームスロット,68500,https://home-slot.net/SHOP/s-eleco74.html,,,,
アピールプレート SLOT×SLOT 店 A,,,1,否,72000,72000,0,0.0,A-SLOT,,,72000,https://www.a-slot.com/SHOP/plate_slotslot.html,,
アミューズメント G1優駿倶楽部黄金,スマスロ,KONAMI,1,否,74900,74900,0,0.0,ホームスロット,74900,https://home-slot.net/SHOP/s-konami218.html,,,,
アリストクラート 巨人の星 2ch対応,4号機,,1,否,99800,99800,0,0.0,A-SLOT,,,99800,https://www.a-slot.com/SHOP/aristocrat22.html,,
ガラスの仮面ML K1 枠名 ReLf,P,ニューギン,1,是,52600,52600,0,0.0,ホームスロット,52600,https://home-slot.net/SHOP/p-newgin227.html,,,,
ガールフレンド 仮 ~聖櫻学園メモリアル~,,オリンピア,1,否,93600,93600,0,0.0,ホームスロット,93600,https://home-slot.net/SHOP/s-heiwa141.html,,,,
キャッツ アイ コレクション奪還作戦,,オリンピア,1,否,54100,54100,0,0.0,ホームスロット,54100,https://home-slot.net/SHOP/s-heiwa93.html,,,,
ゴールドXR 777パネル 2ch対応,4号機,ミズホ,1,是,128000,128000,0,0.0,A-SLOT,,,128000,https://www.a-slot.com/SHOP/mizuho-macy45_777.html,,
サンセイ 真 牙狼2 枠名 金翔 真 牙狼2,P,,1,是,136000,136000,0,0.0,ホームスロット,136000,https://home-slot.net/SHOP/p-sansei244.html,,,,
ジェイビー CRパトラッシュJ RED,,,1,否,52600,52600,0,0.0,ホームスロット,52600,https://home-slot.net/SHOP/p-jb14.html,,,,
ジェイビー CRフィーバークィーン2018,,,1,否,52600,52600,0,0.0,ホームスロット,52600,https://home-slot.net/SHOP/p-jb30.html,,,,
ジェイビー CRフィーバークィーンII DX,,,1,否,52600,52600,0,0.0,ホームスロット,52600,https://home-slot.net/SHOP/p-jb20.html,,,,
ジェイビー CR新夏祭り にゃ七Ver.,,,1,否,52600,52600,0,0.0,ホームスロット,52600,https://home-slot.net/SHOP/p-jb25.html,,,,
ジェイビー パトラッシュV GREEN,P,,1,否,65300,65300,0,0.0,ホームスロット,65300,https://home-slot.net/SHOP/p-jb210.html,,,,
タイヨーエレック CRハチワンダイバー,,,1,否,52600,52600,0,0.0,ホームスロット,52600,https://home-slot.net/SHOP/p-taiyo58.html,,,,
タイヨーエレック CR逃亡者おりん3,,,1,否,52600,52600,0,0.0,ホームスロット,52600,https://home-slot.net/SHOP/p-taiyo60.html,,,,
タイヨーエレック CR龍が如く見参!極,,,1,否,36231,36231,0,0.0,ホームスロット,36231,https://home-slot.net/SHOP/p-taiyo28.html,,,,
タイヨーエレック デジハネCRガメラ,,,1,否,71600,71600,0,0.0,ホームスロット,71600,https://home-slot.net/SHOP/p-taiyo54.html,,,,
デジハネCRAくだもの畑 枠名 闘神,,Sammy,1,否,52600,52600,0,0.0,ホームスロット,52600,https://home-slot.net/SHOP/p-sammy94.html,,,,
デジハネCRあしたのジョー 枠名 転生,,Sammy,1,否,71600,71600,0,0.0,ホームスロット,71600,https://home-slot.net/SHOP/p-sammy87.html,,,,
デジハネCR化物語 STK 枠名 転生,,Sammy,1,否,55200,55200,0,0.0,ホームスロット,55200,https://home-slot.net/SHOP/p-sammy77.html,,,,
デビルマンII 悪魔復活 ミキver.,,エレコ,1,否,57800,57800,0,0.0,A-SLOT,,,57800,https://www.a-slot.com/SHOP/eleco34.html,,
デビルメイクライ4 クレイジーバトル,P,メーシー,1,是,86000,86000,0,0.0,ホームスロット,86000,https://home-slot.net/SHOP/p-macy216.html,,,,
ニューシオサイ 30 レジェンドパネル,,パイオニア,1,否,35100,35100,0,0.0,ホームスロット,35100,https://home-slot.net/SHOP/s-pioneer46.html,,,,
ニューラッキージャックポット 7Ver.,,岡崎産業,1,否,74900,74900,0,0.0,ホームスロット,74900,https://home-slot.net/SHOP/s-okazaki15.html,,,,
ネクスト TIGER & BUNNY SP,,山佐,1,否,35100,35100,0,0.0,ホームスロット,35100,https://home-slot.net/SHOP/s-yamasa223.html,,,,
バジリスク 甲賀忍法帖 メインパネル,,ミズホ,1,否,68500,68500,0,0.0,ホームスロット,68500,https://home-slot.net/SHOP/s-mizuho-macy20.html,,,,
パラジェーピー アイムマジック 赤パネル,,,1,否,78500,78500,0,0.0,A-SLOT,,,78500,https://www.a-slot.com/SHOP/parajp1.html,,
パル工業 ニューペガサス イエローパネル,,,1,否,121500,121500,0,0.0,A-SLOT,,,121500,https://www.a-slot.com/SHOP/palkogyo_newpgasus_yellow_kasugai.html,,
ビスティ CRエヴァンゲリヲン10,,,1,否,173600,173600,0,0.0,ホームスロット,173600,https://home-slot.net/SHOP/p-bisty52.html,,,,
ビスティ CRエヴァンゲリヲン9W,,,1,否,261100,261100,0,0.0,ホームスロット,261100,https://home-slot.net/SHOP/p-bisty46.html,,,,
ビスティ CRキング コングSFRV,,,1,否,49015,49015,0,0.0,ホームスロット,49015,https://home-slot.net/SHOP/p-bisty6.html,,,,
ビスティ エヴァンゲリヲン 希望の槍,,,1,否,41500,41500,0,0.0,ホームスロット,41500,https://home-slot.net/SHOP/s-sankyo121.html,,,,
ビスティ エヴァンゲリヲン 真実の翼,,,1,否,54100,54100,0,0.0,ホームスロット,54100,https://home-slot.net/SHOP/s-sankyo38.html,,,,
ビスティ シャア専用 逆襲の赤い彗星,,,1,是,57800,57800,0,0.0,A-SLOT,,,57800,https://www.a-slot.com/SHOP/sankyo206.html,,
ビッグドリーム3 77ver. 枠名 真焔,P,Sammy,1,否,52600,52600,0,0.0,ホームスロット,52600,https://home-slot.net/SHOP/p-sammy240.html,,,,
マルホン CRシャカRUSH7 GP,,,1,否,41935,41935,0,0.0,ホームスロット,41935,https://home-slot.net/SHOP/p-maruhon14.html,,,,
マルホン CR戦国KIZUNA MX,,,1,否,40916,40916,0,0.0,ホームスロット,40916,https://home-slot.net/SHOP/p-maruhon9.html,,,,
マルホン PAゴールデン鳳凰∞Jr.99,,,1,否,52600,52600,0,0.0,ホームスロット,52600,https://home-slot.net/SHOP/p-maruhon215.html,,,,
マルホン 真シャカRUSH Jr.A2,P,,1,否,64000,64000,0,0.0,ホームスロット,64000,https://home-slot.net/SHOP/p-maruhon211.html,,,,
モンスターハンター ワールドTM 黄金狩猟,,エンターライズ,1,是,35100,35100,0,0.0,ホームスロット,35100,https://home-slot.net/SHOP/s-enta206.html,,,,
リングにかけろ1 ギリシア十二神編,,Sammy,1,否,54100,54100,0,0.0,ホームスロット,54100,https://home-slot.net/SHOP/s-sammy84.html,,,,
ルーニー テューンズ バック イン アクション,,オリンピア,1,否,55009,55009,0,0.0,ホームスロット,55009,https://home-slot.net/SHOP/s-heiwa33.html,,,,
ルパン三世 ルパン一族の秘宝 不二子,,平和,1,否,35209,35209,0,0.0,ホームスロット,35209,https://home-slot.net/SHOP/s-heiwa60.html,,,,
ルパン三世 消されたルパン2022,P,平和,1,是,57600,57600,0,0.0,ホームスロット,57600,https://home-slot.net/SHOP/p-heiwa231.html,,,,
ワンパンマン 枠名 黒船 ワンパンマン,P,ニューギン,1,否,70000,70000,0,0.0,ホームスロット,70000,https://home-slot.net/SHOP/p-newgin267.html,,,,
出番だ!葉月ちゃん 弥生ver.パネル,,エレコ,1,否,60990,60990,0,0.0,A-SLOT,,,60990,https://www.a-slot.com/SHOP/eleco30_2.html,,
北斗の拳9 闘神 枠名 真焔 北斗の拳9,P,Sammy,1,是,71300,71300,0,0.0,ホームスロット,71300,https://home-slot.net/SHOP/p-sammy231.html,,,,
北斗の拳 修羅の国篇 カイオウパネル,,Sammy,1,否,40100,40100,0,0.0,ホームスロット,40100,https://home-slot.net/SHOP/s-sammy126.html,,,,
北斗の拳 転生の章 ケンシロウパネル,,Sammy,1,否,89800,89800,0,0.0,ホームスロット,89800,https://home-slot.net/SHOP/s-sammy90.html,,,,
大東音響 ジュラシックセブンライン,4号機,,1,否,69300,69300,0,0.0,A-SLOT,,,69300,https://www.a-slot.com/SHOP/daitoonkyo_jurasicsevenline_kasugai.html,,
奥村 CR南国麻雀W 甘デジ 枠名 星波,,,1,否,59000,59000,0,0.0,ホームスロット,59000,https://home-slot.net/SHOP/p-okumura18.html,,,,
愛喜 CRAコスモアタック7A04,,,1,否,52600,52600,0,0.0,ホームスロット,52600,https://home-slot.net/SHOP/p-aiki02.html,,,,
沖縄フェスティバル 30 2015年,,パイオニア,1,否,35100,35100,0,0.0,ホームスロット,35100,https://home-slot.net/SHOP/s-pioneer30.html,,,,
沖縄フェスティバル 30 2022年,,パイオニア,1,否,37700,37700,0,0.0,ホームスロット,37700,https://home-slot.net/SHOP/s-pioneer214.html,,,,
激安!9 800円以下 燃えよ!功夫淑女,,山佐,1,否,28742,28742,0,0.0,ホームスロット,28742,https://home-slot.net/SHOP/s-yamasa57.html,,,,
烈火の炎 Flame of Recca,,ニューギン,1,是,37700,37700,0,0.0,ホームスロット,37700,https://home-slot.net/SHOP/s-newgin37.html,,,,
無段階ボリューム 1個 音量調整機 店 A,,,1,是,72000,72000,0,0.0,A-SLOT,,,72000,https://www.a-slot.com/SHOP/option79.html,,
真 一騎当千 枠名 ルナーレス2 一騎当千,P,大一,1,是,62600,62600,0,0.0,ホームスロット,62600,https://home-slot.net/SHOP/p-daiichi220.html,,,,
真 北斗無双 第3章 枠名 真焔 北斗無双,P,Sammy,1,否,62600,62600,0,0.0,ホームスロット,62600,https://home-slot.net/SHOP/p-sammy225.html,,,,
西陣 CRAキカイダー01 GL 甘デジ,,,1,否,41682,41682,0,0.0,ホームスロット,41682,https://home-slot.net/SHOP/p-nishijinn17.html,,,,
西陣 CRA織田信奈の野望GL66,,,1,否,52600,52600,0,0.0,ホームスロット,52600,https://home-slot.net/SHOP/p-nishijinn100.html,,,,
西陣 CRおばけらんど199ver.,,,1,否,160900,160900,0,0.0,ホームスロット,160900,https://home-slot.net/SHOP/p-nishijinn115.html,,,,
西陣 CRケロロ軍曹1 319ver.,,,1,否,107300,107300,0,0.0,ホームスロット,107300,https://home-slot.net/SHOP/p-nishijinn215.html,,,,
西陣 CRブラスレイターGL 枠色不問,,,1,否,37250,37250,0,0.0,ホームスロット,37250,https://home-slot.net/SHOP/p-nishijinn47.html,,,,
西陣 おばけらんど2022 枠色不問,P,,1,否,52600,52600,0,0.0,ホームスロット,52600,https://home-slot.net/SHOP/p-nishijinn257.html,,,,
豊丸 CRA餃子の王将2 ミニ500,,,1,否,58638,58638,0,0.0,ホームスロット,58638,https://home-slot.net/SHOP/p-toyomaru38.html,,,,
豊丸 CRウサビッチ の時間189L,,,1,否,52600,52600,0,0.0,ホームスロット,52600,https://home-slot.net/SHOP/p-toyomaru60.html,,,,
豊丸 CRウサビッチ の時間99VM,,,1,否,52600,52600,0,0.0,ホームスロット,52600,https://home-slot.net/SHOP/p-toyomaru62.html,,,,
豊丸 CRダルマゲドン99V 甘デジ,,,1,否,52600,52600,0,0.0,ホームスロット,52600,https://home-slot.net/SHOP/p-toyomaru23.html,,,,
豊丸 CR餃子の王将2 大盛3000,,,1,否,50898,50898,0,0.0,ホームスロット,50898,https://home-slot.net/SHOP/p-toyomaru40.html,,,,
豊丸 CR魔神英雄伝ワタル 199L,,,1,否,52600,52600,0,0.0,ホームスロット,52600,https://home-slot.net/SHOP/p-toyomaru44.html,,,,
豊丸 PA競女!!!!!!!!‐KEIJO‐99Ver.,,,1,否,65300,65300,0,0.0,ホームスロット,65300,https://home-slot.net/SHOP/p-toyomaru226.html,,,,
貞子 枠名 クリスタルエアー 貞子FMD,P,藤商事,1,是,57600,57600,0,0.0,ホームスロット,57600,https://home-slot.net/SHOP/p-fuji244.html,,,,
銀座 ディスクアップ ホワイトパネル,,,1,否,73500,73500,0,0.0,ホームスロット,73500,https://home-slot.net/SHOP/s-ginza205.html,,,,
銀座 ブラックラグーン4 枠名 銀座真焔,P,,1,是,55200,55200,0,0.0,ホームスロット,55200,https://home-slot.net/SHOP/p-ginza214.html,,,,
銀座 真 北斗無双 第4章 枠名 銀座真焔,P,,1,是,57600,57600,0,0.0,ホームスロット,57600,https://home-slot.net/SHOP/p-ginza212.html,,,,
銀座 鬼浜爆走愚連隊 全員集合パネル,4号機,,1,否,94500,94500,0,0.0,A-SLOT,,,94500,https://www.a-slot.com/SHOP/ginza16.html,,
高尾 CR DD北斗の拳 ユリアVer.,,,1,否,52600,52600,0,0.0,ホームスロット,52600,https://home-slot.net/SHOP/p-takao102.html,,,,
高尾 CR DD北斗の拳 黒王号Ver.,,,1,否,52600,52600,0,0.0,ホームスロット,52600,https://home-slot.net/SHOP/p-takao98.html,,,,
高尾 CRクイーンズブレイド2 レイナ,,,1,否,86000,86000,0,0.0,ホームスロット,86000,https://home-slot.net/SHOP/p-takao85.html,,,,
高尾 CRクイーンズブレイド アルドラ,,,1,否,52600,52600,0,0.0,ホームスロット,52600,https://home-slot.net/SHOP/p-takao44.html,,,,
高尾 CRリアル鬼ごっこ99ver.,,,1,否,86000,86000,0,0.0,ホームスロット,86000,https://home-slot.net/SHOP/p-takao87.html,,,,
高尾 CR一騎当千SS暴2 枠色不問,,,1,否,47435,47435,0,0.0,ホームスロット,47435,https://home-slot.net/SHOP/p-takao21.html,,,,
高尾 CR弾球黙示録カイジ2 利根川,,,1,否,40916,40916,0,0.0,ホームスロット,40916,https://home-slot.net/SHOP/p-takao39.html,,,,
高尾 CR弾球黙示録カイジ3 WXA,,,1,否,173600,173600,0,0.0,ホームスロット,173600,https://home-slot.net/SHOP/p-takao73.html,,,,
高尾 CR弾球黙示録カイジ沼2 ざわ,,,1,否,52600,52600,0,0.0,ホームスロット,52600,https://home-slot.net/SHOP/p-takao50.html,,,,
高尾 CR弾球黙示録カイジ沼2 天啓,,,1,否,126100,126100,0,0.0,ホームスロット,126100,https://home-slot.net/SHOP/p-takao48.html,,,,
高尾 ちょいパチ貞子3D WCA39,,,1,否,52600,52600,0,0.0,ホームスロット,52600,https://home-slot.net/SHOP/p-takao95.html,,,,
高尾 カイジ鉄骨渡り勝負編7000,P,,1,是,59000,59000,0,0.0,ホームスロット,59000,https://home-slot.net/SHOP/p-takao237.html,,,,
1号機 ファイヤーバード7 2ch対応,,ミズホ,1,否,69300,69300,0,0.0,A-SLOT,,,69300,https://www.a-slot.com/SHOP/mizuho_firebird7_kasugai.html,,
3号機 スーパープラネット ブルーパネル,,山佐,1,否,50400,50400,0,0.0,A-SLOT,,,50400,https://www.a-slot.com/SHOP/yamasa_superplanett_blue_kasugai.html,,
3号機 ミスターマジック 2ch対応,,Sammy,1,否,52200,52200,0,0.0,A-SLOT,,,52200,https://www.a-slot.com/SHOP/sammy_mistermagic_kasugai.html,,
CRAうたテレQUEEN 甘デジ,,大一,1,否,49015,49015,0,0.0,ホームスロット,49015,https://home-slot.net/SHOP/p-daiichi9.html,,,,
CRAめぞん一刻~約束~99ver.,,平和,1,否,71600,71600,0,0.0,ホームスロット,71600,https://home-slot.net/SHOP/p-heiwa200.html,,,,
CRAクロムセブンN VX 甘デジ,,ニューギン,1,否,80444,80444,0,0.0,ホームスロット,80444,https://home-slot.net/SHOP/p-newgin46.html,,,,
CRAバスタード!! 暗黒の破壊神 N V,,ニューギン,1,否,52600,52600,0,0.0,ホームスロット,52600,https://home-slot.net/SHOP/p-newgin148.html,,,,
CRA銀河鉄道999 99ver.,,平和,1,否,52600,52600,0,0.0,ホームスロット,52600,https://home-slot.net/SHOP/p-heiwa167.html,,,,
CRさくらももこ劇場コジコジ2,,ニューギン,1,否,52600,52600,0,0.0,ホームスロット,52600,https://home-slot.net/SHOP/p-newgin164.html,,,,
CRぱちんこ押忍!番長99ver.,,大都技研,1,否,89800,89800,0,0.0,ホームスロット,89800,https://home-slot.net/SHOP/p-daito25.html,,,,
CRギルティクラウン99ver.,,メーシー,1,否,52600,52600,0,0.0,ホームスロット,52600,https://home-slot.net/SHOP/p-macy9.html,,,,
CRシティーハンター ~XYZ 心の叫び~,,平和,1,否,101000,101000,0,0.0,ホームスロット,101000,https://home-slot.net/SHOP/p-heiwa157.html,,,,
CRジャブジャブBEAT N2 K,,ニューギン,1,否,86000,86000,0,0.0,ホームスロット,86000,https://home-slot.net/SHOP/p-newgin136.html,,,,
CRダーカーザンブラック 黒の契約者,,メーシー,1,否,52600,52600,0,0.0,ホームスロット,52600,https://home-slot.net/SHOP/p-macy5.html,,,,
CRパトラッシュ3 GREEN R,,SANKYO,1,否,41935,41935,0,0.0,ホームスロット,41935,https://home-slot.net/SHOP/p-sankyo36.html,,,,
CRフィーバーバニー&バニー79.9ver.,,SANKYO,1,否,52600,52600,0,0.0,ホームスロット,52600,https://home-slot.net/SHOP/p-sankyo132.html,,,,
CRフィーバーパワフルDX 枠色不問,,SANKYO,1,否,55200,55200,0,0.0,ホームスロット,55200,https://home-slot.net/SHOP/p-sankyo104.html,,,,
CRフィーバー機動戦士ガンダムYS,,SANKYO,1,否,59000,59000,0,0.0,ホームスロット,59000,https://home-slot.net/SHOP/p-sankyo90.html,,,,
CRラストサムライ 分割配送不可,,大一,1,否,52600,52600,0,0.0,ホームスロット,52600,https://home-slot.net/SHOP/p-daiichi47.html,,,,
CRルパン三世~LAST GOLD~,,平和,1,是,52600,52600,0,0.0,ホームスロット,52600,https://home-slot.net/SHOP/p-heiwa204.html,,,,
CR信長の野望 創造 枠名 ReLf,,ニューギン,1,否,52600,52600,0,0.0,ホームスロット,52600,https://home-slot.net/SHOP/p-newgin204.html,,,,
CR偽物語199Ver. 枠名 闘神,,Sammy,1,否,65300,65300,0,0.0,ホームスロット,65300,https://home-slot.net/SHOP/p-sammy108.html,,,,
CR偽物語299Ver. 枠名 闘神,,Sammy,1,否,59000,59000,0,0.0,ホームスロット,59000,https://home-slot.net/SHOP/p-sammy109.html,,,,
CR哲也~雀聖と呼ばれた男~BL S,,大一,1,否,302600,302600,0,0.0,ホームスロット,302600,https://home-slot.net/SHOP/p-daiichi20.html,,,,
CR女だらけの水泳大会 M8AX,,平和,1,否,101000,101000,0,0.0,ホームスロット,101000,https://home-slot.net/SHOP/p-heiwa114.html,,,,
CR押忍!ど根性ガエル99ver.,,大都技研,1,否,86000,86000,0,0.0,ホームスロット,86000,https://home-slot.net/SHOP/p-daito21.html,,,,
CR泉谷しげるの 座頭市物語 S T,,ニューギン,1,否,38539,38539,0,0.0,ホームスロット,38539,https://home-slot.net/SHOP/p-newgin14.html,,,,
CR真 怪獣王ゴジラ 枠名 ReLf,,ニューギン,1,否,55200,55200,0,0.0,ホームスロット,55200,https://home-slot.net/SHOP/p-newgin206.html,,,,
CR風雲維新ダイショーグン KL S,,大一,1,否,52600,52600,0,0.0,ホームスロット,52600,https://home-slot.net/SHOP/p-daiichi65.html,,,,
CR風雲維新ダイショーグン兵庫式,,大一,1,否,150612,150612,0,0.0,ホームスロット,150612,https://home-slot.net/SHOP/p-daiichi68.html,,,,
FAIRY TAIL エルザパネル,,藤商事,1,否,93500,93500,0,0.0,ホームスロット,93500,https://home-slot.net/SHOP/s-fuji24.html,,,,
FAIRY TAIL グレイパネル,,藤商事,1,否,89800,89800,0,0.0,ホームスロット,89800,https://home-slot.net/SHOP/s-fuji25.html,,,,
FAIRY TAIL メインパネル,,藤商事,1,否,83500,83500,0,0.0,ホームスロット,83500,https://home-slot.net/SHOP/s-fuji22.html,,,,
FAIRY TAIL ルーシィパネル,,藤商事,1,否,88500,88500,0,0.0,ホームスロット,88500,https://home-slot.net/SHOP/s-fuji23.html,,,,
KPE スカイガールズ~ゼロノツバサ~,,,1,是,35100,35100,0,0.0,ホームスロット,35100,https://home-slot.net/SHOP/s-konami205.html,,,,
NET RIO2 リオ2 プレミアム,,,1,否,51942,51942,0,0.0,ホームスロット,51942,https://home-slot.net/SHOP/s-net12.html,,,,
NET チバリヨ 30 琉球紫パネル,,,1,否,46500,46500,0,0.0,ホームスロット,46500,https://home-slot.net/SHOP/s-net212.html,,,,
NET リオデカーニバル 水着パネル,4号機,,1,否,69500,69500,0,0.0,A-SLOT,,,69500,https://www.a-slot.com/SHOP/net_riodecarnival3.html,,
PAガールフレンド 仮 枠名 ReLf,,ニューギン,1,是,57600,57600,0,0.0,ホームスロット,57600,https://home-slot.net/SHOP/p-newgin244.html,,,,
TIGER&BUNNY タイガー&バニー,,山佐,1,否,54100,54100,0,0.0,ホームスロット,54100,https://home-slot.net/SHOP/s-yamasa209.html,,,,
X JAPAN X ジャパン 強行突破,,SANKYO,1,否,168800,168800,0,0.0,ホームスロット,168800,https://home-slot.net/SHOP/s-sankyo47.html,,,,
お取り寄せ商品 S BIG島唄30,,オリンピア,1,是,45100,45100,0,0.0,A-SLOT,,,45100,https://www.a-slot.com/SHOP/s-olympia222.html,,
お取り寄せ商品 キャプテンパルサー,,山佐,1,是,208700,208700,0,0.0,A-SLOT,,,208700,https://www.a-slot.com/SHOP/yamasa92.html,,
お取り寄せ商品 ピンクパンサーSP,,山佐,1,是,45100,45100,0,0.0,A-SLOT,,,45100,https://www.a-slot.com/SHOP/s-yamasa225.html,,
お取り寄せ商品 リング 運命の秒刻,,藤商事,1,是,48900,48900,0,0.0,A-SLOT,,,48900,https://www.a-slot.com/SHOP/fuji204.html,,
お取り寄せ商品 俺の空~蒼き正義魂~,,ロデオ,1,是,64100,64100,0,0.0,A-SLOT,,,64100,https://www.a-slot.com/SHOP/rodeo29.html,,
お取り寄せ商品 戦国コレクション,,高砂,1,是,47700,47700,0,0.0,A-SLOT,,,47700,https://www.a-slot.com/SHOP/takasago9.html,,
お取り寄せ商品 緑ドンVIVA2,,エレコ,1,是,114800,114800,0,0.0,A-SLOT,,,114800,https://www.a-slot.com/SHOP/eleco64.html,,
ちょいパチ押忍!ど根性ガエル39,,大都技研,1,否,216200,216200,0,0.0,ホームスロット,216200,https://home-slot.net/SHOP/p-daito22.html,,,,
どないやねん 枠名 クリスタルエアー,P,藤商事,1,否,59000,59000,0,0.0,ホームスロット,59000,https://home-slot.net/SHOP/p-fuji230.html,,,,
ぱちんこCR七つの大罪 枠名 闘神,,Sammy,1,否,52600,52600,0,0.0,ホームスロット,52600,https://home-slot.net/SHOP/p-sammy201.html,,,,
ぱちんこCR真 北斗無双 枠名 闘神,,Sammy,1,是,82900,82900,0,0.0,ホームスロット,82900,https://home-slot.net/SHOP/p-sammy85.html,,,,
アイムジャグラーEX メインパネル,6号機,北電子,1,是,52800,52800,0,0.0,ホームスロット,52800,https://home-slot.net/SHOP/s-kitadenshi204.html,,,,
アイムジャグラーSP ピンクパネル,,北電子,1,否,41500,41500,0,0.0,ホームスロット,41500,https://home-slot.net/SHOP/s-kitadensi31.html,,,,
アークテクニコ ワイルドキャッツ 白,,,1,否,55009,55009,0,0.0,ホームスロット,55009,https://home-slot.net/SHOP/s-ark1.html,,,,
アクロス クランキーセレブレーション,,,1,否,54100,54100,0,0.0,ホームスロット,54100,https://home-slot.net/SHOP/s-across14.html,,,,
アクロス 沖ドキ! ラブリーガールver.,,,1,是,66100,66100,0,0.0,A-SLOT,,,66100,https://www.a-slot.com/SHOP/across4_lovely.html,,
アミューズメント G1優駿倶楽部3,,KONAMI,1,否,40100,40100,0,0.0,ホームスロット,40100,https://home-slot.net/SHOP/s-konami209.html,,,,
グラップラー刃牙 ~最大トーナメント編~,,ニューギン,1,否,68500,68500,0,0.0,ホームスロット,68500,https://home-slot.net/SHOP/s-newgin28.html,,,,
ゴルゴ13ザプロフェッショナル,,平和,1,否,68500,68500,0,0.0,ホームスロット,68500,https://home-slot.net/SHOP/s-heiwa15.html,,,,
ゴールドXR 王冠パネル 2ch対応,4号機,ミズホ,1,是,128000,128000,0,0.0,A-SLOT,,,128000,https://www.a-slot.com/SHOP/mizuho-macy_goldxr_2.html,,
サボハニ 秘宝伝 解き放たれた女神,,,1,否,38900,38900,0,0.0,ホームスロット,38900,https://home-slot.net/SHOP/s-sabohani204.html,,,,
サンサンオアシスキュイーンVer.,,パイオニア,1,否,54100,54100,0,0.0,ホームスロット,54100,https://home-slot.net/SHOP/s-pioneer10.html,,,,
サンセイ 牙狼月虹ノ旅人 枠名 金翔,P,,1,否,70300,70300,0,0.0,ホームスロット,70300,https://home-slot.net/SHOP/p-SANSEI230.html,,,,
ジェイビー CR J RUSH2 HSJ,,,1,否,52600,52600,0,0.0,ホームスロット,52600,https://home-slot.net/SHOP/p-jb2.html,,,,
ジェイビー CR J RUSH3 HSJ,,,1,否,52600,52600,0,0.0,ホームスロット,52600,https://home-slot.net/SHOP/p-jb10.html,,,,
ジェイビー CR J RUSH4 HSJ,,,1,否,52600,52600,0,0.0,ホームスロット,52600,https://home-slot.net/SHOP/p-jb201.html,,,,
ジェイビー CRグレート ザ キングJV,,,1,否,62800,62800,0,0.0,ホームスロット,62800,https://home-slot.net/SHOP/p-jb13.html,,,,
ジェイビー CRサンダードラゴンZZ,,,1,否,52600,52600,0,0.0,ホームスロット,52600,https://home-slot.net/SHOP/p-jb15.html,,,,
ジェイビー CRジェットアローII号γ,,,1,是,65300,65300,0,0.0,ホームスロット,65300,https://home-slot.net/SHOP/p-jb23.html,,,,
ジェイビー CRフェスティバルDD,,,1,否,52600,52600,0,0.0,ホームスロット,52600,https://home-slot.net/SHOP/p-jb26.html,,,,
ジェイビー ストレートセブンLSJ H,P,,1,否,59000,59000,0,0.0,ホームスロット,59000,https://home-slot.net/SHOP/p-jb203.html,,,,
ジャンキージャグラー オレンジパネル,,北電子,1,否,113500,113500,0,0.0,ホームスロット,113500,https://home-slot.net/SHOP/s-kitadensi12.html,,,,
セブンリーグ スーパーブラックジャック,スマスロ,,1,是,46500,46500,0,0.0,ホームスロット,46500,https://home-slot.net/SHOP/s-yamasa242.html,,,,
タイヨーエレック CRガメラLXB,,,1,否,55200,55200,0,0.0,ホームスロット,55200,https://home-slot.net/SHOP/p-taiyo49.html,,,,
タイヨーエレック CR匠の道 KSZ,,,1,否,38539,38539,0,0.0,ホームスロット,38539,https://home-slot.net/SHOP/p-taiyo8.html,,,,
テクノコーシン 温泉天国 2ch対応,4号機,,1,否,58500,58500,0,0.0,A-SLOT,,,58500,https://www.a-slot.com/SHOP/techno_onsentengoku_kasugai.html,,
ディ ライト ひぐらしのなく頃に 業,スマスロ,,1,是,40100,40100,0,0.0,ホームスロット,40100,https://home-slot.net/SHOP/s-dlight_203.html,,,,
ディ ライト 翠星のガルガンティア,,,1,否,41500,41500,0,0.0,ホームスロット,41500,https://home-slot.net/SHOP/s-dlight_8.html,,,,
トータル イクリプスLv.MAX RT,,SANKYO,1,是,35100,35100,0,0.0,ホームスロット,35100,https://home-slot.net/SHOP/s-sankyo200.html,,,,
ニューアーク ラスター ワイルドキャッツ,,,1,否,27675,27675,0,0.0,A-SLOT,,,27675,https://www.a-slot.com/SHOP/sonota_4.html,,
バイオハザード イントゥザパニック,,スパイキー,1,是,57800,57800,0,0.0,A-SLOT,,,57800,https://www.a-slot.com/SHOP/spyki_203.html,,
ヒデキに夢中!!ギャランドゥパネル,,オリンピア,1,否,28742,28742,0,0.0,ホームスロット,28742,https://home-slot.net/SHOP/s-heiwa90.html,,,,
ビスティ CRエヴァンゲリヲン8,,,1,否,122300,122300,0,0.0,ホームスロット,122300,https://home-slot.net/SHOP/p-bisty41.html,,,,
ビスティ CR浜崎あゆみ物語 序章,,,1,否,96200,96200,0,0.0,ホームスロット,96200,https://home-slot.net/SHOP/p-sankyo51.html,,,,
ビスティ エヴァンゲリヲン~超暴走~,,,1,是,52600,52600,0,0.0,ホームスロット,52600,https://home-slot.net/SHOP/p-bisty202.html,,,,
ビッグドリーム2激神 枠名 銀座闘神,P,Sammy,1,否,59000,59000,0,0.0,ホームスロット,59000,https://home-slot.net/SHOP/p-sammy217.html,,,,
フィーバー蒼穹のファフナー2 枠色不問,P,SANKYO,1,否,65300,65300,0,0.0,ホームスロット,65300,https://home-slot.net/SHOP/p-sankyo212.html,,,,
マックスアライド チャビーファンク,4号機,,1,否,42720,42720,0,0.0,A-SLOT,,,42720,https://www.a-slot.com/SHOP/maxaride_chubbyfunk_kasugai.html,,
マツヤ商会 エマニエル~夜蝶ver.~,,,1,否,45100,45100,0,0.0,A-SLOT,,,45100,https://www.a-slot.com/SHOP/matsuya1.html,,
マツヤ商会 ダイナマイトキッズR,4号機,,1,否,79800,79800,0,0.0,A-SLOT,,,79800,https://www.a-slot.com/SHOP/matsuya_dynamitekids_r.html,,
マルホン ちょいパチ ソルジャー39,,,1,否,52600,52600,0,0.0,ホームスロット,52600,https://home-slot.net/SHOP/p-maruhon60.html,,,,
マルホン 真シャカRUSH Jr.A,P,,1,否,52600,52600,0,0.0,ホームスロット,52600,https://home-slot.net/SHOP/p-maruhon212.html,,,,
ルパン三世 2000カラットの涙,P,平和,1,是,86000,86000,0,0.0,ホームスロット,86000,https://home-slot.net/SHOP/p-heiwa227.html,,,,
ルパン三世~神々への予告状~ 枠色不問,P,平和,1,是,57600,57600,0,0.0,ホームスロット,57600,https://home-slot.net/SHOP/p-heiwa210.html,,,,
俺の名はルパン三世 ルパンパネル,,平和,1,否,89800,89800,0,0.0,ホームスロット,89800,https://home-slot.net/SHOP/s-heiwa22.html,,,,
大東音響 キングガルフ 2ch対応,4号機,,1,否,92020,92020,0,0.0,A-SLOT,,,92020,https://www.a-slot.com/SHOP/daitoonkyo3.html,,
戦国乙女2~深淵に輝く気高き将星~,,オリンピア,1,否,37700,37700,0,0.0,ホームスロット,37700,https://home-slot.net/SHOP/s-heiwa127.html,,,,
戦国乙女~剣戟に舞う白き剣聖~ 赤枠,,オリンピア,1,否,89800,89800,0,0.0,ホームスロット,89800,https://home-slot.net/SHOP/s-heiwa98.html,,,,
甲鉄城のカバネリ 全員集合パネル,,Sammy,1,否,54100,54100,0,0.0,ホームスロット,54100,https://home-slot.net/SHOP/s-sammy226.html,,,,
西陣 CRAヘブンブリッジDX2,,,1,否,86000,86000,0,0.0,ホームスロット,86000,https://home-slot.net/SHOP/p-nishijinn81.html,,,,
西陣 CRA 舞 HiME GL 甘デジ,,,1,否,41682,41682,0,0.0,ホームスロット,41682,https://home-slot.net/SHOP/p-nishijinn29.html,,,,
西陣 CR SAMURAI7 GLA,,,1,否,52600,52600,0,0.0,ホームスロット,52600,https://home-slot.net/SHOP/p-nishijinn45.html,,,,
西陣 CRぷらちなGL ケロロ軍曹,,,1,否,86000,86000,0,0.0,ホームスロット,86000,https://home-slot.net/SHOP/p-nishijinn206.html,,,,
西陣 CR春一番~こいこい八~GLA,,,1,否,626871,626871,0,0.0,ホームスロット,626871,https://home-slot.net/SHOP/p-nishijinn57.html,,,,
西陣 CR織田信奈の野望II FB,,,1,否,59000,59000,0,0.0,ホームスロット,59000,https://home-slot.net/SHOP/p-nishijinn203.html,,,,
西陣 おばけらんど怪GL 枠色不問,P,,1,否,65300,65300,0,0.0,ホームスロット,65300,https://home-slot.net/SHOP/p-nishijinn242.html,,,,
西陣 春一番~花札昇舞~MC 枠色不問,P,,1,否,59000,59000,0,0.0,ホームスロット,59000,https://home-slot.net/SHOP/p-nishijinn210.html,,,,
豊丸 CRAセクシーフォール56VV,,,1,否,137371,137371,0,0.0,ホームスロット,137371,https://home-slot.net/SHOP/p-toyomaru37.html,,,,
豊丸 CRAセクシーフォール99VM,,,1,否,52600,52600,0,0.0,ホームスロット,52600,https://home-slot.net/SHOP/p-toyomaru36.html,,,,
豊丸 CRセクシーボウル319X4,,,1,否,86000,86000,0,0.0,ホームスロット,86000,https://home-slot.net/SHOP/p-toyomaru201.html,,,,
豊丸 CRダルマゲドン390ZN,,,1,否,59491,59491,0,0.0,ホームスロット,59491,https://home-slot.net/SHOP/p-toyomaru31.html,,,,
豊丸 CRローズテイルEX229L,,,1,否,70556,70556,0,0.0,ホームスロット,70556,https://home-slot.net/SHOP/p-toyomaru16.html,,,,
豊丸 CR餃子の王将3 王盛プラス,,,1,是,65300,65300,0,0.0,ホームスロット,65300,https://home-slot.net/SHOP/p-toyomaru71.html,,,,
豊丸 競女!!!!!!!! KEIJO 199Ver.,P,,1,否,89800,89800,0,0.0,ホームスロット,89800,https://home-slot.net/SHOP/p-toyomaru217.html,,,,
豊丸 競女!!!!!!!! KEIJO 319Ver.,P,,1,否,52600,52600,0,0.0,ホームスロット,52600,https://home-slot.net/SHOP/p-toyomaru218.html,,,,
銀座 ディスクアップ ピンクパネル,,,1,否,73500,73500,0,0.0,ホームスロット,73500,https://home-slot.net/SHOP/s-ginza202.html,,,,
銀座 リングにかけろ ビクトリーガール,,,1,是,67800,67800,0,0.0,A-SLOT,,,67800,https://www.a-slot.com/SHOP/ginza3.html,,
銀座 頭文字D 2nd 枠名 銀座真焔,P,,1,是,57600,57600,0,0.0,ホームスロット,57600,https://home-slot.net/SHOP/p-ginza220.html,,,,
高尾 CRクイーンズブレイド レイナ,,,1,否,52600,52600,0,0.0,ホームスロット,52600,https://home-slot.net/SHOP/p-takao45.html,,,,
高尾 CR一騎当千SS烈 枠色不問,,,1,否,46920,46920,0,0.0,ホームスロット,46920,https://home-slot.net/SHOP/p-takao38.html,,,,
高尾 CR弾球黙示録カイジ2 開司,,,1,否,86000,86000,0,0.0,ホームスロット,86000,https://home-slot.net/SHOP/p-takao31.html,,,,
高尾 CR美男ですね 141ver.,,,1,否,52600,52600,0,0.0,ホームスロット,52600,https://home-slot.net/SHOP/p-takao94.html,,,,
高尾 CR閃乱カグラ229ver.,,,1,否,86000,86000,0,0.0,ホームスロット,86000,https://home-slot.net/SHOP/p-takao96.html,,,,
高尾 P DD北斗の拳~主役はジャギ!!~,,,1,否,52600,52600,0,0.0,ホームスロット,52600,https://home-slot.net/SHOP/p-takao207.html,,,,
2号機 興進産業 デートライン銀河,,,1,否,69300,69300,0,0.0,A-SLOT,,,69300,https://www.a-slot.com/SHOP/koshin_datelineginga_kasugai.html,,
CR3×3EYES 大帰滅への道,,大都技研,1,否,101000,101000,0,0.0,ホームスロット,101000,https://home-slot.net/SHOP/p-daito19.html,,,,
CRA コブラTHEドラム N K,,ニューギン,1,否,52600,52600,0,0.0,ホームスロット,52600,https://home-slot.net/SHOP/p-newgin106.html,,,,
CRA海物語3R 枠名 イルミオ,,SANYO,1,否,52600,52600,0,0.0,ホームスロット,52600,https://home-slot.net/SHOP/p-sanyo107.html,,,,
CRぱちんこ押忍!番長 漢の極み,,大都技研,1,否,131000,131000,0,0.0,ホームスロット,131000,https://home-slot.net/SHOP/p-daito204.html,,,,
CRアメイジング スパイダーマン,,七匠,1,否,49100,49100,0,0.0,ホームスロット,49100,https://home-slot.net/SHOP/s-mizuho-macy65.html,,,,
CRキャッツ アイ299ver.,,平和,1,否,59000,59000,0,0.0,ホームスロット,59000,https://home-slot.net/SHOP/p-heiwa133.html,,,,
CRキャッツ アイ399ver.,,平和,1,否,71600,71600,0,0.0,ホームスロット,71600,https://home-slot.net/SHOP/p-heiwa134.html,,,,
CRキャッツ アイ99.9ver.,,平和,1,否,92400,92400,0,0.0,ホームスロット,92400,https://home-slot.net/SHOP/p-heiwa137.html,,,,
CRグラップラー刃牙 99ver.,,ニューギン,1,否,92400,92400,0,0.0,ホームスロット,92400,https://home-slot.net/SHOP/p-newgin142.html,,,,
CRグラップラー刃牙 オーガver.,,ニューギン,1,否,186300,186300,0,0.0,ホームスロット,186300,https://home-slot.net/SHOP/p-newgin128.html,,,,
CRグラップラー刃牙 刃牙ver.,,ニューギン,1,否,52600,52600,0,0.0,ホームスロット,52600,https://home-slot.net/SHOP/p-newgin129.html,,,,
CRコブラ 追憶のシンフォニア,,ニューギン,1,否,86000,86000,0,0.0,ホームスロット,86000,https://home-slot.net/SHOP/p-newgin154.html,,,,
CRサイボーグ009~絆~M5 TX,,ニューギン,1,否,49371,49371,0,0.0,ホームスロット,49371,https://home-slot.net/SHOP/p-newgin73.html,,,,
CRサイボーグ009~絆~MR TX,,ニューギン,1,否,43769,43769,0,0.0,ホームスロット,43769,https://home-slot.net/SHOP/p-newgin75.html,,,,
CRスーパーダイナマイトキング Z,,大一,1,否,43988,43988,0,0.0,ホームスロット,43988,https://home-slot.net/SHOP/p-daiichi16.html,,,,
CRトーキョーチアチアパーティーM K,,ニューギン,1,否,52600,52600,0,0.0,ホームスロット,52600,https://home-slot.net/SHOP/p-newgin144.html,,,,
CRパトラッシュ2 GREEN,,SANKYO,1,否,38539,38539,0,0.0,ホームスロット,38539,https://home-slot.net/SHOP/p-sankyo22.html,,,,
CRフィーバーLADY GAGA G,,SANKYO,1,否,52600,52600,0,0.0,ホームスロット,52600,https://home-slot.net/SHOP/p-sankyo145.html,,,,
CRフィーバー夢福神149ver.,,SANKYO,1,否,52600,52600,0,0.0,ホームスロット,52600,https://home-slot.net/SHOP/p-sankyo125.html,,,,
CRフィーバー宇宙戦艦ヤマトYR,,SANKYO,1,否,56400,56400,0,0.0,ホームスロット,56400,https://home-slot.net/SHOP/p-sankyo116.html,,,,
CRフィーバー涼宮ハルヒの憂鬱Y,,SANKYO,1,否,71600,71600,0,0.0,ホームスロット,71600,https://home-slot.net/SHOP/p-sankyo103.html,,,,
CRミリオンゴッド ディセント,,メーシー,1,否,65300,65300,0,0.0,ホームスロット,65300,https://home-slot.net/SHOP/p-macy12.html,,,,
CR交渉人 真下正義99ver.,,平和,1,否,52600,52600,0,0.0,ホームスロット,52600,https://home-slot.net/SHOP/p-heiwa168.html,,,,
CR哲也2~雀聖再臨~天運ver.,,大一,1,否,52600,52600,0,0.0,ホームスロット,52600,https://home-slot.net/SHOP/p-daiichi81.html,,,,
CR百花繚乱サムライブライド,,平和,1,否,86000,86000,0,0.0,ホームスロット,86000,https://home-slot.net/SHOP/p-heiwa202.html,,,,
CR真 花の慶次2 枠名 ReLf,,ニューギン,1,是,59000,59000,0,0.0,ホームスロット,59000,https://home-slot.net/SHOP/p-newgin160.html,,,,
CR真 花の慶次N2 K 枠色不問,,ニューギン,1,否,59000,59000,0,0.0,ホームスロット,59000,https://home-slot.net/SHOP/p-newgin134.html,,,,
CR秘宝伝 秘められし時の鼓動,,大都技研,1,否,65300,65300,0,0.0,ホームスロット,65300,https://home-slot.net/SHOP/p-daito26.html,,,,
CR花の慶次S V 第1セル 青枠,,ニューギン,1,否,28185,28185,0,0.0,ホームスロット,28185,https://home-slot.net/SHOP/p-newgin28.html,,,,
CR花の慶次S V 第2セル 青枠,,ニューギン,1,否,34602,34602,0,0.0,ホームスロット,34602,https://home-slot.net/SHOP/p-newgin2.html,,,,
CR花の慶次S V 第3セル 青枠,,ニューギン,1,否,28185,28185,0,0.0,ホームスロット,28185,https://home-slot.net/SHOP/p-newgin36.html,,,,
CR花の慶次~斬N2 V 枠色不問,,ニューギン,1,否,36741,36741,0,0.0,ホームスロット,36741,https://home-slot.net/SHOP/p-newgin66.html,,,,
CR花の慶次~焔L2 V 枠色不問,,ニューギン,1,否,116000,116000,0,0.0,ホームスロット,116000,https://home-slot.net/SHOP/p-newgin67.html,,,,
CR鋼殻のレギオス 99ver,,大都技研,1,否,65300,65300,0,0.0,ホームスロット,65300,https://home-slot.net/SHOP/p-daito13.html,,,,
IS インフィニット ストラトス,,SANKYO,1,否,83500,83500,0,0.0,ホームスロット,83500,https://home-slot.net/SHOP/s-sankyo89.html,,,,
JPS どんまい!!ちゅ~吉 白パネル,,,1,否,142900,142900,0,0.0,A-SLOT,,,142900,https://www.a-slot.com/SHOP/jps20.html,,
JPS ナースウィッチ小麦ちゃん,,,1,否,56320,56320,0,0.0,A-SLOT,,,56320,https://www.a-slot.com/SHOP/jps3.html,,
KPE 悪魔城ドラキュラIII,,,1,否,35100,35100,0,0.0,ホームスロット,35100,https://home-slot.net/SHOP/s-kpe35.html,,,,
NET ブラックジャック777,4号機,,1,否,45100,45100,0,0.0,A-SLOT,,,45100,https://www.a-slot.com/SHOP/net44.html,,
PA野生の王国VI 枠名 黒船 新,,ニューギン,1,是,794300,794300,0,0.0,ホームスロット,794300,https://home-slot.net/SHOP/p-newgin316.html,,,,
SNKプレイモア スーパーお父さん,,,1,否,84900,84900,0,0.0,A-SLOT,,,84900,https://www.a-slot.com/SHOP/snk6.html,,
お取り寄せ商品 ウィッチマスター,,山佐,1,是,114800,114800,0,0.0,A-SLOT,,,114800,https://www.a-slot.com/SHOP/yamasa128.html,,
お取り寄せ商品 オーイズミ 喰霊 零,,,1,是,93500,93500,0,0.0,A-SLOT,,,93500,https://www.a-slot.com/SHOP/oizumi15.html,,
お取り寄せ商品 ゴーゴージャグラー3,,北電子,1,是,78500,78500,0,0.0,A-SLOT,,,78500,https://www.a-slot.com/SHOP/s-kitadenshi212.html,,
お取り寄せ商品 サボハニ 吉宗3,,,1,是,51500,51500,0,0.0,A-SLOT,,,51500,https://www.a-slot.com/SHOP/sabohani201.html,,
お取り寄せ商品 ジャッカスチーム,,大都技研,1,是,78500,78500,0,0.0,A-SLOT,,,78500,https://www.a-slot.com/SHOP/daitogiken53.html,,
お取り寄せ商品 スーパーリノMAX,,山佐,1,是,102200,102200,0,0.0,A-SLOT,,,102200,https://www.a-slot.com/SHOP/yamasa_super_reno.html,,
お取り寄せ商品 マイフラワー30,,北電子,1,是,45100,45100,0,0.0,A-SLOT,,,45100,https://www.a-slot.com/SHOP/kitadensi203.html,,
お取り寄せ商品 モンキーターンII,,山佐,1,是,78500,78500,0,0.0,A-SLOT,,,78500,https://www.a-slot.com/SHOP/yamasa97.html,,
お取り寄せ商品 リング 終焉ノ刻,,藤商事,1,是,57800,57800,0,0.0,A-SLOT,,,57800,https://www.a-slot.com/SHOP/fuji19.html,,
お取り寄せ商品 忍魂弐~烈火ノ章~,,大都技研,1,是,64100,64100,0,0.0,A-SLOT,,,64100,https://www.a-slot.com/SHOP/daitogiken46.html,,
ちょいパチ真 花の慶次N K39,,ニューギン,1,否,75400,75400,0,0.0,ホームスロット,75400,https://home-slot.net/SHOP/p-newgin145.html,,,,
ぱちんこCR獣王 枠名 聖 クロス,,Sammy,1,否,131000,131000,0,0.0,ホームスロット,131000,https://home-slot.net/SHOP/p-sammy41.html,,,,
ぱちんこCR神獣王2 枠名 転生,,Sammy,1,否,186300,186300,0,0.0,ホームスロット,186300,https://home-slot.net/SHOP/p-sammy79.html,,,,
ぱちスロ AKB48 エンジェル,,京楽,1,是,45100,45100,0,0.0,A-SLOT,,,45100,https://www.a-slot.com/SHOP/kyoraku200.html,,
ぱちスロAKB48 勝利の女神,,京楽,1,是,60500,60500,0,0.0,A-SLOT,,,60500,https://www.a-slot.com/SHOP/kyoraku10.html,,
ぱちスロ 沖ハナ 30 パネル不問,,京楽,1,否,41500,41500,0,0.0,ホームスロット,41500,https://home-slot.net/SHOP/s-kyoraku203.html,,,,
もっと!沖縄フェスティバル 30,,パイオニア,1,否,35100,35100,0,0.0,ホームスロット,35100,https://home-slot.net/SHOP/s-pioneer39.html,,,,
アクロス ドンちゃん2 緑Ver.,,,1,否,50100,50100,0,0.0,A-SLOT,,,50100,https://www.a-slot.com/SHOP/s-across209.html,,
アクロス 沖ドキ!バケーション 30,,,1,是,51500,51500,0,0.0,A-SLOT,,,51500,https://www.a-slot.com/SHOP/across200.html,,
アデリオン デビル メイ クライ 5,,,1,否,68500,68500,0,0.0,ホームスロット,68500,https://home-slot.net/SHOP/s-adelion201.html,,,,
アデリオン バイオハザード RE 2,,,1,是,35100,35100,0,0.0,ホームスロット,35100,https://home-slot.net/SHOP/s-adelion203.html,,,,
アピールプレート 花マル サンデー 店 A,,,1,否,72000,72000,0,0.0,A-SLOT,,,72000,https://www.a-slot.com/SHOP/plate_hanamaru.html,,
アントニオ猪木が伝説にする 機,,オリンピア,1,否,68500,68500,0,0.0,ホームスロット,68500,https://home-slot.net/SHOP/s-heiwa91.html,,,,
アントニオ猪木が元気にする 機,,オリンピア,1,否,68500,68500,0,0.0,ホームスロット,68500,https://home-slot.net/SHOP/s-heiwa57.html,,,,
オーイズミ ひぐらしのなく頃に煌,,,1,否,47800,47800,0,0.0,ホームスロット,47800,https://home-slot.net/SHOP/s-oizumi20.html,,,,
オーイズミ ストライクウィッチーズ,,,1,是,57800,57800,0,0.0,A-SLOT,,,57800,https://www.a-slot.com/SHOP/oizumi23.html,,
オーゼキ ハイパーブラックジャック,,,1,否,40100,40100,0,0.0,ホームスロット,40100,https://home-slot.net/SHOP/s-net205.html,,,,
ガオガオキング3 枠名 銀座闘神,P,Sammy,1,否,86000,86000,0,0.0,ホームスロット,86000,https://home-slot.net/SHOP/p-sammy215.html,,,,
キン肉マン ~キン肉星王位争奪編~,,山佐,1,否,74900,74900,0,0.0,ホームスロット,74900,https://home-slot.net/SHOP/s-yamasa82.html,,,,
コードギアス 反逆のルルーシュR2,,Sammy,1,否,41500,41500,0,0.0,ホームスロット,41500,https://home-slot.net/SHOP/s-sammy122.html,,,,
ジェイビー CRゴーストNEO JP,,,1,否,52600,52600,0,0.0,ホームスロット,52600,https://home-slot.net/SHOP/p-jb7.html,,,,
ジェイビー CRゴーストNEO TS,,,1,否,59000,59000,0,0.0,ホームスロット,59000,https://home-slot.net/SHOP/p-jb6.html,,,,
ジェイビー PJ RUSH5 HSJ,,,1,是,52600,52600,0,0.0,ホームスロット,52600,https://home-slot.net/SHOP/p-jb214.html,,,,
ジェイビー かぐや様は告らせたい,スマスロ,,1,是,46500,46500,0,0.0,ホームスロット,46500,https://home-slot.net/SHOP/s-sankyo225.html,,,,
ジェイビー ストレートセブンDX H,P,,1,否,71600,71600,0,0.0,ホームスロット,71600,https://home-slot.net/SHOP/p-jb202.html,,,,
ジェイビー パトラッシュV RED,P,,1,是,52600,52600,0,0.0,ホームスロット,52600,https://home-slot.net/SHOP/p-jb209.html,,,,
ジャンキージャグラー レッドパネル,,,1,否,113500,113500,0,0.0,ホームスロット,113500,https://home-slot.net/SHOP/s-kitadenshi15.html,,,,
タイヨーエレック バーチャファイター,,,1,是,82300,82300,0,0.0,A-SLOT,,,82300,https://www.a-slot.com/SHOP/taiyo_elec25.html,,
ダブルオーセブンSP 2ch対応,4号機,高砂,1,否,67500,67500,0,0.0,A-SLOT,,,67500,https://www.a-slot.com/SHOP/takasago_007.html,,
デカスタP戦国無双 枠名 黒船 新,,ニューギン,1,是,150900,150900,0,0.0,ホームスロット,150900,https://home-slot.net/SHOP/p-newgin306.html,,,,
デジテンCR獣王 枠名 聖 クロス,,Sammy,1,否,52600,52600,0,0.0,ホームスロット,52600,https://home-slot.net/SHOP/p-sammy47.html,,,,
デジハネCRA偽物語 枠名 闘神,,Sammy,1,否,65300,65300,0,0.0,ホームスロット,65300,https://home-slot.net/SHOP/p-sammy203.html,,,,
デビルサバイバー2 最後の7日間,,オリンピア,1,否,41500,41500,0,0.0,ホームスロット,41500,https://home-slot.net/SHOP/s-heiwa115.html,,,,
デビルマンIII 悪魔ノ黙示録,,エレコ,1,否,61600,61600,0,0.0,A-SLOT,,,61600,https://www.a-slot.com/SHOP/eleco69.html,,
デビルマン黄金黙示録 枠名 黒船,P,ニューギン,1,是,91000,91000,0,0.0,ホームスロット,91000,https://home-slot.net/SHOP/p-newgin276.html,,,,
デュエルドラゴン2 2ch対応,4号機,ユニバーサル,1,否,45100,45100,0,0.0,A-SLOT,,,45100,https://www.a-slot.com/SHOP/univerasal5.html,,
デュエルドラゴンR 2ch対応,4号機,ユニバーサル,1,否,59800,59800,0,0.0,A-SLOT,,,59800,https://www.a-slot.com/SHOP/univerasal_dueldragon_r.html,,
ドラゴンクロス スナイパークロス,,岡崎産業,1,是,59800,59800,0,0.0,ホームスロット,59800,https://home-slot.net/SHOP/okazaki_dragoncross.html,,,,
ニューシオサイ 30 メインパネル,,パイオニア,1,否,35100,35100,0,0.0,ホームスロット,35100,https://home-slot.net/SHOP/s-pioneer45.html,,,,
ニューパルサーDX~チェリーバージョン~,,山佐,1,否,35100,35100,0,0.0,ホームスロット,35100,https://home-slot.net/SHOP/s-yamasa204.html,,,,
ノーゲーム ノーライフ THE SLOT,,北電子,1,否,45300,45300,0,0.0,ホームスロット,45300,https://home-slot.net/SHOP/s-kitadenshi205.html,,,,
ハードボイルド~グリフォンの幻影~,,Sammy,1,否,119800,119800,0,0.0,ホームスロット,119800,https://home-slot.net/SHOP/s-sammy23.html,,,,
バジリスク~甲賀忍法帖~2 朧の章,P,メーシー,1,是,59000,59000,0,0.0,ホームスロット,59000,https://home-slot.net/SHOP/p-macy212.html,,,,
パオン ディーピー 押忍!番長ZERO,,,1,是,40100,40100,0,0.0,ホームスロット,40100,https://home-slot.net/SHOP/s-paon202.html,,,,
パル工業 パワーボム No.5994,4号機,,1,是,105000,105000,0,0.0,A-SLOT,,,105000,https://www.a-slot.com/SHOP/palkogyo_powerbomb_kasugai.html,,
ビスティ CR鉄拳2 闘神ver.,,,1,否,92400,92400,0,0.0,ホームスロット,92400,https://home-slot.net/SHOP/p-bisty56.html,,,,
フィーバーR 18 Honey ver.,P,SANKYO,1,否,52600,52600,0,0.0,ホームスロット,52600,https://home-slot.net/SHOP/p-sankyo203.html,,,,
マックスアライド ゴールデンルーキー,4号機,,1,否,59400,59400,0,0.0,A-SLOT,,,59400,https://www.a-slot.com/SHOP/maxaride_goldenrookie30_kasugai.html,,
マルホン CRAソルジャーSRT,,,1,否,52600,52600,0,0.0,ホームスロット,52600,https://home-slot.net/SHOP/p-maruhon59.html,,,,
マルホン CR天龍∞ 5000VV,,,1,否,52600,52600,0,0.0,ホームスロット,52600,https://home-slot.net/SHOP/p-maruhon63.html,,,,
マルホン CR天龍∞ 7000VS,,,1,是,59000,59000,0,0.0,ホームスロット,59000,https://home-slot.net/SHOP/p-maruhon64.html,,,,
マルホン CR沖7LM 枠色不問,,,1,否,52600,52600,0,0.0,ホームスロット,52600,https://home-slot.net/SHOP/p-maruhon61.html,,,,
マルホン カナカナ2~桃汁100%~,P,,1,否,59000,59000,0,0.0,ホームスロット,59000,https://home-slot.net/SHOP/p-maruhon205.html,,,,
乙女マスターズ~空を翔る白き軌跡~,,オリンピア,1,否,54100,54100,0,0.0,ホームスロット,54100,https://home-slot.net/SHOP/s-heiwa145.html,,,,
亜人~衝戟に備えろ!~199ver.,P,平和,1,否,59000,59000,0,0.0,ホームスロット,59000,https://home-slot.net/SHOP/p-heiwa211.html,,,,
俺の空 一十三パネル 2ch対応,4号機,ロデオ,1,是,99800,99800,0,0.0,A-SLOT,,,99800,https://www.a-slot.com/SHOP/rodeo10.html,,
北斗の拳2 乱世覇王伝天覇の章,,Sammy,1,否,35100,35100,0,0.0,ホームスロット,35100,https://home-slot.net/SHOP/sammy20.html,,,,
北斗の拳 転生の章 ラオウパネル,,Sammy,1,否,83500,83500,0,0.0,ホームスロット,83500,https://home-slot.net/SHOP/s-sammy93.html,,,,
単品 不可 用オートプレイユニット,スマスロ,,1,是,37400,37400,0,0.0,A-SLOT,,,37400,https://www.a-slot.com/SHOP/ss-auto-uni.html,,
天昇!姫相撲 枠名 ルナーレス 姫相撲,P,大一,1,否,52600,52600,0,0.0,ホームスロット,52600,https://home-slot.net/SHOP/p-daiichi212.html,,,,
奥村 CR闘牌伝説アカギ覚醒編,,,1,否,106407,106407,0,0.0,ホームスロット,106407,https://home-slot.net/SHOP/p-okumura7.html,,,,
戦国BASARA 枠名 ReLf,P,ニューギン,1,否,52600,52600,0,0.0,ホームスロット,52600,https://home-slot.net/SHOP/p-newgin232.html,,,,
攻殻機動隊S.A.C. 2nd GIG,,Sammy,1,否,54100,54100,0,0.0,ホームスロット,54100,https://home-slot.net/SHOP/s-sammy130.html,,,,
機動戦士ガンダムII~哀 戦士編~,,山佐,1,否,57900,57900,0,0.0,ホームスロット,57900,https://home-slot.net/SHOP/s-yamasa27.html,,,,
機動新撰組 萌えよ剣~今宵 花散る~,,北電子,1,否,35100,35100,0,0.0,ホームスロット,35100,https://home-slot.net/SHOP/s-kitadenshi69.html,,,,
甲鉄城のカバネリ メインパネル,,Sammy,1,否,52500,52500,0,0.0,ホームスロット,52500,https://home-slot.net/SHOP/s-sammy221.html,,,,
緑ドン ~キラメキ!炎のオーロラ伝説~,,エレコ,1,否,74900,74900,0,0.0,ホームスロット,74900,https://home-slot.net/SHOP/s-eleco58.html,,,,
蒼天の拳 双龍 枠色不問 枠名 闘神,P,Sammy,1,否,59000,59000,0,0.0,ホームスロット,59000,https://home-slot.net/SHOP/p-sammy218.html,,,,
西陣 CRA009 1 GL 甘デジ,,,1,否,41682,41682,0,0.0,ホームスロット,41682,https://home-slot.net/SHOP/p-nishijinn14.html,,,,
西陣 CRA沖きゅんそーれXGL,,,1,否,52600,52600,0,0.0,ホームスロット,52600,https://home-slot.net/SHOP/p-nishijinn89.html,,,,
西陣 CRA織田信奈の野望GL,,,1,否,52600,52600,0,0.0,ホームスロット,52600,https://home-slot.net/SHOP/p-nishijinn97.html,,,,
西陣 CRぷらちなGL 麻王DX,,,1,否,52600,52600,0,0.0,ホームスロット,52600,https://home-slot.net/SHOP/p-nishijinn211.html,,,,
西陣 CRモモキュンソード3 NX,,,1,否,52600,52600,0,0.0,ホームスロット,52600,https://home-slot.net/SHOP/p-nishijinn116.html,,,,
西陣 CR新造人間キャシャーンZ,,,1,否,49015,49015,0,0.0,ホームスロット,49015,https://home-slot.net/SHOP/p-nishijinn33.html,,,,
西陣 CR春一番~極上の花道~GL,,,1,否,52600,52600,0,0.0,ホームスロット,52600,https://home-slot.net/SHOP/p-nishijinn119.html,,,,
西陣 CR春一番~極上の花道~ZB,,,1,否,52600,52600,0,0.0,ホームスロット,52600,https://home-slot.net/SHOP/p-nishijinn201.html,,,,
西陣 CR沖きゅんそーれX129,,,1,否,52600,52600,0,0.0,ホームスロット,52600,https://home-slot.net/SHOP/p-nishijinn86.html,,,,
西陣 CR甦りぱちんこ~花満開~M,,,1,否,52600,52600,0,0.0,ホームスロット,52600,https://home-slot.net/SHOP/p-nishijinn66.html,,,,
西陣 GRAゴールデンゲートGLK,,,1,否,106100,106100,0,0.0,ホームスロット,106100,https://home-slot.net/SHOP/p-nishijinn87.html,,,,
豊丸 CRセクシーフォール319F,,,1,否,52600,52600,0,0.0,ホームスロット,52600,https://home-slot.net/SHOP/p-toyomaru34.html,,,,
豊丸 CRセクシーフォール399X,,,1,否,43871,43871,0,0.0,ホームスロット,43871,https://home-slot.net/SHOP/p-toyomaru33.html,,,,
豊丸 CRダルマゲドン88VN,,,1,否,40916,40916,0,0.0,ホームスロット,40916,https://home-slot.net/SHOP/p-toyomaru32.html,,,,
豊丸 CRロボゲイシャ199L,,,1,否,59000,59000,0,0.0,ホームスロット,59000,https://home-slot.net/SHOP/p-toyomaru76.html,,,,
豊丸 CRロボゲイシャ319M,,,1,否,59000,59000,0,0.0,ホームスロット,59000,https://home-slot.net/SHOP/p-toyomaru78.html,,,,
豊丸 CR天地を喰らう358F,,,1,否,52600,52600,0,0.0,ホームスロット,52600,https://home-slot.net/SHOP/p-toyomaru26.html,,,,
豊丸 CR釣りキチ三平199L,,,1,否,52600,52600,0,0.0,ホームスロット,52600,https://home-slot.net/SHOP/p-toyomaru52.html,,,,
豊丸 CR釣りキチ三平99VM,,,1,否,52600,52600,0,0.0,ホームスロット,52600,https://home-slot.net/SHOP/p-toyomaru50.html,,,,
豊丸 すしざんまい極上4200,P,,1,否,65300,65300,0,0.0,ホームスロット,65300,https://home-slot.net/SHOP/p-toyomaru215.html,,,,
豊丸 すしざんまい極上5700,P,,1,是,52600,52600,0,0.0,ホームスロット,52600,https://home-slot.net/SHOP/p-toyomaru208.html,,,,
豊丸 平家物語 RELOADED,P,,1,否,59000,59000,0,0.0,ホームスロット,59000,https://home-slot.net/SHOP/p-toyomaru206.html,,,,
銀座 ディスクアップ パネル不問,,,1,是,78500,78500,0,0.0,A-SLOT,,,78500,https://www.a-slot.com/SHOP/sammy200_zzz.html,,
銀座 リングにかけろ パネル不問,,,1,是,62800,62800,0,0.0,A-SLOT,,,62800,https://www.a-slot.com/SHOP/ginza2_zzz.html,,
銀座 蒼天の拳 天刻 枠名 銀座闘神,P,,1,否,65300,65300,0,0.0,ホームスロット,65300,https://home-slot.net/SHOP/p-ginza204.html,,,,
高尾 CR BRAVE10 SAA,,,1,否,45704,45704,0,0.0,ホームスロット,45704,https://home-slot.net/SHOP/p-takao74.html,,,,
高尾 CRサブマリン707R7,,,1,否,44074,44074,0,0.0,ホームスロット,44074,https://home-slot.net/SHOP/p-takao24.html,,,,
高尾 CRライディーン 神速篇R2,,,1,否,53444,53444,0,0.0,ホームスロット,53444,https://home-slot.net/SHOP/p-takao28.html,,,,
高尾 CR一騎当千 SS2 WLC,,,1,否,71600,71600,0,0.0,ホームスロット,71600,https://home-slot.net/SHOP/p-takao60.html,,,,
高尾 CR一騎当千 SS2 WXB,,,1,否,120200,120200,0,0.0,ホームスロット,120200,https://home-slot.net/SHOP/p-takao58.html,,,,
高尾 CR一騎当千SS覇 赤黒枠,,,1,否,49015,49015,0,0.0,ホームスロット,49015,https://home-slot.net/SHOP/p-takao32.html,,,,
高尾 CR幕末義人伝浪漫SAA,,,1,否,52600,52600,0,0.0,ホームスロット,52600,https://home-slot.net/SHOP/p-takao56.html,,,,
高尾 CR弾球黙示録カイジ3 甘,,,1,否,71600,71600,0,0.0,ホームスロット,71600,https://home-slot.net/SHOP/p-takao80.html,,,,
高尾 CR美男ですね 77ver.,,,1,否,52600,52600,0,0.0,ホームスロット,52600,https://home-slot.net/SHOP/p-takao93.html,,,,
高尾 一騎当千SS斬 孫策Ver.,P,,1,否,59000,59000,0,0.0,ホームスロット,59000,https://home-slot.net/SHOP/p-takao213.html,,,,
麻雀物語2 激闘!麻雀グランプリ,,オリンピア,1,否,98500,98500,0,0.0,ホームスロット,98500,https://home-slot.net/SHOP/s-heiwa84.html,,,,
麻雀物語3 役満乱舞の究極大戦,,オリンピア,1,否,37700,37700,0,0.0,ホームスロット,37700,https://home-slot.net/SHOP/s-heiwa114.html,,,,
黒神 The Animation,,オリンピア,1,否,68500,68500,0,0.0,ホームスロット,68500,https://home-slot.net/SHOP/s-heiwa140.html,,,,
2号機 大東音響 ゴールドベンハー,,,1,否,69300,69300,0,0.0,A-SLOT,,,69300,https://www.a-slot.com/SHOP/daitoonkyo_goldbenhur_kasugai.html,,
3号機 アラジン2 2ch対応,,Sammy,1,否,58500,58500,0,0.0,A-SLOT,,,58500,https://www.a-slot.com/SHOP/sammy110.html,,
3号機 ドリームセブンジュニア,,高砂,1,否,58500,58500,0,0.0,A-SLOT,,,58500,https://www.a-slot.com/SHOP/abilit_dreamsevenjunior_kasugai.html,,
CRA花の慶次~愛N K 甘デジ,,ニューギン,1,否,42954,42954,0,0.0,ホームスロット,42954,https://home-slot.net/SHOP/p-newgin70.html,,,,
CRFクィーンZERO ST4,,SANKYO,1,否,59000,59000,0,0.0,ホームスロット,59000,https://home-slot.net/SHOP/p-sankyo16.html,,,,
CRFパワフルワールド X2R,,SANKYO,1,否,71600,71600,0,0.0,ホームスロット,71600,https://home-slot.net/SHOP/p-sankyo23.html,,,,
CRエキサイトジャックH K,,ニューギン,1,否,52600,52600,0,0.0,ホームスロット,52600,https://home-slot.net/SHOP/p-newgin146.html,,,,
CRザ キング オブ ファイターズ,,大一,1,否,52600,52600,0,0.0,ホームスロット,52600,https://home-slot.net/SHOP/p-daiichi84.html,,,,
CRスターオーシャン4 枠色不問,,メーシー,1,否,56400,56400,0,0.0,ホームスロット,56400,https://home-slot.net/SHOP/p-macy202.html,,,,
CRバイオハザード ~感染ver~,,大一,1,否,92400,92400,0,0.0,ホームスロット,92400,https://home-slot.net/SHOP/p-daiichi60.html,,,,
CRパトラッシュ3 RED R,,SANKYO,1,否,41935,41935,0,0.0,ホームスロット,41935,https://home-slot.net/SHOP/p-sankyo32.html,,,,
CRパトラッシュ GREEN,L,SANKYO,1,否,41935,41935,0,0.0,ホームスロット,41935,https://home-slot.net/SHOP/p-sankyo11.html,,,,
CRフィーバーエルドラ 枠色不問,,SANKYO,1,否,65300,65300,0,0.0,ホームスロット,65300,https://home-slot.net/SHOP/p-sankyo210.html,,,,
CRフィーバーサムライブレードR,,SANKYO,1,否,52600,52600,0,0.0,ホームスロット,52600,https://home-slot.net/SHOP/p-sankyo136.html,,,,
CRフィーバードラムゴルゴ13,,SANKYO,1,否,52600,52600,0,0.0,ホームスロット,52600,https://home-slot.net/SHOP/p-sankyo207.html,,,,
CRフィーバー夢福神99ver.,,SANKYO,1,否,65300,65300,0,0.0,ホームスロット,65300,https://home-slot.net/SHOP/p-sankyo124.html,,,,
CR三國志~英雄集結~H2 T1,,ニューギン,1,否,65300,65300,0,0.0,ホームスロット,65300,https://home-slot.net/SHOP/p-newgin131.html,,,,
CR大奥~繚乱の花戦~N2 T1,,ニューギン,1,否,52600,52600,0,0.0,ホームスロット,52600,https://home-slot.net/SHOP/p-newgin125.html,,,,
CR天下一閃7000ver,,大一,1,否,92400,92400,0,0.0,ホームスロット,92400,https://home-slot.net/SHOP/p-daiichi205.html,,,,
CR忍者ハットリくん NM F,,大一,1,否,44074,44074,0,0.0,ホームスロット,44074,https://home-slot.net/SHOP/p-daiichi15.html,,,,
CR戦国乙女~花~319ver.,,平和,1,否,86000,86000,0,0.0,ホームスロット,86000,https://home-slot.net/SHOP/p-heiwa153.html,,,,
CR烈火の炎2 219ver.,,平和,1,否,52600,52600,0,0.0,ホームスロット,52600,https://home-slot.net/SHOP/p-heiwa149.html,,,,
CR烈火の炎2 319ver.,,平和,1,否,92400,92400,0,0.0,ホームスロット,92400,https://home-slot.net/SHOP/p-heiwa146.html,,,,
CR烈火の炎2 99.9ver.,,平和,1,否,52600,52600,0,0.0,ホームスロット,52600,https://home-slot.net/SHOP/p-heiwa152.html,,,,
CR神音の森H TX 枠色不問,,ニューギン,1,否,37454,37454,0,0.0,ホームスロット,37454,https://home-slot.net/SHOP/p-newgin91.html,,,,
CR竹内力のムラマサH VG,,ニューギン,1,否,38981,38981,0,0.0,ホームスロット,38981,https://home-slot.net/SHOP/p-newgin63.html,,,,
CR義風堂々!!~兼続と慶次~L5 V,,ニューギン,1,否,58334,58334,0,0.0,ホームスロット,58334,https://home-slot.net/SHOP/p-newgin127.html,,,,
CR花の慶次~焔N KX 甘デジ,,ニューギン,1,否,65300,65300,0,0.0,ホームスロット,65300,https://home-slot.net/SHOP/p-newgin79.html,,,,
CR蒼穹のファフナー FZ‐Vi,,SANKYO,1,否,52600,52600,0,0.0,ホームスロット,52600,https://home-slot.net/SHOP/p-sankyo1.html,,,,
CR魁!!男塾 Light ver.,,大一,1,否,59000,59000,0,0.0,ホームスロット,59000,https://home-slot.net/SHOP/p-daiichi92.html,,,,
IGT 信長の野望 2ch対応,4号機,,1,否,48000,48000,0,0.0,A-SLOT,,,48000,https://www.a-slot.com/SHOP/igt17.html,,
JFJ とある魔術の禁書目録,スマスロ,,1,否,68500,68500,0,0.0,ホームスロット,68500,https://home-slot.net/SHOP/s-fuji208.html,,,,
JPS 2027 メインパネル,,,1,否,95000,95000,0,0.0,A-SLOT,,,95000,https://www.a-slot.com/SHOP/jps1.html,,
KPE マジカルハロウィン5,,,1,是,45300,45300,0,0.0,ホームスロット,45300,https://home-slot.net/SHOP/s-kpe53.html,,,,
KPE マジカルハロウィンR,,,1,否,98500,98500,0,0.0,ホームスロット,98500,https://home-slot.net/SHOP/s-kpe8.html,,,,
KPE 実況BINGO倶楽部,,,1,是,35100,35100,0,0.0,ホームスロット,35100,https://home-slot.net/SHOP/s-konami201.html,,,,
NET シンデレラブレイド3,,,1,是,41500,41500,0,0.0,ホームスロット,41500,https://home-slot.net/SHOP/s-net56.html,,,,
NET スーパーブラックジャック,4号機,,1,是,75800,75800,0,0.0,A-SLOT,,,75800,https://www.a-slot.com/SHOP/net6.html,,
PAミルキーバーN W6 枠色不問,,ニューギン,1,否,52600,52600,0,0.0,ホームスロット,52600,https://home-slot.net/SHOP/p-newgin203.html,,,,
PA花の慶次~蓮 N V 枠名 天槍,,ニューギン,1,否,57600,57600,0,0.0,ホームスロット,57600,https://home-slot.net/SHOP/p-newgin241.html,,,,
RAVE~エンドレスラッシュ~,,藤商事,1,否,68500,68500,0,0.0,ホームスロット,68500,https://home-slot.net/SHOP/s-fuji9.html,,,,
SHAKEIII SIDE A,,大都技研,1,否,72300,72300,0,0.0,ホームスロット,72300,https://home-slot.net/SHOP/s-daitogiken64.html,,,,
SHAKEIII シェイク3,,大都技研,1,是,47800,47800,0,0.0,ホームスロット,47800,https://home-slot.net/SHOP/s-daitogiken60.html,,,,
SLOT忍者じゃじゃ丸くん,,エレコ,1,否,74900,74900,0,0.0,ホームスロット,74900,https://home-slot.net/SHOP/s-eleco206.html,,,,
SNKプレイモア スカイラブ,,,1,否,59000,59000,0,0.0,A-SLOT,,,59000,https://www.a-slot.com/SHOP/snk13.html,,
TVアニメーション 弱虫ペダル,,オリンピア,1,否,54100,54100,0,0.0,ホームスロット,54100,https://home-slot.net/SHOP/s-heiwa136.html,,,,
お取り寄せ商品 NET 闇芝居,,,1,是,47700,47700,0,0.0,A-SLOT,,,47700,https://www.a-slot.com/SHOP/net201.html,,
お取り寄せ商品 スーパーハナハナ,,パイオニア,1,是,45100,45100,0,0.0,A-SLOT,,,45100,https://www.a-slot.com/SHOP/pioneer210.html,,
お取り寄せ商品 ドンちゃん祭,,エレコ,1,是,93700,93700,0,0.0,A-SLOT,,,93700,https://www.a-slot.com/SHOP/eleco50.html,,
お取り寄せ商品 バルタン星人,,七匠,1,是,50100,50100,0,0.0,A-SLOT,,,50100,https://www.a-slot.com/SHOP/nanashow4.html,,
お取り寄せ商品 ヒデキに夢中!!,4号機,オリンピア,1,是,108500,108500,0,0.0,A-SLOT,,,108500,https://www.a-slot.com/SHOP/heiwa89.html,,
お取り寄せ商品 ヤーマ デジスロ,,,1,是,64100,64100,0,0.0,A-SLOT,,,64100,https://www.a-slot.com/SHOP/yama200.html,,
お取り寄せ商品 哲也 天運地力,,大一,1,是,47700,47700,0,0.0,A-SLOT,,,47700,https://www.a-slot.com/SHOP/daiichi200.html,,
お取り寄せ商品 緋弾のアリア,,藤商事,1,是,64100,64100,0,0.0,A-SLOT,,,64100,https://www.a-slot.com/SHOP/fuji16.html,,
お取り寄せ商品 超AT 美ら沖,,七匠,1,是,57800,57800,0,0.0,A-SLOT,,,57800,https://www.a-slot.com/SHOP/nanashow202.html,,
この素晴らしい世界に祝福を!,,Sammy,1,是,40100,40100,0,0.0,ホームスロット,40100,https://home-slot.net/SHOP/s-sammy220.html,,,,
ぱちんこCRルーキーズ 枠名 転生,,Sammy,1,否,111100,111100,0,0.0,ホームスロット,111100,https://home-slot.net/SHOP/p-sammy59.html,,,,
ぱちんこCR神獣王 枠名 転生,,Sammy,1,否,216200,216200,0,0.0,ホームスロット,216200,https://home-slot.net/SHOP/p-sammy53.html,,,,
めぞん一刻 桜の下で 枠色不問,,オリンピア,1,是,51500,51500,0,0.0,A-SLOT,,,51500,https://www.a-slot.com/SHOP/heiwa132.html,,
アイムジャグラー7 パネル不問,,北電子,1,否,98500,98500,0,0.0,ホームスロット,98500,https://home-slot.net/SHOP/s-kitadenshi13.html,,,,
アイムジャグラーEX ブラック,5号機,北電子,1,否,113500,113500,0,0.0,ホームスロット,113500,https://home-slot.net/SHOP/s-kitadensi22.html,,,,
アナザーゴッドハーデス ザ ワールド,P,メーシー,1,是,52600,52600,0,0.0,ホームスロット,52600,https://home-slot.net/SHOP/p-macy209.html,,,,
アナザーゴッドハーデス 冥王召喚,,ミズホ,1,否,68500,68500,0,0.0,ホームスロット,68500,https://home-slot.net/SHOP/s-mizuho-macy202.html,,,,
アピールプレート 設定4 5 6 店 A,,,1,否,72000,72000,0,0.0,A-SLOT,,,72000,https://www.a-slot.com/SHOP/plate_settei1456.html,,
アルゼ アレックス 2ch対応,4号機,,1,是,78500,78500,0,0.0,A-SLOT,,,78500,https://www.a-slot.com/SHOP/eleco12.html,,
アルゼ フリッパー3 2ch対応,4号機,,1,是,79800,79800,0,0.0,A-SLOT,,,79800,https://www.a-slot.com/SHOP/alze_flipper3.html,,
エマ ペガッパ よっちゃんイカ,4号機,,1,否,108000,108000,0,0.0,A-SLOT,,,108000,https://www.a-slot.com/SHOP/ema1.html,,
オーイズミ うみねこのなく頃に,,,1,否,143400,143400,0,0.0,ホームスロット,143400,https://home-slot.net/SHOP/s-oizumi19.html,,,,
ガールズ&パンツァー劇場版 甘デジ,P,平和,1,是,59000,59000,0,0.0,ホームスロット,59000,https://home-slot.net/SHOP/p-heiwa226.html,,,,
キングハナハナ 30 紫パネル,,パイオニア,1,否,64100,64100,0,0.0,ホームスロット,64100,https://home-slot.net/SHOP/s-pioneer27.html,,,,
キングパルサー ブラックパネル,,山佐,1,否,37909,37909,0,0.0,ホームスロット,37909,https://home-slot.net/SHOP/s-yamasa6.html,,,,
キン肉マン ~夢の超人タッグ編~,,山佐,1,否,54100,54100,0,0.0,ホームスロット,54100,https://home-slot.net/SHOP/s-yamasa131.html,,,,
コードギアス 反逆のルルーシュ3,,Sammy,1,是,40100,40100,0,0.0,ホームスロット,40100,https://home-slot.net/SHOP/s-sammy213.html,,,,
ゴルゴ13 薔薇十字団の陰謀,,オリンピア,1,否,68500,68500,0,0.0,ホームスロット,68500,https://home-slot.net/SHOP/s-heiwa85.html,,,,
サクラ大戦3~Loop Ver.~,,Sammy,1,否,98500,98500,0,0.0,ホームスロット,98500,https://home-slot.net/SHOP/s-sammy78.html,,,,
サラリーマン金太郎 2ch対応,4号機,ロデオ,1,是,136500,136500,0,0.0,A-SLOT,,,136500,https://www.a-slot.com/SHOP/rodeo16.html,,
サラリーマン金太郎 出世回胴編,,ロデオ,1,是,47700,47700,0,0.0,A-SLOT,,,47700,https://www.a-slot.com/SHOP/rodeo48.html,,
サンスリー ヤッターマン絶対正義,S,,1,否,35100,35100,0,0.0,ホームスロット,35100,https://home-slot.net/SHOP/s-santhree201.html,,,,
ジェイビー CR新夏祭りMF T,,,1,否,52600,52600,0,0.0,ホームスロット,52600,https://home-slot.net/SHOP/p-jb21.html,,,,
ジェイビー スーパーコンビα7500,P,,1,否,65300,65300,0,0.0,ホームスロット,65300,https://home-slot.net/SHOP/p-jb208.html,,,,
ジェイビー 羽根モノ スカイレーサー,,,1,否,65300,65300,0,0.0,ホームスロット,65300,https://home-slot.net/SHOP/p-jb204.html,,,,
ジャングルマスターコングダム,,山佐,1,否,35100,35100,0,0.0,ホームスロット,35100,https://home-slot.net/SHOP/s-yamasa206.html,,,,
スペシャルハナハナII 30,,パイオニア,1,是,64100,64100,0,0.0,A-SLOT,,,64100,https://www.a-slot.com/SHOP/pioneer23.html,,
タイヨーエレック ハードボイルド,,,1,是,41500,41500,0,0.0,ホームスロット,41500,https://home-slot.net/SHOP/s-taiyo_elec203.html,,,,
タロットマスターR 2ch対応,4号機,ユニバーサル,1,否,55000,55000,0,0.0,A-SLOT,,,55000,https://www.a-slot.com/SHOP/univerasal_tarotmaster.html,,
ダンガンロンパ 枠名 ReLf,P,ニューギン,1,否,59000,59000,0,0.0,ホームスロット,59000,https://home-slot.net/SHOP/p-newgin235.html,,,,
ツインエンジェル PARTY,,Sammy,1,否,68500,68500,0,0.0,ホームスロット,68500,https://home-slot.net/SHOP/s-sammy215.html,,,,
ツインドラゴンハナハナ 30,,パイオニア,1,否,68500,68500,0,0.0,ホームスロット,68500,https://home-slot.net/SHOP/s-pioneer202.html,,,,
デカドンチャン2 2ch対応,4号機,ユニバーサル,1,否,42000,42000,0,0.0,A-SLOT,,,42000,https://www.a-slot.com/SHOP/univerasal_doncyan2.html,,
デジハネCRルーキーズ 枠名 転生,,Sammy,1,否,75400,75400,0,0.0,ホームスロット,75400,https://home-slot.net/SHOP/p-sammy60.html,,,,
デビルマン~疾風迅雷~ 枠名 黒船,P,ニューギン,1,是,52600,52600,0,0.0,ホームスロット,52600,https://home-slot.net/SHOP/p-newgin250.html,,,,
ニューアイムジャグラーEX KA,,北電子,1,否,35100,35100,0,0.0,ホームスロット,35100,https://home-slot.net/SHOP/s-kitadenshi68.html,,,,
バイオハザード6 枠名 スピネル,スマパチ,七匠,1,是,86000,86000,0,0.0,ホームスロット,86000,https://home-slot.net/SHOP/p-nanashow206.html,,,,
バイオハザード リベレーションズ,,エンターライズ,1,否,47800,47800,0,0.0,ホームスロット,47800,https://home-slot.net/SHOP/s-enta17.html,,,,
ビスティ CR七人の侍 SF T,,,1,否,74200,74200,0,0.0,ホームスロット,74200,https://home-slot.net/SHOP/p-bisty5.html,,,,
ビスティ ウルトラマンウォーズ,,,1,否,47800,47800,0,0.0,ホームスロット,47800,https://home-slot.net/SHOP/s-sankyo72.html,,,,
ビスティ サタデーナイトフィーバー,,,1,否,45475,45475,0,0.0,ホームスロット,45475,https://home-slot.net/SHOP/s-sankyo22.html,,,,
ビスティ 機動戦士Zガンダム,,,1,是,47700,47700,0,0.0,A-SLOT,,,47700,https://www.a-slot.com/SHOP/sankyo126.html,,
ビビッドレッド オペレーション,,SANYO,1,否,73500,73500,0,0.0,ホームスロット,73500,https://home-slot.net/SHOP/s-sanyo27.html,,,,
ファンタシースターオンライン2,,Sammy,1,否,40100,40100,0,0.0,ホームスロット,40100,https://home-slot.net/SHOP/s-sammy209.html,,,,
マイジャグラーII ピースパネル,,北電子,1,否,68500,68500,0,0.0,ホームスロット,68500,https://home-slot.net/SHOP/s-kitadenshi63.html,,,,
マルホン CRシャカリーナVV,,,1,否,52600,52600,0,0.0,ホームスロット,52600,https://home-slot.net/SHOP/p-maruhon200.html,,,,
マルホン CR銀と金2MXB,,,1,否,41426,41426,0,0.0,ホームスロット,41426,https://home-slot.net/SHOP/p-maruhon28.html,,,,
マルホン PA獅子王Jr.99,,,1,否,86000,86000,0,0.0,ホームスロット,86000,https://home-slot.net/SHOP/p-maruhon214.html,,,,
リアルボルテージ2 2ch対応,4号機,ユニバーサル,1,否,53100,53100,0,0.0,A-SLOT,,,53100,https://www.a-slot.com/SHOP/univerasal6.html,,
リングにかけろ1 枠名 黒船 新,P,ニューギン,1,是,121000,121000,0,0.0,ホームスロット,121000,https://home-slot.net/SHOP/p-newgin302.html,,,,
ルパン三世 ルパン一族の秘宝,,平和,1,否,41500,41500,0,0.0,ホームスロット,41500,https://home-slot.net/SHOP/s-heiwa56.html,,,,
世界でいちばん強くなりたい!,,藤商事,1,否,47800,47800,0,0.0,ホームスロット,47800,https://home-slot.net/SHOP/s-fuji20.html,,,,
北斗の拳8 究極乱世 枠名 闘神,P,Sammy,1,是,65300,65300,0,0.0,ホームスロット,65300,https://home-slot.net/SHOP/p-sammy233.html,,,,
北斗の拳 転生の章 パネル不問,,Sammy,1,否,88500,88500,0,0.0,ホームスロット,88500,https://home-slot.net/SHOP/s-sammy104.html,,,,
南国育ち 30 ジョディパネル,4号機,平和,1,是,135000,135000,0,0.0,A-SLOT,,,135000,https://www.a-slot.com/SHOP/heiwa24_jody.html,,
奥村 CR南国麻雀L 枠名 星波,,,1,否,35722,35722,0,0.0,ホームスロット,35722,https://home-slot.net/SHOP/p-okumura16.html,,,,
戦国 花の慶次~天に愛されし漢~,,ニューギン,1,否,54100,54100,0,0.0,ホームスロット,54100,https://home-slot.net/SHOP/s-newgin17.html,,,,
甲鉄城のカバネリ 無名パネル,,Sammy,1,否,57800,57800,0,0.0,ホームスロット,57800,https://home-slot.net/SHOP/s-sammy225.html,,,,
甲鉄城のカバネリ 美馬パネル,,Sammy,1,是,51500,51500,0,0.0,ホームスロット,51500,https://home-slot.net/SHOP/s-sammy224.html,,,,
蒼穹のファフナーEXODUS,,SANKYO,1,是,45100,45100,0,0.0,A-SLOT,,,45100,https://www.a-slot.com/SHOP/s-sankyo211.html,,
西陣 CRA 大賞 LFZ 甘デジ,,,1,否,71600,71600,0,0.0,ホームスロット,71600,https://home-slot.net/SHOP/p-nishijinn16.html,,,,
西陣 CRA春一番 GL 甘デジ,,,1,否,52600,52600,0,0.0,ホームスロット,52600,https://home-slot.net/SHOP/p-nishijinn9.html,,,,
西陣 CRA花満開~天ノ舞~SP,,,1,否,52600,52600,0,0.0,ホームスロット,52600,https://home-slot.net/SHOP/p-nishijinn204.html,,,,
西陣 CRぷらちなGL 春一番,,,1,否,52600,52600,0,0.0,ホームスロット,52600,https://home-slot.net/SHOP/p-nishijinn200.html,,,,
西陣 CRゴールデンゲートM95,,,1,否,89800,89800,0,0.0,ホームスロット,89800,https://home-slot.net/SHOP/p-nishijinn78.html,,,,
西陣 CR花満開~天ノ舞~ZB4,,,1,否,52600,52600,0,0.0,ホームスロット,52600,https://home-slot.net/SHOP/p-nishijinn111.html,,,,
西陣 ちょいパチ麻王DX 39,,,1,否,52600,52600,0,0.0,ホームスロット,52600,https://home-slot.net/SHOP/p-nishijinn117.html,,,,
豊丸 CRドンキホーテ159s,,,1,否,65300,65300,0,0.0,ホームスロット,65300,https://home-slot.net/SHOP/p-toyomaru79.html,,,,
豊丸 CRドンキホーテ229L,,,1,否,65300,65300,0,0.0,ホームスロット,65300,https://home-slot.net/SHOP/p-toyomaru80.html,,,,
豊丸 CRヘルシング199L,,,1,否,52600,52600,0,0.0,ホームスロット,52600,https://home-slot.net/SHOP/p-toyomaru28.html,,,,
豊丸 CRヘルシング299F,,,1,否,52600,52600,0,0.0,ホームスロット,52600,https://home-slot.net/SHOP/p-toyomaru27.html,,,,
豊丸 CRヘルシング99VV,,,1,否,39694,39694,0,0.0,ホームスロット,39694,https://home-slot.net/SHOP/p-toyomaru29.html,,,,
豊丸 CRロボゲイシャ99V,,,1,是,52600,52600,0,0.0,ホームスロット,52600,https://home-slot.net/SHOP/p-toyomaru77.html,,,,
豊丸 CR天地を喰らう99V,,,1,否,65300,65300,0,0.0,ホームスロット,65300,https://home-slot.net/SHOP/p-toyomaru24.html,,,,
豊丸 CR餃子の王将3 600,,,1,否,71600,71600,0,0.0,ホームスロット,71600,https://home-slot.net/SHOP/p-toyomaru59.html,,,,
豊丸 PA女子ザジャイアント,,,1,否,52600,52600,0,0.0,ホームスロット,52600,https://home-slot.net/SHOP/p-toyomaru207.html,,,,
豊丸 ワイルド 6750だぜぇ,P,ロデオ,1,否,62800,62800,0,0.0,ホームスロット,62800,https://home-slot.net/SHOP/p-toyomaru214.html,,,,
超ハネ獣王 枠色不問 枠名 闘神,P,Sammy,1,否,65300,65300,0,0.0,ホームスロット,65300,https://home-slot.net/SHOP/p-sammy227.html,,,,
転生したらスライムだった件,スマスロ,山佐,1,否,47800,47800,0,0.0,ホームスロット,47800,https://home-slot.net/SHOP/s-yamasa233.html,,,,
鉄拳伝タフ 2nd ROUND,,オリンピア,1,否,34566,34566,0,0.0,ホームスロット,34566,https://home-slot.net/SHOP/s-heiwa59.html,,,,
銀座 北斗の拳10 枠名 銀座誓,スマパチ,,1,是,57600,57600,0,0.0,ホームスロット,57600,https://home-slot.net/SHOP/p-ginza221.html,,,,
高尾 CRビート エックスKMA,,,1,否,40306,40306,0,0.0,ホームスロット,40306,https://home-slot.net/SHOP/p-takao54.html,,,,
高尾 CRライディーン 自警隊篇,,,1,否,47231,47231,0,0.0,ホームスロット,47231,https://home-slot.net/SHOP/p-takao26.html,,,,
高尾 CR一騎当千SS烈 黒枠,,,1,否,38539,38539,0,0.0,ホームスロット,38539,https://home-slot.net/SHOP/p-takao30.html,,,,
高尾 CR燃えよドラゴン激怒,,,1,否,40204,40204,0,0.0,ホームスロット,40204,https://home-slot.net/SHOP/p-takao51.html,,,,
24 TWENTY FOUR,,大都技研,1,否,28742,28742,0,0.0,ホームスロット,28742,https://home-slot.net/SHOP/s-daitogiken14.html,,,,
BON JOVI ボンジョビ,,北電子,1,否,68500,68500,0,0.0,ホームスロット,68500,https://home-slot.net/SHOP/s-kitadenshi27.html,,,,
CRAえとたま79ver.,,メーシー,1,否,52600,52600,0,0.0,ホームスロット,52600,https://home-slot.net/SHOP/p-macy4.html,,,,
CRAわくわくカーニバルH,,ニューギン,1,否,52600,52600,0,0.0,ホームスロット,52600,https://home-slot.net/SHOP/p-newgin151.html,,,,
CRA花の慶次SP~琉 N K,,ニューギン,1,否,89800,89800,0,0.0,ホームスロット,89800,https://home-slot.net/SHOP/p-newgin104.html,,,,
CR X FILES 枠色不問,,SANKYO,1,否,40204,40204,0,0.0,ホームスロット,40204,https://home-slot.net/SHOP/p-sankyo65.html,,,,
CRジャンボRUSH H K,,ニューギン,1,否,49371,49371,0,0.0,ホームスロット,49371,https://home-slot.net/SHOP/p-newgin59.html,,,,
CRデビルマン2 H2 VC,,ニューギン,1,否,41682,41682,0,0.0,ホームスロット,41682,https://home-slot.net/SHOP/p-newgin26.html,,,,
CRドラムロイド 枠色不問,,ニューギン,1,是,89800,89800,0,0.0,ホームスロット,89800,https://home-slot.net/SHOP/p-newgin122.html,,,,
CRバスタード!! 暗黒の破壊神,,ニューギン,1,否,92400,92400,0,0.0,ホームスロット,92400,https://home-slot.net/SHOP/p-newgin138.html,,,,
CRパトラッシュ2 RED,,SANKYO,1,否,145900,145900,0,0.0,ホームスロット,145900,https://home-slot.net/SHOP/p-sankyo12.html,,,,
CRフィーバースター ウォーズYA,,SANKYO,1,否,89800,89800,0,0.0,ホームスロット,89800,https://home-slot.net/SHOP/p-sankyo108.html,,,,
CRフィーバータイガーマスク2,,SANKYO,1,否,131000,131000,0,0.0,ホームスロット,131000,https://home-slot.net/SHOP/p-sankyo84.html,,,,
CR三國志~英雄集結~N T1,,ニューギン,1,是,52600,52600,0,0.0,ホームスロット,52600,https://home-slot.net/SHOP/p-newgin130.html,,,,
CR哲也2~雀聖再臨~BL T,,大一,1,否,311000,311000,0,0.0,ホームスロット,311000,https://home-slot.net/SHOP/p-daiichi72.html,,,,
CR大奥~繚乱の花戦~H T1,,ニューギン,1,否,86000,86000,0,0.0,ホームスロット,86000,https://home-slot.net/SHOP/p-newgin121.html,,,,
CR大奥~繚乱の花戦~M2 T,,ニューギン,1,否,59000,59000,0,0.0,ホームスロット,59000,https://home-slot.net/SHOP/p-newgin120.html,,,,
CR戦国乙女~花~99ver.,,平和,1,是,52600,52600,0,0.0,ホームスロット,52600,https://home-slot.net/SHOP/p-heiwa159.html,,,,
CR神音の森N T 枠色不問,,ニューギン,1,否,42954,42954,0,0.0,ホームスロット,42954,https://home-slot.net/SHOP/p-newgin97.html,,,,
CR逆転裁判249ver.,,平和,1,否,52600,52600,0,0.0,ホームスロット,52600,https://home-slot.net/SHOP/p-heiwa144.html,,,,
CR逆転裁判99.9ver.,,平和,1,否,52600,52600,0,0.0,ホームスロット,52600,https://home-slot.net/SHOP/p-heiwa147.html,,,,
CR銀河乙女 299ver.,,平和,1,否,61500,61500,0,0.0,ホームスロット,61500,https://home-slot.net/SHOP/p-heiwa119.html,,,,
CR銀河乙女99.9ver.,,平和,1,否,111100,111100,0,0.0,ホームスロット,111100,https://home-slot.net/SHOP/p-heiwa127.html,,,,
EXCITE ZETMAN,,,1,否,68500,68500,0,0.0,ホームスロット,68500,https://home-slot.net/SHOP/s-excite18.html,,,,
IGT エルビス 2ch対応,4号機,,1,否,99800,99800,0,0.0,A-SLOT,,,99800,https://www.a-slot.com/SHOP/igt5.html,,
JPS 2027 優愛Ver,,,1,否,95000,95000,0,0.0,A-SLOT,,,95000,https://www.a-slot.com/SHOP/jps8.html,,
KPE がんばれゴエモン2,,,1,否,71100,71100,0,0.0,ホームスロット,71100,https://home-slot.net/SHOP/s-kpe34.html,,,,
KPE 戦国コレクション5,,,1,是,51500,51500,0,0.0,A-SLOT,,,51500,https://www.a-slot.com/SHOP/s-kpe210.html,,
KPE 極楽パロディウスR!,,,1,否,74900,74900,0,0.0,ホームスロット,74900,https://home-slot.net/SHOP/s-kpe24.html,,,,
KPE 防空少女ラブキューレ,,,1,是,64100,64100,0,0.0,A-SLOT,,,64100,https://www.a-slot.com/SHOP/kpe58.html,,
NET ドキッと!ビキニパイ,,,1,否,35100,35100,0,0.0,ホームスロット,35100,https://home-slot.net/SHOP/s-net10.html,,,,
NET 回胴合体ゴーケンオーV,,,1,否,35209,35209,0,0.0,ホームスロット,35209,https://home-slot.net/SHOP/s-net18.html,,,,
RYUKYU BEAT 30,,Sammy,1,否,68500,68500,0,0.0,ホームスロット,68500,https://home-slot.net/SHOP/s-sammy222.html,,,,
SLOTギルティクラウン,,エレコ,1,否,128400,128400,0,0.0,ホームスロット,128400,https://home-slot.net/SHOP/s-eleco75.html,,,,
SNKプレイモア 七色未来,,,1,否,99800,99800,0,0.0,A-SLOT,,,99800,https://www.a-slot.com/SHOP/snk16.html,,
SNKプレイモア 爆走列島,,,1,否,47984,47984,0,0.0,ホームスロット,47984,https://home-slot.net/SHOP/s-snk25.html,,,,
お取り寄せ商品 ちゃぶ 返し,,ベルコ,1,是,64100,64100,0,0.0,A-SLOT,,,64100,https://www.a-slot.com/SHOP/bellco200.html,,
お取り寄せ商品 オズ OZ 1,,,1,是,108500,108500,0,0.0,A-SLOT,,,108500,https://www.a-slot.com/SHOP/s-oz200.html,,
お取り寄せ商品 クジラッキー,,SANYO,1,是,45100,45100,0,0.0,A-SLOT,,,45100,https://www.a-slot.com/SHOP/sanyo24.html,,
お取り寄せ商品 ケロット3,,山佐,1,是,51500,51500,0,0.0,A-SLOT,,,51500,https://www.a-slot.com/SHOP/yamasa98.html,,
お取り寄せ商品 押忍!番長A,,大都技研,1,是,84900,84900,0,0.0,A-SLOT,,,84900,https://www.a-slot.com/SHOP/daitogiken68.html,,
お取り寄せ商品 聖闘士星矢,,SANYO,1,是,67800,67800,0,0.0,A-SLOT,,,67800,https://www.a-slot.com/SHOP/sanyo9.html,,
お取り寄せ商品 鉄拳2nd,,山佐,1,是,87200,87200,0,0.0,A-SLOT,,,87200,https://www.a-slot.com/SHOP/yamasa72.html,,
お取り寄せ商品 青の祓魔師,,オリンピア,1,是,47700,47700,0,0.0,A-SLOT,,,47700,https://www.a-slot.com/SHOP/heiwa214.html,,
はぐれ刑事純情派 枠名 黒船,P,ニューギン,1,否,65300,65300,0,0.0,ホームスロット,65300,https://home-slot.net/SHOP/p-newgin260.html,,,,
もっと楽シーサー25Φ 赤パネル,,SANKYO,1,否,64724,64724,0,0.0,ホームスロット,64724,https://home-slot.net/SHOP/s-sankyo24.html,,,,
アイドルマスター ライブイン,,Sammy,1,是,64100,64100,0,0.0,A-SLOT,,,64100,https://www.a-slot.com/SHOP/sammy82.html,,
アイムジャグラーEX グリーン,5号機,北電子,1,否,98500,98500,0,0.0,ホームスロット,98500,https://home-slot.net/SHOP/s-kitadensi21.html,,,,
アイムジャグラーEX ピンク,5号機,北電子,1,否,98500,98500,0,0.0,ホームスロット,98500,https://home-slot.net/SHOP/s-kiradenshi14.html,,,,
アークテクニコ アニマル 茶色,,,1,否,92299,92299,0,0.0,ホームスロット,92299,https://home-slot.net/SHOP/s-ark4.html,,,,
アミューズメント ボンバーガール,,KONAMI,1,否,41500,41500,0,0.0,ホームスロット,41500,https://home-slot.net/SHOP/s-konami212.html,,,,
エマ ビッグアンドスモールA,4号機,,1,否,40500,40500,0,0.0,A-SLOT,,,40500,https://www.a-slot.com/SHOP/ema_bigandsmalla_kasugai.html,,
オオタコスロ2 2ch対応,4号機,エレコ,1,否,76500,76500,0,0.0,A-SLOT,,,76500,https://www.a-slot.com/SHOP/eleco_ootacoslot.html,,
カウボーイビバップ 枠色不問,,オリンピア,1,否,35100,35100,0,0.0,ホームスロット,35100,https://home-slot.net/SHOP/s-heiwa111.html,,,,
グレートキングハナハナ 30,,パイオニア,1,否,104800,104800,0,0.0,ホームスロット,104800,https://home-slot.net/SHOP/s-pioneer43.html,,,,
コードギアス 反逆のルルーシュ,,Sammy,1,是,50100,50100,0,0.0,A-SLOT,,,50100,https://www.a-slot.com/SHOP/sammy80.html,,
ゴーストラッシュ 2ch対応,4号機,ユニバーサル,1,否,37850,37850,0,0.0,A-SLOT,,,37850,https://www.a-slot.com/SHOP/univerasal3.html,,
サボハニ 超ギラギラ爺サマー,,,1,否,35100,35100,0,0.0,ホームスロット,35100,https://home-slot.net/SHOP/s-sabohani205.html,,,,
ジェイビー CRマジカペJX,,,1,否,92400,92400,0,0.0,ホームスロット,92400,https://home-slot.net/SHOP/p-jb4.html,,,,
スカイガールズ~ゼロ ふたたび~,,高砂,1,是,57800,57800,0,0.0,A-SLOT,,,57800,https://www.a-slot.com/SHOP/takasago14.html,,
スーパービンゴネオクラシック,,ベルコ,1,是,67900,67900,0,0.0,A-SLOT,,,67900,https://www.a-slot.com/SHOP/s-bellco211.html,,
スーパープラネットデラックス,,山佐,1,否,35100,35100,0,0.0,ホームスロット,35100,https://home-slot.net/SHOP/s-yamasa126.html,,,,
スペシャルジャックポット,,岡崎産業,1,是,51500,51500,0,0.0,A-SLOT,,,51500,https://www.a-slot.com/SHOP/okazaki5.html,,
スマート沖スロ スターハナハナ,スマスロ,パイオニア,1,是,88500,88500,0,0.0,ホームスロット,88500,https://home-slot.net/SHOP/s-pioneer227.html,,,,
タイヨーエレック CR嘘喰い,,,1,否,122300,122300,0,0.0,ホームスロット,122300,https://home-slot.net/SHOP/p-taiyo48.html,,,,
テイルズオブシンフォニア,,北電子,1,是,52700,52700,0,0.0,A-SLOT,,,52700,https://www.a-slot.com/SHOP/kitadensi83.html,,
トリビー スーパーマジカルセブン,,,1,是,51500,51500,0,0.0,A-SLOT,,,51500,https://www.a-slot.com/SHOP/trivy6.html,,
ドラゴンハナハナ~閃光~ 30,,パイオニア,1,否,41500,41500,0,0.0,ホームスロット,41500,https://home-slot.net/SHOP/s-pioneer18.html,,,,
ニイガタ電子 リッジレーサー2,,山佐,1,否,34196,34196,0,0.0,A-SLOT,,,34196,https://www.a-slot.com/SHOP/yamasa47.html,,
ニューアイムジャグラーEX C,,北電子,1,是,146500,146500,0,0.0,A-SLOT,,,146500,https://www.a-slot.com/SHOP/kitadensi45.html,,
ニューアーク ワイルドキャッツ,,,1,否,40708,40708,0,0.0,ホームスロット,40708,https://home-slot.net/SHOP/s-sonota_4.html,,,,
ニューパルサー エボリューション,,山佐,1,否,41500,41500,0,0.0,ホームスロット,41500,https://home-slot.net/SHOP/s-yamasa41.html,,,,
ネクスト ニューパルサーDX3,,山佐,1,否,35100,35100,0,0.0,ホームスロット,35100,https://home-slot.net/SHOP/s-yamasa220.html,,,,
バルテック ナナイロサンゴ,S,,1,否,55000,55000,0,0.0,A-SLOT,,,55000,https://www.a-slot.com/SHOP/s-baltec205.html,,
バルテック 沖ワニマル 30,,,1,否,40200,40200,0,0.0,ホームスロット,40200,https://home-slot.net/SHOP/s-baltec204.html,,,,
パオン ディーピー いろはに愛姫,,,1,否,54100,54100,0,0.0,ホームスロット,54100,https://home-slot.net/SHOP/s-paon200.html,,,,
ビスティ CR料理の鉄人V,,,1,否,49371,49371,0,0.0,ホームスロット,49371,https://home-slot.net/SHOP/p-bisty8.html,,,,
ファイナルジャグラー グリーン,,北電子,1,否,28742,28742,0,0.0,ホームスロット,28742,https://home-slot.net/SHOP/s-kitadenshi18.html,,,,
フィーバースーパー戦隊S 枠色不問,P,SANKYO,1,否,52600,52600,0,0.0,ホームスロット,52600,https://home-slot.net/SHOP/p-sankyo215.html,,,,
フィーバーマクロスΔF 枠色不問,P,SANKYO,1,否,59000,59000,0,0.0,ホームスロット,59000,https://home-slot.net/SHOP/p-sankyo222.html,,,,
ボンバーパワフル 新パネル2,4号機,SANKYO,1,否,32717,32717,0,0.0,A-SLOT,,,32717,https://www.a-slot.com/SHOP/sankyo86.html,,
マックスアライド 櫻 サクラ,4号機,,1,是,55000,55000,0,0.0,A-SLOT,,,55000,https://www.a-slot.com/SHOP/maxaride_sakura_kasugai.html,,
マルホン P TENRYU 7,,,1,否,52600,52600,0,0.0,ホームスロット,52600,https://home-slot.net/SHOP/p-maruhon216.html,,,,
マルホン 沖7し~さ~ば~じょん,P,,1,否,65300,65300,0,0.0,ホームスロット,65300,https://home-slot.net/SHOP/p-maruhon209.html,,,,
マルホン 真シャカRUSH,P,,1,否,59000,59000,0,0.0,ホームスロット,59000,https://home-slot.net/SHOP/p-maruhon207.html,,,,
モンキーターンV 新女王パネル,スマスロ,山佐,1,是,258800,258800,0,0.0,ホームスロット,258800,https://home-slot.net/SHOP/s-yamasa241.html,,,,
モンスターハンター ワールドYM,,エンターライズ,1,是,35100,35100,0,0.0,ホームスロット,35100,https://home-slot.net/SHOP/s-enta204.html,,,,
ルパン三世~消されたルパン~,,オリンピア,1,否,68500,68500,0,0.0,ホームスロット,68500,https://home-slot.net/SHOP/s-heiwa134.html,,,,
交響詩篇エウレカセブン2,,Sammy,1,否,83500,83500,0,0.0,ホームスロット,83500,https://home-slot.net/SHOP/s-sammy101.html,,,,
初代 北斗の拳 バトルパネル,4号機,Sammy,1,是,135000,135000,0,0.0,A-SLOT,,,135000,https://www.a-slot.com/SHOP/sammy34.html,,
北斗の拳8 救世主 枠名 闘神,P,Sammy,1,否,52600,52600,0,0.0,ホームスロット,52600,https://home-slot.net/SHOP/p-sammy226.html,,,,
北斗の拳 世紀末救世主伝説,,Sammy,1,否,89800,89800,0,0.0,ホームスロット,89800,https://home-slot.net/SHOP/s-sammy77.html,,,,
北斗の拳 強敵 LT 枠名 真焔,P,Sammy,1,是,101000,101000,0,0.0,ホームスロット,101000,https://home-slot.net/SHOP/p-sammy243.html,,,,
南国育ち 25 ビキニパネル,4号機,オリンピア,1,是,135000,135000,0,0.0,A-SLOT,,,135000,https://www.a-slot.com/SHOP/heiwa18.html,,
愛喜 CRAコスモパニック,,,1,否,65300,65300,0,0.0,ホームスロット,65300,https://home-slot.net/SHOP/p-aiki01.html,,,,
戦国乙女3~天剣を継ぐもの~,,平和,1,否,60500,60500,0,0.0,ホームスロット,60500,https://home-slot.net/SHOP/s-heiwa211.html,,,,
新日本プロレスまでもが 機,,平和,1,否,68500,68500,0,0.0,ホームスロット,68500,https://home-slot.net/SHOP/s-heiwa3.html,,,,
真 黄門ちゃま ライトミドル,P,平和,1,否,92400,92400,0,0.0,ホームスロット,92400,https://home-slot.net/SHOP/p-heiwa220.html,,,,
西陣 CRおばけらんどGL,,,1,否,52600,52600,0,0.0,ホームスロット,52600,https://home-slot.net/SHOP/p-nishijinn121.html,,,,
西陣 CRゴールデンゲートMA,,,1,否,52600,52600,0,0.0,ホームスロット,52600,https://home-slot.net/SHOP/p-nishijinn79.html,,,,
西陣 CR春一番MA~GO楽~,,,1,否,38472,38472,0,0.0,ホームスロット,38472,https://home-slot.net/SHOP/p-nishijinn44.html,,,,
西陣 CR花満開~天ノ舞~GL,,,1,否,65300,65300,0,0.0,ホームスロット,65300,https://home-slot.net/SHOP/p-nishijinn118.html,,,,
西陣 CR金の花満開ZX2,,,1,否,52600,52600,0,0.0,ホームスロット,52600,https://home-slot.net/SHOP/p-nishijinn214.html,,,,
西陣 P V王 GLC 枠色不問,,,1,否,52600,52600,0,0.0,ホームスロット,52600,https://home-slot.net/SHOP/p-nishijinn224.html,,,,
西陣 春一番~花札昇舞~GLB,P,,1,否,71600,71600,0,0.0,ホームスロット,71600,https://home-slot.net/SHOP/p-nishijinn226.html,,,,
豊丸 ロードファラオ~神の一撃~,P,,1,否,52600,52600,0,0.0,ホームスロット,52600,https://home-slot.net/SHOP/p-toyomaru203.html,,,,
電撃あらっ太郎 2ch対応,4号機,高砂,1,否,76500,76500,0,0.0,A-SLOT,,,76500,https://www.a-slot.com/SHOP/takasago_dengekiarattarou_kasugai.html,,
頭文字D 枠名 真焔 頭文字D,P,Sammy,1,否,42700,42700,0,0.0,ホームスロット,42700,https://home-slot.net/SHOP/p-sammy234.html,,,,
高尾 CRライディーン 女神篇,,,1,否,49371,49371,0,0.0,ホームスロット,49371,https://home-slot.net/SHOP/p-takao25.html,,,,
高尾 CRワシズ閻魔の闘牌,,,1,否,52600,52600,0,0.0,ホームスロット,52600,https://home-slot.net/SHOP/p-takao79.html,,,,
鬼浜爆走紅蓮隊 激闘謳歌編,,ベルコ,1,否,35100,35100,0,0.0,ホームスロット,35100,https://home-slot.net/SHOP/s-bellco209.html,,,,
3×3EYESl~聖魔覚醒~,,大都技研,1,否,74900,74900,0,0.0,ホームスロット,74900,https://home-slot.net/SHOP/s-daitogiken59.html,,,,
CRA羽根らんま1 2R,,SANKYO,1,否,52600,52600,0,0.0,ホームスロット,52600,https://home-slot.net/SHOP/p-sankyo112.html,,,,
CRデビルメイクライ4,,メーシー,1,是,52600,52600,0,0.0,ホームスロット,52600,https://home-slot.net/SHOP/p-macy200.html,,,,
CRフィーバースター ウォーズR,,SANKYO,1,否,154800,154800,0,0.0,ホームスロット,154800,https://home-slot.net/SHOP/p-sankyo99.html,,,,
CRフルーツパンチAM F,,大一,1,否,52600,52600,0,0.0,ホームスロット,52600,https://home-slot.net/SHOP/p-daiichi98.html,,,,
CR化物語 LV 枠名 転生,,Sammy,1,否,92400,92400,0,0.0,ホームスロット,92400,https://home-slot.net/SHOP/p-sammy66.html,,,,
CR吉宗4 天昇飛躍の極,,大都技研,1,否,52600,52600,0,0.0,ホームスロット,52600,https://home-slot.net/SHOP/p-daito24.html,,,,
CR大奥~繚乱の花戦~N T,,ニューギン,1,是,59000,59000,0,0.0,ホームスロット,59000,https://home-slot.net/SHOP/p-newgin126.html,,,,
CR楽園むすめH5 TX,,ニューギン,1,否,52600,52600,0,0.0,ホームスロット,52600,https://home-slot.net/SHOP/p-newgin96.html,,,,
CR真 花の慶次M2 K1,,ニューギン,1,否,86000,86000,0,0.0,ホームスロット,86000,https://home-slot.net/SHOP/p-newgin132.html,,,,
CR花の慶次~愛H2 VG,,ニューギン,1,否,38539,38539,0,0.0,ホームスロット,38539,https://home-slot.net/SHOP/p-newgin62.html,,,,
CR花の慶次~焔L2 VX,,ニューギン,1,否,111100,111100,0,0.0,ホームスロット,111100,https://home-slot.net/SHOP/p-newgin68.html,,,,
CR花の慶次~焔L5 KX,,ニューギン,1,否,72185,72185,0,0.0,ホームスロット,72185,https://home-slot.net/SHOP/p-newgin77.html,,,,
IGT ウイニングポスト,4号機,,1,否,20158,20158,0,0.0,A-SLOT,,,20158,https://www.a-slot.com/SHOP/igt19.html,,
JFJ リング 恐襲ノ連鎖,S,,1,否,41500,41500,0,0.0,ホームスロット,41500,https://home-slot.net/SHOP/s-jfj200.html,,,,
JFJ 緋弾のアリアII,,,1,是,40100,40100,0,0.0,ホームスロット,40100,https://home-slot.net/SHOP/s-jfj201.html,,,,
JPS ロケットパニック,,,1,否,28742,28742,0,0.0,ホームスロット,28742,https://home-slot.net/SHOP/s-jps22.html,,,,
KPE がんばれゴエモン,,,1,否,54100,54100,0,0.0,ホームスロット,54100,https://home-slot.net/SHOP/s-kpe12.html,,,,
KPE 麻雀格闘倶楽部2,,,1,否,41500,41500,0,0.0,ホームスロット,41500,https://home-slot.net/SHOP/s-kpe56.html,,,,
NET 蛇喰夢子という女,,,1,否,73500,73500,0,0.0,ホームスロット,73500,https://home-slot.net/SHOP/s-net216.html,,,,
NET 賞金首Angel,スマスロ,,1,否,86100,86100,0,0.0,ホームスロット,86100,https://home-slot.net/SHOP/s-net221.html,,,,
PA押忍!番長2 枠色不問,,大都技研,1,是,70300,70300,0,0.0,ホームスロット,70300,https://home-slot.net/SHOP/p-daito202.html,,,,
P JAWS3 LIGHT,,平和,1,是,107000,107000,0,0.0,ホームスロット,107000,https://home-slot.net/SHOP/p-heiwa225.html,,,,
お取り寄せ商品 まつりば!,,大都技研,1,是,51500,51500,0,0.0,A-SLOT,,,51500,https://www.a-slot.com/SHOP/daitogiken55.html,,
お取り寄せ商品 カイジ2,,ロデオ,1,是,64100,64100,0,0.0,A-SLOT,,,64100,https://www.a-slot.com/SHOP/rodeo20.html,,
お取り寄せ商品 ピンポン,,SANYO,1,是,84900,84900,0,0.0,A-SLOT,,,84900,https://www.a-slot.com/SHOP/sanyo4.html,,
お取り寄せ商品 戦国†恋姫,,藤商事,1,否,133500,133500,0,0.0,A-SLOT,,,133500,https://www.a-slot.com/SHOP/s-fuji207.html,,
お取り寄せ商品 政宗 戦極,,大都技研,1,是,57800,57800,0,0.0,A-SLOT,,,57800,https://www.a-slot.com/SHOP/s-daito209.html,,
お取り寄せ商品 楽園追放,,Sammy,1,是,51500,51500,0,0.0,A-SLOT,,,51500,https://www.a-slot.com/SHOP/sammy214.html,,
お取り寄せ商品 花火絶景,,ミズホ,1,是,50100,50100,0,0.0,A-SLOT,,,50100,https://www.a-slot.com/SHOP/s-mizuho-macy214.html,,
お取り寄せ商品 貞子3D,,ニューギン,1,是,78500,78500,0,0.0,A-SLOT,,,78500,https://www.a-slot.com/SHOP/newgin34.html,,
だるまっしゅ2 枠名 黒船,P,ニューギン,1,否,52600,52600,0,0.0,ホームスロット,52600,https://home-slot.net/SHOP/p-newgin262.html,,,,
ぼのぼの ~スウィートver.~,,山佐,1,否,35851,35851,0,0.0,ホームスロット,35851,https://home-slot.net/SHOP/s-yamasa64.html,,,,
めぞん一刻 メインパネル,,オリンピア,1,否,35100,35100,0,0.0,ホームスロット,35100,https://home-slot.net/SHOP/s-heiwa96.html,,,,
アイムジャグラー7 グリーン,,北電子,1,是,110500,110500,0,0.0,A-SLOT,,,110500,https://www.a-slot.com/SHOP/kitadensi24.html,,
アイムジャグラーAPEX,,北電子,1,是,62800,62800,0,0.0,A-SLOT,,,62800,https://www.a-slot.com/SHOP/kitadensi204.html,,
アイムジャグラーEX AE,,北電子,1,否,50800,50800,0,0.0,ホームスロット,50800,https://home-slot.net/SHOP/s-kitadenshi86.html,,,,
アピールプレート DAY 店 A,,,1,否,72000,72000,0,0.0,A-SLOT,,,72000,https://www.a-slot.com/SHOP/plate_slot-day.html,,
アピールプレート ザ 対決 店 A,,,1,否,72000,72000,0,0.0,A-SLOT,,,72000,https://www.a-slot.com/SHOP/plate_taiketsu.html,,
アピールプレート 決戦日 店 A,,,1,否,72000,72000,0,0.0,A-SLOT,,,72000,https://www.a-slot.com/SHOP/plate_battle.html,,
アピールプレート 設定4 店 A,,,1,否,72000,72000,0,0.0,A-SLOT,,,72000,https://www.a-slot.com/SHOP/plate_settei4.html,,
アピールプレート 設定5 店 A,,,1,否,72000,72000,0,0.0,A-SLOT,,,72000,https://www.a-slot.com/SHOP/plate_settei5.html,,
アピールプレート 設定6 店 A,,,1,否,72000,72000,0,0.0,A-SLOT,,,72000,https://www.a-slot.com/SHOP/plate_settei6.html,,
アミューズメント 武装神姫,,KONAMI,1,否,52800,52800,0,0.0,ホームスロット,52800,https://home-slot.net/SHOP/s-konami217.html,,,,
アムテックス バハマ30,S,,1,否,47800,47800,0,0.0,ホームスロット,47800,https://home-slot.net/SHOP/s-amt214.html,,,,
アルゼ ゲッターマウス7R,,,1,否,41500,41500,0,0.0,ホームスロット,41500,https://home-slot.net/SHOP/s-eleco26.html,,,,
アントニオ猪木自身が 機,,平和,1,否,46667,46667,0,0.0,ホームスロット,46667,https://home-slot.net/SHOP/s-heiwa8.html,,,,
オーイズミ ハネスロナイツ,,,1,否,28742,28742,0,0.0,ホームスロット,28742,https://home-slot.net/SHOP/s-oizumi16.html,,,,
ガメラZS メインパネル,,ロデオ,1,否,78500,78500,0,0.0,A-SLOT,,,78500,https://www.a-slot.com/SHOP/rodeo25.html,,
ガールズ&パンツァー ガルパン,,オリンピア,1,否,87500,87500,0,0.0,ホームスロット,87500,https://home-slot.net/SHOP/s-heiwa125.html,,,,
ガンスリンガーストラトス,P,大都技研,1,是,64000,64000,0,0.0,ホームスロット,64000,https://home-slot.net/SHOP/p-daito203.html,,,,
キャッツ アイ 恋ふたたび,,オリンピア,1,否,68500,68500,0,0.0,ホームスロット,68500,https://home-slot.net/SHOP/s-heiwa75.html,,,,
キュインハナチャン 25,,ニューギン,1,否,35100,35100,0,0.0,ホームスロット,35100,https://home-slot.net/SHOP/s-newgin32.html,,,,
キュインハナチャン 30,,ニューギン,1,否,68500,68500,0,0.0,ホームスロット,68500,https://home-slot.net/SHOP/s-newgin33.html,,,,
ケロット ~スウィートver.~,,山佐,1,否,35100,35100,0,0.0,ホームスロット,35100,https://home-slot.net/SHOP/s-yamasa56.html,,,,
ゴールデンベル 2ch対応,4号機,ベルコ,1,否,69300,69300,0,0.0,A-SLOT,,,69300,https://www.a-slot.com/SHOP/belco_goldenbell_kasugai.html,,
サクラ大戦 夜桜バージョン,,エレコ,1,否,64100,64100,0,0.0,A-SLOT,,,64100,https://www.a-slot.com/SHOP/eleco6_sakurataisenyozakura.html,,
サボハニ バンバンクロス,,,1,否,41500,41500,0,0.0,ホームスロット,41500,https://home-slot.net/SHOP/s-sabohani200.html,,,,
サンダーバード3 2ch対応,4号機,藤商事,1,否,69800,69800,0,0.0,A-SLOT,,,69800,https://www.a-slot.com/SHOP/fuji15.html,,
ジェイビー フィーバークィーン2,P,,1,是,59000,59000,0,0.0,ホームスロット,59000,https://home-slot.net/SHOP/p-jb207.html,,,,
ジェイビー フィーバーパワフル,P,,1,否,59000,59000,0,0.0,ホームスロット,59000,https://home-slot.net/SHOP/p-jb212.html,,,,
タンゴブラザー 2ch対応,4号機,高砂,1,否,49500,49500,0,0.0,A-SLOT,,,49500,https://www.a-slot.com/SHOP/abilit_tangobrother_kasugai.html,,
テイルズ オブ デスティニー,,北電子,1,否,41500,41500,0,0.0,ホームスロット,41500,https://home-slot.net/SHOP/s-kitadenshi62.html,,,,
ディ ライト 薄桜鬼蒼焔録,,,1,否,49100,49100,0,0.0,ホームスロット,49100,https://home-slot.net/SHOP/s-dlight_9.html,,,,
デッドマン ワンダーランド,,北電子,1,否,98500,98500,0,0.0,ホームスロット,98500,https://home-slot.net/SHOP/s-kitadenshi75.html,,,,
デビルマンII 悪魔復活,,エレコ,1,否,47800,47800,0,0.0,ホームスロット,47800,https://home-slot.net/SHOP/s-eleco29.html,,,,
デビルメイクライ クロス,,エンターライズ,1,否,35100,35100,0,0.0,ホームスロット,35100,https://home-slot.net/SHOP/s-enta14.html,,,,
ニイガタ電子 リッジレーサー,,山佐,1,否,45100,45100,0,0.0,A-SLOT,,,45100,https://www.a-slot.com/SHOP/yamasa51.html,,
ハイビスカス 2ch対応,4号機,大一,1,否,45100,45100,0,0.0,A-SLOT,,,45100,https://www.a-slot.com/SHOP/daiichi9.html,,
ハッピージャグラーVIII,,北電子,1,否,47800,47800,0,0.0,ホームスロット,47800,https://home-slot.net/SHOP/s-kitadenshi64.html,,,,
バジリスク~甲賀忍法帖~2,P,メーシー,1,是,65300,65300,0,0.0,ホームスロット,65300,https://home-slot.net/SHOP/p-macy207.html,,,,
パル工業 スフィンクス7,,,1,否,138000,138000,0,0.0,A-SLOT,,,138000,https://www.a-slot.com/SHOP/palkogyo_sphinks7_kasugai.html,,
ビスティ ロッキーバルボア,,,1,否,28999,28999,0,0.0,ホームスロット,28999,https://home-slot.net/SHOP/s-sankyo65.html,,,,
ビスティ 夜王 2ch対応,,,1,否,78500,78500,0,0.0,A-SLOT,,,78500,https://www.a-slot.com/SHOP/sankyo60.html,,
ビスティ 鉄拳 極 枠色不問,,,1,是,52600,52600,0,0.0,ホームスロット,52600,https://home-slot.net/SHOP/p-bisty204.html,,,,
フィーバートータル イクリプス,P,SANKYO,1,否,59000,59000,0,0.0,ホームスロット,59000,https://home-slot.net/SHOP/p-sankyo226.html,,,,
ブロス ファミスタ回胴版!!,,ユニバーサル,1,是,40100,40100,0,0.0,ホームスロット,40100,https://home-slot.net/SHOP/s-univerasal202.html,,,,
プレミアムハナハナ 30,,パイオニア,1,否,59200,59200,0,0.0,ホームスロット,59200,https://home-slot.net/SHOP/s-pioneer203.html,,,,
ベルセルク無双 枠名 黒船,P,ニューギン,1,否,59000,59000,0,0.0,ホームスロット,59000,https://home-slot.net/SHOP/p-newgin246.html,,,,
ボンバーパワフル 新パネル,4号機,SANKYO,1,否,40500,40500,0,0.0,A-SLOT,,,40500,https://www.a-slot.com/SHOP/sankyo85.html,,
マクロスフロンティア2,,SANKYO,1,否,98500,98500,0,0.0,ホームスロット,98500,https://home-slot.net/SHOP/s-sankyo76.html,,,,
マルホン CR銀と金2A,,,1,否,38269,38269,0,0.0,ホームスロット,38269,https://home-slot.net/SHOP/p-maruhon27.html,,,,
マルホン CR銀と金 MX,,,1,否,38472,38472,0,0.0,ホームスロット,38472,https://home-slot.net/SHOP/p-maruhon20.html,,,,
マルホン P D CLOCK,,,1,否,86000,86000,0,0.0,ホームスロット,86000,https://home-slot.net/SHOP/p-maruhon204.html,,,,
マルホン 沖7 BLACK,P,,1,否,52600,52600,0,0.0,ホームスロット,52600,https://home-slot.net/SHOP/p-maruhon202.html,,,,
モンキーターンV 連旋パネル,スマスロ,山佐,1,否,275000,275000,0,0.0,ホームスロット,275000,https://home-slot.net/SHOP/s-yamasa245.html,,,,
モンキーターンV 青島パネル,スマスロ,山佐,1,否,98500,98500,0,0.0,ホームスロット,98500,https://home-slot.net/SHOP/s-yamasa70.html,,,,
モンキーターン メインパネル,,山佐,1,否,98500,98500,0,0.0,ホームスロット,98500,https://home-slot.net/SHOP/s-yamasa63.html,,,,
ヤーマ LBジャックポット,スマスロ,,1,否,309100,309100,0,0.0,ホームスロット,309100,https://home-slot.net/SHOP/s-yama204.html,,,,
主役は銭形 不二子 Ver,4号機,平和,1,是,99800,99800,0,0.0,A-SLOT,,,99800,https://www.a-slot.com/SHOP/heiwa13.html,,
初代 北斗の拳 宿命パネル,4号機,Sammy,1,是,137000,137000,0,0.0,A-SLOT,,,137000,https://www.a-slot.com/SHOP/sammy35.html,,
初代 北斗の拳 拳王ラオウ,4号機,Sammy,1,是,135000,135000,0,0.0,A-SLOT,,,135000,https://www.a-slot.com/SHOP/sammy10.html,,
化物語 始マリノ刻パネル,,Sammy,1,是,98500,98500,0,0.0,A-SLOT,,,98500,https://www.a-slot.com/SHOP/sammy105.html,,
北斗の拳8 覇王 枠名 闘神,P,Sammy,1,否,55200,55200,0,0.0,ホームスロット,55200,https://home-slot.net/SHOP/p-sammy213.html,,,,
北斗の拳 暴凶星 枠名 真焔,P,Sammy,1,是,52600,52600,0,0.0,ホームスロット,52600,https://home-slot.net/SHOP/p-sammy238.html,,,,
南国物語SPECIAL,,オリンピア,1,否,89800,89800,0,0.0,ホームスロット,89800,https://home-slot.net/SHOP/s-heiwa133.html,,,,
南国育ちR2 パネル不問,,オリンピア,1,否,35100,35100,0,0.0,ホームスロット,35100,https://home-slot.net/SHOP/s-heiwa19_1.html,,,,
南国育ちスペシャル30,,オリンピア,1,否,43458,43458,0,0.0,ホームスロット,43458,https://home-slot.net/SHOP/s-heiwa61.html,,,,
大東音響 ザンガスSP1,4号機,,1,否,40500,40500,0,0.0,A-SLOT,,,40500,https://www.a-slot.com/SHOP/daitoonkyo_zangassp1_kasugai.html,,
宇宙戦艦ヤマト2199,,Sammy,1,否,35100,35100,0,0.0,ホームスロット,35100,https://home-slot.net/SHOP/s-sammy129.html,,,,
対魔導学園35試験小隊,,平和,1,是,51500,51500,0,0.0,A-SLOT,,,51500,https://www.a-slot.com/SHOP/heiwa210.html,,
押忍!番長3 メインパネル,,大都技研,1,是,54100,54100,0,0.0,ホームスロット,54100,https://home-slot.net/SHOP/s-daitogiken61.html,,,,
押忍!番長4 メインパネル,スマスロ,大都技研,1,是,53100,53100,0,0.0,A-SLOT,,,53100,https://www.a-slot.com/SHOP/s-daito214.html,,
新 ドロンジョにおまかせ,,オリンピア,1,否,68500,68500,0,0.0,ホームスロット,68500,https://home-slot.net/SHOP/s-heiwa76.html,,,,
新鬼武者 再臨 2ch対応,,ロデオ,1,是,99800,99800,0,0.0,A-SLOT,,,99800,https://www.a-slot.com/SHOP/rodeo46.html,,
燃えよ!功夫淑女ドラゴン,,山佐,1,否,47800,47800,0,0.0,ホームスロット,47800,https://home-slot.net/SHOP/s-yamasa134.html,,,,
百花繚乱 サムライガールズ,,エンターライズ,1,否,35100,35100,0,0.0,ホームスロット,35100,https://home-slot.net/SHOP/s-enta205.html,,,,
秘宝伝~太陽を求める者達~,,大都技研,1,否,54100,54100,0,0.0,ホームスロット,54100,https://home-slot.net/SHOP/s-daitogiken44.html,,,,
西陣 CRA恋姫夢想GL,,,1,否,65300,65300,0,0.0,ホームスロット,65300,https://home-slot.net/SHOP/p-nishijinn124.html,,,,
西陣 CRA春一番GLA,,,1,否,52600,52600,0,0.0,ホームスロット,52600,https://home-slot.net/SHOP/p-nishijinn43.html,,,,
西陣 CRキカイダー01 F,,,1,否,52158,52158,0,0.0,ホームスロット,52158,https://home-slot.net/SHOP/p-nishijinn5.html,,,,
西陣 CR舞 HiME ZB,,,1,否,49015,49015,0,0.0,ホームスロット,49015,https://home-slot.net/SHOP/p-nishijinn26.html,,,,
西陣 CR花満開 極上FB,,,1,否,86000,86000,0,0.0,ホームスロット,86000,https://home-slot.net/SHOP/p-nishijinn48.html,,,,
西陣 CR花満開 極上GL,,,1,否,52600,52600,0,0.0,ホームスロット,52600,https://home-slot.net/SHOP/p-nishijinn51.html,,,,
西陣 CR豪血寺一族FA,,,1,否,49015,49015,0,0.0,ホームスロット,49015,https://home-slot.net/SHOP/p-nishijinn37.html,,,,
西陣 おばけらんど怪XA,P,,1,是,59000,59000,0,0.0,ホームスロット,59000,https://home-slot.net/SHOP/p-nishijinn228.html,,,,
西陣 モモキュンソードDX,S,,1,否,47800,47800,0,0.0,ホームスロット,47800,https://home-slot.net/SHOP/s-nisijin201.html,,,,
豊丸 CR餃子の王将 M2,,,1,否,54666,54666,0,0.0,ホームスロット,54666,https://home-slot.net/SHOP/p-toyomaru11.html,,,,
豊丸 PAウイニングボール,,,1,否,65300,65300,0,0.0,ホームスロット,65300,https://home-slot.net/SHOP/p-toyomaru222.html,,,,
銀座 回胴黙示録カイジ~沼~,,,1,否,41500,41500,0,0.0,ホームスロット,41500,https://home-slot.net/SHOP/s-ginza206.html,,,,
銀座 蒼天の拳 羅龍 枠名 誓,スマパチ,,1,是,52600,52600,0,0.0,ホームスロット,52600,https://home-slot.net/SHOP/p-ginza227.html,,,,
高尾 CRグレムリン XF,,,1,否,49015,49015,0,0.0,ホームスロット,49015,https://home-slot.net/SHOP/p-takao3.html,,,,
高尾 CRダークフォースM3,,,1,否,71600,71600,0,0.0,ホームスロット,71600,https://home-slot.net/SHOP/p-takao90.html,,,,
高尾 CRベノムの逆襲M,,,1,否,44074,44074,0,0.0,ホームスロット,44074,https://home-slot.net/SHOP/p-takao22.html,,,,
高尾 CR貞子3D WXA,,,1,否,261100,261100,0,0.0,ホームスロット,261100,https://home-slot.net/SHOP/p-takao77.html,,,,
高尾 女神ドリーム 枠色不問,P,,1,否,55200,55200,0,0.0,ホームスロット,55200,https://home-slot.net/SHOP/p-takao234.html,,,,
2号機 大東音響 ベンハー,,,1,否,79300,79300,0,0.0,A-SLOT,,,79300,https://www.a-slot.com/SHOP/daitoonkyo_benhur_kasugai.html,,
3号機 スーパープラネット,,山佐,1,否,71876,71876,0,0.0,ホームスロット,71876,https://home-slot.net/SHOP/s-yamasa19.html,,,,
3号機 尚球社 ミラクル,,岡崎産業,1,是,76500,76500,0,0.0,A-SLOT,,,76500,https://www.a-slot.com/SHOP/okazaki_miracle_kasugai.html,,
CRA楽園むすめN K,,ニューギン,1,否,52600,52600,0,0.0,ホームスロット,52600,https://home-slot.net/SHOP/p-newgin94.html,,,,
CRF倖田來未 MF T,,SANKYO,1,否,86000,86000,0,0.0,ホームスロット,86000,https://home-slot.net/SHOP/p-sankyo4.html,,,,
CRぱちんこ押忍!番長,,大都技研,1,否,86000,86000,0,0.0,ホームスロット,86000,https://home-slot.net/SHOP/p-daito23.html,,,,
CRギルティクラウン,,メーシー,1,否,52600,52600,0,0.0,ホームスロット,52600,https://home-slot.net/SHOP/p-macy6.html,,,,
CRサクラ大戦 FVW,,Sammy,1,否,38539,38539,0,0.0,ホームスロット,38539,https://home-slot.net/SHOP/p-sammy6.html,,,,
CRスーパーマンリターンズ,,大一,1,否,37963,37963,0,0.0,ホームスロット,37963,https://home-slot.net/SHOP/p-daiichi28.html,,,,
CRフィーバーゴルゴ13,,SANKYO,1,否,52600,52600,0,0.0,ホームスロット,52600,https://home-slot.net/SHOP/p-sankyo211.html,,,,
CRフルーツパンチNZ,,大一,1,否,92400,92400,0,0.0,ホームスロット,92400,https://home-slot.net/SHOP/p-daiichi103.html,,,,
CR丹下左膳 NR2 K,,ニューギン,1,否,86000,86000,0,0.0,ホームスロット,86000,https://home-slot.net/SHOP/p-newgin107.html,,,,
CR丹下左膳 S2R K,,ニューギン,1,否,52600,52600,0,0.0,ホームスロット,52600,https://home-slot.net/SHOP/p-newgin103.html,,,,
CR天下一閃1200,,大一,1,否,65300,65300,0,0.0,ホームスロット,65300,https://home-slot.net/SHOP/p-daiichi100.html,,,,
CR天下一閃4500,,大一,1,否,92400,92400,0,0.0,ホームスロット,92400,https://home-slot.net/SHOP/p-daiichi97.html,,,,
CR押忍!ど根性ガエル,,大都技研,1,否,399400,399400,0,0.0,ホームスロット,399400,https://home-slot.net/SHOP/p-daito15.html,,,,
CR未来日記 枠色不問,,ニューギン,1,否,52600,52600,0,0.0,ホームスロット,52600,https://home-slot.net/SHOP/p-newgin208.html,,,,
CR真 花の慶次H4 K,,ニューギン,1,否,75400,75400,0,0.0,ホームスロット,75400,https://home-slot.net/SHOP/p-newgin150.html,,,,
CR真 花の慶次L6 K,,ニューギン,1,否,65300,65300,0,0.0,ホームスロット,65300,https://home-slot.net/SHOP/p-newgin137.html,,,,
CR真 花の慶次N3 K,,ニューギン,1,否,152300,152300,0,0.0,ホームスロット,152300,https://home-slot.net/SHOP/p-newgin147.html,,,,
CR花の慶次~愛H‐VG,,ニューギン,1,否,116000,116000,0,0.0,ホームスロット,116000,https://home-slot.net/SHOP/p-newgin45.html,,,,
CR花の慶次~漢N2 V,,ニューギン,1,否,59600,59600,0,0.0,ホームスロット,59600,https://home-slot.net/SHOP/p-newgin101.html,,,,
CR花の慶次~焔L KX,,ニューギン,1,否,39287,39287,0,0.0,ホームスロット,39287,https://home-slot.net/SHOP/p-newgin80.html,,,,
CR花の慶次~焔N5 K,,ニューギン,1,否,59963,59963,0,0.0,ホームスロット,59963,https://home-slot.net/SHOP/p-newgin82.html,,,,
FAIRY TAIL2,,藤商事,1,否,41500,41500,0,0.0,ホームスロット,41500,https://home-slot.net/SHOP/s-fuji205.html,,,,
IGT 逮捕しちゃうぞ,,,1,否,78500,78500,0,0.0,A-SLOT,,,78500,https://www.a-slot.com/SHOP/igt4.html,,
JPS どんまい!!ちゅ~吉,,,1,否,95234,95234,0,0.0,A-SLOT,,,95234,https://www.a-slot.com/SHOP/jps18.html,,
JPS タイムリミット,,,1,否,38599,38599,0,0.0,ホームスロット,38599,https://home-slot.net/SHOP/s-jps19.html,,,,
KPE グラディウス ザ,,,1,否,35100,35100,0,0.0,ホームスロット,35100,https://home-slot.net/SHOP/s-kpe30.html,,,,
KPE 爆音伝説サクラ,,,1,否,47584,47584,0,0.0,ホームスロット,47584,https://home-slot.net/SHOP/s-kpe23.html,,,,
KPE 麻雀格闘倶楽部,,,1,否,37700,37700,0,0.0,ホームスロット,37700,https://home-slot.net/SHOP/s-kpe47.html,,,,
NET スナイパイ71,,,1,否,41500,41500,0,0.0,ホームスロット,41500,https://home-slot.net/SHOP/s-net204.html,,,,
NET リオデカーニバル,,,1,否,41690,41690,0,0.0,ホームスロット,41690,https://home-slot.net/SHOP/s-net27.html,,,,
NET 十字架600式,,,1,否,46667,46667,0,0.0,ホームスロット,46667,https://home-slot.net/SHOP/s-net33.html,,,,
NET 熊酒場2丁目店,,,1,否,35100,35100,0,0.0,ホームスロット,35100,https://home-slot.net/SHOP/s-net55.html,,,,
PAでかちりラッシュ,,メーシー,1,是,52600,52600,0,0.0,ホームスロット,52600,https://home-slot.net/SHOP/p-macy208.html,,,,
P EXゼウス 枠色不問,,ニューギン,1,否,65300,65300,0,0.0,ホームスロット,65300,https://home-slot.net/SHOP/p-newgin214.html,,,,
PYRAMID EYE,,大都技研,1,否,35100,35100,0,0.0,ホームスロット,35100,https://home-slot.net/SHOP/s-daitogiken206.html,,,,
SNKプレイモア 花盛,,,1,否,47399,47399,0,0.0,ホームスロット,47399,https://home-slot.net/SHOP/s-snk10.html,,,,
うしおととら 雷槍一閃,,大一,1,否,40100,40100,0,0.0,ホームスロット,40100,https://home-slot.net/SHOP/s-daiichi201.html,,,,
おそ松くん 2ch対応,4号機,大一,1,否,36017,36017,0,0.0,A-SLOT,,,36017,https://www.a-slot.com/SHOP/daiichi8.html,,
ぱちスロ テラフォーマーズ,,京楽,1,否,37700,37700,0,0.0,ホームスロット,37700,https://home-slot.net/SHOP/s-kyoraku6.html,,,,
めぞん一刻~夏色の風と~,,オリンピア,1,否,98500,98500,0,0.0,ホームスロット,98500,https://home-slot.net/SHOP/s-heiwa79.html,,,,
アクエリオンEVOL,,SANKYO,1,是,45100,45100,0,0.0,A-SLOT,,,45100,https://www.a-slot.com/SHOP/sankyo96.html,,
アステカレジェンドR,4号機,エレコ,1,否,58500,58500,0,0.0,A-SLOT,,,58500,https://www.a-slot.com/SHOP/eleco68.html,,
アピールプレート Xデー 店 A,,,1,否,72000,72000,0,0.0,A-SLOT,,,72000,https://www.a-slot.com/SHOP/plate_x-day.html,,
アピールプレート 準新 店 A,,,1,否,72000,72000,0,0.0,A-SLOT,,,72000,https://www.a-slot.com/SHOP/plate_jyunshindai.html,,
アリストクラート 怪胴王,,,1,否,65000,65000,0,0.0,A-SLOT,,,65000,https://www.a-slot.com/SHOP/aristocrat_kaidouou.html,,
アルゼ バチヘビノッチ,,,1,否,34108,34108,0,0.0,ホームスロット,34108,https://home-slot.net/SHOP/s-eleco48.html,,,,
アルゼ 花火 2ch対応,4号機,,1,是,84000,84000,0,0.0,A-SLOT,,,84000,https://www.a-slot.com/SHOP/eleco13.html,,
イノキロードトゥゴッド,,ミズホ,1,否,37700,37700,0,0.0,ホームスロット,37700,https://home-slot.net/SHOP/s-mizuho-macy63.html,,,,
エーアイ ブルドッグボス,4号機,,1,否,40500,40500,0,0.0,A-SLOT,,,40500,https://www.a-slot.com/SHOP/daito_bulldogboss_kasugai.html,,
エージェント クライシス,,エレコ,1,否,143400,143400,0,0.0,ホームスロット,143400,https://home-slot.net/SHOP/s-eleco42.html,,,,
オーイズミ ダッシュ勝平,,,1,否,37499,37499,0,0.0,ホームスロット,37499,https://home-slot.net/SHOP/s-oizumi1.html,,,,
カルミナ ハイドラ 30,,,1,否,54100,54100,0,0.0,ホームスロット,54100,https://home-slot.net/SHOP/s-carmina201.html,,,,
キン肉マン 対決パネル,,山佐,1,否,50220,50220,0,0.0,A-SLOT,,,50220,https://www.a-slot.com/SHOP/yamasa20.html,,
クリエーターMKII 30,,北電子,1,否,243658,243658,0,0.0,ホームスロット,243658,https://home-slot.net/SHOP/s-kitadensi35.html,,,,
グレートキングハナハナ,,パイオニア,1,否,102300,102300,0,0.0,ホームスロット,102300,https://home-slot.net/SHOP/s-pioneer44.html,,,,
ゴッドイーター 荒神ver.,,山佐,1,否,47800,47800,0,0.0,ホームスロット,47800,https://home-slot.net/SHOP/s-yamasa117.html,,,,
ゴールドXR 2ch対応,4号機,ミズホ,1,是,108500,108500,0,0.0,A-SLOT,,,108500,https://www.a-slot.com/SHOP/mizuho-macy45.html,,
サクラ大戦~熱き血潮に~,,Sammy,1,否,41500,41500,0,0.0,ホームスロット,41500,https://home-slot.net/SHOP/s-sammy132.html,,,,
サボハニ 牙狼 黄金騎士,S,,1,否,98500,98500,0,0.0,ホームスロット,98500,https://home-slot.net/SHOP/s-sabohani203.html,,,,
サボハニ 秘宝伝Rev.,,,1,否,68500,68500,0,0.0,ホームスロット,68500,https://home-slot.net/SHOP/s-sabohani1.html,,,,
サンサンハナハナ30,,パイオニア,1,否,41500,41500,0,0.0,ホームスロット,41500,https://home-slot.net/SHOP/s-pioneer2.html,,,,
シオサイマックス‐30,,パイオニア,1,否,68500,68500,0,0.0,ホームスロット,68500,https://home-slot.net/SHOP/s-pioneer12.html,,,,
シオラー30 2ch対応,,パイオニア,1,否,110000,110000,0,0.0,A-SLOT,,,110000,https://www.a-slot.com/SHOP/pioneer11.html,,
シティーハンター 枠色不問,,オリンピア,1,否,54100,54100,0,0.0,ホームスロット,54100,https://home-slot.net/SHOP/s-heiwa104.html,,,,
ストライク ザ ブラッド,スマスロ,エンターライズ,1,是,37100,37100,0,0.0,ホームスロット,37100,https://home-slot.net/SHOP/s-enta211.html,,,,
スーハナライジング 30,,パイオニア,1,否,51500,51500,0,0.0,ホームスロット,51500,https://home-slot.net/SHOP/s-pioneer220.html,,,,
スーパージャックポットV,4号機,岡崎産業,1,否,58500,58500,0,0.0,A-SLOT,,,58500,https://www.a-slot.com/SHOP/okazaki_superjackpotv_kasugai.html,,
スーパーミラクルジャグラー,,北電子,1,否,50300,50300,0,0.0,ホームスロット,50300,https://home-slot.net/SHOP/s-kitadenshi84.html,,,,
スーパーラクラクビスカス,,パイオニア,1,否,35100,35100,0,0.0,ホームスロット,35100,https://home-slot.net/SHOP/s-pioneer29.html,,,,
ゼクスイグニッション,,オリンピア,1,是,35100,35100,0,0.0,ホームスロット,35100,https://home-slot.net/SHOP/s-heiwa138.html,,,,
ソレックス 2ch対応,4号機,ユニバーサル,1,否,50400,50400,0,0.0,A-SLOT,,,50400,https://www.a-slot.com/SHOP/universal_solex_kasugai.html,,
タイムレスキュー777,,山佐,1,否,57900,57900,0,0.0,ホームスロット,57900,https://home-slot.net/SHOP/s-yamasa48.html,,,,
タイヨー サンタフェスタ,,,1,否,23549,23549,0,0.0,A-SLOT,,,23549,https://www.a-slot.com/SHOP/taiyo19.html,,
ダイナミックサンダーV,,エレコ,1,否,35100,35100,0,0.0,ホームスロット,35100,https://home-slot.net/SHOP/s-eleco40.html,,,,
ダンベル何キロ持てる?,スマスロ,SANKYO,1,是,35100,35100,0,0.0,ホームスロット,35100,https://home-slot.net/SHOP/s-sankyo229.html,,,,
ディ ライト おそ松くん,,,1,否,35100,35100,0,0.0,ホームスロット,35100,https://home-slot.net/SHOP/s-dlight_11.html,,,,
ドラゴンハナハナ~閃光~,,パイオニア,1,否,673300,673300,0,0.0,ホームスロット,673300,https://home-slot.net/SHOP/s-pioneer224.html,,,,
ナムココレクション2,P,メーシー,1,否,52600,52600,0,0.0,ホームスロット,52600,https://home-slot.net/SHOP/p-macy217.html,,,,
ニューパルサーデラックス,,山佐,1,是,47800,47800,0,0.0,ホームスロット,47800,https://home-slot.net/SHOP/s-yamasa103.html,,,,
ネクスト スーパーリオエース,,山佐,1,是,42700,42700,0,0.0,ホームスロット,42700,https://home-slot.net/SHOP/s-yamasa227.html,,,,
ネクスト スーパーリノSP,,山佐,1,否,35100,35100,0,0.0,ホームスロット,35100,https://home-slot.net/SHOP/s-yamasa222.html,,,,
ノーマルだよ!サブちゃん,,オリンピア,1,否,68500,68500,0,0.0,ホームスロット,68500,https://home-slot.net/SHOP/s-heiwa63.html,,,,
バルテック 美麗 激レア,4号機,,1,否,69800,69800,0,0.0,A-SLOT,,,69800,https://www.a-slot.com/SHOP/baltec11.html,,
ビスティ トゥームレイダー,,,1,否,137300,137300,0,0.0,ホームスロット,137300,https://home-slot.net/SHOP/s-sankyo18.html,,,,
マルホン ゴールデン鳳凰∞,P,,1,否,86000,86000,0,0.0,ホームスロット,86000,https://home-slot.net/SHOP/p-maruhon213.html,,,,
マルホン 天龍∞2400,P,,1,否,65300,65300,0,0.0,ホームスロット,65300,https://home-slot.net/SHOP/p-maruhon201.html,,,,
メールマガジン登録 解除,,,1,是,50000,50000,0,0.0,A-SLOT,,,50000,https://www.a-slot.com/SHOP/mailmag.html,,
ラッキージャックポット,,岡崎産業,1,否,54100,54100,0,0.0,ホームスロット,54100,https://home-slot.net/SHOP/s-okazaki10.html,,,,
三協電子 ラッキーリング,,,1,否,62920,62920,0,0.0,A-SLOT,,,62920,https://www.a-slot.com/SHOP/sankyodenshi1.html,,
不二子~100億$の女神~,,オリンピア,1,否,62200,62200,0,0.0,ホームスロット,62200,https://home-slot.net/SHOP/s-heiwa74.html,,,,
南国育ち 25 蝶パネル,4号機,オリンピア,1,是,135000,135000,0,0.0,A-SLOT,,,135000,https://www.a-slot.com/SHOP/heiwa21.html,,
南国育ち30 蝶パネル,,平和,1,否,45156,45156,0,0.0,ホームスロット,45156,https://home-slot.net/SHOP/s-heiwa24.html,,,,
南国育ちスペシャルZ,,オリンピア,1,否,68500,68500,0,0.0,ホームスロット,68500,https://home-slot.net/SHOP/s-heiwa43.html,,,,
戦国無双 サクラVer,,山佐,1,否,83500,83500,0,0.0,ホームスロット,83500,https://home-slot.net/SHOP/s-yamasa10.html,,,,
烈火の炎3 TYPE R,P,平和,1,否,55200,55200,0,0.0,ホームスロット,55200,https://home-slot.net/SHOP/p-heiwa216.html,,,,
秘宝伝~The Last~,,大都技研,1,否,41500,41500,0,0.0,ホームスロット,41500,https://home-slot.net/SHOP/s-daitogiken57.html,,,,
秘宝伝~封じられた女神~,,大都技研,1,否,59100,59100,0,0.0,ホームスロット,59100,https://home-slot.net/SHOP/s-daitogiken31.html,,,,
西陣 CR GGGG SP,,,1,否,86000,86000,0,0.0,ホームスロット,86000,https://home-slot.net/SHOP/p-nishijinn205.html,,,,
西陣 CRモンキーターン4,,,1,否,52600,52600,0,0.0,ホームスロット,52600,https://home-slot.net/SHOP/p-nishijinn128.html,,,,
西陣 CR恋姫夢想MA,,,1,否,59000,59000,0,0.0,ホームスロット,59000,https://home-slot.net/SHOP/p-nishijinn113.html,,,,
西陣 CR桃剣斬鬼 FA,,,1,否,52600,52600,0,0.0,ホームスロット,52600,https://home-slot.net/SHOP/p-nishijinn130.html,,,,
西陣 CR舞 HiME F,,,1,否,49015,49015,0,0.0,ホームスロット,49015,https://home-slot.net/SHOP/p-nishijinn28.html,,,,
西陣 CR花満開 彩 FD,,,1,否,41121,41121,0,0.0,ホームスロット,41121,https://home-slot.net/SHOP/p-nishijinn41.html,,,,
西陣 CR花満開 極上M,,,1,否,71600,71600,0,0.0,ホームスロット,71600,https://home-slot.net/SHOP/p-nishijinn50.html,,,,
西陣 CR花満開 麗FA,,,1,否,92400,92400,0,0.0,ホームスロット,92400,https://home-slot.net/SHOP/p-nishijinn38.html,,,,
西陣 CR麻王DX SP,,,1,否,52600,52600,0,0.0,ホームスロット,52600,https://home-slot.net/SHOP/p-nishijinn108.html,,,,
西陣 ケロロ軍曹GLA,P,,1,否,86000,86000,0,0.0,ホームスロット,86000,https://home-slot.net/SHOP/p-nishijinn225.html,,,,
覇穹 封神演義 枠名 黒船,P,ニューギン,1,否,116000,116000,0,0.0,ホームスロット,116000,https://home-slot.net/SHOP/p-newgin278.html,,,,
豊丸 CR今日もカツ丼,,,1,否,71600,71600,0,0.0,ホームスロット,71600,https://home-slot.net/SHOP/p-toyomaru200.html,,,,
豊丸 CR悪代官 赤鬼X,,,1,否,86000,86000,0,0.0,ホームスロット,86000,https://home-slot.net/SHOP/p-toyomaru82.html,,,,
鉄拳3rdエンジェル,,山佐,1,否,35100,35100,0,0.0,ホームスロット,35100,https://home-slot.net/SHOP/s-yamasa122.html,,,,
青ドン 葉月のおねだり,,ミズホ,1,否,41809,41809,0,0.0,ホームスロット,41809,https://home-slot.net/SHOP/s-eleco11.html,,,,
黄門ちゃま喝 枠色不問,,オリンピア,1,是,47700,47700,0,0.0,A-SLOT,,,47700,https://www.a-slot.com/SHOP/heiwa112.html,,
2号機 ビッグパルサー,,山佐,1,否,69300,69300,0,0.0,A-SLOT,,,69300,https://www.a-slot.com/SHOP/yamasa_bigpulsar_kasugai.html,,
CRA大江戸学園~神~,,ニューギン,1,否,52600,52600,0,0.0,ホームスロット,52600,https://home-slot.net/SHOP/p-newgin163.html,,,,
CRめぞん一刻~約束~,,平和,1,否,52600,52600,0,0.0,ホームスロット,52600,https://home-slot.net/SHOP/p-heiwa162.html,,,,
CRタイタニック ザ,,大一,1,否,65300,65300,0,0.0,ホームスロット,65300,https://home-slot.net/SHOP/p-daiichi32.html,,,,
CRバイオハザード0,,大一,1,否,86000,86000,0,0.0,ホームスロット,86000,https://home-slot.net/SHOP/p-daiichi80.html,,,,
CRフィーバー真花月G,,SANKYO,1,是,86000,86000,0,0.0,ホームスロット,86000,https://home-slot.net/SHOP/p-sankyo102.html,,,,
CRフィーバー真花月Y,,SANKYO,1,否,86000,86000,0,0.0,ホームスロット,86000,https://home-slot.net/SHOP/p-sankyo114.html,,,,
CRフィーバー覇王伝 零,,SANKYO,1,否,37963,37963,0,0.0,ホームスロット,37963,https://home-slot.net/SHOP/p-sankyo69.html,,,,
CR三國志~英雄集結~,,ニューギン,1,否,116000,116000,0,0.0,ホームスロット,116000,https://home-slot.net/SHOP/p-newgin124.html,,,,
CR交渉人 真下正義,,平和,1,否,86000,86000,0,0.0,ホームスロット,86000,https://home-slot.net/SHOP/p-heiwa164.html,,,,
CR忍魂99ver.,,大都技研,1,否,52600,52600,0,0.0,ホームスロット,52600,https://home-slot.net/SHOP/p-daito10.html,,,,
CR美夏美華L2 K,,ニューギン,1,否,52600,52600,0,0.0,ホームスロット,52600,https://home-slot.net/SHOP/p-newgin98.html,,,,
CR花の慶次~漢L V,,ニューギン,1,否,137300,137300,0,0.0,ホームスロット,137300,https://home-slot.net/SHOP/p-newgin90.html,,,,
CR花の慶次~焔N K,,ニューギン,1,否,65300,65300,0,0.0,ホームスロット,65300,https://home-slot.net/SHOP/p-newgin78.html,,,,
CR銀河鉄道999,,平和,1,否,89800,89800,0,0.0,ホームスロット,89800,https://home-slot.net/SHOP/p-heiwa160.html,,,,
CR鋼殻のレギオス,,大都技研,1,否,116000,116000,0,0.0,ホームスロット,116000,https://home-slot.net/SHOP/p-daito11.html,,,,
CTザクザク七福神,,山佐,1,否,74900,74900,0,0.0,ホームスロット,74900,https://home-slot.net/SHOP/s-yamasa205.html,,,,
GETだ!BILLY,,エレコ,1,否,168800,168800,0,0.0,ホームスロット,168800,https://home-slot.net/SHOP/s-eleco35.html,,,,
IGT ダイナマイト,4号機,,1,否,59800,59800,0,0.0,A-SLOT,,,59800,https://www.a-slot.com/SHOP/igt14.html,,
JPS TOWSER,,,1,否,98500,98500,0,0.0,ホームスロット,98500,https://home-slot.net/SHOP/s-jps202.html,,,,
KING黄門ちゃま,,平和,1,否,35100,35100,0,0.0,ホームスロット,35100,https://home-slot.net/SHOP/s-heiwa212.html,,,,
KPE スパイガール2,,,1,否,44651,44651,0,0.0,ホームスロット,44651,https://home-slot.net/SHOP/s-kpe37.html,,,,
KPE セブンスビート,,,1,否,47800,47800,0,0.0,ホームスロット,47800,https://home-slot.net/SHOP/s-kpe54.html,,,,
KPE 戦人~上杉謙信~,,,1,否,54100,54100,0,0.0,ホームスロット,54100,https://home-slot.net/SHOP/s-kpe39.html,,,,
NET GATE ゲート,,,1,否,45100,45100,0,0.0,A-SLOT,,,45100,https://www.a-slot.com/SHOP/net57.html,,
NET 凪のあすから,,,1,否,98500,98500,0,0.0,ホームスロット,98500,https://home-slot.net/SHOP/s-net51.html,,,,
NET 課長 熊田工作,,,1,否,59100,59100,0,0.0,ホームスロット,59100,https://home-slot.net/SHOP/s-net215.html,,,,
PAミルキーバーN W3,,ニューギン,1,否,71600,71600,0,0.0,ホームスロット,71600,https://home-slot.net/SHOP/p-newgin202.html,,,,
SLOTパックマン,,ミズホ,1,否,35100,35100,0,0.0,ホームスロット,35100,https://home-slot.net/SHOP/s-mizuho-macy67.html,,,,
お取り寄せ商品 島娘,スマスロ,オリンピア,1,是,56500,56500,0,0.0,A-SLOT,,,56500,https://www.a-slot.com/SHOP/s-olympia234.html,,
これはゾンビですか?,,北電子,1,否,35100,35100,0,0.0,ホームスロット,35100,https://home-slot.net/SHOP/s-kitadenshi87.html,,,,
ぱちスロAKB48,,京楽,1,是,78500,78500,0,0.0,A-SLOT,,,78500,https://www.a-slot.com/SHOP/kyoraku3.html,,
ぱちスロ ゲッターロボ,,京楽,1,否,37700,37700,0,0.0,ホームスロット,37700,https://home-slot.net/SHOP/s-kyoraku201.html,,,,
ぱちスロ冬のソナタ,,京楽,1,否,68500,68500,0,0.0,ホームスロット,68500,https://home-slot.net/SHOP/s-kyoraku202.html,,,,
めぞん一刻 桜の下で,,オリンピア,1,否,41500,41500,0,0.0,ホームスロット,41500,https://home-slot.net/SHOP/s-heiwa132.html,,,,
アムテックス アバサー,S,,1,否,35100,35100,0,0.0,ホームスロット,35100,https://home-slot.net/SHOP/s-amt212.html,,,,
アルゼ タコスロ7R,,,1,否,64542,64542,0,0.0,ホームスロット,64542,https://home-slot.net/SHOP/s-eleco19.html,,,,
アルゼ チェリー12X,4号機,,1,否,79800,79800,0,0.0,A-SLOT,,,79800,https://www.a-slot.com/SHOP/aruze1.html,,
イケイケマハロ 30,,北電子,1,否,35100,35100,0,0.0,ホームスロット,35100,https://home-slot.net/SHOP/s-kitadenshi73.html,,,,
エイリヤンビギンズ,,Sammy,1,否,98500,98500,0,0.0,ホームスロット,98500,https://home-slot.net/SHOP/s-sammy60.html,,,,
エウレカセブンAO,,Sammy,1,否,41500,41500,0,0.0,ホームスロット,41500,https://home-slot.net/SHOP/s-sammy127.html,,,,
エマ ニューペガサスR,,,1,否,51500,51500,0,0.0,A-SLOT,,,51500,https://www.a-slot.com/SHOP/ema7.html,,
オーイズミ 鉄拳伝タフ,,,1,否,143400,143400,0,0.0,ホームスロット,143400,https://home-slot.net/SHOP/s-oizumi18.html,,,,
オーイズミ 閃乱カグラ,,,1,是,103600,103600,0,0.0,A-SLOT,,,103600,https://www.a-slot.com/SHOP/oizumi28.html,,
カンフーレディー テトラ,,山佐,1,否,35100,35100,0,0.0,ホームスロット,35100,https://home-slot.net/SHOP/s-yamasa140.html,,,,
キャプテンハーロック,,SANKYO,1,否,54100,54100,0,0.0,ホームスロット,54100,https://home-slot.net/SHOP/s-sankyo35.html,,,,
キングオブジャック,,ベルコ,1,否,47800,47800,0,0.0,ホームスロット,47800,https://home-slot.net/SHOP/s-bellco204.html,,,,
キングハナハナ 30,6号機,パイオニア,1,否,133400,133400,0,0.0,ホームスロット,133400,https://home-slot.net/SHOP/s-pioneer219.html,,,,
クラシックジャグラー,,北電子,1,否,47800,47800,0,0.0,ホームスロット,47800,https://home-slot.net/SHOP/s-kitadenshi28.html,,,,
クラブ T 2ch対応,,ロデオ,1,否,49500,49500,0,0.0,A-SLOT,,,49500,https://www.a-slot.com/SHOP/rodeo_clubrodeo.html,,
ゲゲゲの鬼太郎SP,4号機,Sammy,1,是,59800,59800,0,0.0,A-SLOT,,,59800,https://www.a-slot.com/SHOP/sammy15.html,,
コイコイマハロ 30,,北電子,1,否,68500,68500,0,0.0,ホームスロット,68500,https://home-slot.net/SHOP/s-kitadenshi56.html,,,,
サンスリー 咲 Saki,,,1,否,37100,37100,0,0.0,ホームスロット,37100,https://home-slot.net/SHOP/s-santhree200.html,,,,
ジャイアントパルサー,,山佐,1,否,28742,28742,0,0.0,ホームスロット,28742,https://home-slot.net/SHOP/s-yamasa42.html,,,,
スーパービンゴネオS7,,ベルコ,1,否,83500,83500,0,0.0,ホームスロット,83500,https://home-slot.net/SHOP/s-bellco8.html,,,,
スーパープラネットSP,,山佐,1,否,47800,47800,0,0.0,ホームスロット,47800,https://home-slot.net/SHOP/s-yamasa202.html,,,,
スペシャルオアシス,,パイオニア,1,否,68500,68500,0,0.0,ホームスロット,68500,https://home-slot.net/SHOP/s-pioneer6.html,,,,
スマート沖スロ 超華祭,スマスロ,パイオニア,1,否,41500,41500,0,0.0,ホームスロット,41500,https://home-slot.net/SHOP/s-pioneer225.html,,,,
スロッター金太郎RX,,ロデオ,1,否,44820,44820,0,0.0,A-SLOT,,,44820,https://www.a-slot.com/SHOP/rodeo50.html,,
セイクリッドセブン,,山佐,1,否,89800,89800,0,0.0,ホームスロット,89800,https://home-slot.net/SHOP/s-yamasa135.html,,,,
チェリーバー 2ch対応,4号機,エレコ,1,是,75000,75000,0,0.0,A-SLOT,,,75000,https://www.a-slot.com/SHOP/eleco_cherrybar_kasugai.html,,
デビルメイクライ3,,ロデオ,1,否,68500,68500,0,0.0,ホームスロット,68500,https://home-slot.net/SHOP/s-rodeo2.html,,,,
デュエルドラゴン2,,ユニバーサル,1,否,45475,45475,0,0.0,ホームスロット,45475,https://home-slot.net/SHOP/s-univerasal5.html,,,,
トータル イクリプス2,,SANKYO,1,是,57800,57800,0,0.0,A-SLOT,,,57800,https://www.a-slot.com/SHOP/s-sankyo212.html,,
ドキドキマンゴー 30,,パイオニア,1,否,35100,35100,0,0.0,ホームスロット,35100,https://home-slot.net/SHOP/s-pioneer41.html,,,,
ドリームハナハナ 30,,パイオニア,1,否,35100,35100,0,0.0,ホームスロット,35100,https://home-slot.net/SHOP/s-pioneer38.html,,,,
ナムココレクション,P,メーシー,1,否,52600,52600,0,0.0,ホームスロット,52600,https://home-slot.net/SHOP/p-macy215.html,,,,
ネクスト 戦国無双3,,山佐,1,否,68500,68500,0,0.0,ホームスロット,68500,https://home-slot.net/SHOP/s-yamasa230.html,,,,
ハイハイハイビ 30,,パイオニア,1,否,35100,35100,0,0.0,ホームスロット,35100,https://home-slot.net/SHOP/s-pioneer25.html,,,,
ハクション大魔王S,,Sammy,1,否,28742,28742,0,0.0,ホームスロット,28742,https://home-slot.net/SHOP/s-sammy91.html,,,,
バルテック タツジン,,,1,否,39800,39800,0,0.0,A-SLOT,,,39800,https://www.a-slot.com/SHOP/baltec10.html,,
パル工業 キングアロー,4号機,,1,否,78300,78300,0,0.0,A-SLOT,,,78300,https://www.a-slot.com/SHOP/palkogyo_kingallow_kasugai.html,,
パル工業 パワーゴリラ,,,1,否,108000,108000,0,0.0,A-SLOT,,,108000,https://www.a-slot.com/SHOP/palkogyo_powergorilla_kasugai.html,,
ビスティ サムライ7,,,1,否,45300,45300,0,0.0,ホームスロット,45300,https://home-slot.net/SHOP/s-sankyo42.html,,,,
ビスティ ビーチクラブ,,,1,否,28742,28742,0,0.0,ホームスロット,28742,https://home-slot.net/SHOP/s-sankyo63.html,,,,
ビスティ モーニング娘。,,,1,否,30600,30600,0,0.0,A-SLOT,,,30600,https://www.a-slot.com/SHOP/sankyo120.html,,
ファンキージャグラー2,,北電子,1,否,88500,88500,0,0.0,ホームスロット,88500,https://home-slot.net/SHOP/s-kitadenshi206.html,,,,
マジックモンスター2,,オリンピア,1,否,35209,35209,0,0.0,ホームスロット,35209,https://home-slot.net/SHOP/s-heiwa66.html,,,,
ルパン三世 世界解剖,,オリンピア,1,否,47800,47800,0,0.0,ホームスロット,47800,https://home-slot.net/SHOP/s-heiwa201.html,,,,
ロイヤルマハロ 30,,北電子,1,否,35100,35100,0,0.0,ホームスロット,35100,https://home-slot.net/SHOP/s-kitadenshi85.html,,,,
ロストプラネット2,,オリンピア,1,否,41500,41500,0,0.0,ホームスロット,41500,https://home-slot.net/SHOP/s-heiwa135.html,,,,
初代 北斗の拳 ユリア,4号機,Sammy,1,是,135000,135000,0,0.0,A-SLOT,,,135000,https://www.a-slot.com/SHOP/sammy11.html,,
北斗の拳 修羅の国篇,,Sammy,1,是,35100,35100,0,0.0,ホームスロット,35100,https://home-slot.net/SHOP/s-sammy125.html,,,,
南国物語 TYPE A,,オリンピア,1,否,35100,35100,0,0.0,ホームスロット,35100,https://home-slot.net/SHOP/s-heiwa144.html,,,,
回胴性ミリオンアーサー,,ミズホ,1,否,41500,41500,0,0.0,ホームスロット,41500,https://home-slot.net/SHOP/s-mizuho-macy64.html,,,,
回胴黙示録カイジ4,,Sammy,1,否,35100,35100,0,0.0,ホームスロット,35100,https://home-slot.net/SHOP/s-sammy203.html,,,,
夢夢ワールドDXII,,SANKYO,1,否,35100,35100,0,0.0,ホームスロット,35100,https://home-slot.net/SHOP/s-sankyo48.html,,,,
大東音響 ザンガス2,4号機,,1,否,40500,40500,0,0.0,A-SLOT,,,40500,https://www.a-slot.com/SHOP/daitoonkyo_zangas2_kasugai.html,,
大東音響 シリアスA,4号機,,1,否,58500,58500,0,0.0,A-SLOT,,,58500,https://www.a-slot.com/SHOP/daitoonkyo_seriousa_kasugai.html,,
天外魔境 卍MARU,,SANYO,1,否,53216,53216,0,0.0,ホームスロット,53216,https://home-slot.net/SHOP/s-sanyo1.html,,,,
押忍!番長3 操パネル,,大都技研,1,否,64100,64100,0,0.0,ホームスロット,64100,https://home-slot.net/SHOP/s-daitogiken61_misao.html,,,,
押忍!!豪炎高校應援團,,山佐,1,是,99800,99800,0,0.0,A-SLOT,,,99800,https://www.a-slot.com/SHOP/yamasa80.html,,
探偵物語TURBO,,オリンピア,1,否,50300,50300,0,0.0,ホームスロット,50300,https://home-slot.net/SHOP/s-heiwa72.html,,,,
機動警察パトレイバー,,北電子,1,是,55300,55300,0,0.0,A-SLOT,,,55300,https://www.a-slot.com/SHOP/kitadensi76.html,,
番長外伝 盗忍!剛衛門,,大都技研,1,否,54100,54100,0,0.0,ホームスロット,54100,https://home-slot.net/SHOP/s-daitogiken66.html,,,,
真 黄門ちゃま 甘デジ,P,平和,1,否,64000,64000,0,0.0,ホームスロット,64000,https://home-slot.net/SHOP/p-heiwa219.html,,,,
続 お見事!サブちゃん,,オリンピア,1,否,43142,43142,0,0.0,ホームスロット,43142,https://home-slot.net/SHOP/s-heiwa49.html,,,,
聖闘士星矢 海皇覚醒,,SANYO,1,是,64100,64100,0,0.0,A-SLOT,,,64100,https://www.a-slot.com/SHOP/sanyo28.html,,
花の慶次~蓮 枠名 天槍,P,ニューギン,1,是,57600,57600,0,0.0,ホームスロット,57600,https://home-slot.net/SHOP/p-newgin229.html,,,,
西陣 CR009 1F,,,1,否,49015,49015,0,0.0,ホームスロット,49015,https://home-slot.net/SHOP/p-nishijinn27.html,,,,
西陣 CR009ー1Z,,,1,否,49015,49015,0,0.0,ホームスロット,49015,https://home-slot.net/SHOP/p-nishijinn4.html,,,,
西陣 CR海百景 GL,,,1,否,38539,38539,0,0.0,ホームスロット,38539,https://home-slot.net/SHOP/p-nishijinn23.html,,,,
西陣 CR金の花満開,,,1,否,65300,65300,0,0.0,ホームスロット,65300,https://home-slot.net/SHOP/p-nishijinn129.html,,,,
豊丸 CR悪代官DX,,,1,否,52600,52600,0,0.0,ホームスロット,52600,https://home-slot.net/SHOP/p-toyomaru83.html,,,,
超時空要塞マクロス,,SANKYO,1,否,35100,35100,0,0.0,ホームスロット,35100,https://home-slot.net/SHOP/s-sankyo32.html,,,,
輪廻のラグランジェ,,Sammy,1,是,178800,178800,0,0.0,A-SLOT,,,178800,https://www.a-slot.com/SHOP/sammy103.html,,
銀座 ゴールデンカムイ,スマスロ,,1,否,52800,52800,0,0.0,ホームスロット,52800,https://home-slot.net/SHOP/s-ginza210.html,,,,
銀座 鬼浜爆走愚連隊,4号機,,1,否,99800,99800,0,0.0,A-SLOT,,,99800,https://www.a-slot.com/SHOP/ginza5.html,,
高尾 CR美男ですね,,,1,否,60200,60200,0,0.0,ホームスロット,60200,https://home-slot.net/SHOP/p-takao88.html,,,,
鬼武者3 2ch対応,4号機,ロデオ,1,是,135000,135000,0,0.0,A-SLOT,,,135000,https://www.a-slot.com/SHOP/rodeo6.html,,
2号機 バニーガール 白,,オリンピア,1,否,94500,94500,0,0.0,A-SLOT,,,94500,https://www.a-slot.com/SHOP/heiwa25.html,,
2号機 バニーガール 赤,,オリンピア,1,否,94500,94500,0,0.0,A-SLOT,,,94500,https://www.a-slot.com/SHOP/heiwa27.html,,
CRAワニざんす,,ニューギン,1,否,65300,65300,0,0.0,ホームスロット,65300,https://home-slot.net/SHOP/p-newgin135.html,,,,
CRキューティーハニー,,ニューギン,1,否,59000,59000,0,0.0,ホームスロット,59000,https://home-slot.net/SHOP/p-newgin156.html,,,,
CRバイオハザード,,大一,1,否,186300,186300,0,0.0,ホームスロット,186300,https://home-slot.net/SHOP/p-daiichi59.html,,,,
CRフィーバーR 18,,SANKYO,1,否,71600,71600,0,0.0,ホームスロット,71600,https://home-slot.net/SHOP/p-sankyo146.html,,,,
CRフィーバークィーン,,SANKYO,1,否,107300,107300,0,0.0,ホームスロット,107300,https://home-slot.net/SHOP/p-sankyo97.html,,,,
IGT ザ ターミネーター,4号機,,1,否,53820,53820,0,0.0,A-SLOT,,,53820,https://www.a-slot.com/SHOP/igt18.html,,
JPS ジャベリン,,,1,否,35100,35100,0,0.0,ホームスロット,35100,https://home-slot.net/SHOP/s-jps216.html,,,,
JPS テラシグマ,,,1,否,68500,68500,0,0.0,ホームスロット,68500,https://home-slot.net/SHOP/s-jps29.html,,,,
KPE スパイガール,,,1,否,35100,35100,0,0.0,ホームスロット,35100,https://home-slot.net/SHOP/s-kpe15.html,,,,
KPE 幻想水滸伝,,,1,否,43458,43458,0,0.0,ホームスロット,43458,https://home-slot.net/SHOP/s-kpe25.html,,,,
NET コード ルージュ,,,1,否,72300,72300,0,0.0,ホームスロット,72300,https://home-slot.net/SHOP/s-net14.html,,,,
NET ドラキュラ,,,1,否,68500,68500,0,0.0,ホームスロット,68500,https://home-slot.net/SHOP/s-net20.html,,,,
NET 茉莉花の剣,,,1,否,19800,19800,0,0.0,ホームスロット,19800,https://home-slot.net/SHOP/s-net16.html,,,,
S BIG島唄30,,オリンピア,1,否,35100,35100,0,0.0,ホームスロット,35100,https://home-slot.net/SHOP/s-olympia222.html,,,,
がんばれ!!ロボコン,,Sammy,1,否,36124,36124,0,0.0,ホームスロット,36124,https://home-slot.net/SHOP/s-sammy38.html,,,,
みどりのマキバオー,,平和,1,否,68500,68500,0,0.0,ホームスロット,68500,https://home-slot.net/SHOP/s-heiwa55.html,,,,
みんなのジャグラー,,北電子,1,否,41500,41500,0,0.0,ホームスロット,41500,https://home-slot.net/SHOP/s-kitadenshi58.html,,,,
アイアムコニシキ,,オリンピア,1,否,35209,35209,0,0.0,ホームスロット,35209,https://home-slot.net/SHOP/s-heiwa40.html,,,,
アクロス ハナビ通,,,1,是,64100,64100,0,0.0,A-SLOT,,,64100,https://www.a-slot.com/SHOP/across7.html,,
アピールプレート 店 A,,,1,否,72000,72000,0,0.0,A-SLOT,,,72000,https://www.a-slot.com/SHOP/plate_osusume.html,,
インディジョーズ2,,ロデオ,1,否,79800,79800,0,0.0,A-SLOT,,,79800,https://www.a-slot.com/SHOP/rodeo51.html,,
エピソードドライブ,,ニューギン,1,否,96259,96259,0,0.0,ホームスロット,96259,https://home-slot.net/SHOP/s-newgin8.html,,,,
オリエンタルII,,ユニバーサル,1,否,50333,50333,0,0.0,ホームスロット,50333,https://home-slot.net/SHOP/s-univerasal4.html,,,,
カイジ2 新パネル,,ロデオ,1,否,69100,69100,0,0.0,A-SLOT,,,69100,https://www.a-slot.com/SHOP/rodeo20_new.html,,
キャプテンパルサー,,山佐,1,否,198700,198700,0,0.0,ホームスロット,198700,https://home-slot.net/SHOP/s-yamasa92.html,,,,
キングハイビ 30,,パイオニア,1,否,68500,68500,0,0.0,ホームスロット,68500,https://home-slot.net/SHOP/s-pioneer14.html,,,,
コンチネンタル5,,メーシー,1,否,32276,32276,0,0.0,ホームスロット,32276,https://home-slot.net/SHOP/s-mizuho-macy29.html,,,,
ゴーゴージャグラーKK,,北電子,1,否,35100,35100,0,0.0,ホームスロット,35100,https://home-slot.net/SHOP/s-kitadenshi70.html,,,,
サイバードラゴン2,,山佐,1,否,54100,54100,0,0.0,ホームスロット,54100,https://home-slot.net/SHOP/s-yamasa74.html,,,,
ジェイビー 闘将覇伝,P,,1,否,52600,52600,0,0.0,ホームスロット,52600,https://home-slot.net/SHOP/p-jb205.html,,,,
ゾンビランドサガ,スマスロ,大都技研,1,是,54100,54100,0,0.0,ホームスロット,54100,https://home-slot.net/SHOP/s-daito216.html,,,,
タイムレスキューS,,山佐,1,否,68500,68500,0,0.0,ホームスロット,68500,https://home-slot.net/SHOP/s-yamasa49.html,,,,
ダブルチャレンジ,4号機,ロデオ,1,是,98000,98000,0,0.0,A-SLOT,,,98000,https://www.a-slot.com/SHOP/rodeo27.html,,
テンションブースター,,北電子,1,否,35100,35100,0,0.0,ホームスロット,35100,https://home-slot.net/SHOP/s-kitadensi34.html,,,,
テンパイラッシュ,,パイオニア,1,否,47800,47800,0,0.0,ホームスロット,47800,https://home-slot.net/SHOP/s-pioneer26.html,,,,
デカドンチャン2,,ユニバーサル,1,否,40442,40442,0,0.0,ホームスロット,40442,https://home-slot.net/SHOP/s-univerasal2.html,,,,
トップをねらえ2!,,平和,1,否,78700,78700,0,0.0,ホームスロット,78700,https://home-slot.net/SHOP/s-heiwa52.html,,,,
ニューハナハナ30,,パイオニア,1,否,37909,37909,0,0.0,ホームスロット,37909,https://home-slot.net/SHOP/s-pioneer3.html,,,,
ハッピージャグラーV,,北電子,1,否,44000,44000,0,0.0,ホームスロット,44000,https://home-slot.net/SHOP/s-kitadensi61.html,,,,
バーサス 2ch対応,4号機,ユニバーサル,1,是,105000,105000,0,0.0,A-SLOT,,,105000,https://www.a-slot.com/SHOP/univerasal_versus.html,,
ビーキッズクラブR,,オリンピア,1,否,45300,45300,0,0.0,ホームスロット,45300,https://home-slot.net/SHOP/s-heiwa65.html,,,,
ビスティ CR鉄拳,,,1,否,261100,261100,0,0.0,ホームスロット,261100,https://home-slot.net/SHOP/p-bisty42.html,,,,
ピンクパンサーSP,,山佐,1,否,35100,35100,0,0.0,ホームスロット,35100,https://home-slot.net/SHOP/s-yamasa225.html,,,,
ファンキージャグラー,,北電子,1,否,47800,47800,0,0.0,ホームスロット,47800,https://home-slot.net/SHOP/s-kitadenshi78.html,,,,
マイジャグラーIV,,北電子,1,否,61700,61700,0,0.0,ホームスロット,61700,https://home-slot.net/SHOP/s-kitadenshi200.html,,,,
マタドールII 30,,北電子,1,否,41500,41500,0,0.0,ホームスロット,41500,https://home-slot.net/SHOP/s-kitadenshi79.html,,,,
マルホン 鳳凰∞LM,P,,1,否,57700,57700,0,0.0,ホームスロット,57700,https://home-slot.net/SHOP/p-maruhon206.html,,,,
ミラクルジャグラー,,北電子,1,否,98500,98500,0,0.0,ホームスロット,98500,https://home-slot.net/SHOP/s-kitadensi44.html,,,,
モンキーターンIII,,山佐,1,否,47800,47800,0,0.0,ホームスロット,47800,https://home-slot.net/SHOP/s-yamasa130.html,,,,
ヤーマ がんばれ元気,,,1,否,45475,45475,0,0.0,ホームスロット,45475,https://home-slot.net/SHOP/s-yama4.html,,,,
ユルビスカス 30,,パイオニア,1,否,35100,35100,0,0.0,ホームスロット,35100,https://home-slot.net/SHOP/s-pioneer36.html,,,,
ラクラクビスカス,,パイオニア,1,否,74900,74900,0,0.0,ホームスロット,74900,https://home-slot.net/SHOP/s-pioneer21.html,,,,
ラブリージャグラーA,,北電子,1,否,54100,54100,0,0.0,ホームスロット,54100,https://home-slot.net/SHOP/s-kitadenshi16.html,,,,
リアルボルテージ2,,ユニバーサル,1,否,28742,28742,0,0.0,ホームスロット,28742,https://home-slot.net/SHOP/s-univerasal6.html,,,,
リング 運命の秒刻,,藤商事,1,否,38900,38900,0,0.0,ホームスロット,38900,https://home-slot.net/SHOP/s-fuji204.html,,,,
不二子TYPE A+,,オリンピア,1,否,41500,41500,0,0.0,ホームスロット,41500,https://home-slot.net/SHOP/s-heiwa146.html,,,,
俺の空 2ch対応,4号機,ロデオ,1,是,99800,99800,0,0.0,A-SLOT,,,99800,https://www.a-slot.com/SHOP/rodeo1.html,,
俺の空~蒼き正義魂~,,ロデオ,1,否,54100,54100,0,0.0,ホームスロット,54100,https://home-slot.net/SHOP/s-rodeo29.html,,,,
傷物語 始マリノ刻,,ロデオ,1,是,35100,35100,0,0.0,ホームスロット,35100,https://home-slot.net/SHOP/s-rodeo205.html,,,,
元祖!大江戸桜吹雪,,平和,1,否,37499,37499,0,0.0,ホームスロット,37499,https://home-slot.net/SHOP/s-heiwa42.html,,,,
出番だ!葉月ちゃん,,エレコ,1,否,47800,47800,0,0.0,ホームスロット,47800,https://home-slot.net/SHOP/s-eleco30.html,,,,
初代 北斗の拳 黒王,4号機,Sammy,1,是,135000,135000,0,0.0,A-SLOT,,,135000,https://www.a-slot.com/SHOP/sammy119.html,,
戦国コレクション,,高砂,1,否,37700,37700,0,0.0,ホームスロット,37700,https://home-slot.net/SHOP/s-takasago9.html,,,,
機動戦艦ナデシコ,,SANKYO,1,否,47800,47800,0,0.0,ホームスロット,47800,https://home-slot.net/SHOP/s-sankyo27.html,,,,
機甲戦記ドラグナー,,Sammy,1,否,35100,35100,0,0.0,ホームスロット,35100,https://home-slot.net/SHOP/s-sammy115.html,,,,
烈火の炎3 甘デジ,P,平和,1,是,57600,57600,0,0.0,ホームスロット,57600,https://home-slot.net/SHOP/p-heiwa217.html,,,,
秘宝伝 ~伝説への道~,,大都技研,1,否,47800,47800,0,0.0,ホームスロット,47800,https://home-slot.net/SHOP/s-daitogiken54.html,,,,
緑ドンVIVA2,,エレコ,1,否,104800,104800,0,0.0,ホームスロット,104800,https://home-slot.net/SHOP/s-eleco64.html,,,,
緑ドン ビリーパネル,,エレコ,1,否,47800,47800,0,0.0,ホームスロット,47800,https://home-slot.net/SHOP/s-eleco25.html,,,,
西陣 デカビスカス,P,,1,否,121100,121100,0,0.0,ホームスロット,121100,https://home-slot.net/SHOP/p-nishijinn237.html,,,,
豪炎高校應援團 檄,,山佐,1,否,98500,98500,0,0.0,ホームスロット,98500,https://home-slot.net/SHOP/s-yamasa217.html,,,,
輪るピングドラム,,北電子,1,否,35100,35100,0,0.0,ホームスロット,35100,https://home-slot.net/SHOP/s-kitadenshi81.html,,,,
鉄のラインバレル,,スパイキー,1,是,99800,99800,0,0.0,A-SLOT,,,99800,https://www.a-slot.com/SHOP/spyki_5.html,,
鉄拳デビルVer.,,山佐,1,否,89800,89800,0,0.0,ホームスロット,89800,https://home-slot.net/SHOP/s-yamasa76.html,,,,
銀座 うる星やつら,,,1,否,45100,45100,0,0.0,A-SLOT,,,45100,https://www.a-slot.com/SHOP/ginza1.html,,
銀座 シティーハンター,,,1,否,47800,47800,0,0.0,ホームスロット,47800,https://home-slot.net/SHOP/s-ginza28.html,,,,
高尾 CRダークローズ,,,1,否,86000,86000,0,0.0,ホームスロット,86000,https://home-slot.net/SHOP/p-takao203.html,,,,
1. トロピカーナ7,5号機,メーシー,1,否,89100,89100,0,0.0,A-SLOT,,,89100,https://www.a-slot.com/SHOP/macy_tropicana7_kasugai.html,,
CCエンジェル,,メーシー,1,否,41500,41500,0,0.0,ホームスロット,41500,https://home-slot.net/SHOP/s-mizuho-macy209.html,,,,
CRターミネーター2,,平和,1,否,59000,59000,0,0.0,ホームスロット,59000,https://home-slot.net/SHOP/p-heiwa206.html,,,,
CRフィーバー海猿,,SANKYO,1,否,52935,52935,0,0.0,ホームスロット,52935,https://home-slot.net/SHOP/p-sankyo91.html,,,,
CR真 花の慶次,,ニューギン,1,否,302600,302600,0,0.0,ホームスロット,302600,https://home-slot.net/SHOP/p-newgin109.html,,,,
JPS 2027,,,1,否,36400,36400,0,0.0,ホームスロット,36400,https://home-slot.net/SHOP/s-jps1.html,,,,
JPS どき!すろ,,,1,否,168800,168800,0,0.0,ホームスロット,168800,https://home-slot.net/SHOP/s-jps206.html,,,,
KPE 雀龍桜花,,,1,否,35100,35100,0,0.0,ホームスロット,35100,https://home-slot.net/SHOP/s-kpe29.html,,,,
NET GATE,,,1,否,35100,35100,0,0.0,ホームスロット,35100,https://home-slot.net/SHOP/s-net57.html,,,,
NET ココナナ,,,1,否,27366,27366,0,0.0,ホームスロット,27366,https://home-slot.net/SHOP/s-net19.html,,,,
NET 賞金首2,,,1,是,41500,41500,0,0.0,ホームスロット,41500,https://home-slot.net/SHOP/s-net53.html,,,,
SLOTマッピー,,メーシー,1,否,54100,54100,0,0.0,ホームスロット,54100,https://home-slot.net/SHOP/s-mizuho-macy210.html,,,,
うる星やつら2,,Sammy,1,否,54100,54100,0,0.0,ホームスロット,54100,https://home-slot.net/SHOP/s-sammy39.html,,,,
アクロス 沖ドキ!,,,1,是,64100,64100,0,0.0,A-SLOT,,,64100,https://www.a-slot.com/SHOP/across4.html,,
アラジンAII,,Sammy,1,是,51500,51500,0,0.0,A-SLOT,,,51500,https://www.a-slot.com/SHOP/sammy108.html,,
アレックス7R,,ユニバーサル,1,否,31342,31342,0,0.0,A-SLOT,,,31342,https://www.a-slot.com/SHOP/univerasal10.html,,
ウィッチマスター,,山佐,1,否,104800,104800,0,0.0,ホームスロット,104800,https://home-slot.net/SHOP/s-yamasa128.html,,,,
オアシスデイズ,,パイオニア,1,否,72300,72300,0,0.0,ホームスロット,72300,https://home-slot.net/SHOP/s-pioneer40.html,,,,
オーイズミ 喰霊 零,,,1,否,83500,83500,0,0.0,ホームスロット,83500,https://home-slot.net/SHOP/s-oizumi15.html,,,,
キングジャック,4号機,岡崎産業,1,否,67500,67500,0,0.0,A-SLOT,,,67500,https://www.a-slot.com/SHOP/okazaki_kingjack_kasugai.html,,
ギラギラ爺サマー,,,1,否,68500,68500,0,0.0,ホームスロット,68500,https://home-slot.net/SHOP/s-daitogiken29.html,,,,
ゴーゴージャグラー2,,北電子,1,否,54100,54100,0,0.0,ホームスロット,54100,https://home-slot.net/SHOP/s-kitadenshi202.html,,,,
ゴーゴージャグラー3,,北電子,1,否,68500,68500,0,0.0,ホームスロット,68500,https://home-slot.net/SHOP/s-kitadenshi212.html,,,,
ゴーストラッシュ,,ユニバーサル,1,否,41717,41717,0,0.0,ホームスロット,41717,https://home-slot.net/SHOP/s-univerasal3.html,,,,
ゴールドチャンス,,高砂,1,否,28999,28999,0,0.0,ホームスロット,28999,https://home-slot.net/SHOP/s-takasago7.html,,,,
サイバードラゴン,4号機,山佐,1,是,99000,99000,0,0.0,A-SLOT,,,99000,https://www.a-slot.com/SHOP/yamasa108.html,,
サボハニ 吉宗3,,,1,否,41500,41500,0,0.0,ホームスロット,41500,https://home-slot.net/SHOP/s-sabohani201.html,,,,
シオサイA 30,,パイオニア,1,否,68500,68500,0,0.0,ホームスロット,68500,https://home-slot.net/SHOP/s-pioneer16.html,,,,
ジェット ラジオ,4号機,ロデオ,1,否,59800,59800,0,0.0,A-SLOT,,,59800,https://www.a-slot.com/SHOP/rodeo34.html,,
ジャグラーガールズ,,北電子,1,否,54100,54100,0,0.0,ホームスロット,54100,https://home-slot.net/SHOP/s-kitadenshi55.html,,,,
ジャグラーガール 赤,,北電子,1,否,28742,28742,0,0.0,ホームスロット,28742,https://home-slot.net/SHOP/s-kitadenshi2.html,,,,
ジャッカスチーム,,大都技研,1,否,68500,68500,0,0.0,ホームスロット,68500,https://home-slot.net/SHOP/s-daitogiken53.html,,,,
スーパービンゴ 30,4号機,ベルコ,1,是,125000,125000,0,0.0,A-SLOT,,,125000,https://www.a-slot.com/SHOP/bellco10.html,,
スーパービンゴV Y,,ベルコ,1,否,34642,34642,0,0.0,A-SLOT,,,34642,https://www.a-slot.com/SHOP/bellco2.html,,
ソウルキャリバー,,山佐,1,否,35100,35100,0,0.0,ホームスロット,35100,https://home-slot.net/SHOP/s-yamasa129.html,,,,
タイムクロス2,,山佐,1,否,68500,68500,0,0.0,ホームスロット,68500,https://home-slot.net/SHOP/s-yamasa132.html,,,,
ディスクアップ,4号機,Sammy,1,是,108000,108000,0,0.0,A-SLOT,,,108000,https://www.a-slot.com/SHOP/sammy_discup.html,,
デジタル所さん,,大一,1,否,35727,35727,0,0.0,ホームスロット,35727,https://home-slot.net/SHOP/s-daiichi2.html,,,,
デジフラッシュ,4号機,ベルコ,1,否,98000,98000,0,0.0,A-SLOT,,,98000,https://www.a-slot.com/SHOP/bellco11.html,,
デュアルストーリー,,北電子,1,否,68500,68500,0,0.0,ホームスロット,68500,https://home-slot.net/SHOP/s-kitadenshi54.html,,,,
トロピカーナ 25,,エレコ,1,否,35100,35100,0,0.0,ホームスロット,35100,https://home-slot.net/SHOP/s-eleco53.html,,,,
トロピカーナ 30,,エレコ,1,否,41500,41500,0,0.0,ホームスロット,41500,https://home-slot.net/SHOP/s-eleco54.html,,,,
ドキドキマンゴー,,パイオニア,1,否,68500,68500,0,0.0,ホームスロット,68500,https://home-slot.net/SHOP/s-pioneer42.html,,,,
ニューパルサーSP,,山佐,1,否,91100,91100,0,0.0,ホームスロット,91100,https://home-slot.net/SHOP/s-yamasa79.html,,,,
ニューパルサーV2,,山佐,1,否,35100,35100,0,0.0,ホームスロット,35100,https://home-slot.net/SHOP/s-yamasa59.html,,,,
ハードボイルド2,4号機,Sammy,1,是,99800,99800,0,0.0,A-SLOT,,,99800,https://www.a-slot.com/SHOP/sammy32.html,,
バイオハザード6,,エンターライズ,1,否,83500,83500,0,0.0,ホームスロット,83500,https://home-slot.net/SHOP/s-enta11.html,,,,
ビスティ GTO,,,1,否,28742,28742,0,0.0,ホームスロット,28742,https://home-slot.net/SHOP/s-sankyo8.html,,,,
ポパイブリッド,,Sammy,1,否,35209,35209,0,0.0,ホームスロット,35209,https://home-slot.net/SHOP/s-sammy47.html,,,,
マイフラワー30,,北電子,1,否,35100,35100,0,0.0,ホームスロット,35100,https://home-slot.net/SHOP/s-kitadenshi203.html,,,,
マツヤ商会 戦艦,4号機,,1,否,69300,69300,0,0.0,A-SLOT,,,69300,https://www.a-slot.com/SHOP/matsuya_senkan_kasugai.html,,
マルホン 天龍∞2,P,,1,否,52600,52600,0,0.0,ホームスロット,52600,https://home-slot.net/SHOP/p-maruhon208.html,,,,
マルホン 獅子王,P,,1,否,71600,71600,0,0.0,ホームスロット,71600,https://home-slot.net/SHOP/p-maruhon210.html,,,,
ミリオンゴッド,,ミズホ,1,否,53542,53542,0,0.0,ホームスロット,53542,https://home-slot.net/SHOP/s-mizuho-macy7.html,,,,
ラグナロクサーガ,,メーシー,1,否,46500,46500,0,0.0,ホームスロット,46500,https://home-slot.net/SHOP/s-mizuho-macy62.html,,,,
リング 終焉ノ刻,,藤商事,1,否,47800,47800,0,0.0,ホームスロット,47800,https://home-slot.net/SHOP/s-fuji19.html,,,,
夢夢ワールドDX,,SANKYO,1,否,28742,28742,0,0.0,ホームスロット,28742,https://home-slot.net/SHOP/s-sankyo13.html,,,,
忍魂 パネル不問,,大都技研,1,否,57900,57900,0,0.0,ホームスロット,57900,https://home-slot.net/SHOP/s-daitogiken30.html,,,,
忍魂弐~烈火ノ章~,,大都技研,1,否,54100,54100,0,0.0,ホームスロット,54100,https://home-slot.net/SHOP/s-daitogiken46.html,,,,
忍魂 月光Ver,,大都技研,1,否,28742,28742,0,0.0,ホームスロット,28742,https://home-slot.net/SHOP/s-daitogiken26.html,,,,
戦国無双~猛将伝~,,山佐,1,否,41500,41500,0,0.0,ホームスロット,41500,https://home-slot.net/SHOP/s-yamasa58.html,,,,
新 吉宗 姫パネル,,大都技研,1,否,28742,28742,0,0.0,ホームスロット,28742,https://home-slot.net/SHOP/s-daitogiken19.html,,,,
新 吉宗 殿パネル,,大都技研,1,否,35100,35100,0,0.0,ホームスロット,35100,https://home-slot.net/SHOP/s-daitogiken8.html,,,,
未来少年コナン,,ニューギン,1,否,50300,50300,0,0.0,ホームスロット,50300,https://home-slot.net/SHOP/s-newgin11.html,,,,
格闘美神ウーロン,,Sammy,1,否,44375,44375,0,0.0,ホームスロット,44375,https://home-slot.net/SHOP/s-sammy33.html,,,,
楽シーサーR ピンク,,SANKYO,1,否,37700,37700,0,0.0,ホームスロット,37700,https://home-slot.net/SHOP/s-sankyo5.html,,,,
燃えよ!功夫大戦,,山佐,1,否,68500,68500,0,0.0,ホームスロット,68500,https://home-slot.net/SHOP/s-yamasa62.html,,,,
爆釣 バクチョウ,,メーシー,1,否,60601,60601,0,0.0,ホームスロット,60601,https://home-slot.net/SHOP/s-mizuho-macy6.html,,,,
獣王 王者の覚醒,,Sammy,1,是,46400,46400,0,0.0,A-SLOT,,,46400,https://www.a-slot.com/SHOP/sammy131.html,,
花人 はなんちゅ,,スパイキー,1,否,54100,54100,0,0.0,ホームスロット,54100,https://home-slot.net/SHOP/s-spyki_201.html,,,,
蒼天の拳2ZZ,,Sammy,1,否,64100,64100,0,0.0,A-SLOT,,,64100,https://www.a-slot.com/SHOP/sammy107.html,,
銀座 蒼天の拳4,,,1,否,37700,37700,0,0.0,ホームスロット,37700,https://home-slot.net/SHOP/s-ginza208.html,,,,
銀河鉄道999,,山佐,1,否,68500,68500,0,0.0,ホームスロット,68500,https://home-slot.net/SHOP/s-yamasa75.html,,,,
青ドン 花火の極,,エレコ,1,否,69800,69800,0,0.0,ホームスロット,69800,https://home-slot.net/SHOP/s-mizuho-macy18.html,,,,
高尾 銭形平次2,P,,1,是,65300,65300,0,0.0,ホームスロット,65300,https://home-slot.net/SHOP/p-takao211.html,,,,
CRえとたま,,メーシー,1,是,71600,71600,0,0.0,ホームスロット,71600,https://home-slot.net/SHOP/p-macy3.html,,,,
CR究極神判,,七匠,1,否,65300,65300,0,0.0,ホームスロット,65300,https://home-slot.net/SHOP/p-nanashow202.html,,,,
JPS シュート!,,,1,否,35209,35209,0,0.0,ホームスロット,35209,https://home-slot.net/SHOP/s-jps10.html,,,,
NET 闇芝居,,,1,否,37700,37700,0,0.0,ホームスロット,37700,https://home-slot.net/SHOP/s-net201.html,,,,
T蒼天の拳2,,Sammy,1,否,54100,54100,0,0.0,ホームスロット,54100,https://home-slot.net/SHOP/s-sammy107.html,,,,
ねぇ~ねぇ~島娘,,オリンピア,1,是,248000,248000,0,0.0,A-SLOT,,,248000,https://www.a-slot.com/SHOP/heiwa_neeneesimamusume.html,,
アクアビーナス,,平和,1,否,98500,98500,0,0.0,ホームスロット,98500,https://home-slot.net/SHOP/s-heiwa41.html,,,,
ウイングマン,,オリンピア,1,否,32549,32549,0,0.0,ホームスロット,32549,https://home-slot.net/SHOP/s-heiwa71.html,,,,
エースをねらえ!,,オリンピア,1,否,47800,47800,0,0.0,ホームスロット,47800,https://home-slot.net/SHOP/s-heiwa44.html,,,,
キングガッパ,,エレコ,1,否,28742,28742,0,0.0,ホームスロット,28742,https://home-slot.net/SHOP/s-eleco57.html,,,,
キンバリー 30,,パイオニア,1,否,35100,35100,0,0.0,ホームスロット,35100,https://home-slot.net/SHOP/s-pioneer20.html,,,,
ゴッドイーター2,,山佐,1,否,35100,35100,0,0.0,ホームスロット,35100,https://home-slot.net/SHOP/s-yamasa138.html,,,,
スーパーオアシス,,パイオニア,1,否,35100,35100,0,0.0,ホームスロット,35100,https://home-slot.net/SHOP/s-pioneer35.html,,,,
スーパーシオ 30,,パイオニア,1,否,35100,35100,0,0.0,ホームスロット,35100,https://home-slot.net/SHOP/s-pioneer19.html,,,,
スーパーハナハナ,,パイオニア,1,否,35100,35100,0,0.0,ホームスロット,35100,https://home-slot.net/SHOP/s-pioneer210.html,,,,
スーパーリオエース,,山佐,1,是,52700,52700,0,0.0,A-SLOT,,,52700,https://www.a-slot.com/SHOP/s-yamasa227.html,,
セブンバー 30,,高砂,1,否,78500,78500,0,0.0,A-SLOT,,,78500,https://www.a-slot.com/SHOP/takasago4.html,,
デコトラの鷲,,大都技研,1,否,68500,68500,0,0.0,ホームスロット,68500,https://home-slot.net/SHOP/s-daitogiken23.html,,,,
ドンちゃん祭,,エレコ,1,否,83700,83700,0,0.0,ホームスロット,83700,https://home-slot.net/SHOP/s-eleco50.html,,,,
ニューシオサイ,,パイオニア,1,是,777000,777000,0,0.0,A-SLOT,,,777000,https://www.a-slot.com/SHOP/s-pioneer221.html,,
ニューパルサー3,,山佐,1,否,35100,35100,0,0.0,ホームスロット,35100,https://home-slot.net/SHOP/s-yamasa66.html,,,,
ニューパルサーV,,山佐,1,否,68500,68500,0,0.0,ホームスロット,68500,https://home-slot.net/SHOP/s-yamasa35.html,,,,
ハイハイ 30,,パイオニア,1,否,368000,368000,0,0.0,ホームスロット,368000,https://home-slot.net/SHOP/s-pioneer15.html,,,,
バイオハザード,,山佐,1,否,128500,128500,0,0.0,ホームスロット,128500,https://home-slot.net/SHOP/s-yamasa16.html,,,,
バガナックルー,,大都技研,1,否,37700,37700,0,0.0,ホームスロット,37700,https://home-slot.net/SHOP/s-daitogiken56.html,,,,
バルタン星人,,七匠,1,否,40100,40100,0,0.0,ホームスロット,40100,https://home-slot.net/SHOP/s-nanashow4.html,,,,
パトラッシュ,,SANKYO,1,否,68500,68500,0,0.0,ホームスロット,68500,https://home-slot.net/SHOP/s-sankyo57.html,,,,
パル工業 ビガー,,,1,否,91320,91320,0,0.0,A-SLOT,,,91320,https://www.a-slot.com/SHOP/palkogyo_vigor_kasugai.html,,
ビスティ 夜王,,,1,否,68500,68500,0,0.0,ホームスロット,68500,https://home-slot.net/SHOP/s-sankyo60.html,,,,
マイジャグラー,,北電子,1,否,98500,98500,0,0.0,ホームスロット,98500,https://home-slot.net/SHOP/s-kitadensi32.html,,,,
マシマシ 30,,パイオニア,1,否,41500,41500,0,0.0,ホームスロット,41500,https://home-slot.net/SHOP/s-pioneer200.html,,,,
マタドール 30,,北電子,1,否,68500,68500,0,0.0,ホームスロット,68500,https://home-slot.net/SHOP/s-kitadenshi65.html,,,,
マルホン 鳳凰∞,P,,1,是,52600,52600,0,0.0,ホームスロット,52600,https://home-slot.net/SHOP/p-maruhon203.html,,,,
ヤーマ デジスロ,,,1,否,54100,54100,0,0.0,ホームスロット,54100,https://home-slot.net/SHOP/s-yama200.html,,,,
ワンバーS 30,,ベルコ,1,是,64100,64100,0,0.0,A-SLOT,,,64100,https://www.a-slot.com/SHOP/bellco205.html,,
ヴァンパイア,,エンターライズ,1,否,45475,45475,0,0.0,ホームスロット,45475,https://home-slot.net/SHOP/s-enta2.html,,,,
中森明菜 伝説,,大一,1,否,32717,32717,0,0.0,A-SLOT,,,32717,https://www.a-slot.com/SHOP/daiichi3.html,,
主役は銭形2,,オリンピア,1,否,68500,68500,0,0.0,ホームスロット,68500,https://home-slot.net/SHOP/s-heiwa105.html,,,,
吉宗S ラブリー,4号機,大都技研,1,是,135000,135000,0,0.0,A-SLOT,,,135000,https://www.a-slot.com/SHOP/daitogiken18.html,,
吉宗S 越後屋,4号機,大都技研,1,是,135000,135000,0,0.0,A-SLOT,,,135000,https://www.a-slot.com/SHOP/daitogiken11.html,,
哲也 天運地力,,大一,1,否,37700,37700,0,0.0,ホームスロット,37700,https://home-slot.net/SHOP/s-daiichi200.html,,,,
天地を喰らう,,ロデオ,1,否,68500,68500,0,0.0,ホームスロット,68500,https://home-slot.net/SHOP/s-rodeo21.html,,,,
押忍!番長 漢ゆ,4号機,大都技研,1,是,99800,99800,0,0.0,A-SLOT,,,99800,https://www.a-slot.com/SHOP/daitogiken5.html,,
新鬼武者 再臨,,ロデオ,1,否,89800,89800,0,0.0,ホームスロット,89800,https://home-slot.net/SHOP/s-rodeo46.html,,,,
楽シーサーR ブルー,,SANKYO,1,否,35209,35209,0,0.0,ホームスロット,35209,https://home-slot.net/SHOP/s-sankyo11.html,,,,
牙狼 守りし者,,Sammy,1,是,35100,35100,0,0.0,ホームスロット,35100,https://home-slot.net/SHOP/s-sammy128.html,,,,
真 黄門ちゃま,P,平和,1,是,86000,86000,0,0.0,ホームスロット,86000,https://home-slot.net/SHOP/p-heiwa215.html,,,,
秘宝伝 クレア,4号機,大都技研,1,是,99800,99800,0,0.0,A-SLOT,,,99800,https://www.a-slot.com/SHOP/daitogiken6.html,,
緋弾のアリア,,藤商事,1,否,54100,54100,0,0.0,ホームスロット,54100,https://home-slot.net/SHOP/s-fuji16.html,,,,
蒼天の拳 朋友,,Sammy,1,否,35100,35100,0,0.0,ホームスロット,35100,https://home-slot.net/SHOP/s-sammy204.html,,,,
走れコウタロー,,大一,1,否,28742,28742,0,0.0,ホームスロット,28742,https://home-slot.net/SHOP/s-daiichi7.html,,,,
超AT 美ら沖,,七匠,1,否,47800,47800,0,0.0,ホームスロット,47800,https://home-slot.net/SHOP/s-nanashow202.html,,,,
銀河英雄伝説,,ミズホ,1,否,162400,162400,0,0.0,ホームスロット,162400,https://home-slot.net/SHOP/s-mizuho-macy19.html,,,,
黄門ちゃま喝,,オリンピア,1,是,37700,37700,0,0.0,ホームスロット,37700,https://home-slot.net/SHOP/s-heiwa112.html,,,,
7cafe,4号機,SANKYO,1,否,16400,16400,0,0.0,A-SLOT,,,16400,https://www.a-slot.com/SHOP/sankyo87.html,,
CR楓魂L,,大都技研,1,否,52600,52600,0,0.0,ホームスロット,52600,https://home-slot.net/SHOP/p-daito12.html,,,,
おそ松くん,,大一,1,否,28742,28742,0,0.0,ホームスロット,28742,https://home-slot.net/SHOP/s-daiichi8.html,,,,
ちゃぶ 返し,,ベルコ,1,否,54100,54100,0,0.0,ホームスロット,54100,https://home-slot.net/SHOP/s-bellco200.html,,,,
ゆるせぽね,,ミズホ,1,是,57800,57800,0,0.0,A-SLOT,,,57800,https://www.a-slot.com/SHOP/mizuho-macy68.html,,
アラジンA,4号機,Sammy,1,是,135000,135000,0,0.0,A-SLOT,,,135000,https://www.a-slot.com/SHOP/sammy74.html,,
オズ OZ 1,,,1,否,98500,98500,0,0.0,ホームスロット,98500,https://home-slot.net/SHOP/s-oz200.html,,,,
ギンギン丸,4号機,ロデオ,1,是,59800,59800,0,0.0,A-SLOT,,,59800,https://www.a-slot.com/SHOP/rodeo38.html,,
クジラッキー,,SANYO,1,否,35100,35100,0,0.0,ホームスロット,35100,https://home-slot.net/SHOP/s-sanyo24.html,,,,
ケータイ少女,,北電子,1,否,74900,74900,0,0.0,ホームスロット,74900,https://home-slot.net/SHOP/s-kitadenshi51.html,,,,
ケロット3,,山佐,1,否,41500,41500,0,0.0,ホームスロット,41500,https://home-slot.net/SHOP/s-yamasa98.html,,,,
ケロロ軍曹,,大都技研,1,否,89800,89800,0,0.0,ホームスロット,89800,https://home-slot.net/SHOP/s-daitogiken63.html,,,,
ゴールド獣王,,Sammy,1,否,37909,37909,0,0.0,ホームスロット,37909,https://home-slot.net/SHOP/s-sammy50.html,,,,
サンダーV2,,メーシー,1,否,46667,46667,0,0.0,ホームスロット,46667,https://home-slot.net/SHOP/s-mizuho-macy33.html,,,,
シェイク2,,大都技研,1,否,98500,98500,0,0.0,ホームスロット,98500,https://home-slot.net/SHOP/s-daitogiken15.html,,,,
シオサー30,,パイオニア,1,否,68500,68500,0,0.0,ホームスロット,68500,https://home-slot.net/SHOP/s-pioneer4.html,,,,
スーパーセブン,,パイオニア,1,否,35209,35209,0,0.0,ホームスロット,35209,https://home-slot.net/SHOP/s-pioneer13.html,,,,
スーパービンゴ,4号機,ベルコ,1,是,125000,125000,0,0.0,A-SLOT,,,125000,https://www.a-slot.com/SHOP/bellco1.html,,
スーパー海物語,,SANYO,1,否,68500,68500,0,0.0,ホームスロット,68500,https://home-slot.net/SHOP/s-sanyo2.html,,,,
ゼーガペイン,,山佐,1,是,153400,153400,0,0.0,A-SLOT,,,153400,https://www.a-slot.com/SHOP/yamasa93.html,,
タイムパーク,,山佐,1,否,35209,35209,0,0.0,ホームスロット,35209,https://home-slot.net/SHOP/s-yamasa25.html,,,,
ドラゴノーツ,,オリンピア,1,否,68500,68500,0,0.0,ホームスロット,68500,https://home-slot.net/SHOP/s-heiwa62.html,,,,
ネクスト 零,,山佐,1,否,47800,47800,0,0.0,ホームスロット,47800,https://home-slot.net/SHOP/s-yamasa219.html,,,,
ハイパーリノ,,山佐,1,否,285100,285100,0,0.0,ホームスロット,285100,https://home-slot.net/SHOP/s-yamasa133.html,,,,
バニーガール 白,,オリンピア,1,否,73441,73441,0,0.0,ホームスロット,73441,https://home-slot.net/SHOP/s-heiwa25.html,,,,
バニーガール 赤,,オリンピア,1,否,74075,74075,0,0.0,ホームスロット,74075,https://home-slot.net/SHOP/s-heiwa27.html,,,,
ヘルシング,,北電子,1,否,47800,47800,0,0.0,ホームスロット,47800,https://home-slot.net/SHOP/s-kitadenshi66.html,,,,
ベルセルク,,七匠,1,是,84900,84900,0,0.0,A-SLOT,,,84900,https://www.a-slot.com/SHOP/nanashow1.html,,
マハロ 30,,北電子,1,否,47800,47800,0,0.0,ホームスロット,47800,https://home-slot.net/SHOP/s-kitadenshi47.html,,,,
ルパン三世,S,オリンピア,1,否,41500,41500,0,0.0,ホームスロット,41500,https://home-slot.net/SHOP/s-heiwa219.html,,,,
主役は銭形,4号機,平和,1,是,99800,99800,0,0.0,A-SLOT,,,99800,https://www.a-slot.com/SHOP/heiwa11.html,,
大海物語4,,SANYO,1,是,45100,45100,0,0.0,A-SLOT,,,45100,https://www.a-slot.com/SHOP/sanyo30.html,,
天下布武2,,山佐,1,否,47800,47800,0,0.0,ホームスロット,47800,https://home-slot.net/SHOP/s-yamasa65.html,,,,
忍魂~暁ノ章~,,大都技研,1,否,35100,35100,0,0.0,ホームスロット,35100,https://home-slot.net/SHOP/s-daitogiken62.html,,,,
押忍!番長2,P,大都技研,1,是,61500,61500,0,0.0,ホームスロット,61500,https://home-slot.net/SHOP/p-daito201.html,,,,
押忍!番長4,スマスロ,大都技研,1,是,43100,43100,0,0.0,ホームスロット,43100,https://home-slot.net/SHOP/s-daito214.html,,,,
押忍!番長A,,大都技研,1,否,74900,74900,0,0.0,ホームスロット,74900,https://home-slot.net/SHOP/s-daitogiken68.html,,,,
押忍!番長 操,4号機,大都技研,1,是,99800,99800,0,0.0,A-SLOT,,,99800,https://www.a-slot.com/SHOP/daitogiken2.html,,
押忍!番長 轟,4号機,大都技研,1,是,99800,99800,0,0.0,A-SLOT,,,99800,https://www.a-slot.com/SHOP/daitogiken1.html,,
時空大作戦,,岡崎産業,1,否,75000,75000,0,0.0,A-SLOT,,,75000,https://www.a-slot.com/SHOP/okazaki17.html,,
桃太郎電鉄,,Sammy,1,否,113500,113500,0,0.0,ホームスロット,113500,https://home-slot.net/SHOP/s-sammy40.html,,,,
浪花桜吹雪,,平和,1,否,28742,28742,0,0.0,ホームスロット,28742,https://home-slot.net/SHOP/s-heiwa23.html,,,,
烈火の炎3,P,平和,1,否,52600,52600,0,0.0,ホームスロット,52600,https://home-slot.net/SHOP/p-heiwa213.html,,,,
真 三國無双,,オリンピア,1,否,83500,83500,0,0.0,ホームスロット,83500,https://home-slot.net/SHOP/s-heiwa58.html,,,,
竜馬翔ける!,,岡崎産業,1,否,68500,68500,0,0.0,ホームスロット,68500,https://home-slot.net/SHOP/s-okazaki3.html,,,,
絶対衝激3,,スパイキー,1,是,61600,61600,0,0.0,A-SLOT,,,61600,https://www.a-slot.com/SHOP/spyki_206.html,,
聖闘士星矢,,SANYO,1,否,57800,57800,0,0.0,ホームスロット,57800,https://home-slot.net/SHOP/s-sanyo9.html,,,,
花伝説 25,4号機,オリンピア,1,是,148000,148000,0,0.0,A-SLOT,,,148000,https://www.a-slot.com/SHOP/heiwa179.html,,
花伝説 30,4号機,オリンピア,1,是,148000,148000,0,0.0,A-SLOT,,,148000,https://www.a-slot.com/SHOP/heiwa180.html,,
鉄拳2nd,,山佐,1,否,77200,77200,0,0.0,ホームスロット,77200,https://home-slot.net/SHOP/s-yamasa72.html,,,,
青の祓魔師,,オリンピア,1,否,37700,37700,0,0.0,ホームスロット,37700,https://home-slot.net/SHOP/s-heiwa214.html,,,,
CR忍魂,,大都技研,1,否,92400,92400,0,0.0,ホームスロット,92400,https://home-slot.net/SHOP/p-daito9.html,,,,
まつりば!,,大都技研,1,否,41500,41500,0,0.0,ホームスロット,41500,https://home-slot.net/SHOP/s-daitogiken55.html,,,,
オアシス,,パイオニア,1,否,68500,68500,0,0.0,ホームスロット,68500,https://home-slot.net/SHOP/s-pioneer17.html,,,,
カイジ2,,ロデオ,1,否,54100,54100,0,0.0,ホームスロット,54100,https://home-slot.net/SHOP/s-rodeo20.html,,,,
ケロット,,山佐,1,否,35100,35100,0,0.0,ホームスロット,35100,https://home-slot.net/SHOP/s-yamasa55.html,,,,
サイサイ,,北電子,1,否,71600,71600,0,0.0,ホームスロット,71600,https://home-slot.net/SHOP/s-kitadenshi53.html,,,,
サンダーV,,メーシー,1,否,73158,73158,0,0.0,ホームスロット,73158,https://home-slot.net/SHOP/s-mizuho-macy3.html,,,,
スロ原人,,高砂,1,否,28742,28742,0,0.0,ホームスロット,28742,https://home-slot.net/SHOP/s-takasago5.html,,,,
パチって,,スパイキー,1,否,38599,38599,0,0.0,ホームスロット,38599,https://home-slot.net/SHOP/s-sonota_2.html,,,,
ピンポン,,SANYO,1,否,74900,74900,0,0.0,ホームスロット,74900,https://home-slot.net/SHOP/s-sanyo4.html,,,,
ブルース リー,,藤商事,1,否,22694,22694,0,0.0,A-SLOT,,,22694,https://www.a-slot.com/SHOP/fuji2.html,,
マシマシ,,パイオニア,1,否,35100,35100,0,0.0,ホームスロット,35100,https://home-slot.net/SHOP/s-pioneer201.html,,,,
不二子2,,平和,1,是,75000,75000,0,0.0,A-SLOT,,,75000,https://www.a-slot.com/SHOP/heiwa80.html,,
南国物語,,オリンピア,1,否,35100,35100,0,0.0,ホームスロット,35100,https://home-slot.net/SHOP/s-heiwa128.html,,,,
吉宗S 姫,4号機,大都技研,1,是,135000,135000,0,0.0,A-SLOT,,,135000,https://www.a-slot.com/SHOP/daitogiken10.html,,
吉宗S 爺,4号機,大都技研,1,是,135000,135000,0,0.0,A-SLOT,,,135000,https://www.a-slot.com/SHOP/daitogiken20.html,,
地獄少女,,藤商事,1,是,57800,57800,0,0.0,A-SLOT,,,57800,https://www.a-slot.com/SHOP/fuji14.html,,
大漁II,,北電子,1,否,41500,41500,0,0.0,ホームスロット,41500,https://home-slot.net/SHOP/s-kitadenshi57.html,,,,
島唄30,,オリンピア,1,否,35727,35727,0,0.0,ホームスロット,35727,https://home-slot.net/SHOP/s-heiwa9.html,,,,
怒濤の剣,,ミズホ,1,否,54100,54100,0,0.0,ホームスロット,54100,https://home-slot.net/SHOP/s-mizuho-macy16.html,,,,
戦国†恋姫,,藤商事,1,否,123500,123500,0,0.0,ホームスロット,123500,https://home-slot.net/SHOP/s-fuji207.html,,,,
政宗 戦極,,大都技研,1,否,47800,47800,0,0.0,ホームスロット,47800,https://home-slot.net/SHOP/s-daito209.html,,,,
楽園追放,,Sammy,1,否,41500,41500,0,0.0,ホームスロット,41500,https://home-slot.net/SHOP/s-sammy214.html,,,,
花火絶景,,ミズホ,1,否,40100,40100,0,0.0,ホームスロット,40100,https://home-slot.net/SHOP/s-mizuho-macy214.html,,,,
貞子3D,,ニューギン,1,否,68500,68500,0,0.0,ホームスロット,68500,https://home-slot.net/SHOP/s-newgin34.html,,,,
逆転裁判,,エンターライズ,1,是,45100,45100,0,0.0,A-SLOT,,,45100,https://www.a-slot.com/SHOP/enta16.html,,
カイジ,,ロデオ,1,否,51750,51750,0,0.0,ホームスロット,51750,https://home-slot.net/SHOP/s-rodeo7.html,,,,
ナイツ,,山佐,1,否,103500,103500,0,0.0,ホームスロット,103500,https://home-slot.net/SHOP/s-yamasa244.html,,,,
ラブ嬢,,オリンピア,1,否,83500,83500,0,0.0,ホームスロット,83500,https://home-slot.net/SHOP/s-heiwa101.html,,,,
三國志,,ニューギン,1,否,41500,41500,0,0.0,ホームスロット,41500,https://home-slot.net/SHOP/s-newgin31.html,,,,
俺の空,,ロデオ,1,否,28742,28742,0,0.0,ホームスロット,28742,https://home-slot.net/SHOP/s-rodeo8.html,,,,
偽物語,,Sammy,1,是,93500,93500,0,0.0,A-SLOT,,,93500,https://www.a-slot.com/SHOP/sammy117.html,,
吉宗~極~,,大都技研,1,否,143400,143400,0,0.0,ホームスロット,143400,https://home-slot.net/SHOP/s-daitogiken52.html,,,,
島唄R,,オリンピア,1,否,68500,68500,0,0.0,ホームスロット,68500,https://home-slot.net/SHOP/s-heiwa39.html,,,,
押忍!操,,大都技研,1,否,47800,47800,0,0.0,ホームスロット,47800,https://home-slot.net/SHOP/s-daitogiken28.html,,,,
爺サマー,,大都技研,1,否,98500,98500,0,0.0,ホームスロット,98500,https://home-slot.net/SHOP/s-daitogiken21.html,,,,
犬夜叉,,ロデオ,1,是,45100,45100,0,0.0,A-SLOT,,,45100,https://www.a-slot.com/SHOP/rodeo53.html,,
秘宝伝,4号機,大都技研,1,是,99800,99800,0,0.0,A-SLOT,,,99800,https://www.a-slot.com/SHOP/daitogiken7.html,,
緑ドン,,エレコ,1,否,47800,47800,0,0.0,ホームスロット,47800,https://home-slot.net/SHOP/s-eleco18.html,,,,
蝶々乱舞,,オリンピア,1,否,68500,68500,0,0.0,ホームスロット,68500,https://home-slot.net/SHOP/s-heiwa67.html,,,,
赤ドン,,ミズホ,1,否,47800,47800,0,0.0,ホームスロット,47800,https://home-slot.net/SHOP/s-mizuho-macy1.html,,,,
鉄拳5,,山佐,1,否,37700,37700,0,0.0,ホームスロット,37700,https://home-slot.net/SHOP/s-yamasa226.html,,,,
青ドン,,ミズホ,1,否,47800,47800,0,0.0,ホームスロット,47800,https://home-slot.net/SHOP/s-mizuho-macy2.html,,,,
高尾 沼,P,,1,否,59000,59000,0,0.0,ホームスロット,59000,https://home-slot.net/SHOP/p-takao204.html,,,,
魁!男塾,,ロデオ,1,否,68500,68500,0,0.0,ホームスロット,68500,https://home-slot.net/SHOP/s-rodeo14.html,,,,
鮪伝説,,大都技研,1,否,43549,43549,0,0.0,ホームスロット,43549,https://home-slot.net/SHOP/s-daitogiken27.html,,,,
リノ,,山佐,1,否,45100,45100,0,0.0,ホームスロット,45100,https://home-slot.net/SHOP/s-yamasa119.html,,,,
亜人,,オリンピア,1,否,74900,74900,0,0.0,ホームスロット,74900,https://home-slot.net/SHOP/s-heiwa143.html,,,,
島娘,スマスロ,オリンピア,1,否,46500,46500,0,0.0,ホームスロット,46500,https://home-slot.net/SHOP/s-olympia234.html,,,,
島漢,,オリンピア,1,否,35100,35100,0,0.0,ホームスロット,35100,https://home-slot.net/SHOP/s-heiwa203.html,,,,
政宗,,大都技研,1,否,54100,54100,0,0.0,ホームスロット,54100,https://home-slot.net/SHOP/s-daitogiken36.html,,,,
紅蓮,4号機,パイオニア,1,是,138000,138000,0,0.0,A-SLOT,,,138000,https://www.a-slot.com/SHOP/pioneer34.html,,
豊漁,,北電子,1,否,68500,68500,0,0.0,ホームスロット,68500,https://home-slot.net/SHOP/s-kitadensi23.html,,,,
鬼火,,ニューギン,1,否,45475,45475,0,0.0,ホームスロット,45475,https://home-slot.net/SHOP/s-newgi5.html,,,,
A,,,1,否,72000,72000,0,0.0,A-SLOT,,,72000,https://www.a-slot.com/SHOP/a-counter-ant.html,,
店,スマスロ,,1,是,50000,50000,0,0.0,A-SLOT,,,50000,https://www.a-slot.com/hpgen/HPB/shop/sitemap.html,,
